   1  3  9  27  81  65  17  51  64  14  42  37  22  66  20  60  2  6  18  54  73  41  34  13  39  28  84  74  44  43  40  31  4  12  36  19  57  82  68  26  78  56  79  59  88  86  80  62  8  24  72  38  25  75  47  52  67  23  69  29  87  83  71  35  16  48  55  76  50  61  5  15  45  46  49  58  85  77  53  70  32  7  21  63  11  33  10  30
   1  6  36  38  50  33  20  31  8  48  21  37  44  86  71  70  64  28  79  29  85  65  34  26  67  46  9  54  57  75  5  30  2  12  72  76  11  66  40  62  16  7  42  74  88  83  53  51  39  56  69  58  81  41  68  52  45  3  18  19  25  61  10  60  4  24  55  63  22  43  80  35  32  14  84  59  87  77  17  13  78  23  49  27  73  82  47  15
   1  7  49  76  87  75  80  26  4  28  18  37  81  33  53  15  16  23  72  59  57  43  34  60  64  3  21  58  50  83  47  62  78  12  84  54  22  65  10  70  45  48  69  38  88  82  40  13  2  14  9  63  85  61  71  52  8  56  36  74  73  66  17  30  32  46  55  29  25  86  68  31  39  6  42  27  11  77  5  35  67  24  79  19  44  41  20  51
   1  9  18  17  47  26  58  25  35  55  21  34  40  66  64  33  15  43  68  63  75  29  2  42  5  48  52  74  36  72  88  41  38  23  16  51  12  76  57  71  6  83  54  37  81  10  39  50  27  13  32  56  7  60  67  82  85  44  28  80  30  8  4  49  86  46  73  31  19  24  87  59  77  20  22  84  78  65  11  79  69  14  70  3  61  62  53  45
   1  9  40  17  3  48  80  25  79  11  21  56  18  88  42  33  59  87  46  19  31  29  24  64  5  26  30  8  14  50  66  41  60  67  82  7  78  54  57  27  28  39  76  37  81  32  83  72  71  13  10  34  51  38  23  16  85  22  6  58  52  74  70  49  20  68  73  75  63  2  43  15  77  86  44  62  12  65  55  35  69  36  4  47  61  84  53  45
   1  9  62  17  47  70  14  25  35  55  21  78  84  22  20  33  15  43  24  63  75  29  46  86  5  4  8  30  80  28  44  41  82  23  60  51  56  32  57  71  50  83  10  37  81  54  39  6  27  13  76  12  7  16  67  38  85  88  72  36  74  52  48  49  42  2  73  31  19  68  87  59  77  64  66  40  34  65  11  79  69  58  26  3  61  18  53  45
   1  9  84  17  3  4  36  25  79  11  21  12  62  44  86  33  59  87  2  19  31  29  68  20  5  70  74  52  58  6  22  41  16  67  38  7  34  10  57  27  72  39  32  37  81  76  83  28  71  13  54  78  51  82  23  60  85  66  50  14  8  30  26  49  64  24  73  75  63  46  43  15  77  42  88  18  56  65  55  35  69  80  48  47  61  40  53  45
   1  13  80  61  81  74  72  46  64  31  47  77  22  19  69  7  2  26  71  33  73  59  55  3  39  62  5  65  44  38  49  14  4  52  53  66  57  29  21  6  78  35  10  41  88  76  9  28  8  15  17  43  25  58  42  12  67  70  20  82  87  63  18  56  16  30  34  86  50  27  84  24  45  51  40  75  85  37  36  23  32  60  68  83  11  54  79  48
   1  14  18  74  57  86  47  35  45  7  9  37  73  43  68  62  67  48  49  63  81  66  34  31  78  24  69  76  85  33  17  60  39  12  79  38  87  61  53  30  64  6  84  19  88  75  71  15  32  3  42  54  44  82  80  52  16  46  21  27  22  41  40  26  8  23  55  58  11  65  20  13  4  56  72  29  50  77  10  51  2  28  36  59  25  83  5  70
   1  15  47  82  73  27  49  23  78  13  17  77  87  59  84  14  32  35  80  43  22  63  55  24  4  60  10  61  25  19  18  3  45  52  68  41  81  58  69  56  39  51  53  83  88  74  42  7  16  62  40  66  11  76  72  12  2  30  5  75  57  54  9  46  67  26  34  65  85  29  79  28  64  70  71  86  44  37  21  48  8  31  20  33  50  38  36  6
   1  17  46  33  71  62  38  49  3  87  85  78  68  54  28  65  7  19  80  15  83  13  14  6  53  84  48  70  16  44  76  81  42  23  20  35  56  8  25  31  66  11  74  29  73  30  55  22  75  69  52  12  79  64  67  86  37  32  88  60  26  4  40  9  50  58  57  39  59  36  63  51  21  72  10  24  34  41  43  47  5  82  18  27  77  2  61  45
   1  17  68  33  27  84  60  49  47  43  85  12  46  76  6  65  51  63  58  59  39  13  36  28  53  62  26  4  82  22  54  81  64  67  86  79  34  74  25  75  88  55  8  29  73  52  11  44  31  69  30  78  35  42  23  20  37  10  66  38  48  70  18  9  72  80  57  83  15  14  19  7  21  50  32  2  56  41  87  3  5  16  40  71  77  24  61  45
   1  24  42  29  73  61  40  70  78  3  72  37  87  41  5  31  32  56  9  38  22  83  34  15  4  7  79  27  25  66  71  13  45  12  21  59  81  75  20  35  39  46  36  63  88  65  47  60  16  28  49  19  11  86  17  52  2  48  84  58  57  33  80  51  67  6  55  74  85  82  10  62  64  23  18  76  44  77  68  30  8  14  69  54  50  43  53  26
   1  25  8  49  51  32  40  73  15  75  61  56  74  64  58  9  43  39  70  11  47  85  48  80  13  10  22  88  62  82  42  33  68  67  2  63  78  6  81  35  60  71  28  21  65  72  27  16  79  37  50  34  19  46  23  24  77  86  38  18  44  66  54  57  36  4  41  3  55  26  83  87  53  14  20  30  12  17  31  59  29  84  76  7  5  52  69  45
   1  25  30  49  7  54  62  73  59  31  61  78  52  86  36  9  87  83  48  55  3  85  70  14  13  76  88  22  40  60  20  33  2  23  68  19  56  72  81  79  82  27  50  21  65  6  71  38  35  37  28  12  63  24  67  46  77  64  16  84  66  44  32  57  58  26  41  47  11  4  39  43  53  80  42  8  34  17  75  15  29  18  10  51  5  74  69  45
   1  25  52  49  51  76  84  73  15  75  61  12  30  20  14  9  43  39  26  11  47  85  4  36  13  54  66  44  18  38  86  33  24  67  46  63  34  50  81  35  16  71  72  21  65  28  27  60  79  37  6  78  19  2  23  68  77  42  82  62  88  22  10  57  80  48  41  3  55  70  83  87  53  58  64  74  56  17  31  59  29  40  32  7  5  8  69  45
   1  25  74  49  7  10  18  73  59  31  61  34  8  42  80  9  87  83  4  55  3  85  26  58  13  32  44  66  84  16  64  33  46  23  24  19  12  28  81  79  38  27  6  21  65  50  71  82  35  37  72  56  63  68  67  2  77  20  60  40  22  88  76  57  14  70  41  47  11  48  39  43  53  36  86  52  78  17  75  15  29  62  54  51  5  30  69  45
   1  26  53  43  50  54  69  14  8  30  68  77  44  76  18  23  64  62  10  82  85  74  55  6  67  51  80  33  57  58  84  48  2  52  17  86  11  19  49  28  16  60  47  65  88  63  36  46  39  35  20  75  81  59  21  12  45  13  71  66  25  27  79  7  4  15  34  83  22  38  9  56  32  31  5  41  87  37  72  3  78  70  40  61  73  29  42  24
   1  27  17  14  22  60  18  41  39  74  40  12  57  26  79  86  8  38  47  23  87  35  55  61  45  58  53  7  11  30  9  65  64  37  20  6  73  13  84  43  4  19  68  56  88  62  72  75  67  29  71  48  50  15  49  77  32  63  10  3  81  51  42  66  2  54  34  28  44  31  36  82  78  59  80  24  25  52  69  83  16  76  5  46  85  70  21  33
   1  28  72  58  22  82  71  30  39  24  49  37  57  83  10  13  8  46  42  19  87  33  34  62  45  14  36  29  11  41  80  15  64  12  69  63  73  86  5  51  4  23  21  54  88  61  17  31  67  7  18  59  50  65  40  52  32  6  79  76  81  43  47  70  2  56  55  27  44  75  53  60  78  48  9  74  25  77  20  26  16  3  84  38  85  66  68  35
   1  29  40  3  87  31  9  83  4  27  71  12  81  35  36  65  16  19  17  48  57  51  55  82  64  76  68  14  50  26  42  61  78  37  5  56  22  15  79  66  45  59  20  46  88  60  49  86  2  58  80  6  85  62  18  77  8  54  53  24  73  70  72  41  32  38  34  7  25  13  21  75  39  63  47  28  11  52  84  33  67  74  10  23  44  30  69  43
   1  30  10  33  11  63  21  7  32  70  53  77  85  58  49  46  45  15  5  61  50  76  55  48  16  35  71  83  87  29  69  23  67  52  47  75  25  38  72  24  8  62  80  86  88  59  79  56  78  26  68  82  57  19  36  12  4  31  40  43  44  74  84  28  39  13  34  41  73  54  18  6  2  60  20  66  22  37  42  14  64  51  17  65  81  27  9  3
   1  31  71  65  57  76  42  56  45  60  80  77  73  38  21  28  67  30  40  83  81  19  55  14  78  15  20  86  85  54  72  7  39  52  10  43  87  27  36  48  64  26  5  66  88  58  18  24  32  13  47  33  44  29  9  12  16  51  68  61  22  59  49  6  8  70  34  75  11  74  69  3  4  35  17  82  50  37  79  46  2  62  53  41  25  63  84  23
   1  33  14  65  31  46  86  9  27  63  37  78  36  30  44  41  79  59  16  7  11  69  38  22  61  68  40  62  64  76  52  73  50  23  28  3  56  48  49  39  10  43  26  13  57  70  87  54  83  5  4  12  47  72  67  6  29  8  32  20  18  84  24  17  66  82  25  55  51  60  15  35  85  88  74  80  34  81  19  71  53  42  2  75  21  58  77  45
   1  33  36  65  75  68  20  9  71  19  37  12  14  52  22  41  35  15  82  51  55  69  60  44  61  46  18  84  42  54  30  73  72  67  6  47  34  26  49  83  32  87  48  13  57  4  43  76  39  5  70  78  3  50  23  28  29  74  10  86  40  62  2  17  88  16  25  11  7  38  59  79  85  66  8  58  56  81  63  27  53  64  24  31  21  80  77  45
   1  38  20  48  44  70  79  65  67  54  5  12  11  62  42  83  39  58  68  3  25  60  55  43  32  59  17  23  73  15  36  33  8  37  71  28  85  26  9  75  2  76  40  7  88  51  69  41  45  19  10  24  22  35  84  77  78  27  47  6  50  31  21  86  64  29  34  46  57  30  72  66  16  74  53  56  81  52  18  61  4  63  80  14  87  13  49  82
   1  41  42  81  55  82  66  33  83  7  13  34  64  18  8  73  71  35  28  47  19  53  50  74  21  16  36  58  44  48  40  25  54  23  32  75  12  68  17  87  70  59  46  5  49  2  15  26  43  61  24  56  31  76  67  10  69  84  4  88  14  80  60  65  30  6  9  63  3  72  79  27  29  52  62  20  78  57  51  39  77  22  38  11  37  86  85  45
   1  41  64  81  11  16  88  33  39  51  13  56  42  40  74  73  27  79  6  3  63  53  72  8  21  82  14  80  22  26  18  25  76  67  10  31  78  46  17  43  4  15  68  5  49  24  59  48  87  61  2  34  75  54  23  32  69  62  70  66  36  58  38  65  52  28  9  19  47  50  35  71  29  30  84  86  12  57  7  83  77  44  60  55  37  20  85  45
   1  41  79  35  11  6  68  29  32  66  36  52  85  14  40  38  45  65  84  62  50  3  34  59  16  33  18  26  87  7  20  19  67  77  42  31  25  46  17  74  8  61  9  13  88  48  10  54  78  83  21  60  57  23  53  37  4  75  49  51  44  24  5  27  39  86  55  30  73  56  71  63  2  82  69  70  22  12  47  58  64  43  72  15  81  28  80  76
   1  41  86  81  55  38  22  33  83  7  13  78  20  62  52  73  71  35  72  47  19  53  6  30  21  60  80  14  88  4  84  25  10  23  76  75  56  24  17  87  26  59  2  5  49  46  15  70  43  61  68  12  31  32  67  54  69  40  48  44  58  36  16  65  74  50  9  63  3  28  79  27  29  8  18  64  34  57  51  39  77  66  82  11  37  42  85  45
   1  48  79  54  11  83  68  60  32  23  36  37  85  75  40  51  45  24  84  27  50  86  34  30  16  56  18  63  87  82  20  70  67  12  42  58  25  43  17  15  8  28  9  76  88  41  10  35  78  6  21  29  57  66  53  52  4  14  49  38  44  65  5  62  39  3  55  59  73  33  71  26  2  7  69  19  22  77  47  31  64  46  72  74  81  61  80  13
   1  49  48  9  35  8  24  57  7  83  77  56  26  72  82  17  19  55  62  43  71  37  40  16  69  74  54  32  46  42  50  65  36  67  58  15  78  22  73  3  20  31  44  85  41  88  75  64  47  29  66  34  59  14  23  80  21  6  86  2  76  10  30  25  60  84  81  27  87  18  11  63  61  38  28  70  12  33  39  51  13  68  52  79  53  4  5  45
   1  49  70  9  79  30  46  57  51  39  77  78  4  6  60  17  63  11  40  87  27  37  62  38  69  52  32  54  24  20  28  65  58  23  36  59  56  88  73  47  42  75  66  85  41  22  31  86  3  29  44  12  15  80  67  14  21  72  64  68  10  76  8  25  82  18  81  71  43  84  55  19  61  16  50  48  34  33  83  7  13  2  74  35  53  26  5  45
   1  57  54  25  15  22  70  81  19  71  53  78  76  38  68  49  55  75  8  39  35  21  30  46  29  44  72  6  48  36  60  17  18  23  84  43  56  64  41  7  58  3  42  77  33  86  47  14  51  85  20  12  87  40  67  62  61  16  80  4  50  28  88  73  2  74  65  79  83  52  31  11  5  24  82  32  34  9  27  63  37  26  66  59  69  10  13  45
   1  57  76  25  59  44  4  81  63  27  53  12  54  60  46  49  11  31  74  83  79  21  52  68  29  22  50  28  26  14  38  17  40  67  62  87  34  42  41  51  80  47  64  77  33  20  3  36  7  85  86  78  43  18  23  84  61  82  58  70  72  6  66  73  24  8  65  35  39  30  75  55  5  2  16  10  56  9  71  19  37  48  88  15  69  32  13  45
   1  58  71  24  57  13  42  33  45  29  80  12  73  51  21  61  67  59  40  6  81  70  55  75  78  74  20  3  85  35  72  82  39  37  10  46  87  62  36  41  64  63  5  23  88  31  18  65  32  76  47  56  44  60  9  77  16  38  68  28  22  30  49  83  8  19  34  14  11  15  69  86  4  54  17  7  50  52  79  43  2  27  53  48  25  26  84  66
   1  59  10  56  11  26  21  82  32  19  53  12  85  31  49  43  45  74  5  28  50  13  55  41  16  54  71  6  87  60  69  66  67  37  47  14  25  51  72  65  8  27  80  3  88  30  79  33  78  63  68  7  57  70  36  77  4  58  40  46  44  15  84  61  39  76  34  48  73  35  18  83  2  29  20  23  22  52  42  75  64  38  17  24  81  62  9  86
   1  61  72  31  22  7  71  59  39  65  49  52  57  6  10  76  8  43  42  70  87  56  34  27  45  75  36  60  11  48  80  74  64  77  69  26  73  3  5  38  4  66  21  35  88  28  17  58  67  82  18  30  50  24  40  37  32  83  79  13  81  46  47  19  2  33  55  62  44  14  53  29  78  41  9  15  25  12  20  63  16  86  84  51  85  23  68  54
   1  62  17  75  22  29  18  48  39  15  40  77  57  63  79  3  8  51  47  66  87  54  55  28  45  31  53  82  11  59  9  24  64  52  20  83  73  76  84  46  4  70  68  33  88  27  72  14  67  60  71  41  50  74  49  12  32  26  10  86  81  38  42  23  2  35  34  61  44  58  36  7  78  30  80  65  25  37  69  6  16  13  5  43  85  19  21  56
   1  75  18  15  57  3  47  54  45  82  9  52  73  46  68  27  67  41  49  26  81  23  34  58  78  65  69  13  85  56  17  29  39  77  79  51  87  28  53  59  64  83  84  70  88  14  71  74  32  86  42  35  44  7  80  37  16  43  21  62  22  48  40  63  8  66  55  31  11  24  20  76  4  33  72  60  50  12  10  38  2  61  36  30  25  6  5  19
   2  3  49  29  88  43  20  30  45  23  79  74  22  33  5  52  78  28  42  63  50  75  68  13  64  7  55  38  57  41  17  70  16  24  36  54  81  77  71  62  4  6  9  58  87  86  40  60  1  46  69  59  44  66  10  15  67  56  84  37  11  61  47  26  39  14  21  76  25  82  34  51  32  48  72  19  73  65  53  35  8  12  18  27  85  83  80  31
   2  6  18  54  73  41  34  13  39  28  84  74  44  43  40  31  4  12  36  19  57  82  68  26  78  56  79  59  88  86  80  62  8  24  72  38  25  75  47  52  67  23  69  29  87  83  71  35  16  48  55  76  50  61  5  15  45  46  49  58  85  77  53  70  32  7  21  63  11  33  10  30  1  3  9  27  81  65  17  51  64  14  42  37  22  66  20  60
   2  7  69  19  22  77  47  31  64  46  72  74  81  61  80  13  1  48  79  54  11  83  68  60  32  23  36  37  85  75  40  51  45  24  84  27  50  86  34  30  16  56  18  63  87  82  20  70  67  12  42  58  25  43  17  15  8  28  9  76  88  41  10  35  78  6  21  29  57  66  53  52  4  14  49  38  44  65  5  62  39  3  55  59  73  33  71  26
   2  10  19  18  48  27  59  26  36  56  22  35  41  67  65  34  16  44  69  64  76  30  3  43  6  49  53  75  37  73  1  42  39  24  17  52  13  77  58  72  7  84  55  38  82  11  40  51  28  14  33  57  8  61  68  83  86  45  29  81  31  9  5  50  87  47  74  32  20  25  88  60  78  21  23  85  79  66  12  80  70  15  71  4  62  63  54  46
   2  10  41  18  4  49  81  26  80  12  22  57  19  1  43  34  60  88  47  20  32  30  25  65  6  27  31  9  15  51  67  42  61  68  83  8  79  55  58  28  29  40  77  38  82  33  84  73  72  14  11  35  52  39  24  17  86  23  7  59  53  75  71  50  21  69  74  76  64  3  44  16  78  87  45  63  13  66  56  36  70  37  5  48  62  85  54  46
   2  10  63  18  48  71  15  26  36  56  22  79  85  23  21  34  16  44  25  64  76  30  47  87  6  5  9  31  81  29  45  42  83  24  61  52  57  33  58  72  51  84  11  38  82  55  40  7  28  14  77  13  8  17  68  39  86  1  73  37  75  53  49  50  43  3  74  32  20  69  88  60  78  65  67  41  35  66  12  80  70  59  27  4  62  19  54  46
   2  10  85  18  4  5  37  26  80  12  22  13  63  45  87  34  60  88  3  20  32  30  69  21  6  71  75  53  59  7  23  42  17  68  39  8  35  11  58  28  73  40  33  38  82  77  84  29  72  14  55  79  52  83  24  61  86  67  51  15  9  31  27  50  65  25  74  76  64  47  44  16  78  43  1  19  57  66  56  36  70  81  49  48  62  41  54  46
   2  12  72  76  11  66  40  62  16  7  42  74  88  83  53  51  39  56  69  58  81  41  68  52  45  3  18  19  25  61  10  60  4  24  55  63  22  43  80  35  32  14  84  59  87  77  17  13  78  23  49  27  73  82  47  15  1  6  36  38  50  33  20  31  8  48  21  37  44  86  71  70  64  28  79  29  85  65  34  26  67  46  9  54  57  75  5  30
   2  13  40  82  88  38  69  48  45  70  10  65  22  54  84  12  78  62  47  83  50  58  21  3  64  60  34  43  57  59  72  23  16  15  53  33  81  37  18  28  4  26  80  75  87  76  49  7  1  51  20  41  44  19  79  24  67  35  5  77  11  27  42  6  39  31  68  86  25  29  55  46  32  30  17  66  73  74  36  56  8  52  71  61  85  63  9  14
   2  14  9  63  85  61  71  52  8  56  36  74  73  66  17  30  32  46  55  29  25  86  68  31  39  6  42  27  11  77  5  35  67  24  79  19  44  41  20  51  1  7  49  76  87  75  80  26  4  28  18  37  81  33  53  15  16  23  72  59  57  43  34  60  64  3  21  58  50  83  47  62  78  12  84  54  22  65  10  70  45  48  69  38  88  82  40  13
   2  18  3  34  72  19  83  50  4  88  86  35  25  11  73  66  8  20  37  16  84  14  59  51  54  41  5  27  61  1  33  82  87  24  65  36  13  53  26  32  23  12  31  30  74  75  56  67  76  70  9  57  80  21  68  43  38  77  45  17  71  49  85  10  7  15  58  40  60  81  64  52  22  29  55  69  79  42  44  48  6  39  63  28  78  47  62  46
   2  18  25  34  28  41  17  50  48  44  86  57  3  33  51  66  52  64  15  60  40  14  81  73  54  19  71  49  39  67  11  82  21  68  43  80  79  31  26  76  45  56  53  30  74  9  12  1  32  70  75  35  36  87  24  65  38  55  23  83  5  27  63  10  29  37  58  84  16  59  20  8  22  7  77  47  13  42  88  4  6  61  85  72  78  69  62  46
   2  18  47  34  72  63  39  50  4  88  86  79  69  55  29  66  8  20  81  16  84  14  15  7  54  85  49  71  17  45  77  82  43  24  21  36  57  9  26  32  67  12  75  30  74  31  56  23  76  70  53  13  80  65  68  87  38  33  1  61  27  5  41  10  51  59  58  40  60  37  64  52  22  73  11  25  35  42  44  48  6  83  19  28  78  3  62  46
   2  18  69  34  28  85  61  50  48  44  86  13  47  77  7  66  52  64  59  60  40  14  37  29  54  63  27  5  83  23  55  82  65  68  87  80  35  75  26  76  1  56  9  30  74  53  12  45  32  70  31  79  36  43  24  21  38  11  67  39  49  71  19  10  73  81  58  84  16  15  20  8  22  51  33  3  57  42  88  4  6  17  41  72  78  25  62  46
   2  19  47  46  81  13  79  83  32  37  40  24  50  30  18  82  67  58  17  28  88  35  21  66  4  38  5  3  73  26  69  77  64  74  80  48  11  60  36  75  45  27  34  56  87  70  42  43  8  76  10  6  57  52  49  65  39  59  71  7  22  31  72  61  1  54  68  23  85  51  84  86  16  63  20  12  25  15  9  41  78  29  53  14  44  62  55  33
   2  23  42  38  81  86  10  26  32  12  49  74  50  41  71  60  67  14  72  27  88  33  68  70  4  46  84  76  73  83  20  52  64  24  9  59  11  82  53  31  45  28  55  54  87  66  47  51  8  3  79  63  57  77  40  15  39  48  18  29  22  75  17  62  1  56  21  19  85  43  5  13  16  6  69  37  25  65  80  30  78  7  36  58  44  61  34  35
   2  26  9  50  52  33  41  74  16  76  62  57  75  65  59  10  44  40  71  12  48  86  49  81  14  11  23  1  63  83  43  34  69  68  3  64  79  7  82  36  61  72  29  22  66  73  28  17  80  38  51  35  20  47  24  25  78  87  39  19  45  67  55  58  37  5  42  4  56  27  84  88  54  15  21  31  13  18  32  60  30  85  77  8  6  53  70  46
   2  26  31  50  8  55  63  74  60  32  62  79  53  87  37  10  88  84  49  56  4  86  71  15  14  77  1  23  41  61  21  34  3  24  69  20  57  73  82  80  83  28  51  22  66  7  72  39  36  38  29  13  64  25  68  47  78  65  17  85  67  45  33  58  59  27  42  48  12  5  40  44  54  81  43  9  35  18  76  16  30  19  11  52  6  75  70  46
   2  26  53  50  52  77  85  74  16  76  62  13  31  21  15  10  44  40  27  12  48  86  5  37  14  55  67  45  19  39  87  34  25  68  47  64  35  51  82  36  17  72  73  22  66  29  28  61  80  38  7  79  20  3  24  69  78  43  83  63  1  23  11  58  81  49  42  4  56  71  84  88  54  59  65  75  57  18  32  60  30  41  33  8  6  9  70  46
   2  26  71  33  73  59  55  3  39  62  5  65  44  38  49  14  4  52  53  66  57  29  21  6  78  35  10  41  88  76  9  28  8  15  17  43  25  58  42  12  67  70  20  82  87  63  18  56  16  30  34  86  50  27  84  24  45  51  40  75  85  37  36  23  32  60  68  83  11  54  79  48  1  13  80  61  81  74  72  46  64  31  47  77  22  19  69  7
   2  26  75  50  8  11  19  74  60  32  62  35  9  43  81  10  88  84  5  56  4  86  27  59  14  33  45  67  85  17  65  34  47  24  25  20  13  29  82  80  39  28  7  22  66  51  72  83  36  38  73  57  64  69  68  3  78  21  61  41  23  1  77  58  15  71  42  48  12  49  40  44  54  37  87  53  79  18  76  16  30  63  55  52  6  31  70  46
   2  27  53  48  25  26  84  66  1  58  71  24  57  13  42  33  45  29  80  12  73  51  21  61  67  59  40  6  81  70  55  75  78  74  20  3  85  35  72  82  39  37  10  46  87  62  36  41  64  63  5  23  88  31  18  65  32  76  47  56  44  60  9  77  16  38  68  28  22  30  49  83  8  19  34  14  11  15  69  86  4  54  17  7  50  52  79  43
   2  28  36  59  25  83  5  70  1  14  18  74  57  86  47  35  45  7  9  37  73  43  68  62  67  48  49  63  81  66  34  31  78  24  69  76  85  33  17  60  39  12  79  38  87  61  53  30  64  6  84  19  88  75  71  15  32  3  42  54  44  82  80  52  16  46  21  27  22  41  40  26  8  23  55  58  11  65  20  13  4  56  72  29  50  77  10  51
   2  29  20  23  22  52  42  75  64  38  17  24  81  62  9  86  1  59  10  56  11  26  21  82  32  19  53  12  85  31  49  43  45  74  5  28  50  13  55  41  16  54  71  6  87  60  69  66  67  37  47  14  25  51  72  65  8  27  80  3  88  30  79  33  78  63  68  7  57  70  36  77  4  58  40  46  44  15  84  61  39  76  34  48  73  35  18  83
   2  30  5  75  57  54  9  46  67  26  34  65  85  29  79  28  64  70  71  86  44  37  21  48  8  31  20  33  50  38  36  6  1  15  47  82  73  27  49  23  78  13  17  77  87  59  84  14  32  35  80  43  22  63  55  24  4  60  10  61  25  19  18  3  45  52  68  41  81  58  69  56  39  51  53  83  88  74  42  7  16  62  40  66  11  76  72  12
   2  31  80  83  85  27  18  12  8  35  53  65  73  19  72  48  32  51  34  82  25  76  21  14  39  26  47  61  11  37  84  56  67  15  10  66  44  59  69  46  1  60  40  86  87  58  9  6  4  62  71  77  81  54  36  24  16  70  17  41  57  38  55  7  64  13  68  75  50  63  42  28  78  52  5  33  22  74  79  23  45  30  20  43  88  29  49  3
   2  33  55  62  44  14  53  29  78  41  9  15  25  12  20  63  16  86  84  51  85  23  68  54  1  61  72  31  22  7  71  59  39  65  49  52  57  6  10  76  8  43  42  70  87  56  34  27  45  75  36  60  11  48  80  74  64  77  69  26  73  3  5  38  4  66  21  35  88  28  17  58  67  82  18  30  50  24  40  37  32  83  79  13  81  46  47  19
   2  34  15  66  32  47  87  10  28  64  38  79  37  31  45  42  80  60  17  8  12  70  39  23  62  69  41  63  65  77  53  74  51  24  29  4  57  49  50  40  11  44  27  14  58  71  88  55  84  6  5  13  48  73  68  7  30  9  33  21  19  85  25  18  67  83  26  56  52  61  16  36  86  1  75  81  35  82  20  72  54  43  3  76  22  59  78  46
   2  34  37  66  76  69  21  10  72  20  38  13  15  53  23  42  36  16  83  52  56  70  61  45  62  47  19  85  43  55  31  74  73  68  7  48  35  27  50  84  33  88  49  14  58  5  44  77  40  6  71  79  4  51  24  29  30  75  11  87  41  63  3  18  1  17  26  12  8  39  60  80  86  67  9  59  57  82  64  28  54  65  25  32  22  81  78  46
   2  34  59  66  32  3  43  10  28  64  38  35  81  75  1  42  80  60  61  8  12  70  83  67  62  25  85  19  21  33  9  74  7  24  73  4  13  5  50  40  55  44  71  14  58  27  88  11  84  6  49  57  48  29  68  51  30  53  77  65  63  41  69  18  23  39  26  56  52  17  16  36  86  45  31  37  79  82  20  72  54  87  47  76  22  15  78  46
   2  34  81  66  76  25  65  10  72  20  38  57  59  9  67  42  36  16  39  52  56  70  17  1  62  3  63  41  87  11  75  74  29  68  51  48  79  71  50  84  77  88  5  14  58  49  44  33  40  6  27  35  4  7  24  73  30  31  55  43  85  19  47  18  45  61  26  12  8  83  60  80  86  23  53  15  13  82  64  28  54  21  69  32  22  37  78  46
   2  35  34  61  44  58  36  7  78  30  80  65  25  37  69  6  16  13  5  43  85  19  21  56  1  62  17  75  22  29  18  48  39  15  40  77  57  63  79  3  8  51  47  66  87  54  55  28  45  31  53  82  11  59  9  24  64  52  20  83  73  76  84  46  4  70  68  33  88  27  72  14  67  60  71  41  50  74  49  12  32  26  10  86  81  38  42  23
   2  37  17  3  11  70  49  61  16  29  47  24  88  26  36  43  39  54  20  14  81  30  21  77  45  76  71  23  25  62  79  82  4  74  34  6  22  51  9  33  32  58  5  48  87  52  72  86  78  19  40  28  73  60  42  65  1  63  53  46  50  35  69  75  8  59  68  12  44  13  18  66  64  27  10  7  85  15  55  83  67  38  80  56  57  31  84  41
   2  38  10  12  50  60  72  33  4  76  20  24  11  31  55  66  8  63  40  48  22  62  21  43  16  37  80  7  44  35  42  86  32  74  71  14  88  70  84  83  64  59  53  28  87  51  79  77  39  29  17  56  85  13  69  65  78  58  34  23  81  26  49  41  67  27  68  46  73  52  9  82  45  54  47  3  57  15  18  75  1  19  5  6  25  30  36  61
   2  41  84  31  57  56  80  38  67  83  55  15  85  7  10  27  64  66  18  13  44  12  68  59  8  75  69  35  50  46  53  63  1  65  42  60  73  28  40  19  78  86  72  52  87  48  5  58  32  33  9  51  22  6  34  74  4  82  79  62  25  23  71  76  45  77  21  30  81  14  20  54  39  43  36  26  88  24  47  29  16  61  49  70  11  3  17  37
   2  42  21  82  12  61  45  34  40  52  14  13  87  85  31  74  28  80  51  4  64  54  29  53  22  39  59  37  67  71  63  26  33  68  55  32  35  3  18  44  49  16  25  6  50  69  60  5  88  62  47  79  76  11  24  77  70  19  27  23  81  15  83  66  9  73  10  20  48  7  36  72  30  75  41  43  57  58  8  84  78  1  17  56  38  65  86  46
   2  42  43  82  56  83  67  34  84  8  14  35  65  19  9  74  72  36  29  48  20  54  51  75  22  17  37  59  45  49  41  26  55  24  33  76  13  69  18  88  71  60  47  6  50  3  16  27  44  62  25  57  32  77  68  11  70  85  5  1  15  81  61  66  31  7  10  64  4  73  80  28  30  53  63  21  79  58  52  40  78  23  39  12  38  87  86  46
   2  42  65  82  12  17  1  34  40  52  14  57  43  41  75  74  28  80  7  4  64  54  73  9  22  83  15  81  23  27  19  26  77  68  11  32  79  47  18  44  5  16  69  6  50  25  60  49  88  62  3  35  76  55  24  33  70  63  71  67  37  59  39  66  53  29  10  20  48  51  36  72  30  31  85  87  13  58  8  84  78  45  61  56  38  21  86  46
   2  42  87  82  56  39  23  34  84  8  14  79  21  63  53  74  72  36  73  48  20  54  7  31  22  61  81  15  1  5  85  26  11  24  77  76  57  25  18  88  27  60  3  6  50  47  16  71  44  62  69  13  32  33  68  55  70  41  49  45  59  37  17  66  75  51  10  64  4  29  80  28  30  9  19  65  35  58  52  40  78  67  83  12  38  43  86  46
   2  43  79  52  50  7  17  54  4  86  69  15  11  14  34  19  8  83  49  30  22  28  68  38  16  77  9  60  44  56  47  76  32  65  18  31  88  23  5  63  64  41  36  62  87  46  10  37  39  82  72  35  85  3  20  74  78  75  55  70  81  6  40  59  67  61  21  51  73  12  80  29  45  33  42  13  57  24  71  58  1  66  84  26  25  48  53  27
   2  46  79  37  50  82  17  35  4  3  69  74  11  75  34  70  8  6  49  59  22  61  68  51  16  12  9  29  44  33  47  13  32  24  18  58  88  66  5  26  64  48  36  27  87  43  10  52  39  7  72  54  85  86  20  15  78  14  55  19  81  83  40  30  67  28  21  38  73  77  80  60  45  56  42  76  57  65  71  31  1  23  84  63  25  41  53  62
   2  48  84  58  57  33  80  51  67  6  55  74  85  82  10  62  64  23  18  76  44  77  68  30  8  14  69  54  50  43  53  26  1  24  42  29  73  61  40  70  78  3  72  37  87  41  5  31  32  56  9  38  22  83  34  15  4  7  79  27  25  66  71  13  45  12  21  59  81  75  20  35  39  46  36  63  88  65  47  60  16  28  49  19  11  86  17  52
   2  50  5  10  36  53  69  58  8  84  78  13  71  29  39  18  20  56  19  44  72  38  85  61  70  31  11  77  3  87  7  66  81  68  15  16  35  67  74  4  65  32  1  86  42  45  76  21  48  30  23  79  60  59  24  37  22  51  43  47  33  55  75  26  17  41  82  28  88  63  12  64  62  83  73  27  57  34  40  52  14  25  9  80  54  49  6  46
   2  50  27  10  80  75  3  58  52  40  78  35  49  51  17  18  64  12  85  88  28  38  19  83  70  9  77  11  69  65  73  66  15  24  81  60  13  45  74  48  87  76  23  86  42  67  32  43  4  30  1  57  16  37  68  59  22  29  21  25  55  33  53  26  39  63  82  72  44  41  56  20  62  61  7  5  79  34  84  8  14  47  31  36  54  71  6  46
   2  50  49  10  36  9  25  58  8  84  78  57  27  73  83  18  20  56  63  44  72  38  41  17  70  75  55  33  47  43  51  66  37  68  59  16  79  23  74  4  21  32  45  86  42  1  76  65  48  30  67  35  60  15  24  81  22  7  87  3  77  11  31  26  61  85  82  28  88  19  12  64  62  39  29  71  13  34  40  52  14  69  53  80  54  5  6  46
   2  50  71  10  80  31  47  58  52  40  78  79  5  7  61  18  64  12  41  88  28  38  63  39  70  53  33  55  25  21  29  66  59  24  37  60  57  1  74  48  43  76  67  86  42  23  32  87  4  30  45  13  16  81  68  15  22  73  65  69  11  77  9  26  83  19  82  72  44  85  56  20  62  17  51  49  35  34  84  8  14  3  75  36  54  27  6  46
   2  51  10  77  50  29  72  56  4  13  20  65  11  58  55  23  8  26  40  41  22  27  21  46  16  52  80  82  44  54  42  3  32  15  71  75  88  19  84  6  64  30  53  61  87  38  79  12  39  60  17  33  85  76  69  24  78  31  34  66  81  63  49  48  67  62  68  43  73  37  9  7  45  35  47  86  57  74  18  14  1  70  5  83  25  59  36  28
   2  52  17  86  11  19  49  28  16  60  47  65  88  63  36  46  39  35  20  75  81  59  21  12  45  13  71  66  25  27  79  7  4  15  34  83  22  38  9  56  32  31  5  41  87  37  72  3  78  70  40  61  73  29  42  24  1  26  53  43  50  54  69  14  8  30  68  77  44  76  18  23  64  62  10  82  85  74  55  6  67  51  80  33  57  58  84  48
   2  54  34  28  44  31  36  82  78  59  80  24  25  52  69  83  16  76  5  46  85  70  21  33  1  27  17  14  22  60  18  41  39  74  40  12  57  26  79  86  8  38  47  23  87  35  55  61  45  58  53  7  11  30  9  65  64  37  20  6  73  13  84  43  4  19  68  56  88  62  72  75  67  29  71  48  50  15  49  77  32  63  10  3  81  51  42  66
   2  56  55  27  44  75  53  60  78  48  9  74  25  77  20  26  16  3  84  38  85  66  68  35  1  28  72  58  22  82  71  30  39  24  49  37  57  83  10  13  8  46  42  19  87  33  34  62  45  14  36  29  11  41  80  15  64  12  69  63  73  86  5  51  4  23  21  54  88  61  17  31  67  7  18  59  50  65  40  52  32  6  79  76  81  43  47  70
   2  58  11  26  16  67  27  82  20  72  54  35  33  83  25  50  56  76  53  40  36  22  75  3  30  1  29  51  5  81  17  18  63  24  41  44  13  21  42  8  15  4  87  78  34  43  48  59  52  86  65  57  88  85  68  19  62  61  37  49  7  73  45  74  47  31  66  80  84  9  32  12  6  69  39  77  79  10  28  64  38  71  23  60  70  55  14  46
   2  58  33  26  60  1  49  82  64  28  54  57  11  17  3  50  12  32  31  84  80  22  9  25  30  67  7  73  71  59  83  18  85  68  19  88  79  87  42  52  37  48  21  78  34  65  4  81  8  86  43  35  44  63  24  41  62  39  15  27  29  51  23  74  69  53  66  36  40  75  76  56  6  47  61  55  13  10  72  20  38  5  45  16  70  77  14  46
   2  58  55  26  16  23  71  82  20  72  54  79  77  39  69  50  56  76  9  40  36  22  31  47  30  45  73  7  49  37  61  18  19  24  85  44  57  65  42  8  59  4  43  78  34  87  48  15  52  86  21  13  88  41  68  63  62  17  81  5  51  29  1  74  3  75  66  80  84  53  32  12  6  25  83  33  35  10  28  64  38  27  67  60  70  11  14  46
   2  58  77  26  60  45  5  82  64  28  54  13  55  61  47  50  12  32  75  84  80  22  53  69  30  23  51  29  27  15  39  18  41  68  63  88  35  43  42  52  81  48  65  78  34  21  4  37  8  86  87  79  44  19  24  85  62  83  59  71  73  7  67  74  25  9  66  36  40  31  76  56  6  3  17  11  57  10  72  20  38  49  1  16  70  33  14  46
   2  58  80  6  85  62  18  77  8  54  53  24  73  70  72  41  32  38  34  7  25  13  21  75  39  63  47  28  11  52  84  33  67  74  10  23  44  30  69  43  1  29  40  3  87  31  9  83  4  27  71  12  81  35  36  65  16  19  17  48  57  51  55  82  64  76  68  14  50  26  42  61  78  37  5  56  22  15  79  66  45  59  20  46  88  60  49  86
   2  59  5  14  57  35  9  43  67  63  34  24  85  60  79  61  64  19  71  3  44  52  21  41  8  58  20  56  50  51  36  83  1  74  47  7  73  62  49  66  78  76  17  12  87  30  84  75  32  54  80  46  22  26  55  65  4  29  10  28  25  70  18  86  45  37  68  48  81  31  69  33  39  38  53  6  88  15  42  82  16  27  40  23  11  13  72  77
   2  60  20  66  22  37  42  14  64  51  17  65  81  27  9  3  1  30  10  33  11  63  21  7  32  70  53  77  85  58  49  46  45  15  5  61  50  76  55  48  16  35  71  83  87  29  69  23  67  52  47  75  25  38  72  24  8  62  80  86  88  59  79  56  78  26  68  82  57  19  36  12  4  31  40  43  44  74  84  28  39  13  34  41  73  54  18  6
   2  61  36  30  25  6  5  19  1  75  18  15  57  3  47  54  45  82  9  52  73  46  68  27  67  41  49  26  81  23  34  58  78  65  69  13  85  56  17  29  39  77  79  51  87  28  53  59  64  83  84  70  88  14  71  74  32  86  42  35  44  7  80  37  16  43  21  62  22  48  40  63  8  66  55  31  11  24  20  76  4  33  72  60  50  12  10  38
   2  62  53  41  25  63  84  23  1  31  71  65  57  76  42  56  45  60  80  77  73  38  21  28  67  30  40  83  81  19  55  14  78  15  20  86  85  54  72  7  39  52  10  43  87  27  36  48  64  26  5  66  88  58  18  24  32  13  47  33  44  29  9  12  16  51  68  61  22  59  49  6  8  70  34  75  11  74  69  3  4  35  17  82  50  37  79  46
   2  63  71  56  73  30  55  86  39  27  5  24  44  51  49  75  4  37  53  23  57  60  21  83  78  54  10  48  88  13  9  61  8  74  17  46  25  31  42  77  67  19  20  7  87  26  18  33  16  59  34  3  50  62  84  65  45  38  40  14  85  52  36  66  32  29  68  6  11  35  79  41  1  76  80  28  81  15  72  43  64  58  47  12  22  70  69  82
   2  66  17  42  84  81  73  18  32  60  30  57  83  49  11  82  4  8  87  36  88  6  65  33  78  59  47  25  7  75  27  58  45  68  67  72  79  63  10  12  53  64  85  70  26  41  20  9  56  54  19  35  28  23  24  1  14  71  31  51  69  3  15  34  77  21  50  44  80  43  52  48  38  55  5  39  13  74  16  76  62  29  37  40  86  61  22  46
   2  66  39  42  40  15  7  18  76  16  30  79  61  71  77  82  48  52  65  80  44  6  87  55  78  37  25  47  73  53  5  58  67  24  45  28  57  41  10  56  75  20  19  70  26  63  64  31  12  54  85  13  72  1  68  23  14  49  9  29  3  69  81  34  11  43  50  88  36  21  8  4  38  33  27  17  35  74  60  32  62  51  59  84  86  83  22  46
   2  66  42  51  81  3  10  63  32  77  49  15  50  48  71  29  67  75  72  62  88  56  68  19  4  43  84  13  73  6  20  37  64  65  9  30  11  7  53  58  45  61  55  35  87  23  47  38  8  86  79  26  57  12  40  74  39  41  18  60  22  14  17  27  1  33  21  70  85  46  5  76  16  83  69  52  25  24  80  59  78  82  36  31  44  28  34  54
   2  66  61  42  84  37  29  18  32  60  30  13  39  5  55  82  4  8  43  36  88  6  21  77  78  15  3  69  51  31  71  58  1  68  23  72  35  19  10  12  9  64  41  70  26  85  20  53  56  54  63  79  28  67  24  45  14  27  75  7  25  47  59  34  33  65  50  44  80  87  52  48  38  11  49  83  57  74  16  76  62  73  81  40  86  17  22  46
   2  66  83  42  40  59  51  18  76  16  30  35  17  27  33  82  48  52  21  80  44  6  43  11  78  81  69  3  29  9  49  58  23  24  1  28  13  85  10  56  31  20  63  70  26  19  64  75  12  54  41  57  72  45  68  67  14  5  53  73  47  25  37  34  55  87  50  88  36  65  8  4  38  77  71  61  79  74  60  32  62  7  15  84  86  39  22  46
   2  70  47  43  81  76  79  6  32  52  40  65  50  59  18  7  67  31  17  61  88  54  21  23  4  51  5  86  73  63  69  12  64  15  80  41  11  29  36  14  45  62  34  33  87  19  42  46  8  13  10  83  57  37  49  24  39  30  71  82  22  58  72  28  1  35  68  66  85  38  84  3  16  26  20  77  25  74  9  48  78  60  53  75  44  27  55  56
   2  74  1  58  20  73  9  42  88  4  6  57  67  81  19  26  84  72  55  76  8  78  33  41  38  51  87  65  31  3  59  10  5  68  27  56  79  39  66  60  69  80  61  62  18  17  36  25  16  22  83  35  12  71  24  49  54  15  47  75  21  43  7  82  85  77  34  52  32  11  28  40  70  63  37  23  13  50  48  44  86  53  29  64  14  45  30  46
   2  74  23  58  64  7  31  42  44  48  6  79  45  15  85  26  40  28  33  32  52  78  55  63  38  29  65  87  9  69  37  10  27  24  5  12  57  17  66  16  3  36  83  62  18  39  80  47  60  22  61  13  56  49  68  71  54  81  25  53  43  21  73  82  19  11  34  8  76  77  72  84  70  41  59  1  35  50  4  88  86  75  51  20  14  67  30  46
   2  74  45  58  20  29  53  42  88  4  6  13  23  37  63  26  84  72  11  76  8  78  77  85  38  7  43  21  75  47  15  10  49  68  71  56  35  83  66  60  25  80  17  62  18  61  36  69  16  22  39  79  12  27  24  5  54  59  3  31  65  87  51  82  41  33  34  52  32  55  28  40  70  19  81  67  57  50  48  44  86  9  73  64  14  1  30  46
   2  74  67  58  64  51  75  42  44  48  6  35  1  59  41  26  40  28  77  32  52  78  11  19  38  73  21  43  53  25  81  10  71  24  49  12  13  61  66  16  47  36  39  62  18  83  80  3  60  22  17  57  56  5  68  27  54  37  69  9  87  65  29  82  63  55  34  8  76  33  72  84  70  85  15  45  79  50  4  88  86  31  7  20  14  23  30  46
   2  75  9  26  85  28  71  37  8  33  36  15  73  23  17  59  32  43  55  60  25  3  68  58  39  83  42  62  11  12  5  54  67  65  79  70  44  48  20  38  1  82  49  13  87  14  80  63  4  61  18  52  81  56  53  74  16  66  72  30  57  46  34  29  64  86  21  31  50  6  47  27  78  77  84  35  22  24  10  19  45  41  69  51  88  7  40  76
   2  76  40  7  88  51  69  41  45  19  10  24  22  35  84  77  78  27  47  6  50  31  21  86  64  29  34  46  57  30  72  66  16  74  53  56  81  52  18  61  4  63  80  14  87  13  49  82  1  38  20  48  44  70  79  65  67  54  5  12  11  62  42  83  39  58  68  3  25  60  55  43  32  59  17  23  73  15  36  33  8  37  71  28  85  26  9  75
   2  77  72  13  11  23  40  27  16  82  42  15  88  6  53  38  39  33  69  31  81  48  68  37  45  86  18  70  25  28  10  29  4  65  55  26  22  46  80  54  32  75  84  30  87  12  17  76  78  66  49  62  73  7  47  74  1  83  36  51  50  56  20  58  8  41  21  52  44  3  71  19  64  61  79  60  85  24  34  63  67  43  9  35  57  14  5  59
   2  82  7  74  88  87  55  66  12  80  70  79  29  47  5  58  32  4  1  72  60  62  23  71  86  21  17  39  33  85  69  50  75  24  53  84  57  81  34  64  19  52  59  54  10  15  8  63  20  78  37  13  40  9  68  31  6  25  41  77  83  61  65  42  27  67  18  16  28  45  48  76  14  49  3  73  35  26  36  56  22  11  43  44  30  51  38  46
   2  82  29  74  44  21  77  66  56  36  70  13  7  69  71  58  76  48  67  28  16  62  45  5  86  87  83  61  11  63  47  50  9  68  31  40  35  59  34  20  41  8  81  54  10  37  52  85  64  78  15  79  84  75  24  53  6  3  19  55  17  39  43  42  49  1  18  60  72  23  4  32  14  27  25  51  57  26  80  12  22  33  65  88  30  73  38  46
   2  82  51  74  88  43  11  66  12  80  70  35  73  3  49  58  32  4  45  72  60  62  67  27  86  65  61  83  77  41  25  50  31  24  9  84  13  37  34  64  63  52  15  54  10  59  8  19  20  78  81  57  40  53  68  75  6  69  85  33  39  17  21  42  71  23  18  16  28  1  48  76  14  5  47  29  79  26  36  56  22  55  87  44  30  7  38  46
   2  82  69  70  22  12  47  58  64  43  72  15  81  28  80  76  1  41  79  35  11  6  68  29  32  66  36  52  85  14  40  38  45  65  84  62  50  3  34  59  16  33  18  26  87  7  20  19  67  77  42  31  25  46  17  74  8  61  9  13  88  48  10  54  78  83  21  60  57  23  53  37  4  75  49  51  44  24  5  27  39  86  55  30  73  56  71  63
   2  82  73  74  44  65  33  66  56  36  70  57  51  25  27  58  76  48  23  28  16  62  1  49  86  43  39  17  55  19  3  50  53  68  75  40  79  15  34  20  85  8  37  54  10  81  52  41  64  78  59  35  84  31  24  9  6  47  63  11  61  83  87  42  5  45  18  60  72  67  4  32  14  71  69  7  13  26  80  12  22  77  21  88  30  29  38  46
   2  83  18  35  73  48  34  76  39  61  84  15  44  46  40  58  4  77  36  70  57  7  68  63  78  33  79  30  88  3  80  27  8  65  72  51  25  14  47  37  67  66  69  60  87  6  71  54  16  41  55  13  50  28  5  74  45  43  49  31  85  12  53  19  32  82  21  26  11  56  10  59  1  86  9  62  81  24  17  38  64  75  42  52  22  23  20  29
   2  86  49  60  88  46  20  59  45  66  79  15  22  56  5  37  78  61  42  26  50  14  68  76  64  82  55  51  57  48  17  19  16  65  36  35  81  12  71  27  4  83  9  31  87  3  40  29  1  43  69  30  44  23  10  74  67  33  84  52  11  28  47  63  39  75  21  13  25  7  34  38  32  41  72  70  73  24  53  54  8  77  18  62  85  6  80  58
   3  2  31  80  83  85  27  18  12  8  35  53  65  73  19  72  48  32  51  34  82  25  76  21  14  39  26  47  61  11  37  84  56  67  15  10  66  44  59  69  46  1  60  40  86  87  58  9  6  4  62  71  77  81  54  36  24  16  70  17  41  57  38  55  7  64  13  68  75  50  63  42  28  78  52  5  33  22  74  79  23  45  30  20  43  88  29  49
   3  4  35  17  82  50  37  79  46  2  62  53  41  25  63  84  23  1  31  71  65  57  76  42  56  45  60  80  77  73  38  21  28  67  30  40  83  81  19  55  14  78  15  20  86  85  54  72  7  39  52  10  43  87  27  36  48  64  26  5  66  88  58  18  24  32  13  47  33  44  29  9  12  16  51  68  61  22  59  49  6  8  70  34  75  11  74  69
   3  5  38  4  66  21  35  88  28  17  58  67  82  18  30  50  24  40  37  32  83  79  13  81  46  47  19  2  33  55  62  44  14  53  29  78  41  9  15  25  12  20  63  16  86  84  51  85  23  68  54  1  61  72  31  22  7  71  59  39  65  49  52  57  6  10  76  8  43  42  70  87  56  34  27  45  75  36  60  11  48  80  74  64  77  69  26  73
   3  8  51  47  66  87  54  55  28  45  31  53  82  11  59  9  24  64  52  20  83  73  76  84  46  4  70  68  33  88  27  72  14  67  60  71  41  50  74  49  12  32  26  10  86  81  38  42  23  2  35  34  61  44  58  36  7  78  30  80  65  25  37  69  6  16  13  5  43  85  19  21  56  1  62  17  75  22  29  18  48  39  15  40  77  57  63  79
   3  10  63  32  77  49  15  50  48  71  29  67  75  72  62  88  56  68  19  4  43  84  13  73  6  20  37  64  65  9  30  11  7  53  58  45  61  55  35  87  23  47  38  8  86  79  26  57  12  40  74  39  41  18  60  22  14  17  27  1  33  21  70  85  46  5  76  16  83  69  52  25  24  80  59  78  82  36  31  44  28  34  54  2  66  42  51  81
   3  11  20  19  49  28  60  27  37  57  23  36  42  68  66  35  17  45  70  65  77  31  4  44  7  50  54  76  38  74  2  43  40  25  18  53  14  78  59  73  8  85  56  39  83  12  41  52  29  15  34  58  9  62  69  84  87  46  30  82  32  10  6  51  88  48  75  33  21  26  1  61  79  22  24  86  80  67  13  81  71  16  72  5  63  64  55  47
   3  11  42  19  5  50  82  27  81  13  23  58  20  2  44  35  61  1  48  21  33  31  26  66  7  28  32  10  16  52  68  43  62  69  84  9  80  56  59  29  30  41  78  39  83  34  85  74  73  15  12  36  53  40  25  18  87  24  8  60  54  76  72  51  22  70  75  77  65  4  45  17  79  88  46  64  14  67  57  37  71  38  6  49  63  86  55  47
   3  11  64  19  49  72  16  27  37  57  23  80  86  24  22  35  17  45  26  65  77  31  48  88  7  6  10  32  82  30  46  43  84  25  62  53  58  34  59  73  52  85  12  39  83  56  41  8  29  15  78  14  9  18  69  40  87  2  74  38  76  54  50  51  44  4  75  33  21  70  1  61  79  66  68  42  36  67  13  81  71  60  28  5  63  20  55  47
   3  11  70  49  61  16  29  47  24  88  26  36  43  39  54  20  14  81  30  21  77  45  76  71  23  25  62  79  82  4  74  34  6  22  51  9  33  32  58  5  48  87  52  72  86  78  19  40  28  73  60  42  65  1  63  53  46  50  35  69  75  8  59  68  12  44  13  18  66  64  27  10  7  85  15  55  83  67  38  80  56  57  31  84  41  2  37  17
   3  11  86  19  5  6  38  27  81  13  23  14  64  46  88  35  61  1  4  21  33  31  70  22  7  72  76  54  60  8  24  43  18  69  40  9  36  12  59  29  74  41  34  39  83  78  85  30  73  15  56  80  53  84  25  62  87  68  52  16  10  32  28  51  66  26  75  77  65  48  45  17  79  44  2  20  58  67  57  37  71  82  50  49  63  42  55  47
   3  16  26  20  77  25  74  9  48  78  60  53  75  44  27  55  56  2  70  47  43  81  76  79  6  32  52  40  65  50  59  18  7  67  31  17  61  88  54  21  23  4  51  5  86  73  63  69  12  64  15  80  41  11  29  36  14  45  62  34  33  87  19  42  46  8  13  10  83  57  37  49  24  39  30  71  82  22  58  72  28  1  35  68  66  85  38  84
   3  17  37  2  41  84  31  57  56  80  38  67  83  55  15  85  7  10  27  64  66  18  13  44  12  68  59  8  75  69  35  50  46  53  63  1  65  42  60  73  28  40  19  78  86  72  52  87  48  5  58  32  33  9  51  22  6  34  74  4  82  79  62  25  23  71  76  45  77  21  30  81  14  20  54  39  43  36  26  88  24  47  29  16  61  49  70  11
   3  18  19  25  61  10  60  4  24  55  63  22  43  80  35  32  14  84  59  87  77  17  13  78  23  49  27  73  82  47  15  1  6  36  38  50  33  20  31  8  48  21  37  44  86  71  70  64  28  79  29  85  65  34  26  67  46  9  54  57  75  5  30  2  12  72  76  11  66  40  62  16  7  42  74  88  83  53  51  39  56  69  58  81  41  68  52  45
   3  19  4  35  73  20  84  51  5  1  87  36  26  12  74  67  9  21  38  17  85  15  60  52  55  42  6  28  62  2  34  83  88  25  66  37  14  54  27  33  24  13  32  31  75  76  57  68  77  71  10  58  81  22  69  44  39  78  46  18  72  50  86  11  8  16  59  41  61  82  65  53  23  30  56  70  80  43  45  49  7  40  64  29  79  48  63  47
   3  19  26  35  29  42  18  51  49  45  87  58  4  34  52  67  53  65  16  61  41  15  82  74  55  20  72  50  40  68  12  83  22  69  44  81  80  32  27  77  46  57  54  31  75  10  13  2  33  71  76  36  37  88  25  66  39  56  24  84  6  28  64  11  30  38  59  85  17  60  21  9  23  8  78  48  14  43  1  5  7  62  86  73  79  70  63  47
   3  19  48  35  73  64  40  51  5  1  87  80  70  56  30  67  9  21  82  17  85  15  16  8  55  86  50  72  18  46  78  83  44  25  22  37  58  10  27  33  68  13  76  31  75  32  57  24  77  71  54  14  81  66  69  88  39  34  2  62  28  6  42  11  52  60  59  41  61  38  65  53  23  74  12  26  36  43  45  49  7  84  20  29  79  4  63  47
   3  19  70  35  29  86  62  51  49  45  87  14  48  78  8  67  53  65  60  61  41  15  38  30  55  64  28  6  84  24  56  83  66  69  88  81  36  76  27  77  2  57  10  31  75  54  13  46  33  71  32  80  37  44  25  22  39  12  68  40  50  72  20  11  74  82  59  85  17  16  21  9  23  52  34  4  58  43  1  5  7  18  42  73  79  26  63  47
   3  20  74  78  75  55  70  81  6  40  59  67  61  21  51  73  12  80  29  45  33  42  13  57  24  71  58  1  66  84  26  25  48  53  27  2  43  79  52  50  7  17  54  4  86  69  15  11  14  34  19  8  83  49  30  22  28  68  38  16  77  9  60  44  56  47  76  32  65  18  31  88  23  5  63  64  41  36  62  87  46  10  37  39  82  72  35  85
   3  21  58  50  83  47  62  78  12  84  54  22  65  10  70  45  48  69  38  88  82  40  13  2  14  9  63  85  61  71  52  8  56  36  74  73  66  17  30  32  46  55  29  25  86  68  31  39  6  42  27  11  77  5  35  67  24  79  19  44  41  20  51  1  7  49  76  87  75  80  26  4  28  18  37  81  33  53  15  16  23  72  59  57  43  34  60  64
   3  25  60  55  43  32  59  17  23  73  15  36  33  8  37  71  28  85  26  9  75  2  76  40  7  88  51  69  41  45  19  10  24  22  35  84  77  78  27  47  6  50  31  21  86  64  29  34  46  57  30  72  66  16  74  53  56  81  52  18  61  4  63  80  14  87  13  49  82  1  38  20  48  44  70  79  65  67  54  5  12  11  62  42  83  39  58  68
   3  27  10  51  53  34  42  75  17  77  63  58  76  66  60  11  45  41  72  13  49  87  50  82  15  12  24  2  64  84  44  35  70  69  4  65  80  8  83  37  62  73  30  23  67  74  29  18  81  39  52  36  21  48  25  26  79  88  40  20  46  68  56  59  38  6  43  5  57  28  85  1  55  16  22  32  14  19  33  61  31  86  78  9  7  54  71  47
   3  27  32  51  9  56  64  75  61  33  63  80  54  88  38  11  1  85  50  57  5  87  72  16  15  78  2  24  42  62  22  35  4  25  70  21  58  74  83  81  84  29  52  23  67  8  73  40  37  39  30  14  65  26  69  48  79  66  18  86  68  46  34  59  60  28  43  49  13  6  41  45  55  82  44  10  36  19  77  17  31  20  12  53  7  76  71  47
   3  27  54  51  53  78  86  75  17  77  63  14  32  22  16  11  45  41  28  13  49  87  6  38  15  56  68  46  20  40  88  35  26  69  48  65  36  52  83  37  18  73  74  23  67  30  29  62  81  39  8  80  21  4  25  70  79  44  84  64  2  24  12  59  82  50  43  5  57  72  85  1  55  60  66  76  58  19  33  61  31  42  34  9  7  10  71  47
   3  27  76  51  9  12  20  75  61  33  63  36  10  44  82  11  1  85  6  57  5  87  28  60  15  34  46  68  86  18  66  35  48  25  26  21  14  30  83  81  40  29  8  23  67  52  73  84  37  39  74  58  65  70  69  4  79  22  62  42  24  2  78  59  16  72  43  49  13  50  41  45  55  38  88  54  80  19  77  17  31  64  56  53  7  32  71  47
   3  32  15  71  75  88  19  84  6  64  30  53  61  87  38  79  12  39  60  17  33  85  76  69  24  78  31  34  66  81  63  49  48  67  62  68  43  73  37  9  7  45  35  47  86  57  74  18  14  1  70  5  83  25  59  36  28  2  51  10  77  50  29  72  56  4  13  20  65  11  58  55  23  8  26  40  41  22  27  21  46  16  52  80  82  44  54  42
   3  34  59  16  33  18  26  87  7  20  19  67  77  42  31  25  46  17  74  8  61  9  13  88  48  10  54  78  83  21  60  57  23  53  37  4  75  49  51  44  24  5  27  39  86  55  30  73  56  71  63  2  82  69  70  22  12  47  58  64  43  72  15  81  28  80  76  1  41  79  35  11  6  68  29  32  66  36  52  85  14  40  38  45  65  84  62  50
   3  35  16  67  33  48  88  11  29  65  39  80  38  32  46  43  81  61  18  9  13  71  40  24  63  70  42  64  66  78  54  75  52  25  30  5  58  50  51  41  12  45  28  15  59  72  1  56  85  7  6  14  49  74  69  8  31  10  34  22  20  86  26  19  68  84  27  57  53  62  17  37  87  2  76  82  36  83  21  73  55  44  4  77  23  60  79  47
   3  35  38  67  77  70  22  11  73  21  39  14  16  54  24  43  37  17  84  53  57  71  62  46  63  48  20  86  44  56  32  75  74  69  8  49  36  28  51  85  34  1  50  15  59  6  45  78  41  7  72  80  5  52  25  30  31  76  12  88  42  64  4  19  2  18  27  13  9  40  61  81  87  68  10  60  58  83  65  29  55  66  26  33  23  82  79  47
   3  35  60  67  33  4  44  11  29  65  39  36  82  76  2  43  81  61  62  9  13  71  84  68  63  26  86  20  22  34  10  75  8  25  74  5  14  6  51  41  56  45  72  15  59  28  1  12  85  7  50  58  49  30  69  52  31  54  78  66  64  42  70  19  24  40  27  57  53  18  17  37  87  46  32  38  80  83  21  73  55  88  48  77  23  16  79  47
   3  35  82  67  77  26  66  11  73  21  39  58  60  10  68  43  37  17  40  53  57  71  18  2  63  4  64  42  88  12  76  75  30  69  52  49  80  72  51  85  78  1  6  15  59  50  45  34  41  7  28  36  5  8  25  74  31  32  56  44  86  20  48  19  46  62  27  13  9  84  61  81  87  24  54  16  14  83  65  29  55  22  70  33  23  38  79  47
   3  39  62  5  65  44  38  49  14  4  52  53  66  57  29  21  6  78  35  10  41  88  76  9  28  8  15  17  43  25  58  42  12  67  70  20  82  87  63  18  56  16  30  34  86  50  27  84  24  45  51  40  75  85  37  36  23  32  60  68  83  11  54  79  48  1  13  80  61  81  74  72  46  64  31  47  77  22  19  69  7  2  26  71  33  73  59  55
   3  42  54  44  82  80  52  16  46  21  27  22  41  40  26  8  23  55  58  11  65  20  13  4  56  72  29  50  77  10  51  2  28  36  59  25  83  5  70  1  14  18  74  57  86  47  35  45  7  9  37  73  43  68  62  67  48  49  63  81  66  34  31  78  24  69  76  85  33  17  60  39  12  79  38  87  61  53  30  64  6  84  19  88  75  71  15  32
   3  43  22  83  13  62  46  35  41  53  15  14  88  86  32  75  29  81  52  5  65  55  30  54  23  40  60  38  68  72  64  27  34  69  56  33  36  4  19  45  50  17  26  7  51  70  61  6  1  63  48  80  77  12  25  78  71  20  28  24  82  16  84  67  10  74  11  21  49  8  37  73  31  76  42  44  58  59  9  85  79  2  18  57  39  66  87  47
   3  43  66  83  13  18  2  35  41  53  15  58  44  42  76  75  29  81  8  5  65  55  74  10  23  84  16  82  24  28  20  27  78  69  12  33  80  48  19  45  6  17  70  7  51  26  61  50  1  63  4  36  77  56  25  34  71  64  72  68  38  60  40  67  54  30  11  21  49  52  37  73  31  32  86  88  14  59  9  85  79  46  62  57  39  22  87  47
   3  43  88  83  57  40  24  35  85  9  15  80  22  64  54  75  73  37  74  49  21  55  8  32  23  62  82  16  2  6  86  27  12  25  78  77  58  26  19  1  28  61  4  7  51  48  17  72  45  63  70  14  33  34  69  56  71  42  50  46  60  38  18  67  76  52  11  65  5  30  81  29  31  10  20  66  36  59  53  41  79  68  84  13  39  44  87  47
   3  44  52  21  41  8  58  20  56  50  51  36  83  1  74  47  7  73  62  49  66  78  76  17  12  87  30  84  75  32  54  80  46  22  26  55  65  4  29  10  28  25  70  18  86  45  37  68  48  81  31  69  33  39  38  53  6  88  15  42  82  16  27  40  23  11  13  72  77  2  59  5  14  57  35  9  43  67  63  34  24  85  60  79  61  64  19  71
   3  45  52  68  41  81  58  69  56  39  51  53  83  88  74  42  7  16  62  40  66  11  76  72  12  2  30  5  75  57  54  9  46  67  26  34  65  85  29  79  28  64  70  71  86  44  37  21  48  8  31  20  33  50  38  36  6  1  15  47  82  73  27  49  23  78  13  17  77  87  59  84  14  32  35  80  43  22  63  55  24  4  60  10  61  25  19  18
   3  47  54  45  82  9  52  73  46  68  27  67  41  49  26  81  23  34  58  78  65  69  13  85  56  17  29  39  77  79  51  87  28  53  59  64  83  84  70  88  14  71  74  32  86  42  35  44  7  80  37  16  43  21  62  22  48  40  63  8  66  55  31  11  24  20  76  4  33  72  60  50  12  10  38  2  61  36  30  25  6  5  19  1  75  18  15  57
   3  50  62  84  65  45  38  40  14  85  52  36  66  32  29  68  6  11  35  79  41  1  76  80  28  81  15  72  43  64  58  47  12  22  70  69  82  2  63  71  56  73  30  55  86  39  27  5  24  44  51  49  75  4  37  53  23  57  60  21  83  78  54  10  48  88  13  9  61  8  74  17  46  25  31  42  77  67  19  20  7  87  26  18  33  16  59  34
   3  51  6  11  37  54  70  59  9  85  79  14  72  30  40  19  21  57  20  45  73  39  86  62  71  32  12  78  4  88  8  67  82  69  16  17  36  68  75  5  66  33  2  87  43  46  77  22  49  31  24  80  61  60  25  38  23  52  44  48  34  56  76  27  18  42  83  29  1  64  13  65  63  84  74  28  58  35  41  53  15  26  10  81  55  50  7  47
   3  51  28  11  81  76  4  59  53  41  79  36  50  52  18  19  65  13  86  1  29  39  20  84  71  10  78  12  70  66  74  67  16  25  82  61  14  46  75  49  88  77  24  87  43  68  33  44  5  31  2  58  17  38  69  60  23  30  22  26  56  34  54  27  40  64  83  73  45  42  57  21  63  62  8  6  80  35  85  9  15  48  32  37  55  72  7  47
   3  51  50  11  37  10  26  59  9  85  79  58  28  74  84  19  21  57  64  45  73  39  42  18  71  76  56  34  48  44  52  67  38  69  60  17  80  24  75  5  22  33  46  87  43  2  77  66  49  31  68  36  61  16  25  82  23  8  88  4  78  12  32  27  62  86  83  29  1  20  13  65  63  40  30  72  14  35  41  53  15  70  54  81  55  6  7  47
   3  51  72  11  81  32  48  59  53  41  79  80  6  8  62  19  65  13  42  1  29  39  64  40  71  54  34  56  26  22  30  67  60  25  38  61  58  2  75  49  44  77  68  87  43  24  33  88  5  31  46  14  17  82  69  16  23  74  66  70  12  78  10  27  84  20  83  73  45  86  57  21  63  18  52  50  36  35  85  9  15  4  76  37  55  28  7  47
   3  55  59  73  33  71  26  2  7  69  19  22  77  47  31  64  46  72  74  81  61  80  13  1  48  79  54  11  83  68  60  32  23  36  37  85  75  40  51  45  24  84  27  50  86  34  30  16  56  18  63  87  82  20  70  67  12  42  58  25  43  17  15  8  28  9  76  88  41  10  35  78  6  21  29  57  66  53  52  4  14  49  38  44  65  5  62  39
   3  57  15  18  75  1  19  5  6  25  30  36  61  2  38  10  12  50  60  72  33  4  76  20  24  11  31  55  66  8  63  40  48  22  62  21  43  16  37  80  7  44  35  42  86  32  74  71  14  88  70  84  83  64  59  53  28  87  51  79  77  39  29  17  56  85  13  69  65  78  58  34  23  81  26  49  41  67  27  68  46  73  52  9  82  45  54  47
   3  59  12  27  17  68  28  83  21  73  55  36  34  84  26  51  57  77  54  41  37  23  76  4  31  2  30  52  6  82  18  19  64  25  42  45  14  22  43  9  16  5  88  79  35  44  49  60  53  87  66  58  1  86  69  20  63  62  38  50  8  74  46  75  48  32  67  81  85  10  33  13  7  70  40  78  80  11  29  65  39  72  24  61  71  56  15  47
   3  59  34  27  61  2  50  83  65  29  55  58  12  18  4  51  13  33  32  85  81  23  10  26  31  68  8  74  72  60  84  19  86  69  20  1  80  88  43  53  38  49  22  79  35  66  5  82  9  87  44  36  45  64  25  42  63  40  16  28  30  52  24  75  70  54  67  37  41  76  77  57  7  48  62  56  14  11  73  21  39  6  46  17  71  78  15  47
   3  59  56  27  17  24  72  83  21  73  55  80  78  40  70  51  57  77  10  41  37  23  32  48  31  46  74  8  50  38  62  19  20  25  86  45  58  66  43  9  60  5  44  79  35  88  49  16  53  87  22  14  1  42  69  64  63  18  82  6  52  30  2  75  4  76  67  81  85  54  33  13  7  26  84  34  36  11  29  65  39  28  68  61  71  12  15  47
   3  59  78  27  61  46  6  83  65  29  55  14  56  62  48  51  13  33  76  85  81  23  54  70  31  24  52  30  28  16  40  19  42  69  64  1  36  44  43  53  82  49  66  79  35  22  5  38  9  87  88  80  45  20  25  86  63  84  60  72  74  8  68  75  26  10  67  37  41  32  77  57  7  4  18  12  58  11  73  21  39  50  2  17  71  34  15  47
   3  64  60  34  43  57  59  72  23  16  15  53  33  81  37  18  28  4  26  80  75  87  76  49  7  1  51  20  41  44  19  79  24  67  35  5  77  11  27  42  6  39  31  68  86  25  29  55  46  32  30  17  66  73  74  36  56  8  52  71  61  85  63  9  14  2  13  40  82  88  38  69  48  45  70  10  65  22  54  84  12  78  62  47  83  50  58  21
   3  67  18  43  85  82  74  19  33  61  31  58  84  50  12  83  5  9  88  37  1  7  66  34  79  60  48  26  8  76  28  59  46  69  68  73  80  64  11  13  54  65  86  71  27  42  21  10  57  55  20  36  29  24  25  2  15  72  32  52  70  4  16  35  78  22  51  45  81  44  53  49  39  56  6  40  14  75  17  77  63  30  38  41  87  62  23  47
   3  67  40  43  41  16  8  19  77  17  31  80  62  72  78  83  49  53  66  81  45  7  88  56  79  38  26  48  74  54  6  59  68  25  46  29  58  42  11  57  76  21  20  71  27  64  65  32  13  55  86  14  73  2  69  24  15  50  10  30  4  70  82  35  12  44  51  1  37  22  9  5  39  34  28  18  36  75  61  33  63  52  60  85  87  84  23  47
   3  67  62  43  85  38  30  19  33  61  31  14  40  6  56  83  5  9  44  37  1  7  22  78  79  16  4  70  52  32  72  59  2  69  24  73  36  20  11  13  10  65  42  71  27  86  21  54  57  55  64  80  29  68  25  46  15  28  76  8  26  48  60  35  34  66  51  45  81  88  53  49  39  12  50  84  58  75  17  77  63  74  82  41  87  18  23  47
   3  67  84  43  41  60  52  19  77  17  31  36  18  28  34  83  49  53  22  81  45  7  44  12  79  82  70  4  30  10  50  59  24  25  2  29  14  86  11  57  32  21  64  71  27  20  65  76  13  55  42  58  73  46  69  68  15  6  54  74  48  26  38  35  56  88  51  1  37  66  9  5  39  78  72  62  80  75  61  33  63  8  16  85  87  40  23  47
   3  68  58  39  83  42  62  11  12  5  54  67  65  79  70  44  48  20  38  1  82  49  13  87  14  80  63  4  61  18  52  81  56  53  74  16  66  72  30  57  46  34  29  64  86  21  31  50  6  47  27  78  77  84  35  22  24  10  19  45  41  69  51  88  7  40  76  2  75  9  26  85  28  71  37  8  33  36  15  73  23  17  59  32  43  55  60  25
   3  69  74  11  75  34  70  8  6  49  59  22  61  68  51  16  12  9  29  44  33  47  13  32  24  18  58  88  66  5  26  64  48  36  27  87  43  10  52  39  7  72  54  85  86  20  15  78  14  55  19  81  83  40  30  67  28  21  38  73  77  80  60  45  56  42  76  57  65  71  31  1  23  84  63  25  41  53  62  2  46  79  37  50  82  17  35  4
   3  71  19  64  61  79  60  85  24  34  63  67  43  9  35  57  14  5  59  2  77  72  13  11  23  40  27  16  82  42  15  88  6  53  38  39  33  69  31  81  48  68  37  45  86  18  70  25  28  10  29  4  65  55  26  22  46  80  54  32  75  84  30  87  12  17  76  78  66  49  62  73  7  47  74  1  83  36  51  50  56  20  58  8  41  21  52  44
   3  72  37  87  41  5  31  32  56  9  38  22  83  34  15  4  7  79  27  25  66  71  13  45  12  21  59  81  75  20  35  39  46  36  63  88  65  47  60  16  28  49  19  11  86  17  52  2  48  84  58  57  33  80  51  67  6  55  74  85  82  10  62  64  23  18  76  44  77  68  30  8  14  69  54  50  43  53  26  1  24  42  29  73  61  40  70  78
   3  73  26  69  77  64  74  80  48  11  60  36  75  45  27  34  56  87  70  42  43  8  76  10  6  57  52  49  65  39  59  71  7  22  31  72  61  1  54  68  23  85  51  84  86  16  63  20  12  25  15  9  41  78  29  53  14  44  62  55  33  2  19  47  46  81  13  79  83  32  37  40  24  50  30  18  82  67  58  17  28  88  35  21  66  4  38  5
   3  75  2  59  21  74  10  43  1  5  7  58  68  82  20  27  85  73  56  77  9  79  34  42  39  52  88  66  32  4  60  11  6  69  28  57  80  40  67  61  70  81  62  63  19  18  37  26  17  23  84  36  13  72  25  50  55  16  48  76  22  44  8  83  86  78  35  53  33  12  29  41  71  64  38  24  14  51  49  45  87  54  30  65  15  46  31  47
   3  75  24  59  65  8  32  43  45  49  7  80  46  16  86  27  41  29  34  33  53  79  56  64  39  30  66  88  10  70  38  11  28  25  6  13  58  18  67  17  4  37  84  63  19  40  81  48  61  23  62  14  57  50  69  72  55  82  26  54  44  22  74  83  20  12  35  9  77  78  73  85  71  42  60  2  36  51  5  1  87  76  52  21  15  68  31  47
   3  75  46  59  21  30  54  43  1  5  7  14  24  38  64  27  85  73  12  77  9  79  78  86  39  8  44  22  76  48  16  11  50  69  72  57  36  84  67  61  26  81  18  63  19  62  37  70  17  23  40  80  13  28  25  6  55  60  4  32  66  88  52  83  42  34  35  53  33  56  29  41  71  20  82  68  58  51  49  45  87  10  74  65  15  2  31  47
   3  75  68  59  65  52  76  43  45  49  7  36  2  60  42  27  41  29  78  33  53  79  12  20  39  74  22  44  54  26  82  11  72  25  50  13  14  62  67  17  48  37  40  63  19  84  81  4  61  23  18  58  57  6  69  28  55  38  70  10  88  66  30  83  64  56  35  9  77  34  73  85  71  86  16  46  80  51  5  1  87  32  8  21  15  24  31  47
   3  78  70  40  61  73  29  42  24  1  26  53  43  50  54  69  14  8  30  68  77  44  76  18  23  64  62  10  82  85  74  55  6  67  51  80  33  57  58  84  48  2  52  17  86  11  19  49  28  16  60  47  65  88  63  36  46  39  35  20  75  81  59  21  12  45  13  71  66  25  27  79  7  4  15  34  83  22  38  9  56  32  31  5  41  87  37  72
   3  79  63  57  77  40  15  39  48  18  29  22  75  17  62  1  56  21  19  85  43  5  13  16  6  69  37  25  65  80  30  78  7  36  58  44  61  34  35  2  23  42  38  81  86  10  26  32  12  49  74  50  41  71  60  67  14  72  27  88  33  68  70  4  46  84  76  73  83  20  52  64  24  9  59  11  82  53  31  45  28  55  54  87  66  47  51  8
   3  81  51  42  66  2  54  34  28  44  31  36  82  78  59  80  24  25  52  69  83  16  76  5  46  85  70  21  33  1  27  17  14  22  60  18  41  39  74  40  12  57  26  79  86  8  38  47  23  87  35  55  61  45  58  53  7  11  30  9  65  64  37  20  6  73  13  84  43  4  19  68  56  88  62  72  75  67  29  71  48  50  15  49  77  32  63  10
   3  83  8  75  1  88  56  67  13  81  71  80  30  48  6  59  33  5  2  73  61  63  24  72  87  22  18  40  34  86  70  51  76  25  54  85  58  82  35  65  20  53  60  55  11  16  9  64  21  79  38  14  41  10  69  32  7  26  42  78  84  62  66  43  28  68  19  17  29  46  49  77  15  50  4  74  36  27  37  57  23  12  44  45  31  52  39  47
   3  83  30  75  45  22  78  67  57  37  71  14  8  70  72  59  77  49  68  29  17  63  46  6  87  88  84  62  12  64  48  51  10  69  32  41  36  60  35  21  42  9  82  55  11  38  53  86  65  79  16  80  85  76  25  54  7  4  20  56  18  40  44  43  50  2  19  61  73  24  5  33  15  28  26  52  58  27  81  13  23  34  66  1  31  74  39  47
   3  83  52  75  1  44  12  67  13  81  71  36  74  4  50  59  33  5  46  73  61  63  68  28  87  66  62  84  78  42  26  51  32  25  10  85  14  38  35  65  64  53  16  55  11  60  9  20  21  79  82  58  41  54  69  76  7  70  86  34  40  18  22  43  72  24  19  17  29  2  49  77  15  6  48  30  80  27  37  57  23  56  88  45  31  8  39  47
   3  83  74  75  45  66  34  67  57  37  71  58  52  26  28  59  77  49  24  29  17  63  2  50  87  44  40  18  56  20  4  51  54  69  76  41  80  16  35  21  86  9  38  55  11  82  53  42  65  79  60  36  85  32  25  10  7  48  64  12  62  84  88  43  6  46  19  61  73  68  5  33  15  72  70  8  14  27  81  13  23  78  22  1  31  30  39  47
   3  84  38  85  66  68  35  1  28  72  58  22  82  71  30  39  24  49  37  57  83  10  13  8  46  42  19  87  33  34  62  45  14  36  29  11  41  80  15  64  12  69  63  73  86  5  51  4  23  21  54  88  61  17  31  67  7  18  59  50  65  40  52  32  6  79  76  81  43  47  70  2  56  55  27  44  75  53  60  78  48  9  74  25  77  20  26  16
   3  85  35  72  82  39  37  10  46  87  62  36  41  64  63  5  23  88  31  18  65  32  76  47  56  44  60  9  77  16  38  68  28  22  30  49  83  8  19  34  14  11  15  69  86  4  54  17  7  50  52  79  43  2  27  53  48  25  26  84  66  1  58  71  24  57  13  42  33  45  29  80  12  73  51  21  61  67  59  40  6  81  70  55  75  78  74  20
   4  3  69  74  11  75  34  70  8  6  49  59  22  61  68  51  16  12  9  29  44  33  47  13  32  24  18  58  88  66  5  26  64  48  36  27  87  43  10  52  39  7  72  54  85  86  20  15  78  14  55  19  81  83  40  30  67  28  21  38  73  77  80  60  45  56  42  76  57  65  71  31  1  23  84  63  25  41  53  62  2  46  79  37  50  82  17  35
   4  6  9  58  87  86  40  60  1  46  69  59  44  66  10  15  67  56  84  37  11  61  47  26  39  14  21  76  25  82  34  51  32  48  72  19  73  65  53  35  8  12  18  27  85  83  80  31  2  3  49  29  88  43  20  30  45  23  79  74  22  33  5  52  78  28  42  63  50  75  68  13  64  7  55  38  57  41  17  70  16  24  36  54  81  77  71  62
   4  7  79  27  25  66  71  13  45  12  21  59  81  75  20  35  39  46  36  63  88  65  47  60  16  28  49  19  11  86  17  52  2  48  84  58  57  33  80  51  67  6  55  74  85  82  10  62  64  23  18  76  44  77  68  30  8  14  69  54  50  43  53  26  1  24  42  29  73  61  40  70  78  3  72  37  87  41  5  31  32  56  9  38  22  83  34  15
   4  12  21  20  50  29  61  28  38  58  24  37  43  69  67  36  18  46  71  66  78  32  5  45  8  51  55  77  39  75  3  44  41  26  19  54  15  79  60  74  9  86  57  40  84  13  42  53  30  16  35  59  10  63  70  85  88  47  31  83  33  11  7  52  1  49  76  34  22  27  2  62  80  23  25  87  81  68  14  82  72  17  73  6  64  65  56  48
   4  12  36  19  57  82  68  26  78  56  79  59  88  86  80  62  8  24  72  38  25  75  47  52  67  23  69  29  87  83  71  35  16  48  55  76  50  61  5  15  45  46  49  58  85  77  53  70  32  7  21  63  11  33  10  30  1  3  9  27  81  65  17  51  64  14  42  37  22  66  20  60  2  6  18  54  73  41  34  13  39  28  84  74  44  43  40  31
   4  12  43  20  6  51  83  28  82  14  24  59  21  3  45  36  62  2  49  22  34  32  27  67  8  29  33  11  17  53  69  44  63  70  85  10  81  57  60  30  31  42  79  40  84  35  86  75  74  16  13  37  54  41  26  19  88  25  9  61  55  77  73  52  23  71  76  78  66  5  46  18  80  1  47  65  15  68  58  38  72  39  7  50  64  87  56  48
   4  12  65  20  50  73  17  28  38  58  24  81  87  25  23  36  18  46  27  66  78  32  49  1  8  7  11  33  83  31  47  44  85  26  63  54  59  35  60  74  53  86  13  40  84  57  42  9  30  16  79  15  10  19  70  41  88  3  75  39  77  55  51  52  45  5  76  34  22  71  2  62  80  67  69  43  37  68  14  82  72  61  29  6  64  21  56  48
   4  12  87  20  6  7  39  28  82  14  24  15  65  47  1  36  62  2  5  22  34  32  71  23  8  73  77  55  61  9  25  44  19  70  41  10  37  13  60  30  75  42  35  40  84  79  86  31  74  16  57  81  54  85  26  63  88  69  53  17  11  33  29  52  67  27  76  78  66  49  46  18  80  45  3  21  59  68  58  38  72  83  51  50  64  43  56  48
   4  13  20  65  11  58  55  23  8  26  40  41  22  27  21  46  16  52  80  82  44  54  42  3  32  15  71  75  88  19  84  6  64  30  53  61  87  38  79  12  39  60  17  33  85  76  69  24  78  31  34  66  81  63  49  48  67  62  68  43  73  37  9  7  45  35  47  86  57  74  18  14  1  70  5  83  25  59  36  28  2  51  10  77  50  29  72  56
   4  14  49  38  44  65  5  62  39  3  55  59  73  33  71  26  2  7  69  19  22  77  47  31  64  46  72  74  81  61  80  13  1  48  79  54  11  83  68  60  32  23  36  37  85  75  40  51  45  24  84  27  50  86  34  30  16  56  18  63  87  82  20  70  67  12  42  58  25  43  17  15  8  28  9  76  88  41  10  35  78  6  21  29  57  66  53  52
   4  15  34  83  22  38  9  56  32  31  5  41  87  37  72  3  78  70  40  61  73  29  42  24  1  26  53  43  50  54  69  14  8  30  68  77  44  76  18  23  64  62  10  82  85  74  55  6  67  51  80  33  57  58  84  48  2  52  17  86  11  19  49  28  16  60  47  65  88  63  36  46  39  35  20  75  81  59  21  12  45  13  71  66  25  27  79  7
   4  19  68  56  88  62  72  75  67  29  71  48  50  15  49  77  32  63  10  3  81  51  42  66  2  54  34  28  44  31  36  82  78  59  80  24  25  52  69  83  16  76  5  46  85  70  21  33  1  27  17  14  22  60  18  41  39  74  40  12  57  26  79  86  8  38  47  23  87  35  55  61  45  58  53  7  11  30  9  65  64  37  20  6  73  13  84  43
   4  20  5  36  74  21  85  52  6  2  88  37  27  13  75  68  10  22  39  18  86  16  61  53  56  43  7  29  63  3  35  84  1  26  67  38  15  55  28  34  25  14  33  32  76  77  58  69  78  72  11  59  82  23  70  45  40  79  47  19  73  51  87  12  9  17  60  42  62  83  66  54  24  31  57  71  81  44  46  50  8  41  65  30  80  49  64  48
   4  20  27  36  30  43  19  52  50  46  88  59  5  35  53  68  54  66  17  62  42  16  83  75  56  21  73  51  41  69  13  84  23  70  45  82  81  33  28  78  47  58  55  32  76  11  14  3  34  72  77  37  38  1  26  67  40  57  25  85  7  29  65  12  31  39  60  86  18  61  22  10  24  9  79  49  15  44  2  6  8  63  87  74  80  71  64  48
   4  20  49  36  74  65  41  52  6  2  88  81  71  57  31  68  10  22  83  18  86  16  17  9  56  87  51  73  19  47  79  84  45  26  23  38  59  11  28  34  69  14  77  32  76  33  58  25  78  72  55  15  82  67  70  1  40  35  3  63  29  7  43  12  53  61  60  42  62  39  66  54  24  75  13  27  37  44  46  50  8  85  21  30  80  5  64  48
   4  20  71  36  30  87  63  52  50  46  88  15  49  79  9  68  54  66  61  62  42  16  39  31  56  65  29  7  85  25  57  84  67  70  1  82  37  77  28  78  3  58  11  32  76  55  14  47  34  72  33  81  38  45  26  23  40  13  69  41  51  73  21  12  75  83  60  86  18  17  22  10  24  53  35  5  59  44  2  6  8  19  43  74  80  27  64  48
   4  23  21  54  88  61  17  31  67  7  18  59  50  65  40  52  32  6  79  76  81  43  47  70  2  56  55  27  44  75  53  60  78  48  9  74  25  77  20  26  16  3  84  38  85  66  68  35  1  28  72  58  22  82  71  30  39  24  49  37  57  83  10  13  8  46  42  19  87  33  34  62  45  14  36  29  11  41  80  15  64  12  69  63  73  86  5  51
   4  24  55  63  22  43  80  35  32  14  84  59  87  77  17  13  78  23  49  27  73  82  47  15  1  6  36  38  50  33  20  31  8  48  21  37  44  86  71  70  64  28  79  29  85  65  34  26  67  46  9  54  57  75  5  30  2  12  72  76  11  66  40  62  16  7  42  74  88  83  53  51  39  56  69  58  81  41  68  52  45  3  18  19  25  61  10  60
   4  26  80  75  87  76  49  7  1  51  20  41  44  19  79  24  67  35  5  77  11  27  42  6  39  31  68  86  25  29  55  46  32  30  17  66  73  74  36  56  8  52  71  61  85  63  9  14  2  13  40  82  88  38  69  48  45  70  10  65  22  54  84  12  78  62  47  83  50  58  21  3  64  60  34  43  57  59  72  23  16  15  53  33  81  37  18  28
   4  27  71  12  81  35  36  65  16  19  17  48  57  51  55  82  64  76  68  14  50  26  42  61  78  37  5  56  22  15  79  66  45  59  20  46  88  60  49  86  2  58  80  6  85  62  18  77  8  54  53  24  73  70  72  41  32  38  34  7  25  13  21  75  39  63  47  28  11  52  84  33  67  74  10  23  44  30  69  43  1  29  40  3  87  31  9  83
   4  28  11  52  54  35  43  76  18  78  64  59  77  67  61  12  46  42  73  14  50  88  51  83  16  13  25  3  65  85  45  36  71  70  5  66  81  9  84  38  63  74  31  24  68  75  30  19  82  40  53  37  22  49  26  27  80  1  41  21  47  69  57  60  39  7  44  6  58  29  86  2  56  17  23  33  15  20  34  62  32  87  79  10  8  55  72  48
   4  28  18  37  81  33  53  15  16  23  72  59  57  43  34  60  64  3  21  58  50  83  47  62  78  12  84  54  22  65  10  70  45  48  69  38  88  82  40  13  2  14  9  63  85  61  71  52  8  56  36  74  73  66  17  30  32  46  55  29  25  86  68  31  39  6  42  27  11  77  5  35  67  24  79  19  44  41  20  51  1  7  49  76  87  75  80  26
   4  28  33  52  10  57  65  76  62  34  64  81  55  1  39  12  2  86  51  58  6  88  73  17  16  79  3  25  43  63  23  36  5  26  71  22  59  75  84  82  85  30  53  24  68  9  74  41  38  40  31  15  66  27  70  49  80  67  19  87  69  47  35  60  61  29  44  50  14  7  42  46  56  83  45  11  37  20  78  18  32  21  13  54  8  77  72  48
   4  28  55  52  54  79  87  76  18  78  64  15  33  23  17  12  46  42  29  14  50  88  7  39  16  57  69  47  21  41  1  36  27  70  49  66  37  53  84  38  19  74  75  24  68  31  30  63  82  40  9  81  22  5  26  71  80  45  85  65  3  25  13  60  83  51  44  6  58  73  86  2  56  61  67  77  59  20  34  62  32  43  35  10  8  11  72  48
   4  28  77  52  10  13  21  76  62  34  64  37  11  45  83  12  2  86  7  58  6  88  29  61  16  35  47  69  87  19  67  36  49  26  27  22  15  31  84  82  41  30  9  24  68  53  74  85  38  40  75  59  66  71  70  5  80  23  63  43  25  3  79  60  17  73  44  50  14  51  42  46  56  39  1  55  81  20  78  18  32  65  57  54  8  33  72  48
   4  29  10  28  25  70  18  86  45  37  68  48  81  31  69  33  39  38  53  6  88  15  42  82  16  27  40  23  11  13  72  77  2  59  5  14  57  35  9  43  67  63  34  24  85  60  79  61  64  19  71  3  44  52  21  41  8  58  20  56  50  51  36  83  1  74  47  7  73  62  49  66  78  76  17  12  87  30  84  75  32  54  80  46  22  26  55  65
   4  31  40  43  44  74  84  28  39  13  34  41  73  54  18  6  2  60  20  66  22  37  42  14  64  51  17  65  81  27  9  3  1  30  10  33  11  63  21  7  32  70  53  77  85  58  49  46  45  15  5  61  50  76  55  48  16  35  71  83  87  29  69  23  67  52  47  75  25  38  72  24  8  62  80  86  88  59  79  56  78  26  68  82  57  19  36  12
   4  33  72  60  50  12  10  38  2  61  36  30  25  6  5  19  1  75  18  15  57  3  47  54  45  82  9  52  73  46  68  27  67  41  49  26  81  23  34  58  78  65  69  13  85  56  17  29  39  77  79  51  87  28  53  59  64  83  84  70  88  14  71  74  32  86  42  35  44  7  80  37  16  43  21  62  22  48  40  63  8  66  55  31  11  24  20  76
   4  36  17  68  34  49  1  12  30  66  40  81  39  33  47  44  82  62  19  10  14  72  41  25  64  71  43  65  67  79  55  76  53  26  31  6  59  51  52  42  13  46  29  16  60  73  2  57  86  8  7  15  50  75  70  9  32  11  35  23  21  87  27  20  69  85  28  58  54  63  18  38  88  3  77  83  37  84  22  74  56  45  5  78  24  61  80  48
   4  36  39  68  78  71  23  12  74  22  40  15  17  55  25  44  38  18  85  54  58  72  63  47  64  49  21  87  45  57  33  76  75  70  9  50  37  29  52  86  35  2  51  16  60  7  46  79  42  8  73  81  6  53  26  31  32  77  13  1  43  65  5  20  3  19  28  14  10  41  62  82  88  69  11  61  59  84  66  30  56  67  27  34  24  83  80  48
   4  36  61  68  34  5  45  12  30  66  40  37  83  77  3  44  82  62  63  10  14  72  85  69  64  27  87  21  23  35  11  76  9  26  75  6  15  7  52  42  57  46  73  16  60  29  2  13  86  8  51  59  50  31  70  53  32  55  79  67  65  43  71  20  25  41  28  58  54  19  18  38  88  47  33  39  81  84  22  74  56  1  49  78  24  17  80  48
   4  36  83  68  78  27  67  12  74  22  40  59  61  11  69  44  38  18  41  54  58  72  19  3  64  5  65  43  1  13  77  76  31  70  53  50  81  73  52  86  79  2  7  16  60  51  46  35  42  8  29  37  6  9  26  75  32  33  57  45  87  21  49  20  47  63  28  14  10  85  62  82  88  25  55  17  15  84  66  30  56  23  71  34  24  39  80  48
   4  37  53  23  57  60  21  83  78  54  10  48  88  13  9  61  8  74  17  46  25  31  42  77  67  19  20  7  87  26  18  33  16  59  34  3  50  62  84  65  45  38  40  14  85  52  36  66  32  29  68  6  11  35  79  41  1  76  80  28  81  15  72  43  64  58  47  12  22  70  69  82  2  63  71  56  73  30  55  86  39  27  5  24  44  51  49  75
   4  38  5  3  73  26  69  77  64  74  80  48  11  60  36  75  45  27  34  56  87  70  42  43  8  76  10  6  57  52  49  65  39  59  71  7  22  31  72  61  1  54  68  23  85  51  84  86  16  63  20  12  25  15  9  41  78  29  53  14  44  62  55  33  2  19  47  46  81  13  79  83  32  37  40  24  50  30  18  82  67  58  17  28  88  35  21  66
   4  43  84  13  73  6  20  37  64  65  9  30  11  7  53  58  45  61  55  35  87  23  47  38  8  86  79  26  57  12  40  74  39  41  18  60  22  14  17  27  1  33  21  70  85  46  5  76  16  83  69  52  25  24  80  59  78  82  36  31  44  28  34  54  2  66  42  51  81  3  10  63  32  77  49  15  50  48  71  29  67  75  72  62  88  56  68  19
   4  46  84  76  73  83  20  52  64  24  9  59  11  82  53  31  45  28  55  54  87  66  47  51  8  3  79  63  57  77  40  15  39  48  18  29  22  75  17  62  1  56  21  19  85  43  5  13  16  6  69  37  25  65  80  30  78  7  36  58  44  61  34  35  2  23  42  38  81  86  10  26  32  12  49  74  50  41  71  60  67  14  72  27  88  33  68  70
   4  51  5  86  73  63  69  12  64  15  80  41  11  29  36  14  45  62  34  33  87  19  42  46  8  13  10  83  57  37  49  24  39  30  71  82  22  58  72  28  1  35  68  66  85  38  84  3  16  26  20  77  25  74  9  48  78  60  53  75  44  27  55  56  2  70  47  43  81  76  79  6  32  52  40  65  50  59  18  7  67  31  17  61  88  54  21  23
   4  52  7  12  38  55  71  60  10  86  80  15  73  31  41  20  22  58  21  46  74  40  87  63  72  33  13  79  5  1  9  68  83  70  17  18  37  69  76  6  67  34  3  88  44  47  78  23  50  32  25  81  62  61  26  39  24  53  45  49  35  57  77  28  19  43  84  30  2  65  14  66  64  85  75  29  59  36  42  54  16  27  11  82  56  51  8  48
   4  52  29  12  82  77  5  60  54  42  80  37  51  53  19  20  66  14  87  2  30  40  21  85  72  11  79  13  71  67  75  68  17  26  83  62  15  47  76  50  1  78  25  88  44  69  34  45  6  32  3  59  18  39  70  61  24  31  23  27  57  35  55  28  41  65  84  74  46  43  58  22  64  63  9  7  81  36  86  10  16  49  33  38  56  73  8  48
   4  52  51  12  38  11  27  60  10  86  80  59  29  75  85  20  22  58  65  46  74  40  43  19  72  77  57  35  49  45  53  68  39  70  61  18  81  25  76  6  23  34  47  88  44  3  78  67  50  32  69  37  62  17  26  83  24  9  1  5  79  13  33  28  63  87  84  30  2  21  14  66  64  41  31  73  15  36  42  54  16  71  55  82  56  7  8  48
   4  52  53  66  57  29  21  6  78  35  10  41  88  76  9  28  8  15  17  43  25  58  42  12  67  70  20  82  87  63  18  56  16  30  34  86  50  27  84  24  45  51  40  75  85  37  36  23  32  60  68  83  11  54  79  48  1  13  80  61  81  74  72  46  64  31  47  77  22  19  69  7  2  26  71  33  73  59  55  3  39  62  5  65  44  38  49  14
   4  52  73  12  82  33  49  60  54  42  80  81  7  9  63  20  66  14  43  2  30  40  65  41  72  55  35  57  27  23  31  68  61  26  39  62  59  3  76  50  45  78  69  88  44  25  34  1  6  32  47  15  18  83  70  17  24  75  67  71  13  79  11  28  85  21  84  74  46  87  58  22  64  19  53  51  37  36  86  10  16  5  77  38  56  29  8  48
   4  56  72  29  50  77  10  51  2  28  36  59  25  83  5  70  1  14  18  74  57  86  47  35  45  7  9  37  73  43  68  62  67  48  49  63  81  66  34  31  78  24  69  76  85  33  17  60  39  12  79  38  87  61  53  30  64  6  84  19  88  75  71  15  32  3  42  54  44  82  80  52  16  46  21  27  22  41  40  26  8  23  55  58  11  65  20  13
   4  58  40  46  44  15  84  61  39  76  34  48  73  35  18  83  2  29  20  23  22  52  42  75  64  38  17  24  81  62  9  86  1  59  10  56  11  26  21  82  32  19  53  12  85  31  49  43  45  74  5  28  50  13  55  41  16  54  71  6  87  60  69  66  67  37  47  14  25  51  72  65  8  27  80  3  88  30  79  33  78  63  68  7  57  70  36  77
   4  60  10  61  25  19  18  3  45  52  68  41  81  58  69  56  39  51  53  83  88  74  42  7  16  62  40  66  11  76  72  12  2  30  5  75  57  54  9  46  67  26  34  65  85  29  79  28  64  70  71  86  44  37  21  48  8  31  20  33  50  38  36  6  1  15  47  82  73  27  49  23  78  13  17  77  87  59  84  14  32  35  80  43  22  63  55  24
   4  60  13  28  18  69  29  84  22  74  56  37  35  85  27  52  58  78  55  42  38  24  77  5  32  3  31  53  7  83  19  20  65  26  43  46  15  23  44  10  17  6  1  80  36  45  50  61  54  88  67  59  2  87  70  21  64  63  39  51  9  75  47  76  49  33  68  82  86  11  34  14  8  71  41  79  81  12  30  66  40  73  25  62  72  57  16  48
   4  60  35  28  62  3  51  84  66  30  56  59  13  19  5  52  14  34  33  86  82  24  11  27  32  69  9  75  73  61  85  20  87  70  21  2  81  1  44  54  39  50  23  80  36  67  6  83  10  88  45  37  46  65  26  43  64  41  17  29  31  53  25  76  71  55  68  38  42  77  78  58  8  49  63  57  15  12  74  22  40  7  47  18  72  79  16  48
   4  60  57  28  18  25  73  84  22  74  56  81  79  41  71  52  58  78  11  42  38  24  33  49  32  47  75  9  51  39  63  20  21  26  87  46  59  67  44  10  61  6  45  80  36  1  50  17  54  88  23  15  2  43  70  65  64  19  83  7  53  31  3  76  5  77  68  82  86  55  34  14  8  27  85  35  37  12  30  66  40  29  69  62  72  13  16  48
   4  60  79  28  62  47  7  84  66  30  56  15  57  63  49  52  14  34  77  86  82  24  55  71  32  25  53  31  29  17  41  20  43  70  65  2  37  45  44  54  83  50  67  80  36  23  6  39  10  88  1  81  46  21  26  87  64  85  61  73  75  9  69  76  27  11  68  38  42  33  78  58  8  5  19  13  59  12  74  22  40  51  3  18  72  35  16  48
   4  61  18  52  81  56  53  74  16  66  72  30  57  46  34  29  64  86  21  31  50  6  47  27  78  77  84  35  22  24  10  19  45  41  69  51  88  7  40  76  2  75  9  26  85  28  71  37  8  33  36  15  73  23  17  59  32  43  55  60  25  3  68  58  39  83  42  62  11  12  5  54  67  65  79  70  44  48  20  38  1  82  49  13  87  14  80  63
   4  62  71  77  81  54  36  24  16  70  17  41  57  38  55  7  64  13  68  75  50  63  42  28  78  52  5  33  22  74  79  23  45  30  20  43  88  29  49  3  2  31  80  83  85  27  18  12  8  35  53  65  73  19  72  48  32  51  34  82  25  76  21  14  39  26  47  61  11  37  84  56  67  15  10  66  44  59  69  46  1  60  40  86  87  58  9  6
   4  63  80  14  87  13  49  82  1  38  20  48  44  70  79  65  67  54  5  12  11  62  42  83  39  58  68  3  25  60  55  43  32  59  17  23  73  15  36  33  8  37  71  28  85  26  9  75  2  76  40  7  88  51  69  41  45  19  10  24  22  35  84  77  78  27  47  6  50  31  21  86  64  29  34  46  57  30  72  66  16  74  53  56  81  52  18  61
   4  65  55  26  22  46  80  54  32  75  84  30  87  12  17  76  78  66  49  62  73  7  47  74  1  83  36  51  50  56  20  58  8  41  21  52  44  3  71  19  64  61  79  60  85  24  34  63  67  43  9  35  57  14  5  59  2  77  72  13  11  23  40  27  16  82  42  15  88  6  53  38  39  33  69  31  81  48  68  37  45  86  18  70  25  28  10  29
   4  66  21  35  88  28  17  58  67  82  18  30  50  24  40  37  32  83  79  13  81  46  47  19  2  33  55  62  44  14  53  29  78  41  9  15  25  12  20  63  16  86  84  51  85  23  68  54  1  61  72  31  22  7  71  59  39  65  49  52  57  6  10  76  8  43  42  70  87  56  34  27  45  75  36  60  11  48  80  74  64  77  69  26  73  3  5  38
   4  70  68  33  88  27  72  14  67  60  71  41  50  74  49  12  32  26  10  86  81  38  42  23  2  35  34  61  44  58  36  7  78  30  80  65  25  37  69  6  16  13  5  43  85  19  21  56  1  62  17  75  22  29  18  48  39  15  40  77  57  63  79  3  8  51  47  66  87  54  55  28  45  31  53  82  11  59  9  24  64  52  20  83  73  76  84  46
   4  74  34  6  22  51  9  33  32  58  5  48  87  52  72  86  78  19  40  28  73  60  42  65  1  63  53  46  50  35  69  75  8  59  68  12  44  13  18  66  64  27  10  7  85  15  55  83  67  38  80  56  57  31  84  41  2  37  17  3  11  70  49  61  16  29  47  24  88  26  36  43  39  54  20  14  81  30  21  77  45  76  71  23  25  62  79  82
   4  75  49  51  44  24  5  27  39  86  55  30  73  56  71  63  2  82  69  70  22  12  47  58  64  43  72  15  81  28  80  76  1  41  79  35  11  6  68  29  32  66  36  52  85  14  40  38  45  65  84  62  50  3  34  59  16  33  18  26  87  7  20  19  67  77  42  31  25  46  17  74  8  61  9  13  88  48  10  54  78  83  21  60  57  23  53  37
   4  76  3  60  22  75  11  44  2  6  8  59  69  83  21  28  86  74  57  78  10  80  35  43  40  53  1  67  33  5  61  12  7  70  29  58  81  41  68  62  71  82  63  64  20  19  38  27  18  24  85  37  14  73  26  51  56  17  49  77  23  45  9  84  87  79  36  54  34  13  30  42  72  65  39  25  15  52  50  46  88  55  31  66  16  47  32  48
   4  76  20  24  11  31  55  66  8  63  40  48  22  62  21  43  16  37  80  7  44  35  42  86  32  74  71  14  88  70  84  83  64  59  53  28  87  51  79  77  39  29  17  56  85  13  69  65  78  58  34  23  81  26  49  41  67  27  68  46  73  52  9  82  45  54  47  3  57  15  18  75  1  19  5  6  25  30  36  61  2  38  10  12  50  60  72  33
   4  76  25  60  66  9  33  44  46  50  8  81  47  17  87  28  42  30  35  34  54  80  57  65  40  31  67  1  11  71  39  12  29  26  7  14  59  19  68  18  5  38  85  64  20  41  82  49  62  24  63  15  58  51  70  73  56  83  27  55  45  23  75  84  21  13  36  10  78  79  74  86  72  43  61  3  37  52  6  2  88  77  53  22  16  69  32  48
   4  76  47  60  22  31  55  44  2  6  8  15  25  39  65  28  86  74  13  78  10  80  79  87  40  9  45  23  77  49  17  12  51  70  73  58  37  85  68  62  27  82  19  64  20  63  38  71  18  24  41  81  14  29  26  7  56  61  5  33  67  1  53  84  43  35  36  54  34  57  30  42  72  21  83  69  59  52  50  46  88  11  75  66  16  3  32  48
   4  76  69  60  66  53  77  44  46  50  8  37  3  61  43  28  42  30  79  34  54  80  13  21  40  75  23  45  55  27  83  12  73  26  51  14  15  63  68  18  49  38  41  64  20  85  82  5  62  24  19  59  58  7  70  29  56  39  71  11  1  67  31  84  65  57  36  10  78  35  74  86  72  87  17  47  81  52  6  2  88  33  9  22  16  25  32  48
   4  77  36  70  57  7  68  63  78  33  79  30  88  3  80  27  8  65  72  51  25  14  47  37  67  66  69  60  87  6  71  54  16  41  55  13  50  28  5  74  45  43  49  31  85  12  53  19  32  82  21  26  11  56  10  59  1  86  9  62  81  24  17  38  64  75  42  52  22  23  20  29  2  83  18  35  73  48  34  76  39  61  84  15  44  46  40  58
   4  82  79  62  25  23  71  76  45  77  21  30  81  14  20  54  39  43  36  26  88  24  47  29  16  61  49  70  11  3  17  37  2  41  84  31  57  56  80  38  67  83  55  15  85  7  10  27  64  66  18  13  44  12  68  59  8  75  69  35  50  46  53  63  1  65  42  60  73  28  40  19  78  86  72  52  87  48  5  58  32  33  9  51  22  6  34  74
   4  83  9  31  87  3  40  29  1  43  69  30  44  23  10  74  67  33  84  52  11  28  47  63  39  75  21  13  25  7  34  38  32  41  72  70  73  24  53  54  8  77  18  62  85  6  80  58  2  86  49  60  88  46  20  59  45  66  79  15  22  56  5  37  78  61  42  26  50  14  68  76  64  82  55  51  57  48  17  19  16  65  36  35  81  12  71  27
   4  84  9  76  2  1  57  68  14  82  72  81  31  49  7  60  34  6  3  74  62  64  25  73  88  23  19  41  35  87  71  52  77  26  55  86  59  83  36  66  21  54  61  56  12  17  10  65  22  80  39  15  42  11  70  33  8  27  43  79  85  63  67  44  29  69  20  18  30  47  50  78  16  51  5  75  37  28  38  58  24  13  45  46  32  53  40  48
   4  84  31  76  46  23  79  68  58  38  72  15  9  71  73  60  78  50  69  30  18  64  47  7  88  1  85  63  13  65  49  52  11  70  33  42  37  61  36  22  43  10  83  56  12  39  54  87  66  80  17  81  86  77  26  55  8  5  21  57  19  41  45  44  51  3  20  62  74  25  6  34  16  29  27  53  59  28  82  14  24  35  67  2  32  75  40  48
   4  84  53  76  2  45  13  68  14  82  72  37  75  5  51  60  34  6  47  74  62  64  69  29  88  67  63  85  79  43  27  52  33  26  11  86  15  39  36  66  65  54  17  56  12  61  10  21  22  80  83  59  42  55  70  77  8  71  87  35  41  19  23  44  73  25  20  18  30  3  50  78  16  7  49  31  81  28  38  58  24  57  1  46  32  9  40  48
   4  84  75  76  46  67  35  68  58  38  72  59  53  27  29  60  78  50  25  30  18  64  3  51  88  45  41  19  57  21  5  52  55  70  77  42  81  17  36  22  87  10  39  56  12  83  54  43  66  80  61  37  86  33  26  11  8  49  65  13  63  85  1  44  7  47  20  62  74  69  6  34  16  73  71  9  15  28  82  14  24  79  23  2  32  31  40  48
   4  86  69  15  11  14  34  19  8  83  49  30  22  28  68  38  16  77  9  60  44  56  47  76  32  65  18  31  88  23  5  63  64  41  36  62  87  46  10  37  39  82  72  35  85  3  20  74  78  75  55  70  81  6  40  59  67  61  21  51  73  12  80  29  45  33  42  13  57  24  71  58  1  66  84  26  25  48  53  27  2  43  79  52  50  7  17  54
   5  3  73  26  69  77  64  74  80  48  11  60  36  75  45  27  34  56  87  70  42  43  8  76  10  6  57  52  49  65  39  59  71  7  22  31  72  61  1  54  68  23  85  51  84  86  16  63  20  12  25  15  9  41  78  29  53  14  44  62  55  33  2  19  47  46  81  13  79  83  32  37  40  24  50  30  18  82  67  58  17  28  88  35  21  66  4  38
   5  12  11  62  42  83  39  58  68  3  25  60  55  43  32  59  17  23  73  15  36  33  8  37  71  28  85  26  9  75  2  76  40  7  88  51  69  41  45  19  10  24  22  35  84  77  78  27  47  6  50  31  21  86  64  29  34  46  57  30  72  66  16  74  53  56  81  52  18  61  4  63  80  14  87  13  49  82  1  38  20  48  44  70  79  65  67  54
   5  13  16  6  69  37  25  65  80  30  78  7  36  58  44  61  34  35  2  23  42  38  81  86  10  26  32  12  49  74  50  41  71  60  67  14  72  27  88  33  68  70  4  46  84  76  73  83  20  52  64  24  9  59  11  82  53  31  45  28  55  54  87  66  47  51  8  3  79  63  57  77  40  15  39  48  18  29  22  75  17  62  1  56  21  19  85  43
   5  13  22  21  51  30  62  29  39  59  25  38  44  70  68  37  19  47  72  67  79  33  6  46  9  52  56  78  40  76  4  45  42  27  20  55  16  80  61  75  10  87  58  41  85  14  43  54  31  17  36  60  11  64  71  86  1  48  32  84  34  12  8  53  2  50  77  35  23  28  3  63  81  24  26  88  82  69  15  83  73  18  74  7  65  66  57  49
   5  13  66  21  51  74  18  29  39  59  25  82  88  26  24  37  19  47  28  67  79  33  50  2  9  8  12  34  84  32  48  45  86  27  64  55  60  36  61  75  54  87  14  41  85  58  43  10  31  17  80  16  11  20  71  42  1  4  76  40  78  56  52  53  46  6  77  35  23  72  3  63  81  68  70  44  38  69  15  83  73  62  30  7  65  22  57  49
   5  14  57  35  9  43  67  63  34  24  85  60  79  61  64  19  71  3  44  52  21  41  8  58  20  56  50  51  36  83  1  74  47  7  73  62  49  66  78  76  17  12  87  30  84  75  32  54  80  46  22  26  55  65  4  29  10  28  25  70  18  86  45  37  68  48  81  31  69  33  39  38  53  6  88  15  42  82  16  27  40  23  11  13  72  77  2  59
   5  15  45  46  49  58  85  77  53  70  32  7  21  63  11  33  10  30  1  3  9  27  81  65  17  51  64  14  42  37  22  66  20  60  2  6  18  54  73  41  34  13  39  28  84  74  44  43  40  31  4  12  36  19  57  82  68  26  78  56  79  59  88  86  80  62  8  24  72  38  25  75  47  52  67  23  69  29  87  83  71  35  16  48  55  76  50  61
   5  21  6  37  75  22  86  53  7  3  1  38  28  14  76  69  11  23  40  19  87  17  62  54  57  44  8  30  64  4  36  85  2  27  68  39  16  56  29  35  26  15  34  33  77  78  59  70  79  73  12  60  83  24  71  46  41  80  48  20  74  52  88  13  10  18  61  43  63  84  67  55  25  32  58  72  82  45  47  51  9  42  66  31  81  50  65  49
   5  21  28  37  31  44  20  53  51  47  1  60  6  36  54  69  55  67  18  63  43  17  84  76  57  22  74  52  42  70  14  85  24  71  46  83  82  34  29  79  48  59  56  33  77  12  15  4  35  73  78  38  39  2  27  68  41  58  26  86  8  30  66  13  32  40  61  87  19  62  23  11  25  10  80  50  16  45  3  7  9  64  88  75  81  72  65  49
   5  21  50  37  75  66  42  53  7  3  1  82  72  58  32  69  11  23  84  19  87  17  18  10  57  88  52  74  20  48  80  85  46  27  24  39  60  12  29  35  70  15  78  33  77  34  59  26  79  73  56  16  83  68  71  2  41  36  4  64  30  8  44  13  54  62  61  43  63  40  67  55  25  76  14  28  38  45  47  51  9  86  22  31  81  6  65  49
   5  21  72  37  31  88  64  53  51  47  1  16  50  80  10  69  55  67  62  63  43  17  40  32  57  66  30  8  86  26  58  85  68  71  2  83  38  78  29  79  4  59  12  33  77  56  15  48  35  73  34  82  39  46  27  24  41  14  70  42  52  74  22  13  76  84  61  87  19  18  23  11  25  54  36  6  60  45  3  7  9  20  44  75  81  28  65  49
   5  24  44  51  49  75  4  37  53  23  57  60  21  83  78  54  10  48  88  13  9  61  8  74  17  46  25  31  42  77  67  19  20  7  87  26  18  33  16  59  34  3  50  62  84  65  45  38  40  14  85  52  36  66  32  29  68  6  11  35  79  41  1  76  80  28  81  15  72  43  64  58  47  12  22  70  69  82  2  63  71  56  73  30  55  86  39  27
   5  27  39  86  55  30  73  56  71  63  2  82  69  70  22  12  47  58  64  43  72  15  81  28  80  76  1  41  79  35  11  6  68  29  32  66  36  52  85  14  40  38  45  65  84  62  50  3  34  59  16  33  18  26  87  7  20  19  67  77  42  31  25  46  17  74  8  61  9  13  88  48  10  54  78  83  21  60  57  23  53  37  4  75  49  51  44  24
   5  28  50  13  55  41  16  54  71  6  87  60  69  66  67  37  47  14  25  51  72  65  8  27  80  3  88  30  79  33  78  63  68  7  57  70  36  77  4  58  40  46  44  15  84  61  39  76  34  48  73  35  18  83  2  29  20  23  22  52  42  75  64  38  17  24  81  62  9  86  1  59  10  56  11  26  21  82  32  19  53  12  85  31  49  43  45  74
   5  29  12  53  55  36  44  77  19  79  65  60  78  68  62  13  47  43  74  15  51  1  52  84  17  14  26  4  66  86  46  37  72  71  6  67  82  10  85  39  64  75  32  25  69  76  31  20  83  41  54  38  23  50  27  28  81  2  42  22  48  70  58  61  40  8  45  7  59  30  87  3  57  18  24  34  16  21  35  63  33  88  80  11  9  56  73  49
   5  29  34  53  11  58  66  77  63  35  65  82  56  2  40  13  3  87  52  59  7  1  74  18  17  80  4  26  44  64  24  37  6  27  72  23  60  76  85  83  86  31  54  25  69  10  75  42  39  41  32  16  67  28  71  50  81  68  20  88  70  48  36  61  62  30  45  51  15  8  43  47  57  84  46  12  38  21  79  19  33  22  14  55  9  78  73  49
   5  29  56  53  55  80  88  77  19  79  65  16  34  24  18  13  47  43  30  15  51  1  8  40  17  58  70  48  22  42  2  37  28  71  50  67  38  54  85  39  20  75  76  25  69  32  31  64  83  41  10  82  23  6  27  72  81  46  86  66  4  26  14  61  84  52  45  7  59  74  87  3  57  62  68  78  60  21  35  63  33  44  36  11  9  12  73  49
   5  29  78  53  11  14  22  77  63  35  65  38  12  46  84  13  3  87  8  59  7  1  30  62  17  36  48  70  88  20  68  37  50  27  28  23  16  32  85  83  42  31  10  25  69  54  75  86  39  41  76  60  67  72  71  6  81  24  64  44  26  4  80  61  18  74  45  51  15  52  43  47  57  40  2  56  82  21  79  19  33  66  58  55  9  34  73  49
   5  30  2  12  72  76  11  66  40  62  16  7  42  74  88  83  53  51  39  56  69  58  81  41  68  52  45  3  18  19  25  61  10  60  4  24  55  63  22  43  80  35  32  14  84  59  87  77  17  13  78  23  49  27  73  82  47  15  1  6  36  38  50  33  20  31  8  48  21  37  44  86  71  70  64  28  79  29  85  65  34  26  67  46  9  54  57  75
   5  31  32  56  9  38  22  83  34  15  4  7  79  27  25  66  71  13  45  12  21  59  81  75  20  35  39  46  36  63  88  65  47  60  16  28  49  19  11  86  17  52  2  48  84  58  57  33  80  51  67  6  55  74  85  82  10  62  64  23  18  76  44  77  68  30  8  14  69  54  50  43  53  26  1  24  42  29  73  61  40  70  78  3  72  37  87  41
   5  33  22  74  79  23  45  30  20  43  88  29  49  3  2  31  80  83  85  27  18  12  8  35  53  65  73  19  72  48  32  51  34  82  25  76  21  14  39  26  47  61  11  37  84  56  67  15  10  66  44  59  69  46  1  60  40  86  87  58  9  6  4  62  71  77  81  54  36  24  16  70  17  41  57  38  55  7  64  13  68  75  50  63  42  28  78  52
   5  35  67  24  79  19  44  41  20  51  1  7  49  76  87  75  80  26  4  28  18  37  81  33  53  15  16  23  72  59  57  43  34  60  64  3  21  58  50  83  47  62  78  12  84  54  22  65  10  70  45  48  69  38  88  82  40  13  2  14  9  63  85  61  71  52  8  56  36  74  73  66  17  30  32  46  55  29  25  86  68  31  39  6  42  27  11  77
   5  37  18  69  35  50  2  13  31  67  41  82  40  34  48  45  83  63  20  11  15  73  42  26  65  72  44  66  68  80  56  77  54  27  32  7  60  52  53  43  14  47  30  17  61  74  3  58  87  9  8  16  51  76  71  10  33  12  36  24  22  88  28  21  70  86  29  59  55  64  19  39  1  4  78  84  38  85  23  75  57  46  6  79  25  62  81  49
   5  37  40  69  79  72  24  13  75  23  41  16  18  56  26  45  39  19  86  55  59  73  64  48  65  50  22  88  46  58  34  77  76  71  10  51  38  30  53  87  36  3  52  17  61  8  47  80  43  9  74  82  7  54  27  32  33  78  14  2  44  66  6  21  4  20  29  15  11  42  63  83  1  70  12  62  60  85  67  31  57  68  28  35  25  84  81  49
   5  37  62  69  35  6  46  13  31  67  41  38  84  78  4  45  83  63  64  11  15  73  86  70  65  28  88  22  24  36  12  77  10  27  76  7  16  8  53  43  58  47  74  17  61  30  3  14  87  9  52  60  51  32  71  54  33  56  80  68  66  44  72  21  26  42  29  59  55  20  19  39  1  48  34  40  82  85  23  75  57  2  50  79  25  18  81  49
   5  37  78  61  42  26  50  14  68  76  64  82  55  51  57  48  17  19  16  65  36  35  81  12  71  27  4  83  9  31  87  3  40  29  1  43  69  30  44  23  10  74  67  33  84  52  11  28  47  63  39  75  21  13  25  7  34  38  32  41  72  70  73  24  53  54  8  77  18  62  85  6  80  58  2  86  49  60  88  46  20  59  45  66  79  15  22  56
   5  37  84  69  79  28  68  13  75  23  41  60  62  12  70  45  39  19  42  55  59  73  20  4  65  6  66  44  2  14  78  77  32  71  54  51  82  74  53  87  80  3  8  17  61  52  47  36  43  9  30  38  7  10  27  76  33  34  58  46  88  22  50  21  48  64  29  15  11  86  63  83  1  26  56  18  16  85  67  31  57  24  72  35  25  40  81  49
   5  41  87  37  72  3  78  70  40  61  73  29  42  24  1  26  53  43  50  54  69  14  8  30  68  77  44  76  18  23  64  62  10  82  85  74  55  6  67  51  80  33  57  58  84  48  2  52  17  86  11  19  49  28  16  60  47  65  88  63  36  46  39  35  20  75  81  59  21  12  45  13  71  66  25  27  79  7  4  15  34  83  22  38  9  56  32  31
   5  43  85  19  21  56  1  62  17  75  22  29  18  48  39  15  40  77  57  63  79  3  8  51  47  66  87  54  55  28  45  31  53  82  11  59  9  24  64  52  20  83  73  76  84  46  4  70  68  33  88  27  72  14  67  60  71  41  50  74  49  12  32  26  10  86  81  38  42  23  2  35  34  61  44  58  36  7  78  30  80  65  25  37  69  6  16  13
   5  46  85  70  21  33  1  27  17  14  22  60  18  41  39  74  40  12  57  26  79  86  8  38  47  23  87  35  55  61  45  58  53  7  11  30  9  65  64  37  20  6  73  13  84  43  4  19  68  56  88  62  72  75  67  29  71  48  50  15  49  77  32  63  10  3  81  51  42  66  2  54  34  28  44  31  36  82  78  59  80  24  25  52  69  83  16  76
   5  48  87  52  72  86  78  19  40  28  73  60  42  65  1  63  53  46  50  35  69  75  8  59  68  12  44  13  18  66  64  27  10  7  85  15  55  83  67  38  80  56  57  31  84  41  2  37  17  3  11  70  49  61  16  29  47  24  88  26  36  43  39  54  20  14  81  30  21  77  45  76  71  23  25  62  79  82  4  74  34  6  22  51  9  33  32  58
   5  52  78  28  42  63  50  75  68  13  64  7  55  38  57  41  17  70  16  24  36  54  81  77  71  62  4  6  9  58  87  86  40  60  1  46  69  59  44  66  10  15  67  56  84  37  11  61  47  26  39  14  21  76  25  82  34  51  32  48  72  19  73  65  53  35  8  12  18  27  85  83  80  31  2  3  49  29  88  43  20  30  45  23  79  74  22  33
   5  53  8  13  39  56  72  61  11  87  81  16  74  32  42  21  23  59  22  47  75  41  88  64  73  34  14  80  6  2  10  69  84  71  18  19  38  70  77  7  68  35  4  1  45  48  79  24  51  33  26  82  63  62  27  40  25  54  46  50  36  58  78  29  20  44  85  31  3  66  15  67  65  86  76  30  60  37  43  55  17  28  12  83  57  52  9  49
   5  53  30  13  83  78  6  61  55  43  81  38  52  54  20  21  67  15  88  3  31  41  22  86  73  12  80  14  72  68  76  69  18  27  84  63  16  48  77  51  2  79  26  1  45  70  35  46  7  33  4  60  19  40  71  62  25  32  24  28  58  36  56  29  42  66  85  75  47  44  59  23  65  64  10  8  82  37  87  11  17  50  34  39  57  74  9  49
   5  53  52  13  39  12  28  61  11  87  81  60  30  76  86  21  23  59  66  47  75  41  44  20  73  78  58  36  50  46  54  69  40  71  62  19  82  26  77  7  24  35  48  1  45  4  79  68  51  33  70  38  63  18  27  84  25  10  2  6  80  14  34  29  64  88  85  31  3  22  15  67  65  42  32  74  16  37  43  55  17  72  56  83  57  8  9  49
   5  53  74  13  83  34  50  61  55  43  81  82  8  10  64  21  67  15  44  3  31  41  66  42  73  56  36  58  28  24  32  69  62  27  40  63  60  4  77  51  46  79  70  1  45  26  35  2  7  33  48  16  19  84  71  18  25  76  68  72  14  80  12  29  86  22  85  75  47  88  59  23  65  20  54  52  38  37  87  11  17  6  78  39  57  30  9  49
   5  54  67  65  79  70  44  48  20  38  1  82  49  13  87  14  80  63  4  61  18  52  81  56  53  74  16  66  72  30  57  46  34  29  64  86  21  31  50  6  47  27  78  77  84  35  22  24  10  19  45  41  69  51  88  7  40  76  2  75  9  26  85  28  71  37  8  33  36  15  73  23  17  59  32  43  55  60  25  3  68  58  39  83  42  62  11  12
   5  56  22  15  79  66  45  59  20  46  88  60  49  86  2  58  80  6  85  62  18  77  8  54  53  24  73  70  72  41  32  38  34  7  25  13  21  75  39  63  47  28  11  52  84  33  67  74  10  23  44  30  69  43  1  29  40  3  87  31  9  83  4  27  71  12  81  35  36  65  16  19  17  48  57  51  55  82  64  76  68  14  50  26  42  61  78  37
   5  58  32  33  9  51  22  6  34  74  4  82  79  62  25  23  71  76  45  77  21  30  81  14  20  54  39  43  36  26  88  24  47  29  16  61  49  70  11  3  17  37  2  41  84  31  57  56  80  38  67  83  55  15  85  7  10  27  64  66  18  13  44  12  68  59  8  75  69  35  50  46  53  63  1  65  42  60  73  28  40  19  78  86  72  52  87  48
   5  59  2  77  72  13  11  23  40  27  16  82  42  15  88  6  53  38  39  33  69  31  81  48  68  37  45  86  18  70  25  28  10  29  4  65  55  26  22  46  80  54  32  75  84  30  87  12  17  76  78  66  49  62  73  7  47  74  1  83  36  51  50  56  20  58  8  41  21  52  44  3  71  19  64  61  79  60  85  24  34  63  67  43  9  35  57  14
   5  61  14  29  19  70  30  85  23  75  57  38  36  86  28  53  59  79  56  43  39  25  78  6  33  4  32  54  8  84  20  21  66  27  44  47  16  24  45  11  18  7  2  81  37  46  51  62  55  1  68  60  3  88  71  22  65  64  40  52  10  76  48  77  50  34  69  83  87  12  35  15  9  72  42  80  82  13  31  67  41  74  26  63  73  58  17  49
   5  61  36  29  63  4  52  85  67  31  57  60  14  20  6  53  15  35  34  87  83  25  12  28  33  70  10  76  74  62  86  21  88  71  22  3  82  2  45  55  40  51  24  81  37  68  7  84  11  1  46  38  47  66  27  44  65  42  18  30  32  54  26  77  72  56  69  39  43  78  79  59  9  50  64  58  16  13  75  23  41  8  48  19  73  80  17  49
   5  61  50  76  55  48  16  35  71  83  87  29  69  23  67  52  47  75  25  38  72  24  8  62  80  86  88  59  79  56  78  26  68  82  57  19  36  12  4  31  40  43  44  74  84  28  39  13  34  41  73  54  18  6  2  60  20  66  22  37  42  14  64  51  17  65  81  27  9  3  1  30  10  33  11  63  21  7  32  70  53  77  85  58  49  46  45  15
   5  61  58  29  19  26  74  85  23  75  57  82  80  42  72  53  59  79  12  43  39  25  34  50  33  48  76  10  52  40  64  21  22  27  88  47  60  68  45  11  62  7  46  81  37  2  51  18  55  1  24  16  3  44  71  66  65  20  84  8  54  32  4  77  6  78  69  83  87  56  35  15  9  28  86  36  38  13  31  67  41  30  70  63  73  14  17  49
   5  61  80  29  63  48  8  85  67  31  57  16  58  64  50  53  15  35  78  87  83  25  56  72  33  26  54  32  30  18  42  21  44  71  66  3  38  46  45  55  84  51  68  81  37  24  7  40  11  1  2  82  47  22  27  88  65  86  62  74  76  10  70  77  28  12  69  39  43  34  79  59  9  6  20  14  60  13  75  23  41  52  4  19  73  36  17  49
   5  62  39  3  55  59  73  33  71  26  2  7  69  19  22  77  47  31  64  46  72  74  81  61  80  13  1  48  79  54  11  83  68  60  32  23  36  37  85  75  40  51  45  24  84  27  50  86  34  30  16  56  18  63  87  82  20  70  67  12  42  58  25  43  17  15  8  28  9  76  88  41  10  35  78  6  21  29  57  66  53  52  4  14  49  38  44  65
   5  65  44  38  49  14  4  52  53  66  57  29  21  6  78  35  10  41  88  76  9  28  8  15  17  43  25  58  42  12  67  70  20  82  87  63  18  56  16  30  34  86  50  27  84  24  45  51  40  75  85  37  36  23  32  60  68  83  11  54  79  48  1  13  80  61  81  74  72  46  64  31  47  77  22  19  69  7  2  26  71  33  73  59  55  3  39  62
   5  74  45  43  49  31  85  12  53  19  32  82  21  26  11  56  10  59  1  86  9  62  81  24  17  38  64  75  42  52  22  23  20  29  2  83  18  35  73  48  34  76  39  61  84  15  44  46  40  58  4  77  36  70  57  7  68  63  78  33  79  30  88  3  80  27  8  65  72  51  25  14  47  37  67  66  69  60  87  6  71  54  16  41  55  13  50  28
   5  75  57  54  9  46  67  26  34  65  85  29  79  28  64  70  71  86  44  37  21  48  8  31  20  33  50  38  36  6  1  15  47  82  73  27  49  23  78  13  17  77  87  59  84  14  32  35  80  43  22  63  55  24  4  60  10  61  25  19  18  3  45  52  68  41  81  58  69  56  39  51  53  83  88  74  42  7  16  62  40  66  11  76  72  12  2  30
   5  76  16  83  69  52  25  24  80  59  78  82  36  31  44  28  34  54  2  66  42  51  81  3  10  63  32  77  49  15  50  48  71  29  67  75  72  62  88  56  68  19  4  43  84  13  73  6  20  37  64  65  9  30  11  7  53  58  45  61  55  35  87  23  47  38  8  86  79  26  57  12  40  74  39  41  18  60  22  14  17  27  1  33  21  70  85  46
   5  77  4  61  23  76  12  45  3  7  9  60  70  84  22  29  87  75  58  79  11  81  36  44  41  54  2  68  34  6  62  13  8  71  30  59  82  42  69  63  72  83  64  65  21  20  39  28  19  25  86  38  15  74  27  52  57  18  50  78  24  46  10  85  88  80  37  55  35  14  31  43  73  66  40  26  16  53  51  47  1  56  32  67  17  48  33  49
   5  77  11  27  42  6  39  31  68  86  25  29  55  46  32  30  17  66  73  74  36  56  8  52  71  61  85  63  9  14  2  13  40  82  88  38  69  48  45  70  10  65  22  54  84  12  78  62  47  83  50  58  21  3  64  60  34  43  57  59  72  23  16  15  53  33  81  37  18  28  4  26  80  75  87  76  49  7  1  51  20  41  44  19  79  24  67  35
   5  77  26  61  67  10  34  45  47  51  9  82  48  18  88  29  43  31  36  35  55  81  58  66  41  32  68  2  12  72  40  13  30  27  8  15  60  20  69  19  6  39  86  65  21  42  83  50  63  25  64  16  59  52  71  74  57  84  28  56  46  24  76  85  22  14  37  11  79  80  75  87  73  44  62  4  38  53  7  3  1  78  54  23  17  70  33  49
   5  77  48  61  23  32  56  45  3  7  9  16  26  40  66  29  87  75  14  79  11  81  80  88  41  10  46  24  78  50  18  13  52  71  74  59  38  86  69  63  28  83  20  65  21  64  39  72  19  25  42  82  15  30  27  8  57  62  6  34  68  2  54  85  44  36  37  55  35  58  31  43  73  22  84  70  60  53  51  47  1  12  76  67  17  4  33  49
   5  77  70  61  67  54  78  45  47  51  9  38  4  62  44  29  43  31  80  35  55  81  14  22  41  76  24  46  56  28  84  13  74  27  52  15  16  64  69  19  50  39  42  65  21  86  83  6  63  25  20  60  59  8  71  30  57  40  72  12  2  68  32  85  66  58  37  11  79  36  75  87  73  88  18  48  82  53  7  3  1  34  10  23  17  26  33  49
   5  85  10  77  3  2  58  69  15  83  73  82  32  50  8  61  35  7  4  75  63  65  26  74  1  24  20  42  36  88  72  53  78  27  56  87  60  84  37  67  22  55  62  57  13  18  11  66  23  81  40  16  43  12  71  34  9  28  44  80  86  64  68  45  30  70  21  19  31  48  51  79  17  52  6  76  38  29  39  59  25  14  46  47  33  54  41  49
   5  85  32  77  47  24  80  69  59  39  73  16  10  72  74  61  79  51  70  31  19  65  48  8  1  2  86  64  14  66  50  53  12  71  34  43  38  62  37  23  44  11  84  57  13  40  55  88  67  81  18  82  87  78  27  56  9  6  22  58  20  42  46  45  52  4  21  63  75  26  7  35  17  30  28  54  60  29  83  15  25  36  68  3  33  76  41  49
   5  85  54  77  3  46  14  69  15  83  73  38  76  6  52  61  35  7  48  75  63  65  70  30  1  68  64  86  80  44  28  53  34  27  12  87  16  40  37  67  66  55  18  57  13  62  11  22  23  81  84  60  43  56  71  78  9  72  88  36  42  20  24  45  74  26  21  19  31  4  51  79  17  8  50  32  82  29  39  59  25  58  2  47  33  10  41  49
   5  85  76  77  47  68  36  69  59  39  73  60  54  28  30  61  79  51  26  31  19  65  4  52  1  46  42  20  58  22  6  53  56  71  78  43  82  18  37  23  88  11  40  57  13  84  55  44  67  81  62  38  87  34  27  12  9  50  66  14  64  86  2  45  8  48  21  63  75  70  7  35  17  74  72  10  16  29  83  15  25  80  24  3  33  32  41  49
   5  86  73  63  69  12  64  15  80  41  11  29  36  14  45  62  34  33  87  19  42  46  8  13  10  83  57  37  49  24  39  30  71  82  22  58  72  28  1  35  68  66  85  38  84  3  16  26  20  77  25  74  9  48  78  60  53  75  44  27  55  56  2  70  47  43  81  76  79  6  32  52  40  65  50  59  18  7  67  31  17  61  88  54  21  23  4  51
   6  2  60  20  66  22  37  42  14  64  51  17  65  81  27  9  3  1  30  10  33  11  63  21  7  32  70  53  77  85  58  49  46  45  15  5  61  50  76  55  48  16  35  71  83  87  29  69  23  67  52  47  75  25  38  72  24  8  62  80  86  88  59  79  56  78  26  68  82  57  19  36  12  4  31  40  43  44  74  84  28  39  13  34  41  73  54  18
   6  4  62  71  77  81  54  36  24  16  70  17  41  57  38  55  7  64  13  68  75  50  63  42  28  78  52  5  33  22  74  79  23  45  30  20  43  88  29  49  3  2  31  80  83  85  27  18  12  8  35  53  65  73  19  72  48  32  51  34  82  25  76  21  14  39  26  47  61  11  37  84  56  67  15  10  66  44  59  69  46  1  60  40  86  87  58  9
   6  8  70  34  75  11  74  69  3  4  35  17  82  50  37  79  46  2  62  53  41  25  63  84  23  1  31  71  65  57  76  42  56  45  60  80  77  73  38  21  28  67  30  40  83  81  19  55  14  78  15  20  86  85  54  72  7  39  52  10  43  87  27  36  48  64  26  5  66  88  58  18  24  32  13  47  33  44  29  9  12  16  51  68  61  22  59  49
   6  10  76  8  43  42  70  87  56  34  27  45  75  36  60  11  48  80  74  64  77  69  26  73  3  5  38  4  66  21  35  88  28  17  58  67  82  18  30  50  24  40  37  32  83  79  13  81  46  47  19  2  33  55  62  44  14  53  29  78  41  9  15  25  12  20  63  16  86  84  51  85  23  68  54  1  61  72  31  22  7  71  59  39  65  49  52  57
   6  11  35  79  41  1  76  80  28  81  15  72  43  64  58  47  12  22  70  69  82  2  63  71  56  73  30  55  86  39  27  5  24  44  51  49  75  4  37  53  23  57  60  21  83  78  54  10  48  88  13  9  61  8  74  17  46  25  31  42  77  67  19  20  7  87  26  18  33  16  59  34  3  50  62  84  65  45  38  40  14  85  52  36  66  32  29  68
   6  14  23  22  52  31  63  30  40  60  26  39  45  71  69  38  20  48  73  68  80  34  7  47  10  53  57  79  41  77  5  46  43  28  21  56  17  81  62  76  11  88  59  42  86  15  44  55  32  18  37  61  12  65  72  87  2  49  33  85  35  13  9  54  3  51  78  36  24  29  4  64  82  25  27  1  83  70  16  84  74  19  75  8  66  67  58  50
   6  14  67  22  52  75  19  30  40  60  26  83  1  27  25  38  20  48  29  68  80  34  51  3  10  9  13  35  85  33  49  46  87  28  65  56  61  37  62  76  55  88  15  42  86  59  44  11  32  18  81  17  12  21  72  43  2  5  77  41  79  57  53  54  47  7  78  36  24  73  4  64  82  69  71  45  39  70  16  84  74  63  31  8  66  23  58  50
   6  16  13  5  43  85  19  21  56  1  62  17  75  22  29  18  48  39  15  40  77  57  63  79  3  8  51  47  66  87  54  55  28  45  31  53  82  11  59  9  24  64  52  20  83  73  76  84  46  4  70  68  33  88  27  72  14  67  60  71  41  50  74  49  12  32  26  10  86  81  38  42  23  2  35  34  61  44  58  36  7  78  30  80  65  25  37  69
   6  20  37  64  65  9  30  11  7  53  58  45  61  55  35  87  23  47  38  8  86  79  26  57  12  40  74  39  41  18  60  22  14  17  27  1  33  21  70  85  46  5  76  16  83  69  52  25  24  80  59  78  82  36  31  44  28  34  54  2  66  42  51  81  3  10  63  32  77  49  15  50  48  71  29  67  75  72  62  88  56  68  19  4  43  84  13  73
   6  22  7  38  76  23  87  54  8  4  2  39  29  15  77  70  12  24  41  20  88  18  63  55  58  45  9  31  65  5  37  86  3  28  69  40  17  57  30  36  27  16  35  34  78  79  60  71  80  74  13  61  84  25  72  47  42  81  49  21  75  53  1  14  11  19  62  44  64  85  68  56  26  33  59  73  83  46  48  52  10  43  67  32  82  51  66  50
   6  22  29  38  32  45  21  54  52  48  2  61  7  37  55  70  56  68  19  64  44  18  85  77  58  23  75  53  43  71  15  86  25  72  47  84  83  35  30  80  49  60  57  34  78  13  16  5  36  74  79  39  40  3  28  69  42  59  27  87  9  31  67  14  33  41  62  88  20  63  24  12  26  11  81  51  17  46  4  8  10  65  1  76  82  73  66  50
   6  22  51  9  33  32  58  5  48  87  52  72  86  78  19  40  28  73  60  42  65  1  63  53  46  50  35  69  75  8  59  68  12  44  13  18  66  64  27  10  7  85  15  55  83  67  38  80  56  57  31  84  41  2  37  17  3  11  70  49  61  16  29  47  24  88  26  36  43  39  54  20  14  81  30  21  77  45  76  71  23  25  62  79  82  4  74  34
   6  22  51  38  76  67  43  54  8  4  2  83  73  59  33  70  12  24  85  20  88  18  19  11  58  1  53  75  21  49  81  86  47  28  25  40  61  13  30  36  71  16  79  34  78  35  60  27  80  74  57  17  84  69  72  3  42  37  5  65  31  9  45  14  55  63  62  44  64  41  68  56  26  77  15  29  39  46  48  52  10  87  23  32  82  7  66  50
   6  30  13  54  56  37  45  78  20  80  66  61  79  69  63  14  48  44  75  16  52  2  53  85  18  15  27  5  67  87  47  38  73  72  7  68  83  11  86  40  65  76  33  26  70  77  32  21  84  42  55  39  24  51  28  29  82  3  43  23  49  71  59  62  41  9  46  8  60  31  88  4  58  19  25  35  17  22  36  64  34  1  81  12  10  57  74  50
   6  30  35  54  12  59  67  78  64  36  66  83  57  3  41  14  4  88  53  60  8  2  75  19  18  81  5  27  45  65  25  38  7  28  73  24  61  77  86  84  87  32  55  26  70  11  76  43  40  42  33  17  68  29  72  51  82  69  21  1  71  49  37  62  63  31  46  52  16  9  44  48  58  85  47  13  39  22  80  20  34  23  15  56  10  79  74  50
   6  30  57  54  56  81  1  78  20  80  66  17  35  25  19  14  48  44  31  16  52  2  9  41  18  59  71  49  23  43  3  38  29  72  51  68  39  55  86  40  21  76  77  26  70  33  32  65  84  42  11  83  24  7  28  73  82  47  87  67  5  27  15  62  85  53  46  8  60  75  88  4  58  63  69  79  61  22  36  64  34  45  37  12  10  13  74  50
   6  30  79  54  12  15  23  78  64  36  66  39  13  47  85  14  4  88  9  60  8  2  31  63  18  37  49  71  1  21  69  38  51  28  29  24  17  33  86  84  43  32  11  26  70  55  76  87  40  42  77  61  68  73  72  7  82  25  65  45  27  5  81  62  19  75  46  52  16  53  44  48  58  41  3  57  83  22  80  20  34  67  59  56  10  35  74  50
   6  32  52  40  65  50  59  18  7  67  31  17  61  88  54  21  23  4  51  5  86  73  63  69  12  64  15  80  41  11  29  36  14  45  62  34  33  87  19  42  46  8  13  10  83  57  37  49  24  39  30  71  82  22  58  72  28  1  35  68  66  85  38  84  3  16  26  20  77  25  74  9  48  78  60  53  75  44  27  55  56  2  70  47  43  81  76  79
   6  34  74  4  82  79  62  25  23  71  76  45  77  21  30  81  14  20  54  39  43  36  26  88  24  47  29  16  61  49  70  11  3  17  37  2  41  84  31  57  56  80  38  67  83  55  15  85  7  10  27  64  66  18  13  44  12  68  59  8  75  69  35  50  46  53  63  1  65  42  60  73  28  40  19  78  86  72  52  87  48  5  58  32  33  9  51  22
   6  38  19  70  36  51  3  14  32  68  42  83  41  35  49  46  84  64  21  12  16  74  43  27  66  73  45  67  69  81  57  78  55  28  33  8  61  53  54  44  15  48  31  18  62  75  4  59  88  10  9  17  52  77  72  11  34  13  37  25  23  1  29  22  71  87  30  60  56  65  20  40  2  5  79  85  39  86  24  76  58  47  7  80  26  63  82  50
   6  38  41  70  80  73  25  14  76  24  42  17  19  57  27  46  40  20  87  56  60  74  65  49  66  51  23  1  47  59  35  78  77  72  11  52  39  31  54  88  37  4  53  18  62  9  48  81  44  10  75  83  8  55  28  33  34  79  15  3  45  67  7  22  5  21  30  16  12  43  64  84  2  71  13  63  61  86  68  32  58  69  29  36  26  85  82  50
   6  38  63  70  36  7  47  14  32  68  42  39  85  79  5  46  84  64  65  12  16  74  87  71  66  29  1  23  25  37  13  78  11  28  77  8  17  9  54  44  59  48  75  18  62  31  4  15  88  10  53  61  52  33  72  55  34  57  81  69  67  45  73  22  27  43  30  60  56  21  20  40  2  49  35  41  83  86  24  76  58  3  51  80  26  19  82  50
   6  38  85  70  80  29  69  14  76  24  42  61  63  13  71  46  40  20  43  56  60  74  21  5  66  7  67  45  3  15  79  78  33  72  55  52  83  75  54  88  81  4  9  18  62  53  48  37  44  10  31  39  8  11  28  77  34  35  59  47  1  23  51  22  49  65  30  16  12  87  64  84  2  27  57  19  17  86  68  32  58  25  73  36  26  41  82  50
   6  39  31  68  86  25  29  55  46  32  30  17  66  73  74  36  56  8  52  71  61  85  63  9  14  2  13  40  82  88  38  69  48  45  70  10  65  22  54  84  12  78  62  47  83  50  58  21  3  64  60  34  43  57  59  72  23  16  15  53  33  81  37  18  28  4  26  80  75  87  76  49  7  1  51  20  41  44  19  79  24  67  35  5  77  11  27  42
   6  40  59  67  61  21  51  73  12  80  29  45  33  42  13  57  24  71  58  1  66  84  26  25  48  53  27  2  43  79  52  50  7  17  54  4  86  69  15  11  14  34  19  8  83  49  30  22  28  68  38  16  77  9  60  44  56  47  76  32  65  18  31  88  23  5  63  64  41  36  62  87  46  10  37  39  82  72  35  85  3  20  74  78  75  55  70  81
   6  42  27  11  77  5  35  67  24  79  19  44  41  20  51  1  7  49  76  87  75  80  26  4  28  18  37  81  33  53  15  16  23  72  59  57  43  34  60  64  3  21  58  50  83  47  62  78  12  84  54  22  65  10  70  45  48  69  38  88  82  40  13  2  14  9  63  85  61  71  52  8  56  36  74  73  66  17  30  32  46  55  29  25  86  68  31  39
   6  46  3  86  60  43  27  38  88  12  18  83  25  67  57  78  76  40  77  52  24  58  11  35  26  65  85  19  5  9  1  30  15  28  81  80  61  29  22  4  31  64  7  10  54  51  20  75  48  66  73  17  36  37  72  59  74  45  53  49  63  41  21  70  79  55  14  68  8  33  84  32  34  13  23  69  39  62  56  44  82  71  87  16  42  47  2  50
   6  46  25  86  16  65  49  38  44  56  18  17  3  1  35  78  32  84  55  8  68  58  33  57  26  43  63  41  71  75  67  30  37  72  59  36  39  7  22  48  53  20  29  10  54  73  64  9  4  66  51  83  80  15  28  81  74  23  31  27  85  19  87  70  13  77  14  24  52  11  40  76  34  79  45  47  61  62  12  88  82  5  21  60  42  69  2  50
   6  46  47  86  60  87  71  38  88  12  18  39  69  23  13  78  76  40  33  52  24  58  55  79  26  21  41  63  49  53  45  30  59  28  37  80  17  73  22  4  75  64  51  10  54  7  20  31  48  66  29  61  36  81  72  15  74  1  9  5  19  85  65  70  35  11  14  68  8  77  84  32  34  57  67  25  83  62  56  44  82  27  43  16  42  3  2  50
   6  46  69  86  16  21  5  38  44  56  18  61  47  45  79  78  32  84  11  8  68  58  77  13  26  87  19  85  27  31  23  30  81  72  15  36  83  51  22  48  9  20  73  10  54  29  64  53  4  66  7  39  80  59  28  37  74  67  75  71  41  63  43  70  57  33  14  24  52  55  40  76  34  35  1  3  17  62  12  88  82  49  65  60  42  25  2  50
   6  47  27  78  77  84  35  22  24  10  19  45  41  69  51  88  7  40  76  2  75  9  26  85  28  71  37  8  33  36  15  73  23  17  59  32  43  55  60  25  3  68  58  39  83  42  62  11  12  5  54  67  65  79  70  44  48  20  38  1  82  49  13  87  14  80  63  4  61  18  52  81  56  53  74  16  66  72  30  57  46  34  29  64  86  21  31  50
   6  49  59  22  61  68  51  16  12  9  29  44  33  47  13  32  24  18  58  88  66  5  26  64  48  36  27  87  43  10  52  39  7  72  54  85  86  20  15  78  14  55  19  81  83  40  30  67  28  21  38  73  77  80  60  45  56  42  76  57  65  71  31  1  23  84  63  25  41  53  62  2  46  79  37  50  82  17  35  4  3  69  74  11  75  34  70  8
   6  50  31  21  86  64  29  34  46  57  30  72  66  16  74  53  56  81  52  18  61  4  63  80  14  87  13  49  82  1  38  20  48  44  70  79  65  67  54  5  12  11  62  42  83  39  58  68  3  25  60  55  43  32  59  17  23  73  15  36  33  8  37  71  28  85  26  9  75  2  76  40  7  88  51  69  41  45  19  10  24  22  35  84  77  78  27  47
   6  54  9  14  40  57  73  62  12  88  82  17  75  33  43  22  24  60  23  48  76  42  1  65  74  35  15  81  7  3  11  70  85  72  19  20  39  71  78  8  69  36  5  2  46  49  80  25  52  34  27  83  64  63  28  41  26  55  47  51  37  59  79  30  21  45  86  32  4  67  16  68  66  87  77  31  61  38  44  56  18  29  13  84  58  53  10  50
   6  54  31  14  84  79  7  62  56  44  82  39  53  55  21  22  68  16  1  4  32  42  23  87  74  13  81  15  73  69  77  70  19  28  85  64  17  49  78  52  3  80  27  2  46  71  36  47  8  34  5  61  20  41  72  63  26  33  25  29  59  37  57  30  43  67  86  76  48  45  60  24  66  65  11  9  83  38  88  12  18  51  35  40  58  75  10  50
   6  54  53  14  40  13  29  62  12  88  82  61  31  77  87  22  24  60  67  48  76  42  45  21  74  79  59  37  51  47  55  70  41  72  63  20  83  27  78  8  25  36  49  2  46  5  80  69  52  34  71  39  64  19  28  85  26  11  3  7  81  15  35  30  65  1  86  32  4  23  16  68  66  43  33  75  17  38  44  56  18  73  57  84  58  9  10  50
   6  54  75  14  84  35  51  62  56  44  82  83  9  11  65  22  68  16  45  4  32  42  67  43  74  57  37  59  29  25  33  70  63  28  41  64  61  5  78  52  47  80  71  2  46  27  36  3  8  34  49  17  20  85  72  19  26  77  69  73  15  81  13  30  87  23  86  76  48  1  60  24  66  21  55  53  39  38  88  12  18  7  79  40  58  31  10  50
   6  55  74  85  82  10  62  64  23  18  76  44  77  68  30  8  14  69  54  50  43  53  26  1  24  42  29  73  61  40  70  78  3  72  37  87  41  5  31  32  56  9  38  22  83  34  15  4  7  79  27  25  66  71  13  45  12  21  59  81  75  20  35  39  46  36  63  88  65  47  60  16  28  49  19  11  86  17  52  2  48  84  58  57  33  80  51  67
   6  57  52  49  65  39  59  71  7  22  31  72  61  1  54  68  23  85  51  84  86  16  63  20  12  25  15  9  41  78  29  53  14  44  62  55  33  2  19  47  46  81  13  79  83  32  37  40  24  50  30  18  82  67  58  17  28  88  35  21  66  4  38  5  3  73  26  69  77  64  74  80  48  11  60  36  75  45  27  34  56  87  70  42  43  8  76  10
   6  62  15  30  20  71  31  86  24  76  58  39  37  87  29  54  60  80  57  44  40  26  79  7  34  5  33  55  9  85  21  22  67  28  45  48  17  25  46  12  19  8  3  82  38  47  52  63  56  2  69  61  4  1  72  23  66  65  41  53  11  77  49  78  51  35  70  84  88  13  36  16  10  73  43  81  83  14  32  68  42  75  27  64  74  59  18  50
   6  62  37  30  64  5  53  86  68  32  58  61  15  21  7  54  16  36  35  88  84  26  13  29  34  71  11  77  75  63  87  22  1  72  23  4  83  3  46  56  41  52  25  82  38  69  8  85  12  2  47  39  48  67  28  45  66  43  19  31  33  55  27  78  73  57  70  40  44  79  80  60  10  51  65  59  17  14  76  24  42  9  49  20  74  81  18  50
   6  62  59  30  20  27  75  86  24  76  58  83  81  43  73  54  60  80  13  44  40  26  35  51  34  49  77  11  53  41  65  22  23  28  1  48  61  69  46  12  63  8  47  82  38  3  52  19  56  2  25  17  4  45  72  67  66  21  85  9  55  33  5  78  7  79  70  84  88  57  36  16  10  29  87  37  39  14  32  68  42  31  71  64  74  15  18  50
   6  62  81  30  64  49  9  86  68  32  58  17  59  65  51  54  16  36  79  88  84  26  57  73  34  27  55  33  31  19  43  22  45  72  67  4  39  47  46  56  85  52  69  82  38  25  8  41  12  2  3  83  48  23  28  1  66  87  63  75  77  11  71  78  29  13  70  40  44  35  80  60  10  7  21  15  61  14  76  24  42  53  5  20  74  37  18  50
   6  67  51  80  33  57  58  84  48  2  52  17  86  11  19  49  28  16  60  47  65  88  63  36  46  39  35  20  75  81  59  21  12  45  13  71  66  25  27  79  7  4  15  34  83  22  38  9  56  32  31  5  41  87  37  72  3  78  70  40  61  73  29  42  24  1  26  53  43  50  54  69  14  8  30  68  77  44  76  18  23  64  62  10  82  85  74  55
   6  69  37  25  65  80  30  78  7  36  58  44  61  34  35  2  23  42  38  81  86  10  26  32  12  49  74  50  41  71  60  67  14  72  27  88  33  68  70  4  46  84  76  73  83  20  52  64  24  9  59  11  82  53  31  45  28  55  54  87  66  47  51  8  3  79  63  57  77  40  15  39  48  18  29  22  75  17  62  1  56  21  19  85  43  5  13  16
   6  73  13  84  43  4  19  68  56  88  62  72  75  67  29  71  48  50  15  49  77  32  63  10  3  81  51  42  66  2  54  34  28  44  31  36  82  78  59  80  24  25  52  69  83  16  76  5  46  85  70  21  33  1  27  17  14  22  60  18  41  39  74  40  12  57  26  79  86  8  38  47  23  87  35  55  61  45  58  53  7  11  30  9  65  64  37  20
   6  78  5  62  24  77  13  46  4  8  10  61  71  85  23  30  88  76  59  80  12  82  37  45  42  55  3  69  35  7  63  14  9  72  31  60  83  43  70  64  73  84  65  66  22  21  40  29  20  26  87  39  16  75  28  53  58  19  51  79  25  47  11  86  1  81  38  56  36  15  32  44  74  67  41  27  17  54  52  48  2  57  33  68  18  49  34  50
   6  78  27  62  68  11  35  46  48  52  10  83  49  19  1  30  44  32  37  36  56  82  59  67  42  33  69  3  13  73  41  14  31  28  9  16  61  21  70  20  7  40  87  66  22  43  84  51  64  26  65  17  60  53  72  75  58  85  29  57  47  25  77  86  23  15  38  12  80  81  76  88  74  45  63  5  39  54  8  4  2  79  55  24  18  71  34  50
   6  78  49  62  24  33  57  46  4  8  10  17  27  41  67  30  88  76  15  80  12  82  81  1  42  11  47  25  79  51  19  14  53  72  75  60  39  87  70  64  29  84  21  66  22  65  40  73  20  26  43  83  16  31  28  9  58  63  7  35  69  3  55  86  45  37  38  56  36  59  32  44  74  23  85  71  61  54  52  48  2  13  77  68  18  5  34  50
   6  78  71  62  68  55  79  46  48  52  10  39  5  63  45  30  44  32  81  36  56  82  15  23  42  77  25  47  57  29  85  14  75  28  53  16  17  65  70  20  51  40  43  66  22  87  84  7  64  26  21  61  60  9  72  31  58  41  73  13  3  69  33  86  67  59  38  12  80  37  76  88  74  1  19  49  83  54  8  4  2  35  11  24  18  27  34  50
   6  79  76  81  43  47  70  2  56  55  27  44  75  53  60  78  48  9  74  25  77  20  26  16  3  84  38  85  66  68  35  1  28  72  58  22  82  71  30  39  24  49  37  57  83  10  13  8  46  42  19  87  33  34  62  45  14  36  29  11  41  80  15  64  12  69  63  73  86  5  51  4  23  21  54  88  61  17  31  67  7  18  59  50  65  40  52  32
   6  81  70  55  75  78  74  20  3  85  35  72  82  39  37  10  46  87  62  36  41  64  63  5  23  88  31  18  65  32  76  47  56  44  60  9  77  16  38  68  28  22  30  49  83  8  19  34  14  11  15  69  86  4  54  17  7  50  52  79  43  2  27  53  48  25  26  84  66  1  58  71  24  57  13  42  33  45  29  80  12  73  51  21  61  67  59  40
   6  85  62  18  77  8  54  53  24  73  70  72  41  32  38  34  7  25  13  21  75  39  63  47  28  11  52  84  33  67  74  10  23  44  30  69  43  1  29  40  3  87  31  9  83  4  27  71  12  81  35  36  65  16  19  17  48  57  51  55  82  64  76  68  14  50  26  42  61  78  37  5  56  22  15  79  66  45  59  20  46  88  60  49  86  2  58  80
   6  86  11  78  4  3  59  70  16  84  74  83  33  51  9  62  36  8  5  76  64  66  27  75  2  25  21  43  37  1  73  54  79  28  57  88  61  85  38  68  23  56  63  58  14  19  12  67  24  82  41  17  44  13  72  35  10  29  45  81  87  65  69  46  31  71  22  20  32  49  52  80  18  53  7  77  39  30  40  60  26  15  47  48  34  55  42  50
   6  86  33  78  48  25  81  70  60  40  74  17  11  73  75  62  80  52  71  32  20  66  49  9  2  3  87  65  15  67  51  54  13  72  35  44  39  63  38  24  45  12  85  58  14  41  56  1  68  82  19  83  88  79  28  57  10  7  23  59  21  43  47  46  53  5  22  64  76  27  8  36  18  31  29  55  61  30  84  16  26  37  69  4  34  77  42  50
   6  86  55  78  4  47  15  70  16  84  74  39  77  7  53  62  36  8  49  76  64  66  71  31  2  69  65  87  81  45  29  54  35  28  13  88  17  41  38  68  67  56  19  58  14  63  12  23  24  82  85  61  44  57  72  79  10  73  1  37  43  21  25  46  75  27  22  20  32  5  52  80  18  9  51  33  83  30  40  60  26  59  3  48  34  11  42  50
   6  86  77  78  48  69  37  70  60  40  74  61  55  29  31  62  80  52  27  32  20  66  5  53  2  47  43  21  59  23  7  54  57  72  79  44  83  19  38  24  1  12  41  58  14  85  56  45  68  82  63  39  88  35  28  13  10  51  67  15  65  87  3  46  9  49  22  64  76  71  8  36  18  75  73  11  17  30  84  16  26  81  25  4  34  33  42  50
   6  87  60  69  66  67  37  47  14  25  51  72  65  8  27  80  3  88  30  79  33  78  63  68  7  57  70  36  77  4  58  40  46  44  15  84  61  39  76  34  48  73  35  18  83  2  29  20  23  22  52  42  75  64  38  17  24  81  62  9  86  1  59  10  56  11  26  21  82  32  19  53  12  85  31  49  43  45  74  5  28  50  13  55  41  16  54  71
   7  2  26  71  33  73  59  55  3  39  62  5  65  44  38  49  14  4  52  53  66  57  29  21  6  78  35  10  41  88  76  9  28  8  15  17  43  25  58  42  12  67  70  20  82  87  63  18  56  16  30  34  86  50  27  84  24  45  51  40  75  85  37  36  23  32  60  68  83  11  54  79  48  1  13  80  61  81  74  72  46  64  31  47  77  22  19  69
   7  4  15  34  83  22  38  9  56  32  31  5  41  87  37  72  3  78  70  40  61  73  29  42  24  1  26  53  43  50  54  69  14  8  30  68  77  44  76  18  23  64  62  10  82  85  74  55  6  67  51  80  33  57  58  84  48  2  52  17  86  11  19  49  28  16  60  47  65  88  63  36  46  39  35  20  75  81  59  21  12  45  13  71  66  25  27  79
   7  9  37  73  43  68  62  67  48  49  63  81  66  34  31  78  24  69  76  85  33  17  60  39  12  79  38  87  61  53  30  64  6  84  19  88  75  71  15  32  3  42  54  44  82  80  52  16  46  21  27  22  41  40  26  8  23  55  58  11  65  20  13  4  56  72  29  50  77  10  51  2  28  36  59  25  83  5  70  1  14  18  74  57  86  47  35  45
   7  11  30  9  65  64  37  20  6  73  13  84  43  4  19  68  56  88  62  72  75  67  29  71  48  50  15  49  77  32  63  10  3  81  51  42  66  2  54  34  28  44  31  36  82  78  59  80  24  25  52  69  83  16  76  5  46  85  70  21  33  1  27  17  14  22  60  18  41  39  74  40  12  57  26  79  86  8  38  47  23  87  35  55  61  45  58  53
   7  15  2  23  9  10  42  31  85  17  27  18  68  50  4  39  65  5  8  25  37  35  74  26  11  76  80  58  64  12  28  47  22  73  44  13  40  16  63  33  78  45  38  43  87  82  1  34  77  19  60  84  57  88  29  66  3  72  56  20  14  36  32  55  70  30  79  81  69  52  49  21  83  48  6  24  62  71  61  41  75  86  54  53  67  46  59  51
   7  15  24  23  53  32  64  31  41  61  27  40  46  72  70  39  21  49  74  69  81  35  8  48  11  54  58  80  42  78  6  47  44  29  22  57  18  82  63  77  12  1  60  43  87  16  45  56  33  19  38  62  13  66  73  88  3  50  34  86  36  14  10  55  4  52  79  37  25  30  5  65  83  26  28  2  84  71  17  85  75  20  76  9  67  68  59  51
   7  15  46  23  9  54  86  31  85  17  27  62  24  6  48  39  65  5  52  25  37  35  30  70  11  32  36  14  20  56  72  47  66  73  88  13  84  60  63  33  34  45  82  43  87  38  1  78  77  19  16  40  57  44  29  22  3  28  12  64  58  80  76  55  26  74  79  81  69  8  49  21  83  4  50  68  18  71  61  41  75  42  10  53  67  2  59  51
   7  15  68  23  53  76  20  31  41  61  27  84  2  28  26  39  21  49  30  69  81  35  52  4  11  10  14  36  86  34  50  47  88  29  66  57  62  38  63  77  56  1  16  43  87  60  45  12  33  19  82  18  13  22  73  44  3  6  78  42  80  58  54  55  48  8  79  37  25  74  5  65  83  70  72  46  40  71  17  85  75  64  32  9  67  24  59  51
   7  17  54  4  86  69  15  11  14  34  19  8  83  49  30  22  28  68  38  16  77  9  60  44  56  47  76  32  65  18  31  88  23  5  63  64  41  36  62  87  46  10  37  39  82  72  35  85  3  20  74  78  75  55  70  81  6  40  59  67  61  21  51  73  12  80  29  45  33  42  13  57  24  71  58  1  66  84  26  25  48  53  27  2  43  79  52  50
   7  21  63  11  33  10  30  1  3  9  27  81  65  17  51  64  14  42  37  22  66  20  60  2  6  18  54  73  41  34  13  39  28  84  74  44  43  40  31  4  12  36  19  57  82  68  26  78  56  79  59  88  86  80  62  8  24  72  38  25  75  47  52  67  23  69  29  87  83  71  35  16  48  55  76  50  61  5  15  45  46  49  58  85  77  53  70  32
   7  23  8  39  77  24  88  55  9  5  3  40  30  16  78  71  13  25  42  21  1  19  64  56  59  46  10  32  66  6  38  87  4  29  70  41  18  58  31  37  28  17  36  35  79  80  61  72  81  75  14  62  85  26  73  48  43  82  50  22  76  54  2  15  12  20  63  45  65  86  69  57  27  34  60  74  84  47  49  53  11  44  68  33  83  52  67  51
   7  23  30  39  33  46  22  55  53  49  3  62  8  38  56  71  57  69  20  65  45  19  86  78  59  24  76  54  44  72  16  87  26  73  48  85  84  36  31  81  50  61  58  35  79  14  17  6  37  75  80  40  41  4  29  70  43  60  28  88  10  32  68  15  34  42  63  1  21  64  25  13  27  12  82  52  18  47  5  9  11  66  2  77  83  74  67  51
   7  23  52  39  77  68  44  55  9  5  3  84  74  60  34  71  13  25  86  21  1  19  20  12  59  2  54  76  22  50  82  87  48  29  26  41  62  14  31  37  72  17  80  35  79  36  61  28  81  75  58  18  85  70  73  4  43  38  6  66  32  10  46  15  56  64  63  45  65  42  69  57  27  78  16  30  40  47  49  53  11  88  24  33  83  8  67  51
   7  23  74  39  33  2  66  55  53  49  3  18  52  82  12  71  57  69  64  65  45  19  42  34  59  68  32  10  88  28  60  87  70  73  4  85  40  80  31  81  6  61  14  35  79  58  17  50  37  75  36  84  41  48  29  26  43  16  72  44  54  76  24  15  78  86  63  1  21  20  25  13  27  56  38  8  62  47  5  9  11  22  46  77  83  30  67  51
   7  25  13  21  75  39  63  47  28  11  52  84  33  67  74  10  23  44  30  69  43  1  29  40  3  87  31  9  83  4  27  71  12  81  35  36  65  16  19  17  48  57  51  55  82  64  76  68  14  50  26  42  61  78  37  5  56  22  15  79  66  45  59  20  46  88  60  49  86  2  58  80  6  85  62  18  77  8  54  53  24  73  70  72  41  32  38  34
   7  31  14  55  57  38  46  79  21  81  67  62  80  70  64  15  49  45  76  17  53  3  54  86  19  16  28  6  68  88  48  39  74  73  8  69  84  12  87  41  66  77  34  27  71  78  33  22  85  43  56  40  25  52  29  30  83  4  44  24  50  72  60  63  42  10  47  9  61  32  1  5  59  20  26  36  18  23  37  65  35  2  82  13  11  58  75  51
   7  31  36  55  13  60  68  79  65  37  67  84  58  4  42  15  5  1  54  61  9  3  76  20  19  82  6  28  46  66  26  39  8  29  74  25  62  78  87  85  88  33  56  27  71  12  77  44  41  43  34  18  69  30  73  52  83  70  22  2  72  50  38  63  64  32  47  53  17  10  45  49  59  86  48  14  40  23  81  21  35  24  16  57  11  80  75  51
   7  31  58  55  57  82  2  79  21  81  67  18  36  26  20  15  49  45  32  17  53  3  10  42  19  60  72  50  24  44  4  39  30  73  52  69  40  56  87  41  22  77  78  27  71  34  33  66  85  43  12  84  25  8  29  74  83  48  88  68  6  28  16  63  86  54  47  9  61  76  1  5  59  64  70  80  62  23  37  65  35  46  38  13  11  14  75  51
   7  31  80  55  13  16  24  79  65  37  67  40  14  48  86  15  5  1  10  61  9  3  32  64  19  38  50  72  2  22  70  39  52  29  30  25  18  34  87  85  44  33  12  27  71  56  77  88  41  43  78  62  69  74  73  8  83  26  66  46  28  6  82  63  20  76  47  53  17  54  45  49  59  42  4  58  84  23  81  21  35  68  60  57  11  36  75  51
   7  34  38  32  41  72  70  73  24  53  54  8  77  18  62  85  6  80  58  2  86  49  60  88  46  20  59  45  66  79  15  22  56  5  37  78  61  42  26  50  14  68  76  64  82  55  51  57  48  17  19  16  65  36  35  81  12  71  27  4  83  9  31  87  3  40  29  1  43  69  30  44  23  10  74  67  33  84  52  11  28  47  63  39  75  21  13  25
   7  36  58  44  61  34  35  2  23  42  38  81  86  10  26  32  12  49  74  50  41  71  60  67  14  72  27  88  33  68  70  4  46  84  76  73  83  20  52  64  24  9  59  11  82  53  31  45  28  55  54  87  66  47  51  8  3  79  63  57  77  40  15  39  48  18  29  22  75  17  62  1  56  21  19  85  43  5  13  16  6  69  37  25  65  80  30  78
   7  39  20  71  37  52  4  15  33  69  43  84  42  36  50  47  85  65  22  13  17  75  44  28  67  74  46  68  70  82  58  79  56  29  34  9  62  54  55  45  16  49  32  19  63  76  5  60  1  11  10  18  53  78  73  12  35  14  38  26  24  2  30  23  72  88  31  61  57  66  21  41  3  6  80  86  40  87  25  77  59  48  8  81  27  64  83  51
   7  39  42  71  81  74  26  15  77  25  43  18  20  58  28  47  41  21  88  57  61  75  66  50  67  52  24  2  48  60  36  79  78  73  12  53  40  32  55  1  38  5  54  19  63  10  49  82  45  11  76  84  9  56  29  34  35  80  16  4  46  68  8  23  6  22  31  17  13  44  65  85  3  72  14  64  62  87  69  33  59  70  30  37  27  86  83  51
   7  39  52  10  43  87  27  36  48  64  26  5  66  88  58  18  24  32  13  47  33  44  29  9  12  16  51  68  61  22  59  49  6  8  70  34  75  11  74  69  3  4  35  17  82  50  37  79  46  2  62  53  41  25  63  84  23  1  31  71  65  57  76  42  56  45  60  80  77  73  38  21  28  67  30  40  83  81  19  55  14  78  15  20  86  85  54  72
   7  39  64  71  37  8  48  15  33  69  43  40  86  80  6  47  85  65  66  13  17  75  88  72  67  30  2  24  26  38  14  79  12  29  78  9  18  10  55  45  60  49  76  19  63  32  5  16  1  11  54  62  53  34  73  56  35  58  82  70  68  46  74  23  28  44  31  61  57  22  21  41  3  50  36  42  84  87  25  77  59  4  52  81  27  20  83  51
   7  39  86  71  81  30  70  15  77  25  43  62  64  14  72  47  41  21  44  57  61  75  22  6  67  8  68  46  4  16  80  79  34  73  56  53  84  76  55  1  82  5  10  19  63  54  49  38  45  11  32  40  9  12  29  78  35  36  60  48  2  24  52  23  50  66  31  17  13  88  65  85  3  28  58  20  18  87  69  33  59  26  74  37  27  42  83  51
   7  44  35  42  86  32  74  71  14  88  70  84  83  64  59  53  28  87  51  79  77  39  29  17  56  85  13  69  65  78  58  34  23  81  26  49  41  67  27  68  46  73  52  9  82  45  54  47  3  57  15  18  75  1  19  5  6  25  30  36  61  2  38  10  12  50  60  72  33  4  76  20  24  11  31  55  66  8  63  40  48  22  62  21  43  16  37  80
   7  45  35  47  86  57  74  18  14  1  70  5  83  25  59  36  28  2  51  10  77  50  29  72  56  4  13  20  65  11  58  55  23  8  26  40  41  22  27  21  46  16  52  80  82  44  54  42  3  32  15  71  75  88  19  84  6  64  30  53  61  87  38  79  12  39  60  17  33  85  76  69  24  78  31  34  66  81  63  49  48  67  62  68  43  73  37  9
   7  47  26  87  17  66  50  39  45  57  19  18  4  2  36  79  33  85  56  9  69  59  34  58  27  44  64  42  72  76  68  31  38  73  60  37  40  8  23  49  54  21  30  11  55  74  65  10  5  67  52  84  81  16  29  82  75  24  32  28  86  20  88  71  14  78  15  25  53  12  41  77  35  80  46  48  62  63  13  1  83  6  22  61  43  70  3  51
   7  47  70  87  17  22  6  39  45  57  19  62  48  46  80  79  33  85  12  9  69  59  78  14  27  88  20  86  28  32  24  31  82  73  16  37  84  52  23  49  10  21  74  11  55  30  65  54  5  67  8  40  81  60  29  38  75  68  76  72  42  64  44  71  58  34  15  25  53  56  41  77  35  36  2  4  18  63  13  1  83  50  66  61  43  26  3  51
   7  50  52  79  43  2  27  53  48  25  26  84  66  1  58  71  24  57  13  42  33  45  29  80  12  73  51  21  61  67  59  40  6  81  70  55  75  78  74  20  3  85  35  72  82  39  37  10  46  87  62  36  41  64  63  5  23  88  31  18  65  32  76  47  56  44  60  9  77  16  38  68  28  22  30  49  83  8  19  34  14  11  15  69  86  4  54  17
   7  53  58  45  61  55  35  87  23  47  38  8  86  79  26  57  12  40  74  39  41  18  60  22  14  17  27  1  33  21  70  85  46  5  76  16  83  69  52  25  24  80  59  78  82  36  31  44  28  34  54  2  66  42  51  81  3  10  63  32  77  49  15  50  48  71  29  67  75  72  62  88  56  68  19  4  43  84  13  73  6  20  37  64  65  9  30  11
   7  55  10  15  41  58  74  63  13  1  83  18  76  34  44  23  25  61  24  49  77  43  2  66  75  36  16  82  8  4  12  71  86  73  20  21  40  72  79  9  70  37  6  3  47  50  81  26  53  35  28  84  65  64  29  42  27  56  48  52  38  60  80  31  22  46  87  33  5  68  17  69  67  88  78  32  62  39  45  57  19  30  14  85  59  54  11  51
   7  55  32  15  85  80  8  63  57  45  83  40  54  56  22  23  69  17  2  5  33  43  24  88  75  14  82  16  74  70  78  71  20  29  86  65  18  50  79  53  4  81  28  3  47  72  37  48  9  35  6  62  21  42  73  64  27  34  26  30  60  38  58  31  44  68  87  77  49  46  61  25  67  66  12  10  84  39  1  13  19  52  36  41  59  76  11  51
   7  55  38  57  41  17  70  16  24  36  54  81  77  71  62  4  6  9  58  87  86  40  60  1  46  69  59  44  66  10  15  67  56  84  37  11  61  47  26  39  14  21  76  25  82  34  51  32  48  72  19  73  65  53  35  8  12  18  27  85  83  80  31  2  3  49  29  88  43  20  30  45  23  79  74  22  33  5  52  78  28  42  63  50  75  68  13  64
   7  55  54  15  41  14  30  63  13  1  83  62  32  78  88  23  25  61  68  49  77  43  46  22  75  80  60  38  52  48  56  71  42  73  64  21  84  28  79  9  26  37  50  3  47  6  81  70  53  35  72  40  65  20  29  86  27  12  4  8  82  16  36  31  66  2  87  33  5  24  17  69  67  44  34  76  18  39  45  57  19  74  58  85  59  10  11  51
   7  55  76  15  85  36  52  63  57  45  83  84  10  12  66  23  69  17  46  5  33  43  68  44  75  58  38  60  30  26  34  71  64  29  42  65  62  6  79  53  48  81  72  3  47  28  37  4  9  35  50  18  21  86  73  20  27  78  70  74  16  82  14  31  88  24  87  77  49  2  61  25  67  22  56  54  40  39  1  13  19  8  80  41  59  32  11  51
   7  63  16  31  21  72  32  87  25  77  59  40  38  88  30  55  61  81  58  45  41  27  80  8  35  6  34  56  10  86  22  23  68  29  46  49  18  26  47  13  20  9  4  83  39  48  53  64  57  3  70  62  5  2  73  24  67  66  42  54  12  78  50  79  52  36  71  85  1  14  37  17  11  74  44  82  84  15  33  69  43  76  28  65  75  60  19  51
   7  63  38  31  65  6  54  87  69  33  59  62  16  22  8  55  17  37  36  1  85  27  14  30  35  72  12  78  76  64  88  23  2  73  24  5  84  4  47  57  42  53  26  83  39  70  9  86  13  3  48  40  49  68  29  46  67  44  20  32  34  56  28  79  74  58  71  41  45  80  81  61  11  52  66  60  18  15  77  25  43  10  50  21  75  82  19  51
   7  63  60  31  21  28  76  87  25  77  59  84  82  44  74  55  61  81  14  45  41  27  36  52  35  50  78  12  54  42  66  23  24  29  2  49  62  70  47  13  64  9  48  83  39  4  53  20  57  3  26  18  5  46  73  68  67  22  86  10  56  34  6  79  8  80  71  85  1  58  37  17  11  30  88  38  40  15  33  69  43  32  72  65  75  16  19  51
   7  63  82  31  65  50  10  87  69  33  59  18  60  66  52  55  17  37  80  1  85  27  58  74  35  28  56  34  32  20  44  23  46  73  68  5  40  48  47  57  86  53  70  83  39  26  9  42  13  3  4  84  49  24  29  2  67  88  64  76  78  12  72  79  30  14  71  41  45  36  81  61  11  8  22  16  62  15  77  25  43  54  6  21  75  38  19  51
   7  64  13  68  75  50  63  42  28  78  52  5  33  22  74  79  23  45  30  20  43  88  29  49  3  2  31  80  83  85  27  18  12  8  35  53  65  73  19  72  48  32  51  34  82  25  76  21  14  39  26  47  61  11  37  84  56  67  15  10  66  44  59  69  46  1  60  40  86  87  58  9  6  4  62  71  77  81  54  36  24  16  70  17  41  57  38  55
   7  68  63  78  33  79  30  88  3  80  27  8  65  72  51  25  14  47  37  67  66  69  60  87  6  71  54  16  41  55  13  50  28  5  74  45  43  49  31  85  12  53  19  32  82  21  26  11  56  10  59  1  86  9  62  81  24  17  38  64  75  42  52  22  23  20  29  2  83  18  35  73  48  34  76  39  61  84  15  44  46  40  58  4  77  36  70  57
   7  72  54  85  86  20  15  78  14  55  19  81  83  40  30  67  28  21  38  73  77  80  60  45  56  42  76  57  65  71  31  1  23  84  63  25  41  53  62  2  46  79  37  50  82  17  35  4  3  69  74  11  75  34  70  8  6  49  59  22  61  68  51  16  12  9  29  44  33  47  13  32  24  18  58  88  66  5  26  64  48  36  27  87  43  10  52  39
   7  78  30  80  65  25  37  69  6  16  13  5  43  85  19  21  56  1  62  17  75  22  29  18  48  39  15  40  77  57  63  79  3  8  51  47  66  87  54  55  28  45  31  53  82  11  59  9  24  64  52  20  83  73  76  84  46  4  70  68  33  88  27  72  14  67  60  71  41  50  74  49  12  32  26  10  86  81  38  42  23  2  35  34  61  44  58  36
   7  79  6  63  25  78  14  47  5  9  11  62  72  86  24  31  1  77  60  81  13  83  38  46  43  56  4  70  36  8  64  15  10  73  32  61  84  44  71  65  74  85  66  67  23  22  41  30  21  27  88  40  17  76  29  54  59  20  52  80  26  48  12  87  2  82  39  57  37  16  33  45  75  68  42  28  18  55  53  49  3  58  34  69  19  50  35  51
   7  79  28  63  69  12  36  47  49  53  11  84  50  20  2  31  45  33  38  37  57  83  60  68  43  34  70  4  14  74  42  15  32  29  10  17  62  22  71  21  8  41  88  67  23  44  85  52  65  27  66  18  61  54  73  76  59  86  30  58  48  26  78  87  24  16  39  13  81  82  77  1  75  46  64  6  40  55  9  5  3  80  56  25  19  72  35  51
   7  79  50  63  25  34  58  47  5  9  11  18  28  42  68  31  1  77  16  81  13  83  82  2  43  12  48  26  80  52  20  15  54  73  76  61  40  88  71  65  30  85  22  67  23  66  41  74  21  27  44  84  17  32  29  10  59  64  8  36  70  4  56  87  46  38  39  57  37  60  33  45  75  24  86  72  62  55  53  49  3  14  78  69  19  6  35  51
   7  79  72  63  69  56  80  47  49  53  11  40  6  64  46  31  45  33  82  37  57  83  16  24  43  78  26  48  58  30  86  15  76  29  54  17  18  66  71  21  52  41  44  67  23  88  85  8  65  27  22  62  61  10  73  32  59  42  74  14  4  70  34  87  68  60  39  13  81  38  77  1  75  2  20  50  84  55  9  5  3  36  12  25  19  28  35  51
   7  80  37  16  43  21  62  22  48  40  63  8  66  55  31  11  24  20  76  4  33  72  60  50  12  10  38  2  61  36  30  25  6  5  19  1  75  18  15  57  3  47  54  45  82  9  52  73  46  68  27  67  41  49  26  81  23  34  58  78  65  69  13  85  56  17  29  39  77  79  51  87  28  53  59  64  83  84  70  88  14  71  74  32  86  42  35  44
   7  85  15  55  83  67  38  80  56  57  31  84  41  2  37  17  3  11  70  49  61  16  29  47  24  88  26  36  43  39  54  20  14  81  30  21  77  45  76  71  23  25  62  79  82  4  74  34  6  22  51  9  33  32  58  5  48  87  52  72  86  78  19  40  28  73  60  42  65  1  63  53  46  50  35  69  75  8  59  68  12  44  13  18  66  64  27  10
   7  87  12  79  5  4  60  71  17  85  75  84  34  52  10  63  37  9  6  77  65  67  28  76  3  26  22  44  38  2  74  55  80  29  58  1  62  86  39  69  24  57  64  59  15  20  13  68  25  83  42  18  45  14  73  36  11  30  46  82  88  66  70  47  32  72  23  21  33  50  53  81  19  54  8  78  40  31  41  61  27  16  48  49  35  56  43  51
   7  87  26  18  33  16  59  34  3  50  62  84  65  45  38  40  14  85  52  36  66  32  29  68  6  11  35  79  41  1  76  80  28  81  15  72  43  64  58  47  12  22  70  69  82  2  63  71  56  73  30  55  86  39  27  5  24  44  51  49  75  4  37  53  23  57  60  21  83  78  54  10  48  88  13  9  61  8  74  17  46  25  31  42  77  67  19  20
   7  87  34  79  49  26  82  71  61  41  75  18  12  74  76  63  81  53  72  33  21  67  50  10  3  4  88  66  16  68  52  55  14  73  36  45  40  64  39  25  46  13  86  59  15  42  57  2  69  83  20  84  1  80  29  58  11  8  24  60  22  44  48  47  54  6  23  65  77  28  9  37  19  32  30  56  62  31  85  17  27  38  70  5  35  78  43  51
   7  87  56  79  5  48  16  71  17  85  75  40  78  8  54  63  37  9  50  77  65  67  72  32  3  70  66  88  82  46  30  55  36  29  14  1  18  42  39  69  68  57  20  59  15  64  13  24  25  83  86  62  45  58  73  80  11  74  2  38  44  22  26  47  76  28  23  21  33  6  53  81  19  10  52  34  84  31  41  61  27  60  4  49  35  12  43  51
   7  87  78  79  49  70  38  71  61  41  75  62  56  30  32  63  81  53  28  33  21  67  6  54  3  48  44  22  60  24  8  55  58  73  80  45  84  20  39  25  2  13  42  59  15  86  57  46  69  83  64  40  1  36  29  14  11  52  68  16  66  88  4  47  10  50  23  65  77  72  9  37  19  76  74  12  18  31  85  17  27  82  26  5  35  34  43  51
   8  3  79  63  57  77  40  15  39  48  18  29  22  75  17  62  1  56  21  19  85  43  5  13  16  6  69  37  25  65  80  30  78  7  36  58  44  61  34  35  2  23  42  38  81  86  10  26  32  12  49  74  50  41  71  60  67  14  72  27  88  33  68  70  4  46  84  76  73  83  20  52  64  24  9  59  11  82  53  31  45  28  55  54  87  66  47  51
   8  6  49  59  22  61  68  51  16  12  9  29  44  33  47  13  32  24  18  58  88  66  5  26  64  48  36  27  87  43  10  52  39  7  72  54  85  86  20  15  78  14  55  19  81  83  40  30  67  28  21  38  73  77  80  60  45  56  42  76  57  65  71  31  1  23  84  63  25  41  53  62  2  46  79  37  50  82  17  35  4  3  69  74  11  75  34  70
   8  12  18  27  85  83  80  31  2  3  49  29  88  43  20  30  45  23  79  74  22  33  5  52  78  28  42  63  50  75  68  13  64  7  55  38  57  41  17  70  16  24  36  54  81  77  71  62  4  6  9  58  87  86  40  60  1  46  69  59  44  66  10  15  67  56  84  37  11  61  47  26  39  14  21  76  25  82  34  51  32  48  72  19  73  65  53  35
   8  13  10  83  57  37  49  24  39  30  71  82  22  58  72  28  1  35  68  66  85  38  84  3  16  26  20  77  25  74  9  48  78  60  53  75  44  27  55  56  2  70  47  43  81  76  79  6  32  52  40  65  50  59  18  7  67  31  17  61  88  54  21  23  4  51  5  86  73  63  69  12  64  15  80  41  11  29  36  14  45  62  34  33  87  19  42  46
   8  14  69  54  50  43  53  26  1  24  42  29  73  61  40  70  78  3  72  37  87  41  5  31  32  56  9  38  22  83  34  15  4  7  79  27  25  66  71  13  45  12  21  59  81  75  20  35  39  46  36  63  88  65  47  60  16  28  49  19  11  86  17  52  2  48  84  58  57  33  80  51  67  6  55  74  85  82  10  62  64  23  18  76  44  77  68  30
   8  16  3  24  10  11  43  32  86  18  28  19  69  51  5  40  66  6  9  26  38  36  75  27  12  77  81  59  65  13  29  48  23  74  45  14  41  17  64  34  79  46  39  44  88  83  2  35  78  20  61  85  58  1  30  67  4  73  57  21  15  37  33  56  71  31  80  82  70  53  50  22  84  49  7  25  63  72  62  42  76  87  55  54  68  47  60  52
   8  16  25  24  54  33  65  32  42  62  28  41  47  73  71  40  22  50  75  70  82  36  9  49  12  55  59  81  43  79  7  48  45  30  23  58  19  83  64  78  13  2  61  44  88  17  46  57  34  20  39  63  14  67  74  1  4  51  35  87  37  15  11  56  5  53  80  38  26  31  6  66  84  27  29  3  85  72  18  86  76  21  77  10  68  69  60  52
   8  16  47  24  10  55  87  32  86  18  28  63  25  7  49  40  66  6  53  26  38  36  31  71  12  33  37  15  21  57  73  48  67  74  1  14  85  61  64  34  35  46  83  44  88  39  2  79  78  20  17  41  58  45  30  23  4  29  13  65  59  81  77  56  27  75  80  82  70  9  50  22  84  5  51  69  19  72  62  42  76  43  11  54  68  3  60  52
   8  16  69  24  54  77  21  32  42  62  28  85  3  29  27  40  22  50  31  70  82  36  53  5  12  11  15  37  87  35  51  48  1  30  67  58  63  39  64  78  57  2  17  44  88  61  46  13  34  20  83  19  14  23  74  45  4  7  79  43  81  59  55  56  49  9  80  38  26  75  6  66  84  71  73  47  41  72  18  86  76  65  33  10  68  25  60  52
   8  23  55  58  11  65  20  13  4  56  72  29  50  77  10  51  2  28  36  59  25  83  5  70  1  14  18  74  57  86  47  35  45  7  9  37  73  43  68  62  67  48  49  63  81  66  34  31  78  24  69  76  85  33  17  60  39  12  79  38  87  61  53  30  64  6  84  19  88  75  71  15  32  3  42  54  44  82  80  52  16  46  21  27  22  41  40  26
   8  24  31  40  34  47  23  56  54  50  4  63  9  39  57  72  58  70  21  66  46  20  87  79  60  25  77  55  45  73  17  88  27  74  49  86  85  37  32  82  51  62  59  36  80  15  18  7  38  76  81  41  42  5  30  71  44  61  29  1  11  33  69  16  35  43  64  2  22  65  26  14  28  13  83  53  19  48  6  10  12  67  3  78  84  75  68  52
   8  24  75  40  34  3  67  56  54  50  4  19  53  83  13  72  58  70  65  66  46  20  43  35  60  69  33  11  1  29  61  88  71  74  5  86  41  81  32  82  7  62  15  36  80  59  18  51  38  76  37  85  42  49  30  27  44  17  73  45  55  77  25  16  79  87  64  2  22  21  26  14  28  57  39  9  63  48  6  10  12  23  47  78  84  31  68  52
   8  26  40  41  22  27  21  46  16  52  80  82  44  54  42  3  32  15  71  75  88  19  84  6  64  30  53  61  87  38  79  12  39  60  17  33  85  76  69  24  78  31  34  66  81  63  49  48  67  62  68  43  73  37  9  7  45  35  47  86  57  74  18  14  1  70  5  83  25  59  36  28  2  51  10  77  50  29  72  56  4  13  20  65  11  58  55  23
   8  30  68  77  44  76  18  23  64  62  10  82  85  74  55  6  67  51  80  33  57  58  84  48  2  52  17  86  11  19  49  28  16  60  47  65  88  63  36  46  39  35  20  75  81  59  21  12  45  13  71  66  25  27  79  7  4  15  34  83  22  38  9  56  32  31  5  41  87  37  72  3  78  70  40  61  73  29  42  24  1  26  53  43  50  54  69  14
   8  31  20  33  50  38  36  6  1  15  47  82  73  27  49  23  78  13  17  77  87  59  84  14  32  35  80  43  22  63  55  24  4  60  10  61  25  19  18  3  45  52  68  41  81  58  69  56  39  51  53  83  88  74  42  7  16  62  40  66  11  76  72  12  2  30  5  75  57  54  9  46  67  26  34  65  85  29  79  28  64  70  71  86  44  37  21  48
   8  32  15  56  58  39  47  80  22  82  68  63  81  71  65  16  50  46  77  18  54  4  55  87  20  17  29  7  69  1  49  40  75  74  9  70  85  13  88  42  67  78  35  28  72  79  34  23  86  44  57  41  26  53  30  31  84  5  45  25  51  73  61  64  43  11  48  10  62  33  2  6  60  21  27  37  19  24  38  66  36  3  83  14  12  59  76  52
   8  32  37  56  14  61  69  80  66  38  68  85  59  5  43  16  6  2  55  62  10  4  77  21  20  83  7  29  47  67  27  40  9  30  75  26  63  79  88  86  1  34  57  28  72  13  78  45  42  44  35  19  70  31  74  53  84  71  23  3  73  51  39  64  65  33  48  54  18  11  46  50  60  87  49  15  41  24  82  22  36  25  17  58  12  81  76  52
   8  32  59  56  58  83  3  80  22  82  68  19  37  27  21  16  50  46  33  18  54  4  11  43  20  61  73  51  25  45  5  40  31  74  53  70  41  57  88  42  23  78  79  28  72  35  34  67  86  44  13  85  26  9  30  75  84  49  1  69  7  29  17  64  87  55  48  10  62  77  2  6  60  65  71  81  63  24  38  66  36  47  39  14  12  15  76  52
   8  32  81  56  14  17  25  80  66  38  68  41  15  49  87  16  6  2  11  62  10  4  33  65  20  39  51  73  3  23  71  40  53  30  31  26  19  35  88  86  45  34  13  28  72  57  78  1  42  44  79  63  70  75  74  9  84  27  67  47  29  7  83  64  21  77  48  54  18  55  46  50  60  43  5  59  85  24  82  22  36  69  61  58  12  37  76  52
   8  33  36  15  73  23  17  59  32  43  55  60  25  3  68  58  39  83  42  62  11  12  5  54  67  65  79  70  44  48  20  38  1  82  49  13  87  14  80  63  4  61  18  52  81  56  53  74  16  66  72  30  57  46  34  29  64  86  21  31  50  6  47  27  78  77  84  35  22  24  10  19  45  41  69  51  88  7  40  76  2  75  9  26  85  28  71  37
   8  35  53  65  73  19  72  48  32  51  34  82  25  76  21  14  39  26  47  61  11  37  84  56  67  15  10  66  44  59  69  46  1  60  40  86  87  58  9  6  4  62  71  77  81  54  36  24  16  70  17  41  57  38  55  7  64  13  68  75  50  63  42  28  78  52  5  33  22  74  79  23  45  30  20  43  88  29  49  3  2  31  80  83  85  27  18  12
   8  37  71  28  85  26  9  75  2  76  40  7  88  51  69  41  45  19  10  24  22  35  84  77  78  27  47  6  50  31  21  86  64  29  34  46  57  30  72  66  16  74  53  56  81  52  18  61  4  63  80  14  87  13  49  82  1  38  20  48  44  70  79  65  67  54  5  12  11  62  42  83  39  58  68  3  25  60  55  43  32  59  17  23  73  15  36  33
   8  40  21  72  38  53  5  16  34  70  44  85  43  37  51  48  86  66  23  14  18  76  45  29  68  75  47  69  71  83  59  80  57  30  35  10  63  55  56  46  17  50  33  20  64  77  6  61  2  12  11  19  54  79  74  13  36  15  39  27  25  3  31  24  73  1  32  62  58  67  22  42  4  7  81  87  41  88  26  78  60  49  9  82  28  65  84  52
   8  40  43  72  82  75  27  16  78  26  44  19  21  59  29  48  42  22  1  58  62  76  67  51  68  53  25  3  49  61  37  80  79  74  13  54  41  33  56  2  39  6  55  20  64  11  50  83  46  12  77  85  10  57  30  35  36  81  17  5  47  69  9  24  7  23  32  18  14  45  66  86  4  73  15  65  63  88  70  34  60  71  31  38  28  87  84  52
   8  40  65  72  38  9  49  16  34  70  44  41  87  81  7  48  86  66  67  14  18  76  1  73  68  31  3  25  27  39  15  80  13  30  79  10  19  11  56  46  61  50  77  20  64  33  6  17  2  12  55  63  54  35  74  57  36  59  83  71  69  47  75  24  29  45  32  62  58  23  22  42  4  51  37  43  85  88  26  78  60  5  53  82  28  21  84  52
   8  40  87  72  82  31  71  16  78  26  44  63  65  15  73  48  42  22  45  58  62  76  23  7  68  9  69  47  5  17  81  80  35  74  57  54  85  77  56  2  83  6  11  20  64  55  50  39  46  12  33  41  10  13  30  79  36  37  61  49  3  25  53  24  51  67  32  18  14  1  66  86  4  29  59  21  19  88  70  34  60  27  75  38  28  43  84  52
   8  41  21  52  44  3  71  19  64  61  79  60  85  24  34  63  67  43  9  35  57  14  5  59  2  77  72  13  11  23  40  27  16  82  42  15  88  6  53  38  39  33  69  31  81  48  68  37  45  86  18  70  25  28  10  29  4  65  55  26  22  46  80  54  32  75  84  30  87  12  17  76  78  66  49  62  73  7  47  74  1  83  36  51  50  56  20  58
   8  43  42  70  87  56  34  27  45  75  36  60  11  48  80  74  64  77  69  26  73  3  5  38  4  66  21  35  88  28  17  58  67  82  18  30  50  24  40  37  32  83  79  13  81  46  47  19  2  33  55  62  44  14  53  29  78  41  9  15  25  12  20  63  16  86  84  51  85  23  68  54  1  61  72  31  22  7  71  59  39  65  49  52  57  6  10  76
   8  46  42  19  87  33  34  62  45  14  36  29  11  41  80  15  64  12  69  63  73  86  5  51  4  23  21  54  88  61  17  31  67  7  18  59  50  65  40  52  32  6  79  76  81  43  47  70  2  56  55  27  44  75  53  60  78  48  9  74  25  77  20  26  16  3  84  38  85  66  68  35  1  28  72  58  22  82  71  30  39  24  49  37  57  83  10  13
   8  48  21  37  44  86  71  70  64  28  79  29  85  65  34  26  67  46  9  54  57  75  5  30  2  12  72  76  11  66  40  62  16  7  42  74  88  83  53  51  39  56  69  58  81  41  68  52  45  3  18  19  25  61  10  60  4  24  55  63  22  43  80  35  32  14  84  59  87  77  17  13  78  23  49  27  73  82  47  15  1  6  36  38  50  33  20  31
   8  52  71  61  85  63  9  14  2  13  40  82  88  38  69  48  45  70  10  65  22  54  84  12  78  62  47  83  50  58  21  3  64  60  34  43  57  59  72  23  16  15  53  33  81  37  18  28  4  26  80  75  87  76  49  7  1  51  20  41  44  19  79  24  67  35  5  77  11  27  42  6  39  31  68  86  25  29  55  46  32  30  17  66  73  74  36  56
   8  54  53  24  73  70  72  41  32  38  34  7  25  13  21  75  39  63  47  28  11  52  84  33  67  74  10  23  44  30  69  43  1  29  40  3  87  31  9  83  4  27  71  12  81  35  36  65  16  19  17  48  57  51  55  82  64  76  68  14  50  26  42  61  78  37  5  56  22  15  79  66  45  59  20  46  88  60  49  86  2  58  80  6  85  62  18  77
   8  56  11  16  42  59  75  64  14  2  84  19  77  35  45  24  26  62  25  50  78  44  3  67  76  37  17  83  9  5  13  72  87  74  21  22  41  73  80  10  71  38  7  4  48  51  82  27  54  36  29  85  66  65  30  43  28  57  49  53  39  61  81  32  23  47  88  34  6  69  18  70  68  1  79  33  63  40  46  58  20  31  15  86  60  55  12  52
   8  56  33  16  86  81  9  64  58  46  84  41  55  57  23  24  70  18  3  6  34  44  25  1  76  15  83  17  75  71  79  72  21  30  87  66  19  51  80  54  5  82  29  4  48  73  38  49  10  36  7  63  22  43  74  65  28  35  27  31  61  39  59  32  45  69  88  78  50  47  62  26  68  67  13  11  85  40  2  14  20  53  37  42  60  77  12  52
   8  56  36  74  73  66  17  30  32  46  55  29  25  86  68  31  39  6  42  27  11  77  5  35  67  24  79  19  44  41  20  51  1  7  49  76  87  75  80  26  4  28  18  37  81  33  53  15  16  23  72  59  57  43  34  60  64  3  21  58  50  83  47  62  78  12  84  54  22  65  10  70  45  48  69  38  88  82  40  13  2  14  9  63  85  61  71  52
   8  56  55  16  42  15  31  64  14  2  84  63  33  79  1  24  26  62  69  50  78  44  47  23  76  81  61  39  53  49  57  72  43  74  65  22  85  29  80  10  27  38  51  4  48  7  82  71  54  36  73  41  66  21  30  87  28  13  5  9  83  17  37  32  67  3  88  34  6  25  18  70  68  45  35  77  19  40  46  58  20  75  59  86  60  11  12  52
   8  56  77  16  86  37  53  64  58  46  84  85  11  13  67  24  70  18  47  6  34  44  69  45  76  59  39  61  31  27  35  72  65  30  43  66  63  7  80  54  49  82  73  4  48  29  38  5  10  36  51  19  22  87  74  21  28  79  71  75  17  83  15  32  1  25  88  78  50  3  62  26  68  23  57  55  41  40  2  14  20  9  81  42  60  33  12  52
   8  58  20  56  50  51  36  83  1  74  47  7  73  62  49  66  78  76  17  12  87  30  84  75  32  54  80  46  22  26  55  65  4  29  10  28  25  70  18  86  45  37  68  48  81  31  69  33  39  38  53  6  88  15  42  82  16  27  40  23  11  13  72  77  2  59  5  14  57  35  9  43  67  63  34  24  85  60  79  61  64  19  71  3  44  52  21  41
   8  59  68  12  44  13  18  66  64  27  10  7  85  15  55  83  67  38  80  56  57  31  84  41  2  37  17  3  11  70  49  61  16  29  47  24  88  26  36  43  39  54  20  14  81  30  21  77  45  76  71  23  25  62  79  82  4  74  34  6  22  51  9  33  32  58  5  48  87  52  72  86  78  19  40  28  73  60  42  65  1  63  53  46  50  35  69  75
   8  63  40  48  22  62  21  43  16  37  80  7  44  35  42  86  32  74  71  14  88  70  84  83  64  59  53  28  87  51  79  77  39  29  17  56  85  13  69  65  78  58  34  23  81  26  49  41  67  27  68  46  73  52  9  82  45  54  47  3  57  15  18  75  1  19  5  6  25  30  36  61  2  38  10  12  50  60  72  33  4  76  20  24  11  31  55  66
   8  66  55  31  11  24  20  76  4  33  72  60  50  12  10  38  2  61  36  30  25  6  5  19  1  75  18  15  57  3  47  54  45  82  9  52  73  46  68  27  67  41  49  26  81  23  34  58  78  65  69  13  85  56  17  29  39  77  79  51  87  28  53  59  64  83  84  70  88  14  71  74  32  86  42  35  44  7  80  37  16  43  21  62  22  48  40  63
   8  72  23  48  2  87  79  24  38  66  36  63  1  55  17  88  10  14  5  42  6  12  71  39  84  65  53  31  13  81  33  64  51  74  73  78  85  69  16  18  59  70  3  76  32  47  26  15  62  60  25  41  34  29  30  7  20  77  37  57  75  9  21  40  83  27  56  50  86  49  58  54  44  61  11  45  19  80  22  82  68  35  43  46  4  67  28  52
   8  72  67  48  2  43  35  24  38  66  36  19  45  11  61  88  10  14  49  42  6  12  27  83  84  21  9  75  57  37  77  64  7  74  29  78  41  25  16  18  15  70  47  76  32  3  26  59  62  60  69  85  34  73  30  51  20  33  81  13  31  53  65  40  39  71  56  50  86  5  58  54  44  17  55  1  63  80  22  82  68  79  87  46  4  23  28  52
   8  75  69  35  50  46  53  63  1  65  42  60  73  28  40  19  78  86  72  52  87  48  5  58  32  33  9  51  22  6  34  74  4  82  79  62  25  23  71  76  45  77  21  30  81  14  20  54  39  43  36  26  88  24  47  29  16  61  49  70  11  3  17  37  2  41  84  31  57  56  80  38  67  83  55  15  85  7  10  27  64  66  18  13  44  12  68  59
   8  76  10  6  57  52  49  65  39  59  71  7  22  31  72  61  1  54  68  23  85  51  84  86  16  63  20  12  25  15  9  41  78  29  53  14  44  62  55  33  2  19  47  46  81  13  79  83  32  37  40  24  50  30  18  82  67  58  17  28  88  35  21  66  4  38  5  3  73  26  69  77  64  74  80  48  11  60  36  75  45  27  34  56  87  70  42  43
   8  77  18  62  85  6  80  58  2  86  49  60  88  46  20  59  45  66  79  15  22  56  5  37  78  61  42  26  50  14  68  76  64  82  55  51  57  48  17  19  16  65  36  35  81  12  71  27  4  83  9  31  87  3  40  29  1  43  69  30  44  23  10  74  67  33  84  52  11  28  47  63  39  75  21  13  25  7  34  38  32  41  72  70  73  24  53  54
   8  80  7  64  26  79  15  48  6  10  12  63  73  87  25  32  2  78  61  82  14  84  39  47  44  57  5  71  37  9  65  16  11  74  33  62  85  45  72  66  75  86  67  68  24  23  42  31  22  28  1  41  18  77  30  55  60  21  53  81  27  49  13  88  3  83  40  58  38  17  34  46  76  69  43  29  19  56  54  50  4  59  35  70  20  51  36  52
   8  80  29  64  70  13  37  48  50  54  12  85  51  21  3  32  46  34  39  38  58  84  61  69  44  35  71  5  15  75  43  16  33  30  11  18  63  23  72  22  9  42  1  68  24  45  86  53  66  28  67  19  62  55  74  77  60  87  31  59  49  27  79  88  25  17  40  14  82  83  78  2  76  47  65  7  41  56  10  6  4  81  57  26  20  73  36  52
   8  80  51  64  26  35  59  48  6  10  12  19  29  43  69  32  2  78  17  82  14  84  83  3  44  13  49  27  81  53  21  16  55  74  77  62  41  1  72  66  31  86  23  68  24  67  42  75  22  28  45  85  18  33  30  11  60  65  9  37  71  5  57  88  47  39  40  58  38  61  34  46  76  25  87  73  63  56  54  50  4  15  79  70  20  7  36  52
   8  80  73  64  70  57  81  48  50  54  12  41  7  65  47  32  46  34  83  38  58  84  17  25  44  79  27  49  59  31  87  16  77  30  55  18  19  67  72  22  53  42  45  68  24  1  86  9  66  28  23  63  62  11  74  33  60  43  75  15  5  71  35  88  69  61  40  14  82  39  78  2  76  3  21  51  85  56  10  6  4  37  13  26  20  29  36  52
   8  83  49  30  22  28  68  38  16  77  9  60  44  56  47  76  32  65  18  31  88  23  5  63  64  41  36  62  87  46  10  37  39  82  72  35  85  3  20  74  78  75  55  70  81  6  40  59  67  61  21  51  73  12  80  29  45  33  42  13  57  24  71  58  1  66  84  26  25  48  53  27  2  43  79  52  50  7  17  54  4  86  69  15  11  14  34  19
   8  86  79  26  57  12  40  74  39  41  18  60  22  14  17  27  1  33  21  70  85  46  5  76  16  83  69  52  25  24  80  59  78  82  36  31  44  28  34  54  2  66  42  51  81  3  10  63  32  77  49  15  50  48  71  29  67  75  72  62  88  56  68  19  4  43  84  13  73  6  20  37  64  65  9  30  11  7  53  58  45  61  55  35  87  23  47  38
   9  7  45  35  47  86  57  74  18  14  1  70  5  83  25  59  36  28  2  51  10  77  50  29  72  56  4  13  20  65  11  58  55  23  8  26  40  41  22  27  21  46  16  52  80  82  44  54  42  3  32  15  71  75  88  19  84  6  64  30  53  61  87  38  79  12  39  60  17  33  85  76  69  24  78  31  34  66  81  63  49  48  67  62  68  43  73  37
   9  12  16  51  68  61  22  59  49  6  8  70  34  75  11  74  69  3  4  35  17  82  50  37  79  46  2  62  53  41  25  63  84  23  1  31  71  65  57  76  42  56  45  60  80  77  73  38  21  28  67  30  40  83  81  19  55  14  78  15  20  86  85  54  72  7  39  52  10  43  87  27  36  48  64  26  5  66  88  58  18  24  32  13  47  33  44  29
   9  15  25  12  20  63  16  86  84  51  85  23  68  54  1  61  72  31  22  7  71  59  39  65  49  52  57  6  10  76  8  43  42  70  87  56  34  27  45  75  36  60  11  48  80  74  64  77  69  26  73  3  5  38  4  66  21  35  88  28  17  58  67  82  18  30  50  24  40  37  32  83  79  13  81  46  47  19  2  33  55  62  44  14  53  29  78  41
   9  17  26  25  55  34  66  33  43  63  29  42  48  74  72  41  23  51  76  71  83  37  10  50  13  56  60  82  44  80  8  49  46  31  24  59  20  84  65  79  14  3  62  45  1  18  47  58  35  21  40  64  15  68  75  2  5  52  36  88  38  16  12  57  6  54  81  39  27  32  7  67  85  28  30  4  86  73  19  87  77  22  78  11  69  70  61  53
   9  17  70  25  55  78  22  33  43  63  29  86  4  30  28  41  23  51  32  71  83  37  54  6  13  12  16  38  88  36  52  49  2  31  68  59  64  40  65  79  58  3  18  45  1  62  47  14  35  21  84  20  15  24  75  46  5  8  80  44  82  60  56  57  50  10  81  39  27  76  7  67  85  72  74  48  42  73  19  87  77  66  34  11  69  26  61  53
   9  24  64  52  20  83  73  76  84  46  4  70  68  33  88  27  72  14  67  60  71  41  50  74  49  12  32  26  10  86  81  38  42  23  2  35  34  61  44  58  36  7  78  30  80  65  25  37  69  6  16  13  5  43  85  19  21  56  1  62  17  75  22  29  18  48  39  15  40  77  57  63  79  3  8  51  47  66  87  54  55  28  45  31  53  82  11  59
   9  25  10  41  79  26  2  57  11  7  5  42  32  18  80  73  15  27  44  23  3  21  66  58  61  48  12  34  68  8  40  1  6  31  72  43  20  60  33  39  30  19  38  37  81  82  63  74  83  77  16  64  87  28  75  50  45  84  52  24  78  56  4  17  14  22  65  47  67  88  71  59  29  36  62  76  86  49  51  55  13  46  70  35  85  54  69  53
   9  25  32  41  35  48  24  57  55  51  5  64  10  40  58  73  59  71  22  67  47  21  88  80  61  26  78  56  46  74  18  1  28  75  50  87  86  38  33  83  52  63  60  37  81  16  19  8  39  77  82  42  43  6  31  72  45  62  30  2  12  34  70  17  36  44  65  3  23  66  27  15  29  14  84  54  20  49  7  11  13  68  4  79  85  76  69  53
   9  25  54  41  79  70  46  57  11  7  5  86  76  62  36  73  15  27  88  23  3  21  22  14  61  4  56  78  24  52  84  1  50  31  28  43  64  16  33  39  74  19  82  37  81  38  63  30  83  77  60  20  87  72  75  6  45  40  8  68  34  12  48  17  58  66  65  47  67  44  71  59  29  80  18  32  42  49  51  55  13  2  26  35  85  10  69  53
   9  25  76  41  35  4  68  57  55  51  5  20  54  84  14  73  59  71  66  67  47  21  44  36  61  70  34  12  2  30  62  1  72  75  6  87  42  82  33  83  8  63  16  37  81  60  19  52  39  77  38  86  43  50  31  28  45  18  74  46  56  78  26  17  80  88  65  3  23  22  27  15  29  58  40  10  64  49  7  11  13  24  48  79  85  32  69  53
   9  29  44  33  47  13  32  24  18  58  88  66  5  26  64  48  36  27  87  43  10  52  39  7  72  54  85  86  20  15  78  14  55  19  81  83  40  30  67  28  21  38  73  77  80  60  45  56  42  76  57  65  71  31  1  23  84  63  25  41  53  62  2  46  79  37  50  82  17  35  4  3  69  74  11  75  34  70  8  6  49  59  22  61  68  51  16  12
   9  30  11  7  53  58  45  61  55  35  87  23  47  38  8  86  79  26  57  12  40  74  39  41  18  60  22  14  17  27  1  33  21  70  85  46  5  76  16  83  69  52  25  24  80  59  78  82  36  31  44  28  34  54  2  66  42  51  81  3  10  63  32  77  49  15  50  48  71  29  67  75  72  62  88  56  68  19  4  43  84  13  73  6  20  37  64  65
   9  33  16  57  59  40  48  81  23  83  69  64  82  72  66  17  51  47  78  19  55  5  56  88  21  18  30  8  70  2  50  41  76  75  10  71  86  14  1  43  68  79  36  29  73  80  35  24  87  45  58  42  27  54  31  32  85  6  46  26  52  74  62  65  44  12  49  11  63  34  3  7  61  22  28  38  20  25  39  67  37  4  84  15  13  60  77  53
   9  33  32  58  5  48  87  52  72  86  78  19  40  28  73  60  42  65  1  63  53  46  50  35  69  75  8  59  68  12  44  13  18  66  64  27  10  7  85  15  55  83  67  38  80  56  57  31  84  41  2  37  17  3  11  70  49  61  16  29  47  24  88  26  36  43  39  54  20  14  81  30  21  77  45  76  71  23  25  62  79  82  4  74  34  6  22  51
   9  33  38  57  15  62  70  81  67  39  69  86  60  6  44  17  7  3  56  63  11  5  78  22  21  84  8  30  48  68  28  41  10  31  76  27  64  80  1  87  2  35  58  29  73  14  79  46  43  45  36  20  71  32  75  54  85  72  24  4  74  52  40  65  66  34  49  55  19  12  47  51  61  88  50  16  42  25  83  23  37  26  18  59  13  82  77  53
   9  33  60  57  59  84  4  81  23  83  69  20  38  28  22  17  51  47  34  19  55  5  12  44  21  62  74  52  26  46  6  41  32  75  54  71  42  58  1  43  24  79  80  29  73  36  35  68  87  45  14  86  27  10  31  76  85  50  2  70  8  30  18  65  88  56  49  11  63  78  3  7  61  66  72  82  64  25  39  67  37  48  40  15  13  16  77  53
   9  33  82  57  15  18  26  81  67  39  69  42  16  50  88  17  7  3  12  63  11  5  34  66  21  40  52  74  4  24  72  41  54  31  32  27  20  36  1  87  46  35  14  29  73  58  79  2  43  45  80  64  71  76  75  10  85  28  68  48  30  8  84  65  22  78  49  55  19  56  47  51  61  44  6  60  86  25  83  23  37  70  62  59  13  38  77  53
   9  35  57  14  5  59  2  77  72  13  11  23  40  27  16  82  42  15  88  6  53  38  39  33  69  31  81  48  68  37  45  86  18  70  25  28  10  29  4  65  55  26  22  46  80  54  32  75  84  30  87  12  17  76  78  66  49  62  73  7  47  74  1  83  36  51  50  56  20  58  8  41  21  52  44  3  71  19  64  61  79  60  85  24  34  63  67  43
   9  38  22  83  34  15  4  7  79  27  25  66  71  13  45  12  21  59  81  75  20  35  39  46  36  63  88  65  47  60  16  28  49  19  11  86  17  52  2  48  84  58  57  33  80  51  67  6  55  74  85  82  10  62  64  23  18  76  44  77  68  30  8  14  69  54  50  43  53  26  1  24  42  29  73  61  40  70  78  3  72  37  87  41  5  31  32  56
   9  41  22  73  39  54  6  17  35  71  45  86  44  38  52  49  87  67  24  15  19  77  46  30  69  76  48  70  72  84  60  81  58  31  36  11  64  56  57  47  18  51  34  21  65  78  7  62  3  13  12  20  55  80  75  14  37  16  40  28  26  4  32  25  74  2  33  63  59  68  23  43  5  8  82  88  42  1  27  79  61  50  10  83  29  66  85  53
   9  41  66  73  39  10  50  17  35  71  45  42  88  82  8  49  87  67  68  15  19  77  2  74  69  32  4  26  28  40  16  81  14  31  80  11  20  12  57  47  62  51  78  21  65  34  7  18  3  13  56  64  55  36  75  58  37  60  84  72  70  48  76  25  30  46  33  63  59  24  23  43  5  52  38  44  86  1  27  79  61  6  54  83  29  22  85  53
   9  41  78  29  53  14  44  62  55  33  2  19  47  46  81  13  79  83  32  37  40  24  50  30  18  82  67  58  17  28  88  35  21  66  4  38  5  3  73  26  69  77  64  74  80  48  11  60  36  75  45  27  34  56  87  70  42  43  8  76  10  6  57  52  49  65  39  59  71  7  22  31  72  61  1  54  68  23  85  51  84  86  16  63  20  12  25  15
   9  43  67  63  34  24  85  60  79  61  64  19  71  3  44  52  21  41  8  58  20  56  50  51  36  83  1  74  47  7  73  62  49  66  78  76  17  12  87  30  84  75  32  54  80  46  22  26  55  65  4  29  10  28  25  70  18  86  45  37  68  48  81  31  69  33  39  38  53  6  88  15  42  82  16  27  40  23  11  13  72  77  2  59  5  14  57  35
   9  46  67  26  34  65  85  29  79  28  64  70  71  86  44  37  21  48  8  31  20  33  50  38  36  6  1  15  47  82  73  27  49  23  78  13  17  77  87  59  84  14  32  35  80  43  22  63  55  24  4  60  10  61  25  19  18  3  45  52  68  41  81  58  69  56  39  51  53  83  88  74  42  7  16  62  40  66  11  76  72  12  2  30  5  75  57  54
   9  48  78  60  53  75  44  27  55  56  2  70  47  43  81  76  79  6  32  52  40  65  50  59  18  7  67  31  17  61  88  54  21  23  4  51  5  86  73  63  69  12  64  15  80  41  11  29  36  14  45  62  34  33  87  19  42  46  8  13  10  83  57  37  49  24  39  30  71  82  22  58  72  28  1  35  68  66  85  38  84  3  16  26  20  77  25  74
   9  51  22  6  34  74  4  82  79  62  25  23  71  76  45  77  21  30  81  14  20  54  39  43  36  26  88  24  47  29  16  61  49  70  11  3  17  37  2  41  84  31  57  56  80  38  67  83  55  15  85  7  10  27  64  66  18  13  44  12  68  59  8  75  69  35  50  46  53  63  1  65  42  60  73  28  40  19  78  86  72  52  87  48  5  58  32  33
   9  54  57  75  5  30  2  12  72  76  11  66  40  62  16  7  42  74  88  83  53  51  39  56  69  58  81  41  68  52  45  3  18  19  25  61  10  60  4  24  55  63  22  43  80  35  32  14  84  59  87  77  17  13  78  23  49  27  73  82  47  15  1  6  36  38  50  33  20  31  8  48  21  37  44  86  71  70  64  28  79  29  85  65  34  26  67  46
   9  56  32  31  5  41  87  37  72  3  78  70  40  61  73  29  42  24  1  26  53  43  50  54  69  14  8  30  68  77  44  76  18  23  64  62  10  82  85  74  55  6  67  51  80  33  57  58  84  48  2  52  17  86  11  19  49  28  16  60  47  65  88  63  36  46  39  35  20  75  81  59  21  12  45  13  71  66  25  27  79  7  4  15  34  83  22  38
   9  57  12  17  43  60  76  65  15  3  85  20  78  36  46  25  27  63  26  51  79  45  4  68  77  38  18  84  10  6  14  73  88  75  22  23  42  74  81  11  72  39  8  5  49  52  83  28  55  37  30  86  67  66  31  44  29  58  50  54  40  62  82  33  24  48  1  35  7  70  19  71  69  2  80  34  64  41  47  59  21  32  16  87  61  56  13  53
   9  57  34  17  87  82  10  65  59  47  85  42  56  58  24  25  71  19  4  7  35  45  26  2  77  16  84  18  76  72  80  73  22  31  88  67  20  52  81  55  6  83  30  5  49  74  39  50  11  37  8  64  23  44  75  66  29  36  28  32  62  40  60  33  46  70  1  79  51  48  63  27  69  68  14  12  86  41  3  15  21  54  38  43  61  78  13  53
   9  57  56  17  43  16  32  65  15  3  85  64  34  80  2  25  27  63  70  51  79  45  48  24  77  82  62  40  54  50  58  73  44  75  66  23  86  30  81  11  28  39  52  5  49  8  83  72  55  37  74  42  67  22  31  88  29  14  6  10  84  18  38  33  68  4  1  35  7  26  19  71  69  46  36  78  20  41  47  59  21  76  60  87  61  12  13  53
   9  57  78  17  87  38  54  65  59  47  85  86  12  14  68  25  71  19  48  7  35  45  70  46  77  60  40  62  32  28  36  73  66  31  44  67  64  8  81  55  50  83  74  5  49  30  39  6  11  37  52  20  23  88  75  22  29  80  72  76  18  84  16  33  2  26  1  79  51  4  63  27  69  24  58  56  42  41  3  15  21  10  82  43  61  34  13  53
   9  59  11  82  53  31  45  28  55  54  87  66  47  51  8  3  79  63  57  77  40  15  39  48  18  29  22  75  17  62  1  56  21  19  85  43  5  13  16  6  69  37  25  65  80  30  78  7  36  58  44  61  34  35  2  23  42  38  81  86  10  26  32  12  49  74  50  41  71  60  67  14  72  27  88  33  68  70  4  46  84  76  73  83  20  52  64  24
   9  60  44  56  47  76  32  65  18  31  88  23  5  63  64  41  36  62  87  46  10  37  39  82  72  35  85  3  20  74  78  75  55  70  81  6  40  59  67  61  21  51  73  12  80  29  45  33  42  13  57  24  71  58  1  66  84  26  25  48  53  27  2  43  79  52  50  7  17  54  4  86  69  15  11  14  34  19  8  83  49  30  22  28  68  38  16  77
   9  65  64  37  20  6  73  13  84  43  4  19  68  56  88  62  72  75  67  29  71  48  50  15  49  77  32  63  10  3  81  51  42  66  2  54  34  28  44  31  36  82  78  59  80  24  25  52  69  83  16  76  5  46  85  70  21  33  1  27  17  14  22  60  18  41  39  74  40  12  57  26  79  86  8  38  47  23  87  35  55  61  45  58  53  7  11  30
   9  73  2  49  47  66  58  25  83  23  37  42  24  34  40  1  55  59  28  87  51  13  50  18  85  88  76  10  36  16  56  65  30  31  8  35  20  4  17  63  38  27  70  77  33  26  71  82  19  61  48  64  79  52  75  74  21  12  60  80  54  32  44  41  62  6  57  7  43  72  15  11  45  84  78  68  86  81  67  39  69  14  22  3  5  46  29  53
   9  73  46  49  47  22  14  25  83  23  37  86  68  78  84  1  55  59  72  87  51  13  6  62  85  44  32  54  80  60  12  65  74  31  52  35  64  48  17  63  82  27  26  77  33  70  71  38  19  61  4  20  79  8  75  30  21  56  16  36  10  76  88  41  18  50  57  7  43  28  15  11  45  40  34  24  42  81  67  39  69  58  66  3  5  2  29  53
   9  74  25  77  20  26  16  3  84  38  85  66  68  35  1  28  72  58  22  82  71  30  39  24  49  37  57  83  10  13  8  46  42  19  87  33  34  62  45  14  36  29  11  41  80  15  64  12  69  63  73  86  5  51  4  23  21  54  88  61  17  31  67  7  18  59  50  65  40  52  32  6  79  76  81  43  47  70  2  56  55  27  44  75  53  60  78  48
   9  77  16  38  68  28  22  30  49  83  8  19  34  14  11  15  69  86  4  54  17  7  50  52  79  43  2  27  53  48  25  26  84  66  1  58  71  24  57  13  42  33  45  29  80  12  73  51  21  61  67  59  40  6  81  70  55  75  78  74  20  3  85  35  72  82  39  37  10  46  87  62  36  41  64  63  5  23  88  31  18  65  32  76  47  56  44  60
   9  81  8  65  27  80  16  49  7  11  13  64  74  88  26  33  3  79  62  83  15  85  40  48  45  58  6  72  38  10  66  17  12  75  34  63  86  46  73  67  76  87  68  69  25  24  43  32  23  29  2  42  19  78  31  56  61  22  54  82  28  50  14  1  4  84  41  59  39  18  35  47  77  70  44  30  20  57  55  51  5  60  36  71  21  52  37  53
   9  81  30  65  71  14  38  49  51  55  13  86  52  22  4  33  47  35  40  39  59  85  62  70  45  36  72  6  16  76  44  17  34  31  12  19  64  24  73  23  10  43  2  69  25  46  87  54  67  29  68  20  63  56  75  78  61  88  32  60  50  28  80  1  26  18  41  15  83  84  79  3  77  48  66  8  42  57  11  7  5  82  58  27  21  74  37  53
   9  81  52  65  27  36  60  49  7  11  13  20  30  44  70  33  3  79  18  83  15  85  84  4  45  14  50  28  82  54  22  17  56  75  78  63  42  2  73  67  32  87  24  69  25  68  43  76  23  29  46  86  19  34  31  12  61  66  10  38  72  6  58  1  48  40  41  59  39  62  35  47  77  26  88  74  64  57  55  51  5  16  80  71  21  8  37  53
   9  81  74  65  71  58  82  49  51  55  13  42  8  66  48  33  47  35  84  39  59  85  18  26  45  80  28  50  60  32  88  17  78  31  56  19  20  68  73  23  54  43  46  69  25  2  87  10  67  29  24  64  63  12  75  34  61  44  76  16  6  72  36  1  70  62  41  15  83  40  79  3  77  4  22  52  86  57  11  7  5  38  14  27  21  30  37  53
   9  82  45  54  47  3  57  15  18  75  1  19  5  6  25  30  36  61  2  38  10  12  50  60  72  33  4  76  20  24  11  31  55  66  8  63  40  48  22  62  21  43  16  37  80  7  44  35  42  86  32  74  71  14  88  70  84  83  64  59  53  28  87  51  79  77  39  29  17  56  85  13  69  65  78  58  34  23  81  26  49  41  67  27  68  46  73  52
   10  2  15  82  8  7  63  74  20  88  78  87  37  55  13  66  40  12  9  80  68  70  31  79  6  29  25  47  41  5  77  58  83  32  61  4  65  1  42  72  27  60  67  62  18  23  16  71  28  86  45  21  48  17  76  39  14  33  49  85  3  69  73  50  35  75  26  24  36  53  56  84  22  57  11  81  43  34  44  64  30  19  51  52  38  59  46  54
   10  2  37  82  52  29  85  74  64  44  78  21  15  77  79  66  84  56  75  36  24  70  53  13  6  7  3  69  19  71  55  58  17  76  39  48  43  67  42  28  49  16  1  62  18  45  60  5  72  86  23  87  4  83  32  61  14  11  27  63  25  47  51  50  57  9  26  68  80  31  12  40  22  35  33  59  65  34  88  20  30  41  73  8  38  81  46  54
   10  2  59  82  8  51  19  74  20  88  78  43  81  11  57  66  40  12  53  80  68  70  75  35  6  73  69  3  85  49  33  58  39  32  17  4  21  45  42  72  71  60  23  62  18  67  16  27  28  86  1  65  48  61  76  83  14  77  5  41  47  25  29  50  79  31  26  24  36  9  56  84  22  13  55  37  87  34  44  64  30  63  7  52  38  15  46  54
   10  2  81  82  52  73  41  74  64  44  78  65  59  33  35  66  84  56  31  36  24  70  9  57  6  51  47  25  63  27  11  58  61  76  83  48  87  23  42  28  5  16  45  62  18  1  60  49  72  86  67  43  4  39  32  17  14  55  71  19  69  3  7  50  13  53  26  68  80  75  12  40  22  79  77  15  21  34  88  20  30  85  29  8  38  37  46  54
   10  3  81  51  42  66  2  54  34  28  44  31  36  82  78  59  80  24  25  52  69  83  16  76  5  46  85  70  21  33  1  27  17  14  22  60  18  41  39  74  40  12  57  26  79  86  8  38  47  23  87  35  55  61  45  58  53  7  11  30  9  65  64  37  20  6  73  13  84  43  4  19  68  56  88  62  72  75  67  29  71  48  50  15  49  77  32  63
   10  6  57  52  49  65  39  59  71  7  22  31  72  61  1  54  68  23  85  51  84  86  16  63  20  12  25  15  9  41  78  29  53  14  44  62  55  33  2  19  47  46  81  13  79  83  32  37  40  24  50  30  18  82  67  58  17  28  88  35  21  66  4  38  5  3  73  26  69  77  64  74  80  48  11  60  36  75  45  27  34  56  87  70  42  43  8  76
   10  7  85  15  55  83  67  38  80  56  57  31  84  41  2  37  17  3  11  70  49  61  16  29  47  24  88  26  36  43  39  54  20  14  81  30  21  77  45  76  71  23  25  62  79  82  4  74  34  6  22  51  9  33  32  58  5  48  87  52  72  86  78  19  40  28  73  60  42  65  1  63  53  46  50  35  69  75  8  59  68  12  44  13  18  66  64  27
   10  26  11  42  80  27  3  58  12  8  6  43  33  19  81  74  16  28  45  24  4  22  67  59  62  49  13  35  69  9  41  2  7  32  73  44  21  61  34  40  31  20  39  38  82  83  64  75  84  78  17  65  88  29  76  51  46  85  53  25  79  57  5  18  15  23  66  48  68  1  72  60  30  37  63  77  87  50  52  56  14  47  71  36  86  55  70  54
   10  26  33  42  36  49  25  58  56  52  6  65  11  41  59  74  60  72  23  68  48  22  1  81  62  27  79  57  47  75  19  2  29  76  51  88  87  39  34  84  53  64  61  38  82  17  20  9  40  78  83  43  44  7  32  73  46  63  31  3  13  35  71  18  37  45  66  4  24  67  28  16  30  15  85  55  21  50  8  12  14  69  5  80  86  77  70  54
   10  26  55  42  80  71  47  58  12  8  6  87  77  63  37  74  16  28  1  24  4  22  23  15  62  5  57  79  25  53  85  2  51  32  29  44  65  17  34  40  75  20  83  38  82  39  64  31  84  78  61  21  88  73  76  7  46  41  9  69  35  13  49  18  59  67  66  48  68  45  72  60  30  81  19  33  43  50  52  56  14  3  27  36  86  11  70  54
   10  26  77  42  36  5  69  58  56  52  6  21  55  85  15  74  60  72  67  68  48  22  45  37  62  71  35  13  3  31  63  2  73  76  7  88  43  83  34  84  9  64  17  38  82  61  20  53  40  78  39  87  44  51  32  29  46  19  75  47  57  79  27  18  81  1  66  4  24  23  28  16  30  59  41  11  65  50  8  12  14  25  49  80  86  33  70  54
   10  28  25  70  18  86  45  37  68  48  81  31  69  33  39  38  53  6  88  15  42  82  16  27  40  23  11  13  72  77  2  59  5  14  57  35  9  43  67  63  34  24  85  60  79  61  64  19  71  3  44  52  21  41  8  58  20  56  50  51  36  83  1  74  47  7  73  62  49  66  78  76  17  12  87  30  84  75  32  54  80  46  22  26  55  65  4  29
   10  29  4  65  55  26  22  46  80  54  32  75  84  30  87  12  17  76  78  66  49  62  73  7  47  74  1  83  36  51  50  56  20  58  8  41  21  52  44  3  71  19  64  61  79  60  85  24  34  63  67  43  9  35  57  14  5  59  2  77  72  13  11  23  40  27  16  82  42  15  88  6  53  38  39  33  69  31  81  48  68  37  45  86  18  70  25  28
   10  34  17  58  60  41  49  82  24  84  70  65  83  73  67  18  52  48  79  20  56  6  57  1  22  19  31  9  71  3  51  42  77  76  11  72  87  15  2  44  69  80  37  30  74  81  36  25  88  46  59  43  28  55  32  33  86  7  47  27  53  75  63  66  45  13  50  12  64  35  4  8  62  23  29  39  21  26  40  68  38  5  85  16  14  61  78  54
   10  34  39  58  16  63  71  82  68  40  70  87  61  7  45  18  8  4  57  64  12  6  79  23  22  85  9  31  49  69  29  42  11  32  77  28  65  81  2  88  3  36  59  30  74  15  80  47  44  46  37  21  72  33  76  55  86  73  25  5  75  53  41  66  67  35  50  56  20  13  48  52  62  1  51  17  43  26  84  24  38  27  19  60  14  83  78  54
   10  34  61  58  60  85  5  82  24  84  70  21  39  29  23  18  52  48  35  20  56  6  13  45  22  63  75  53  27  47  7  42  33  76  55  72  43  59  2  44  25  80  81  30  74  37  36  69  88  46  15  87  28  11  32  77  86  51  3  71  9  31  19  66  1  57  50  12  64  79  4  8  62  67  73  83  65  26  40  68  38  49  41  16  14  17  78  54
   10  34  83  58  16  19  27  82  68  40  70  43  17  51  1  18  8  4  13  64  12  6  35  67  22  41  53  75  5  25  73  42  55  32  33  28  21  37  2  88  47  36  15  30  74  59  80  3  44  46  81  65  72  77  76  11  86  29  69  49  31  9  85  66  23  79  50  56  20  57  48  52  62  45  7  61  87  26  84  24  38  71  63  60  14  39  78  54
   10  38  2  61  36  30  25  6  5  19  1  75  18  15  57  3  47  54  45  82  9  52  73  46  68  27  67  41  49  26  81  23  34  58  78  65  69  13  85  56  17  29  39  77  79  51  87  28  53  59  64  83  84  70  88  14  71  74  32  86  42  35  44  7  80  37  16  43  21  62  22  48  40  63  8  66  55  31  11  24  20  76  4  33  72  60  50  12
   10  42  23  74  40  55  7  18  36  72  46  87  45  39  53  50  88  68  25  16  20  78  47  31  70  77  49  71  73  85  61  82  59  32  37  12  65  57  58  48  19  52  35  22  66  79  8  63  4  14  13  21  56  81  76  15  38  17  41  29  27  5  33  26  75  3  34  64  60  69  24  44  6  9  83  1  43  2  28  80  62  51  11  84  30  67  86  54
   10  42  67  74  40  11  51  18  36  72  46  43  1  83  9  50  88  68  69  16  20  78  3  75  70  33  5  27  29  41  17  82  15  32  81  12  21  13  58  48  63  52  79  22  66  35  8  19  4  14  57  65  56  37  76  59  38  61  85  73  71  49  77  26  31  47  34  64  60  25  24  44  6  53  39  45  87  2  28  80  62  7  55  84  30  23  86  54
   10  43  87  27  36  48  64  26  5  66  88  58  18  24  32  13  47  33  44  29  9  12  16  51  68  61  22  59  49  6  8  70  34  75  11  74  69  3  4  35  17  82  50  37  79  46  2  62  53  41  25  63  84  23  1  31  71  65  57  76  42  56  45  60  80  77  73  38  21  28  67  30  40  83  81  19  55  14  78  15  20  86  85  54  72  7  39  52
   10  46  87  62  36  41  64  63  5  23  88  31  18  65  32  76  47  56  44  60  9  77  16  38  68  28  22  30  49  83  8  19  34  14  11  15  69  86  4  54  17  7  50  52  79  43  2  27  53  48  25  26  84  66  1  58  71  24  57  13  42  33  45  29  80  12  73  51  21  61  67  59  40  6  81  70  55  75  78  74  20  3  85  35  72  82  39  37
   10  50  7  2  64  47  31  42  4  16  22  87  29  71  61  82  80  44  81  56  28  62  15  39  30  69  1  23  9  13  5  34  19  32  85  84  65  33  26  8  35  68  11  14  58  55  24  79  52  70  77  21  40  41  76  63  78  49  57  53  67  45  25  74  83  59  18  72  12  37  88  36  38  17  27  73  43  66  60  48  86  75  3  20  46  51  6  54
   10  50  29  2  20  69  53  42  48  60  22  21  7  5  39  82  36  88  59  12  72  62  37  61  30  47  67  45  75  79  71  34  41  76  63  40  43  11  26  52  57  24  33  14  58  77  68  13  8  70  55  87  84  19  32  85  78  27  35  31  1  23  3  74  17  81  18  28  56  15  44  80  38  83  49  51  65  66  16  4  86  9  25  64  46  73  6  54
   10  50  51  2  64  3  75  42  4  16  22  43  73  27  17  82  80  44  37  56  28  62  59  83  30  25  45  67  53  57  49  34  63  32  41  84  21  77  26  8  79  68  55  14  58  11  24  35  52  70  33  65  40  85  76  19  78  5  13  9  23  1  69  74  39  15  18  72  12  81  88  36  38  61  71  29  87  66  60  48  86  31  47  20  46  7  6  54
   10  50  73  2  20  25  9  42  48  60  22  65  51  49  83  82  36  88  15  12  72  62  81  17  30  3  23  1  31  35  27  34  85  76  19  40  87  55  26  52  13  24  77  14  58  33  68  57  8  70  11  43  84  63  32  41  78  71  79  75  45  67  47  74  61  37  18  28  56  59  44  80  38  39  5  7  21  66  16  4  86  53  69  64  46  29  6  54
   10  51  2  28  36  59  25  83  5  70  1  14  18  74  57  86  47  35  45  7  9  37  73  43  68  62  67  48  49  63  81  66  34  31  78  24  69  76  85  33  17  60  39  12  79  38  87  61  53  30  64  6  84  19  88  75  71  15  32  3  42  54  44  82  80  52  16  46  21  27  22  41  40  26  8  23  55  58  11  65  20  13  4  56  72  29  50  77
   10  60  4  24  55  63  22  43  80  35  32  14  84  59  87  77  17  13  78  23  49  27  73  82  47  15  1  6  36  38  50  33  20  31  8  48  21  37  44  86  71  70  64  28  79  29  85  65  34  26  67  46  9  54  57  75  5  30  2  12  72  76  11  66  40  62  16  7  42  74  88  83  53  51  39  56  69  58  81  41  68  52  45  3  18  19  25  61
   10  61  25  19  18  3  45  52  68  41  81  58  69  56  39  51  53  83  88  74  42  7  16  62  40  66  11  76  72  12  2  30  5  75  57  54  9  46  67  26  34  65  85  29  79  28  64  70  71  86  44  37  21  48  8  31  20  33  50  38  36  6  1  15  47  82  73  27  49  23  78  13  17  77  87  59  84  14  32  35  80  43  22  63  55  24  4  60
   10  66  19  34  24  75  35  2  28  80  62  43  41  3  33  58  64  84  61  48  44  30  83  11  38  9  37  59  13  1  25  26  71  32  49  52  21  29  50  16  23  12  7  86  42  51  56  67  60  6  73  65  8  5  76  27  70  69  45  57  15  81  53  82  55  39  74  88  4  17  40  20  14  77  47  85  87  18  36  72  46  79  31  68  78  63  22  54
   10  66  41  34  68  9  57  2  72  36  62  65  19  25  11  58  20  40  39  4  88  30  17  33  38  75  15  81  79  67  3  26  5  76  27  8  87  7  50  60  45  56  29  86  42  73  12  1  16  6  51  43  52  71  32  49  70  47  23  35  37  59  31  82  77  61  74  44  48  83  84  64  14  55  69  63  21  18  80  28  46  13  53  24  78  85  22  54
   10  66  63  34  24  31  79  2  28  80  62  87  85  47  77  58  64  84  17  48  44  30  39  55  38  53  81  15  57  45  69  26  27  32  5  52  65  73  50  16  67  12  51  86  42  7  56  23  60  6  29  21  8  49  76  71  70  25  1  13  59  37  9  82  11  83  74  88  4  61  40  20  14  33  3  41  43  18  36  72  46  35  75  68  78  19  22  54
   10  66  85  34  68  53  13  2  72  36  62  21  63  69  55  58  20  40  83  4  88  30  61  77  38  31  59  37  35  23  47  26  49  76  71  8  43  51  50  60  1  56  73  86  42  29  12  45  16  6  7  87  52  27  32  5  70  3  67  79  81  15  75  82  33  17  74  44  48  39  84  64  14  11  25  19  65  18  80  28  46  57  9  24  78  41  22  54
   10  74  3  50  48  67  59  26  84  24  38  43  25  35  41  2  56  60  29  88  52  14  51  19  86  1  77  11  37  17  57  66  31  32  9  36  21  5  18  64  39  28  71  78  34  27  72  83  20  62  49  65  80  53  76  75  22  13  61  81  55  33  45  42  63  7  58  8  44  73  16  12  46  85  79  69  87  82  68  40  70  15  23  4  6  47  30  54
   10  74  47  50  48  23  15  26  84  24  38  87  69  79  85  2  56  60  73  88  52  14  7  63  86  45  33  55  81  61  13  66  75  32  53  36  65  49  18  64  83  28  27  78  34  71  72  39  20  62  5  21  80  9  76  31  22  57  17  37  11  77  1  42  19  51  58  8  44  29  16  12  46  41  35  25  43  82  68  40  70  59  67  4  6  3  30  54
   10  82  9  66  28  81  17  50  8  12  14  65  75  1  27  34  4  80  63  84  16  86  41  49  46  59  7  73  39  11  67  18  13  76  35  64  87  47  74  68  77  88  69  70  26  25  44  33  24  30  3  43  20  79  32  57  62  23  55  83  29  51  15  2  5  85  42  60  40  19  36  48  78  71  45  31  21  58  56  52  6  61  37  72  22  53  38  54
   10  82  31  66  72  15  39  50  52  56  14  87  53  23  5  34  48  36  41  40  60  86  63  71  46  37  73  7  17  77  45  18  35  32  13  20  65  25  74  24  11  44  3  70  26  47  88  55  68  30  69  21  64  57  76  79  62  1  33  61  51  29  81  2  27  19  42  16  84  85  80  4  78  49  67  9  43  58  12  8  6  83  59  28  22  75  38  54
   10  82  53  66  28  37  61  50  8  12  14  21  31  45  71  34  4  80  19  84  16  86  85  5  46  15  51  29  83  55  23  18  57  76  79  64  43  3  74  68  33  88  25  70  26  69  44  77  24  30  47  87  20  35  32  13  62  67  11  39  73  7  59  2  49  41  42  60  40  63  36  48  78  27  1  75  65  58  56  52  6  17  81  72  22  9  38  54
   10  82  75  66  72  59  83  50  52  56  14  43  9  67  49  34  48  36  85  40  60  86  19  27  46  81  29  51  61  33  1  18  79  32  57  20  21  69  74  24  55  44  47  70  26  3  88  11  68  30  25  65  64  13  76  35  62  45  77  17  7  73  37  2  71  63  42  16  84  41  80  4  78  5  23  53  87  58  12  8  6  39  15  28  22  31  38  54
   10  82  85  74  55  6  67  51  80  33  57  58  84  48  2  52  17  86  11  19  49  28  16  60  47  65  88  63  36  46  39  35  20  75  81  59  21  12  45  13  71  66  25  27  79  7  4  15  34  83  22  38  9  56  32  31  5  41  87  37  72  3  78  70  40  61  73  29  42  24  1  26  53  43  50  54  69  14  8  30  68  77  44  76  18  23  64  62
   10  83  57  37  49  24  39  30  71  82  22  58  72  28  1  35  68  66  85  38  84  3  16  26  20  77  25  74  9  48  78  60  53  75  44  27  55  56  2  70  47  43  81  76  79  6  32  52  40  65  50  59  18  7  67  31  17  61  88  54  21  23  4  51  5  86  73  63  69  12  64  15  80  41  11  29  36  14  45  62  34  33  87  19  42  46  8  13
   10  86  81  38  42  23  2  35  34  61  44  58  36  7  78  30  80  65  25  37  69  6  16  13  5  43  85  19  21  56  1  62  17  75  22  29  18  48  39  15  40  77  57  63  79  3  8  51  47  66  87  54  55  28  45  31  53  82  11  59  9  24  64  52  20  83  73  76  84  46  4  70  68  33  88  27  72  14  67  60  71  41  50  74  49  12  32  26
   11  7  53  58  45  61  55  35  87  23  47  38  8  86  79  26  57  12  40  74  39  41  18  60  22  14  17  27  1  33  21  70  85  46  5  76  16  83  69  52  25  24  80  59  78  82  36  31  44  28  34  54  2  66  42  51  81  3  10  63  32  77  49  15  50  48  71  29  67  75  72  62  88  56  68  19  4  43  84  13  73  6  20  37  64  65  9  30
   11  12  5  54  67  65  79  70  44  48  20  38  1  82  49  13  87  14  80  63  4  61  18  52  81  56  53  74  16  66  72  30  57  46  34  29  64  86  21  31  50  6  47  27  78  77  84  35  22  24  10  19  45  41  69  51  88  7  40  76  2  75  9  26  85  28  71  37  8  33  36  15  73  23  17  59  32  43  55  60  25  3  68  58  39  83  42  62
   11  14  34  19  8  83  49  30  22  28  68  38  16  77  9  60  44  56  47  76  32  65  18  31  88  23  5  63  64  41  36  62  87  46  10  37  39  82  72  35  85  3  20  74  78  75  55  70  81  6  40  59  67  61  21  51  73  12  80  29  45  33  42  13  57  24  71  58  1  66  84  26  25  48  53  27  2  43  79  52  50  7  17  54  4  86  69  15
   11  15  69  86  4  54  17  7  50  52  79  43  2  27  53  48  25  26  84  66  1  58  71  24  57  13  42  33  45  29  80  12  73  51  21  61  67  59  40  6  81  70  55  75  78  74  20  3  85  35  72  82  39  37  10  46  87  62  36  41  64  63  5  23  88  31  18  65  32  76  47  56  44  60  9  77  16  38  68  28  22  30  49  83  8  19  34  14
   11  24  20  76  4  33  72  60  50  12  10  38  2  61  36  30  25  6  5  19  1  75  18  15  57  3  47  54  45  82  9  52  73  46  68  27  67  41  49  26  81  23  34  58  78  65  69  13  85  56  17  29  39  77  79  51  87  28  53  59  64  83  84  70  88  14  71  74  32  86  42  35  44  7  80  37  16  43  21  62  22  48  40  63  8  66  55  31
   11  27  12  43  81  28  4  59  13  9  7  44  34  20  82  75  17  29  46  25  5  23  68  60  63  50  14  36  70  10  42  3  8  33  74  45  22  62  35  41  32  21  40  39  83  84  65  76  85  79  18  66  1  30  77  52  47  86  54  26  80  58  6  19  16  24  67  49  69  2  73  61  31  38  64  78  88  51  53  57  15  48  72  37  87  56  71  55
   11  27  34  43  37  50  26  59  57  53  7  66  12  42  60  75  61  73  24  69  49  23  2  82  63  28  80  58  48  76  20  3  30  77  52  1  88  40  35  85  54  65  62  39  83  18  21  10  41  79  84  44  45  8  33  74  47  64  32  4  14  36  72  19  38  46  67  5  25  68  29  17  31  16  86  56  22  51  9  13  15  70  6  81  87  78  71  55
   11  27  42  6  39  31  68  86  25  29  55  46  32  30  17  66  73  74  36  56  8  52  71  61  85  63  9  14  2  13  40  82  88  38  69  48  45  70  10  65  22  54  84  12  78  62  47  83  50  58  21  3  64  60  34  43  57  59  72  23  16  15  53  33  81  37  18  28  4  26  80  75  87  76  49  7  1  51  20  41  44  19  79  24  67  35  5  77
   11  27  56  43  81  72  48  59  13  9  7  88  78  64  38  75  17  29  2  25  5  23  24  16  63  6  58  80  26  54  86  3  52  33  30  45  66  18  35  41  76  21  84  39  83  40  65  32  85  79  62  22  1  74  77  8  47  42  10  70  36  14  50  19  60  68  67  49  69  46  73  61  31  82  20  34  44  51  53  57  15  4  28  37  87  12  71  55
   11  27  78  43  37  6  70  59  57  53  7  22  56  86  16  75  61  73  68  69  49  23  46  38  63  72  36  14  4  32  64  3  74  77  8  1  44  84  35  85  10  65  18  39  83  62  21  54  41  79  40  88  45  52  33  30  47  20  76  48  58  80  28  19  82  2  67  5  25  24  29  17  31  60  42  12  66  51  9  13  15  26  50  81  87  34  71  55
   11  28  47  63  39  75  21  13  25  7  34  38  32  41  72  70  73  24  53  54  8  77  18  62  85  6  80  58  2  86  49  60  88  46  20  59  45  66  79  15  22  56  5  37  78  61  42  26  50  14  68  76  64  82  55  51  57  48  17  19  16  65  36  35  81  12  71  27  4  83  9  31  87  3  40  29  1  43  69  30  44  23  10  74  67  33  84  52
   11  29  36  14  45  62  34  33  87  19  42  46  8  13  10  83  57  37  49  24  39  30  71  82  22  58  72  28  1  35  68  66  85  38  84  3  16  26  20  77  25  74  9  48  78  60  53  75  44  27  55  56  2  70  47  43  81  76  79  6  32  52  40  65  50  59  18  7  67  31  17  61  88  54  21  23  4  51  5  86  73  63  69  12  64  15  80  41
   11  31  55  66  8  63  40  48  22  62  21  43  16  37  80  7  44  35  42  86  32  74  71  14  88  70  84  83  64  59  53  28  87  51  79  77  39  29  17  56  85  13  69  65  78  58  34  23  81  26  49  41  67  27  68  46  73  52  9  82  45  54  47  3  57  15  18  75  1  19  5  6  25  30  36  61  2  38  10  12  50  60  72  33  4  76  20  24
   11  35  18  59  61  42  50  83  25  85  71  66  84  74  68  19  53  49  80  21  57  7  58  2  23  20  32  10  72  4  52  43  78  77  12  73  88  16  3  45  70  81  38  31  75  82  37  26  1  47  60  44  29  56  33  34  87  8  48  28  54  76  64  67  46  14  51  13  65  36  5  9  63  24  30  40  22  27  41  69  39  6  86  17  15  62  79  55
   11  35  40  59  17  64  72  83  69  41  71  88  62  8  46  19  9  5  58  65  13  7  80  24  23  86  10  32  50  70  30  43  12  33  78  29  66  82  3  1  4  37  60  31  75  16  81  48  45  47  38  22  73  34  77  56  87  74  26  6  76  54  42  67  68  36  51  57  21  14  49  53  63  2  52  18  44  27  85  25  39  28  20  61  15  84  79  55
   11  35  62  59  61  86  6  83  25  85  71  22  40  30  24  19  53  49  36  21  57  7  14  46  23  64  76  54  28  48  8  43  34  77  56  73  44  60  3  45  26  81  82  31  75  38  37  70  1  47  16  88  29  12  33  78  87  52  4  72  10  32  20  67  2  58  51  13  65  80  5  9  63  68  74  84  66  27  41  69  39  50  42  17  15  18  79  55
   11  35  84  59  17  20  28  83  69  41  71  44  18  52  2  19  9  5  14  65  13  7  36  68  23  42  54  76  6  26  74  43  56  33  34  29  22  38  3  1  48  37  16  31  75  60  81  4  45  47  82  66  73  78  77  12  87  30  70  50  32  10  86  67  24  80  51  57  21  58  49  53  63  46  8  62  88  27  85  25  39  72  64  61  15  40  79  55
   11  37  84  56  67  15  10  66  44  59  69  46  1  60  40  86  87  58  9  6  4  62  71  77  81  54  36  24  16  70  17  41  57  38  55  7  64  13  68  75  50  63  42  28  78  52  5  33  22  74  79  23  45  30  20  43  88  29  49  3  2  31  80  83  85  27  18  12  8  35  53  65  73  19  72  48  32  51  34  82  25  76  21  14  39  26  47  61
   11  41  80  15  64  12  69  63  73  86  5  51  4  23  21  54  88  61  17  31  67  7  18  59  50  65  40  52  32  6  79  76  81  43  47  70  2  56  55  27  44  75  53  60  78  48  9  74  25  77  20  26  16  3  84  38  85  66  68  35  1  28  72  58  22  82  71  30  39  24  49  37  57  83  10  13  8  46  42  19  87  33  34  62  45  14  36  29
   11  43  2  75  85  34  74  19  81  29  47  66  68  18  76  51  45  25  48  61  65  79  26  10  71  12  72  50  8  20  84  83  38  77  60  57  88  80  59  5  86  9  14  23  67  58  53  42  49  15  36  44  13  16  33  82  39  40  64  52  6  28  56  27  54  70  35  21  17  4  69  1  7  32  62  24  22  3  73  37  63  30  78  41  31  46  87  55
   11  43  24  75  41  56  8  19  37  73  47  88  46  40  54  51  1  69  26  17  21  79  48  32  71  78  50  72  74  86  62  83  60  33  38  13  66  58  59  49  20  53  36  23  67  80  9  64  5  15  14  22  57  82  77  16  39  18  42  30  28  6  34  27  76  4  35  65  61  70  25  45  7  10  84  2  44  3  29  81  63  52  12  85  31  68  87  55
   11  43  46  75  85  78  30  19  81  29  47  22  24  62  32  51  45  25  4  61  65  79  70  54  71  56  28  6  52  64  40  83  82  77  16  57  44  36  59  5  42  9  58  23  67  14  53  86  49  15  80  88  13  60  33  38  39  84  20  8  50  72  12  27  10  26  35  21  17  48  69  1  7  76  18  68  66  3  73  37  63  74  34  41  31  2  87  55
   11  43  68  75  41  12  52  19  37  73  47  44  2  84  10  51  1  69  70  17  21  79  4  76  71  34  6  28  30  42  18  83  16  33  82  13  22  14  59  49  64  53  80  23  67  36  9  20  5  15  58  66  57  38  77  60  39  62  86  74  72  50  78  27  32  48  35  65  61  26  25  45  7  54  40  46  88  3  29  81  63  8  56  85  31  24  87  55
   11  48  80  74  64  77  69  26  73  3  5  38  4  66  21  35  88  28  17  58  67  82  18  30  50  24  40  37  32  83  79  13  81  46  47  19  2  33  55  62  44  14  53  29  78  41  9  15  25  12  20  63  16  86  84  51  85  23  68  54  1  61  72  31  22  7  71  59  39  65  49  52  57  6  10  76  8  43  42  70  87  56  34  27  45  75  36  60
   11  51  8  3  65  48  32  43  5  17  23  88  30  72  62  83  81  45  82  57  29  63  16  40  31  70  2  24  10  14  6  35  20  33  86  85  66  34  27  9  36  69  12  15  59  56  25  80  53  71  78  22  41  42  77  64  79  50  58  54  68  46  26  75  84  60  19  73  13  38  1  37  39  18  28  74  44  67  61  49  87  76  4  21  47  52  7  55
   11  51  30  3  21  70  54  43  49  61  23  22  8  6  40  83  37  1  60  13  73  63  38  62  31  48  68  46  76  80  72  35  42  77  64  41  44  12  27  53  58  25  34  15  59  78  69  14  9  71  56  88  85  20  33  86  79  28  36  32  2  24  4  75  18  82  19  29  57  16  45  81  39  84  50  52  66  67  17  5  87  10  26  65  47  74  7  55
   11  51  52  3  65  4  76  43  5  17  23  44  74  28  18  83  81  45  38  57  29  63  60  84  31  26  46  68  54  58  50  35  64  33  42  85  22  78  27  9  80  69  56  15  59  12  25  36  53  71  34  66  41  86  77  20  79  6  14  10  24  2  70  75  40  16  19  73  13  82  1  37  39  62  72  30  88  67  61  49  87  32  48  21  47  8  7  55
   11  51  74  3  21  26  10  43  49  61  23  66  52  50  84  83  37  1  16  13  73  63  82  18  31  4  24  2  32  36  28  35  86  77  20  41  88  56  27  53  14  25  78  15  59  34  69  58  9  71  12  44  85  64  33  42  79  72  80  76  46  68  48  75  62  38  19  29  57  60  45  81  39  40  6  8  22  67  17  5  87  54  70  65  47  30  7  55
   11  52  84  33  67  74  10  23  44  30  69  43  1  29  40  3  87  31  9  83  4  27  71  12  81  35  36  65  16  19  17  48  57  51  55  82  64  76  68  14  50  26  42  61  78  37  5  56  22  15  79  66  45  59  20  46  88  60  49  86  2  58  80  6  85  62  18  77  8  54  53  24  73  70  72  41  32  38  34  7  25  13  21  75  39  63  47  28
   11  58  55  23  8  26  40  41  22  27  21  46  16  52  80  82  44  54  42  3  32  15  71  75  88  19  84  6  64  30  53  61  87  38  79  12  39  60  17  33  85  76  69  24  78  31  34  66  81  63  49  48  67  62  68  43  73  37  9  7  45  35  47  86  57  74  18  14  1  70  5  83  25  59  36  28  2  51  10  77  50  29  72  56  4  13  20  65
   11  60  36  75  45  27  34  56  87  70  42  43  8  76  10  6  57  52  49  65  39  59  71  7  22  31  72  61  1  54  68  23  85  51  84  86  16  63  20  12  25  15  9  41  78  29  53  14  44  62  55  33  2  19  47  46  81  13  79  83  32  37  40  24  50  30  18  82  67  58  17  28  88  35  21  66  4  38  5  3  73  26  69  77  64  74  80  48
   11  61  47  26  39  14  21  76  25  82  34  51  32  48  72  19  73  65  53  35  8  12  18  27  85  83  80  31  2  3  49  29  88  43  20  30  45  23  79  74  22  33  5  52  78  28  42  63  50  75  68  13  64  7  55  38  57  41  17  70  16  24  36  54  81  77  71  62  4  6  9  58  87  86  40  60  1  46  69  59  44  66  10  15  67  56  84  37
   11  62  42  83  39  58  68  3  25  60  55  43  32  59  17  23  73  15  36  33  8  37  71  28  85  26  9  75  2  76  40  7  88  51  69  41  45  19  10  24  22  35  84  77  78  27  47  6  50  31  21  86  64  29  34  46  57  30  72  66  16  74  53  56  81  52  18  61  4  63  80  14  87  13  49  82  1  38  20  48  44  70  79  65  67  54  5  12
   11  65  20  13  4  56  72  29  50  77  10  51  2  28  36  59  25  83  5  70  1  14  18  74  57  86  47  35  45  7  9  37  73  43  68  62  67  48  49  63  81  66  34  31  78  24  69  76  85  33  17  60  39  12  79  38  87  61  53  30  64  6  84  19  88  75  71  15  32  3  42  54  44  82  80  52  16  46  21  27  22  41  40  26  8  23  55  58
   11  67  20  35  25  76  36  3  29  81  63  44  42  4  34  59  65  85  62  49  45  31  84  12  39  10  38  60  14  2  26  27  72  33  50  53  22  30  51  17  24  13  8  87  43  52  57  68  61  7  74  66  9  6  77  28  71  70  46  58  16  82  54  83  56  40  75  1  5  18  41  21  15  78  48  86  88  19  37  73  47  80  32  69  79  64  23  55
   11  67  42  35  69  10  58  3  73  37  63  66  20  26  12  59  21  41  40  5  1  31  18  34  39  76  16  82  80  68  4  27  6  77  28  9  88  8  51  61  46  57  30  87  43  74  13  2  17  7  52  44  53  72  33  50  71  48  24  36  38  60  32  83  78  62  75  45  49  84  85  65  15  56  70  64  22  19  81  29  47  14  54  25  79  86  23  55
   11  67  64  35  25  32  80  3  29  81  63  88  86  48  78  59  65  85  18  49  45  31  40  56  39  54  82  16  58  46  70  27  28  33  6  53  66  74  51  17  68  13  52  87  43  8  57  24  61  7  30  22  9  50  77  72  71  26  2  14  60  38  10  83  12  84  75  1  5  62  41  21  15  34  4  42  44  19  37  73  47  36  76  69  79  20  23  55
   11  67  86  35  69  54  14  3  73  37  63  22  64  70  56  59  21  41  84  5  1  31  62  78  39  32  60  38  36  24  48  27  50  77  72  9  44  52  51  61  2  57  74  87  43  30  13  46  17  7  8  88  53  28  33  6  71  4  68  80  82  16  76  83  34  18  75  45  49  40  85  65  15  12  26  20  66  19  81  29  47  58  10  25  79  42  23  55
   11  74  69  3  4  35  17  82  50  37  79  46  2  62  53  41  25  63  84  23  1  31  71  65  57  76  42  56  45  60  80  77  73  38  21  28  67  30  40  83  81  19  55  14  78  15  20  86  85  54  72  7  39  52  10  43  87  27  36  48  64  26  5  66  88  58  18  24  32  13  47  33  44  29  9  12  16  51  68  61  22  59  49  6  8  70  34  75
   11  75  4  51  49  68  60  27  85  25  39  44  26  36  42  3  57  61  30  1  53  15  52  20  87  2  78  12  38  18  58  67  32  33  10  37  22  6  19  65  40  29  72  79  35  28  73  84  21  63  50  66  81  54  77  76  23  14  62  82  56  34  46  43  64  8  59  9  45  74  17  13  47  86  80  70  88  83  69  41  71  16  24  5  7  48  31  55
   11  75  26  51  5  2  82  27  41  69  39  66  4  58  20  3  13  17  8  45  9  15  74  42  87  68  56  34  16  84  36  67  54  77  76  81  88  72  19  21  62  73  6  79  35  50  29  18  65  63  28  44  37  32  33  10  23  80  40  60  78  12  24  43  86  30  59  53  1  52  61  57  47  64  14  48  22  83  25  85  71  38  46  49  7  70  31  55
   11  75  34  70  8  6  49  59  22  61  68  51  16  12  9  29  44  33  47  13  32  24  18  58  88  66  5  26  64  48  36  27  87  43  10  52  39  7  72  54  85  86  20  15  78  14  55  19  81  83  40  30  67  28  21  38  73  77  80  60  45  56  42  76  57  65  71  31  1  23  84  63  25  41  53  62  2  46  79  37  50  82  17  35  4  3  69  74
   11  75  48  51  49  24  16  27  85  25  39  88  70  80  86  3  57  61  74  1  53  15  8  64  87  46  34  56  82  62  14  67  76  33  54  37  66  50  19  65  84  29  28  79  35  72  73  40  21  63  6  22  81  10  77  32  23  58  18  38  12  78  2  43  20  52  59  9  45  30  17  13  47  42  36  26  44  83  69  41  71  60  68  5  7  4  31  55
   11  75  70  51  5  46  38  27  41  69  39  22  48  14  64  3  13  17  52  45  9  15  30  86  87  24  12  78  60  40  80  67  10  77  32  81  44  28  19  21  18  73  50  79  35  6  29  62  65  63  72  88  37  76  33  54  23  36  84  16  34  56  68  43  42  74  59  53  1  8  61  57  47  20  58  4  66  83  25  85  71  82  2  49  7  26  31  55
   11  77  5  35  67  24  79  19  44  41  20  51  1  7  49  76  87  75  80  26  4  28  18  37  81  33  53  15  16  23  72  59  57  43  34  60  64  3  21  58  50  83  47  62  78  12  84  54  22  65  10  70  45  48  69  38  88  82  40  13  2  14  9  63  85  61  71  52  8  56  36  74  73  66  17  30  32  46  55  29  25  86  68  31  39  6  42  27
   11  82  53  31  45  28  55  54  87  66  47  51  8  3  79  63  57  77  40  15  39  48  18  29  22  75  17  62  1  56  21  19  85  43  5  13  16  6  69  37  25  65  80  30  78  7  36  58  44  61  34  35  2  23  42  38  81  86  10  26  32  12  49  74  50  41  71  60  67  14  72  27  88  33  68  70  4  46  84  76  73  83  20  52  64  24  9  59
   11  83  10  67  29  82  18  51  9  13  15  66  76  2  28  35  5  81  64  85  17  87  42  50  47  60  8  74  40  12  68  19  14  77  36  65  88  48  75  69  78  1  70  71  27  26  45  34  25  31  4  44  21  80  33  58  63  24  56  84  30  52  16  3  6  86  43  61  41  20  37  49  79  72  46  32  22  59  57  53  7  62  38  73  23  54  39  55
   11  83  32  67  73  16  40  51  53  57  15  88  54  24  6  35  49  37  42  41  61  87  64  72  47  38  74  8  18  78  46  19  36  33  14  21  66  26  75  25  12  45  4  71  27  48  1  56  69  31  70  22  65  58  77  80  63  2  34  62  52  30  82  3  28  20  43  17  85  86  81  5  79  50  68  10  44  59  13  9  7  84  60  29  23  76  39  55
   11  83  54  67  29  38  62  51  9  13  15  22  32  46  72  35  5  81  20  85  17  87  86  6  47  16  52  30  84  56  24  19  58  77  80  65  44  4  75  69  34  1  26  71  27  70  45  78  25  31  48  88  21  36  33  14  63  68  12  40  74  8  60  3  50  42  43  61  41  64  37  49  79  28  2  76  66  59  57  53  7  18  82  73  23  10  39  55
   11  83  76  67  73  60  84  51  53  57  15  44  10  68  50  35  49  37  86  41  61  87  20  28  47  82  30  52  62  34  2  19  80  33  58  21  22  70  75  25  56  45  48  71  27  4  1  12  69  31  26  66  65  14  77  36  63  46  78  18  8  74  38  3  72  64  43  17  85  42  81  5  79  6  24  54  88  59  13  9  7  40  16  29  23  32  39  55
   12  4  17  84  10  9  65  76  22  2  80  1  39  57  15  68  42  14  11  82  70  72  33  81  8  31  27  49  43  7  79  60  85  34  63  6  67  3  44  74  29  62  69  64  20  25  18  73  30  88  47  23  50  19  78  41  16  35  51  87  5  71  75  52  37  77  28  26  38  55  58  86  24  59  13  83  45  36  46  66  32  21  53  54  40  61  48  56
   12  4  39  84  54  31  87  76  66  46  80  23  17  79  81  68  86  58  77  38  26  72  55  15  8  9  5  71  21  73  57  60  19  78  41  50  45  69  44  30  51  18  3  64  20  47  62  7  74  88  25  1  6  85  34  63  16  13  29  65  27  49  53  52  59  11  28  70  82  33  14  42  24  37  35  61  67  36  2  22  32  43  75  10  40  83  48  56
   12  4  61  84  10  53  21  76  22  2  80  45  83  13  59  68  42  14  55  82  70  72  77  37  8  75  71  5  87  51  35  60  41  34  19  6  23  47  44  74  73  62  25  64  20  69  18  29  30  88  3  67  50  63  78  85  16  79  7  43  49  27  31  52  81  33  28  26  38  11  58  86  24  15  57  39  1  36  46  66  32  65  9  54  40  17  48  56
   12  4  83  84  54  75  43  76  66  46  80  67  61  35  37  68  86  58  33  38  26  72  11  59  8  53  49  27  65  29  13  60  63  78  85  50  1  25  44  30  7  18  47  64  20  3  62  51  74  88  69  45  6  41  34  19  16  57  73  21  71  5  9  52  15  55  28  70  82  77  14  42  24  81  79  17  23  36  2  22  32  87  31  10  40  39  48  56
   12  9  29  44  33  47  13  32  24  18  58  88  66  5  26  64  48  36  27  87  43  10  52  39  7  72  54  85  86  20  15  78  14  55  19  81  83  40  30  67  28  21  38  73  77  80  60  45  56  42  76  57  65  71  31  1  23  84  63  25  41  53  62  2  46  79  37  50  82  17  35  4  3  69  74  11  75  34  70  8  6  49  59  22  61  68  51  16
   12  20  7  28  14  15  47  36  2  22  32  23  73  55  9  44  70  10  13  30  42  40  79  31  16  81  85  63  69  17  33  52  27  78  49  18  45  21  68  38  83  50  43  48  4  87  6  39  82  24  65  1  62  5  34  71  8  77  61  25  19  41  37  60  75  35  84  86  74  57  54  26  88  53  11  29  67  76  66  46  80  3  59  58  72  51  64  56
   12  20  51  28  14  59  3  36  2  22  32  67  29  11  53  44  70  10  57  30  42  40  35  75  16  37  41  19  25  61  77  52  71  78  5  18  1  65  68  38  39  50  87  48  4  43  6  83  82  24  21  45  62  49  34  27  8  33  17  69  63  85  81  60  31  79  84  86  74  13  54  26  88  9  55  73  23  76  66  46  80  47  15  58  72  7  64  56
   12  20  63  16  86  84  51  85  23  68  54  1  61  72  31  22  7  71  59  39  65  49  52  57  6  10  76  8  43  42  70  87  56  34  27  45  75  36  60  11  48  80  74  64  77  69  26  73  3  5  38  4  66  21  35  88  28  17  58  67  82  18  30  50  24  40  37  32  83  79  13  81  46  47  19  2  33  55  62  44  14  53  29  78  41  9  15  25
   12  20  73  28  58  81  25  36  46  66  32  1  7  33  31  44  26  54  35  74  86  40  57  9  16  15  19  41  3  39  55  52  5  34  71  62  67  43  68  82  61  6  21  48  4  65  50  17  38  24  87  23  18  27  78  49  8  11  83  47  85  63  59  60  53  13  84  42  30  79  10  70  88  75  77  51  45  76  22  2  80  69  37  14  72  29  64  56
   12  21  59  81  75  20  35  39  46  36  63  88  65  47  60  16  28  49  19  11  86  17  52  2  48  84  58  57  33  80  51  67  6  55  74  85  82  10  62  64  23  18  76  44  77  68  30  8  14  69  54  50  43  53  26  1  24  42  29  73  61  40  70  78  3  72  37  87  41  5  31  32  56  9  38  22  83  34  15  4  7  79  27  25  66  71  13  45
   12  36  19  60  62  43  51  84  26  86  72  67  85  75  69  20  54  50  81  22  58  8  59  3  24  21  33  11  73  5  53  44  79  78  13  74  1  17  4  46  71  82  39  32  76  83  38  27  2  48  61  45  30  57  34  35  88  9  49  29  55  77  65  68  47  15  52  14  66  37  6  10  64  25  31  41  23  28  42  70  40  7  87  18  16  63  80  56
   12  36  41  60  18  65  73  84  70  42  72  1  63  9  47  20  10  6  59  66  14  8  81  25  24  87  11  33  51  71  31  44  13  34  79  30  67  83  4  2  5  38  61  32  76  17  82  49  46  48  39  23  74  35  78  57  88  75  27  7  77  55  43  68  69  37  52  58  22  15  50  54  64  3  53  19  45  28  86  26  40  29  21  62  16  85  80  56
   12  36  63  60  62  87  7  84  26  86  72  23  41  31  25  20  54  50  37  22  58  8  15  47  24  65  77  55  29  49  9  44  35  78  57  74  45  61  4  46  27  82  83  32  76  39  38  71  2  48  17  1  30  13  34  79  88  53  5  73  11  33  21  68  3  59  52  14  66  81  6  10  64  69  75  85  67  28  42  70  40  51  43  18  16  19  80  56
   12  36  85  60  18  21  29  84  70  42  72  45  19  53  3  20  10  6  15  66  14  8  37  69  24  43  55  77  7  27  75  44  57  34  35  30  23  39  4  2  49  38  17  32  76  61  82  5  46  48  83  67  74  79  78  13  88  31  71  51  33  11  87  68  25  81  52  58  22  59  50  54  64  47  9  63  1  28  86  26  40  73  65  62  16  41  80  56
   12  42  58  25  43  17  15  8  28  9  76  88  41  10  35  78  6  21  29  57  66  53  52  4  14  49  38  44  65  5  62  39  3  55  59  73  33  71  26  2  7  69  19  22  77  47  31  64  46  72  74  81  61  80  13  1  48  79  54  11  83  68  60  32  23  36  37  85  75  40  51  45  24  84  27  50  86  34  30  16  56  18  63  87  82  20  70  67
   12  47  58  64  43  72  15  81  28  80  76  1  41  79  35  11  6  68  29  32  66  36  52  85  14  40  38  45  65  84  62  50  3  34  59  16  33  18  26  87  7  20  19  67  77  42  31  25  46  17  74  8  61  9  13  88  48  10  54  78  83  21  60  57  23  53  37  4  75  49  51  44  24  5  27  39  86  55  30  73  56  71  63  2  82  69  70  22
   12  68  43  36  70  11  59  4  74  38  64  67  21  27  13  60  22  42  41  6  2  32  19  35  40  77  17  83  81  69  5  28  7  78  29  10  1  9  52  62  47  58  31  88  44  75  14  3  18  8  53  45  54  73  34  51  72  49  25  37  39  61  33  84  79  63  76  46  50  85  86  66  16  57  71  65  23  20  82  30  48  15  55  26  80  87  24  56
   12  68  59  8  75  69  35  50  46  53  63  1  65  42  60  73  28  40  19  78  86  72  52  87  48  5  58  32  33  9  51  22  6  34  74  4  82  79  62  25  23  71  76  45  77  21  30  81  14  20  54  39  43  36  26  88  24  47  29  16  61  49  70  11  3  17  37  2  41  84  31  57  56  80  38  67  83  55  15  85  7  10  27  64  66  18  13  44
   12  68  87  36  70  55  15  4  74  38  64  23  65  71  57  60  22  42  85  6  2  32  63  79  40  33  61  39  37  25  49  28  51  78  73  10  45  53  52  62  3  58  75  88  44  31  14  47  18  8  9  1  54  29  34  7  72  5  69  81  83  17  77  84  35  19  76  46  50  41  86  66  16  13  27  21  67  20  82  30  48  59  11  26  80  43  24  56
   12  69  63  73  86  5  51  4  23  21  54  88  61  17  31  67  7  18  59  50  65  40  52  32  6  79  76  81  43  47  70  2  56  55  27  44  75  53  60  78  48  9  74  25  77  20  26  16  3  84  38  85  66  68  35  1  28  72  58  22  82  71  30  39  24  49  37  57  83  10  13  8  46  42  19  87  33  34  62  45  14  36  29  11  41  80  15  64
   12  76  27  52  6  3  83  28  42  70  40  67  5  59  21  4  14  18  9  46  10  16  75  43  88  69  57  35  17  85  37  68  55  78  77  82  1  73  20  22  63  74  7  80  36  51  30  19  66  64  29  45  38  33  34  11  24  81  41  61  79  13  25  44  87  31  60  54  2  53  62  58  48  65  15  49  23  84  26  86  72  39  47  50  8  71  32  56
   12  76  71  52  6  47  39  28  42  70  40  23  49  15  65  4  14  18  53  46  10  16  31  87  88  25  13  79  61  41  81  68  11  78  33  82  45  29  20  22  19  74  51  80  36  7  30  63  66  64  73  1  38  77  34  55  24  37  85  17  35  57  69  44  43  75  60  54  2  9  62  58  48  21  59  5  67  84  26  86  72  83  3  50  8  27  32  56
   12  84  11  68  30  83  19  52  10  14  16  67  77  3  29  36  6  82  65  86  18  88  43  51  48  61  9  75  41  13  69  20  15  78  37  66  1  49  76  70  79  2  71  72  28  27  46  35  26  32  5  45  22  81  34  59  64  25  57  85  31  53  17  4  7  87  44  62  42  21  38  50  80  73  47  33  23  60  58  54  8  63  39  74  24  55  40  56
   12  84  55  68  30  39  63  52  10  14  16  23  33  47  73  36  6  82  21  86  18  88  87  7  48  17  53  31  85  57  25  20  59  78  81  66  45  5  76  70  35  2  27  72  28  71  46  79  26  32  49  1  22  37  34  15  64  69  13  41  75  9  61  4  51  43  44  62  42  65  38  50  80  29  3  77  67  60  58  54  8  19  83  74  24  11  40  56
   13  4  56  72  29  50  77  10  51  2  28  36  59  25  83  5  70  1  14  18  74  57  86  47  35  45  7  9  37  73  43  68  62  67  48  49  63  81  66  34  31  78  24  69  76  85  33  17  60  39  12  79  38  87  61  53  30  64  6  84  19  88  75  71  15  32  3  42  54  44  82  80  52  16  46  21  27  22  41  40  26  8  23  55  58  11  65  20
   13  5  18  85  11  10  66  77  23  3  81  2  40  58  16  69  43  15  12  83  71  73  34  82  9  32  28  50  44  8  80  61  86  35  64  7  68  4  45  75  30  63  70  65  21  26  19  74  31  1  48  24  51  20  79  42  17  36  52  88  6  72  76  53  38  78  29  27  39  56  59  87  25  60  14  84  46  37  47  67  33  22  54  55  41  62  49  57
   13  5  62  85  11  54  22  77  23  3  81  46  84  14  60  69  43  15  56  83  71  73  78  38  9  76  72  6  88  52  36  61  42  35  20  7  24  48  45  75  74  63  26  65  21  70  19  30  31  1  4  68  51  64  79  86  17  80  8  44  50  28  32  53  82  34  29  27  39  12  59  87  25  16  58  40  2  37  47  67  33  66  10  55  41  18  49  57
   13  18  66  64  27  10  7  85  15  55  83  67  38  80  56  57  31  84  41  2  37  17  3  11  70  49  61  16  29  47  24  88  26  36  43  39  54  20  14  81  30  21  77  45  76  71  23  25  62  79  82  4  74  34  6  22  51  9  33  32  58  5  48  87  52  72  86  78  19  40  28  73  60  42  65  1  63  53  46  50  35  69  75  8  59  68  12  44
   13  21  8  29  15  16  48  37  3  23  33  24  74  56  10  45  71  11  14  31  43  41  80  32  17  82  86  64  70  18  34  53  28  79  50  19  46  22  69  39  84  51  44  49  5  88  7  40  83  25  66  2  63  6  35  72  9  78  62  26  20  42  38  61  76  36  85  87  75  58  55  27  1  54  12  30  68  77  67  47  81  4  60  59  73  52  65  57
   13  21  30  29  59  38  70  37  47  67  33  46  52  78  76  45  27  55  80  75  87  41  14  54  17  60  64  86  48  84  12  53  50  35  28  63  24  88  69  83  18  7  66  49  5  22  51  62  39  25  44  68  19  72  79  6  9  56  40  4  42  20  16  61  10  58  85  43  31  36  11  71  1  32  34  8  2  77  23  3  81  26  82  15  73  74  65  57
   13  21  52  29  15  60  4  37  3  23  33  68  30  12  54  45  71  11  58  31  43  41  36  76  17  38  42  20  26  62  78  53  72  79  6  19  2  66  69  39  40  51  88  49  5  44  7  84  83  25  22  46  63  50  35  28  9  34  18  70  64  86  82  61  32  80  85  87  75  14  55  27  1  10  56  74  24  77  67  47  81  48  16  59  73  8  65  57
   13  21  74  29  59  82  26  37  47  67  33  2  8  34  32  45  27  55  36  75  87  41  58  10  17  16  20  42  4  40  56  53  6  35  72  63  68  44  69  83  62  7  22  49  5  66  51  18  39  25  88  24  19  28  79  50  9  12  84  48  86  64  60  61  54  14  85  43  31  80  11  71  1  76  78  52  46  77  23  3  81  70  38  15  73  30  65  57
   13  21  75  39  63  47  28  11  52  84  33  67  74  10  23  44  30  69  43  1  29  40  3  87  31  9  83  4  27  71  12  81  35  36  65  16  19  17  48  57  51  55  82  64  76  68  14  50  26  42  61  78  37  5  56  22  15  79  66  45  59  20  46  88  60  49  86  2  58  80  6  85  62  18  77  8  54  53  24  73  70  72  41  32  38  34  7  25
   13  25  7  34  38  32  41  72  70  73  24  53  54  8  77  18  62  85  6  80  58  2  86  49  60  88  46  20  59  45  66  79  15  22  56  5  37  78  61  42  26  50  14  68  76  64  82  55  51  57  48  17  19  16  65  36  35  81  12  71  27  4  83  9  31  87  3  40  29  1  43  69  30  44  23  10  74  67  33  84  52  11  28  47  63  39  75  21
   13  34  41  73  54  18  6  2  60  20  66  22  37  42  14  64  51  17  65  81  27  9  3  1  30  10  33  11  63  21  7  32  70  53  77  85  58  49  46  45  15  5  61  50  76  55  48  16  35  71  83  87  29  69  23  67  52  47  75  25  38  72  24  8  62  80  86  88  59  79  56  78  26  68  82  57  19  36  12  4  31  40  43  44  74  84  28  39
   13  37  42  61  19  66  74  85  71  43  73  2  64  10  48  21  11  7  60  67  15  9  82  26  25  88  12  34  52  72  32  45  14  35  80  31  68  84  5  3  6  39  62  33  77  18  83  50  47  49  40  24  75  36  79  58  1  76  28  8  78  56  44  69  70  38  53  59  23  16  51  55  65  4  54  20  46  29  87  27  41  30  22  63  17  86  81  57
   13  37  86  61  19  22  30  85  71  43  73  46  20  54  4  21  11  7  16  67  15  9  38  70  25  44  56  78  8  28  76  45  58  35  36  31  24  40  5  3  50  39  18  33  77  62  83  6  47  49  84  68  75  80  79  14  1  32  72  52  34  12  88  69  26  82  53  59  23  60  51  55  65  48  10  64  2  29  87  27  41  74  66  63  17  42  81  57
   13  39  28  84  74  44  43  40  31  4  12  36  19  57  82  68  26  78  56  79  59  88  86  80  62  8  24  72  38  25  75  47  52  67  23  69  29  87  83  71  35  16  48  55  76  50  61  5  15  45  46  49  58  85  77  53  70  32  7  21  63  11  33  10  30  1  3  9  27  81  65  17  51  64  14  42  37  22  66  20  60  2  6  18  54  73  41  34
   13  44  12  68  59  8  75  69  35  50  46  53  63  1  65  42  60  73  28  40  19  78  86  72  52  87  48  5  58  32  33  9  51  22  6  34  74  4  82  79  62  25  23  71  76  45  77  21  30  81  14  20  54  39  43  36  26  88  24  47  29  16  61  49  70  11  3  17  37  2  41  84  31  57  56  80  38  67  83  55  15  85  7  10  27  64  66  18
   13  45  12  21  59  81  75  20  35  39  46  36  63  88  65  47  60  16  28  49  19  11  86  17  52  2  48  84  58  57  33  80  51  67  6  55  74  85  82  10  62  64  23  18  76  44  77  68  30  8  14  69  54  50  43  53  26  1  24  42  29  73  61  40  70  78  3  72  37  87  41  5  31  32  56  9  38  22  83  34  15  4  7  79  27  25  66  71
   13  50  28  5  74  45  43  49  31  85  12  53  19  32  82  21  26  11  56  10  59  1  86  9  62  81  24  17  38  64  75  42  52  22  23  20  29  2  83  18  35  73  48  34  76  39  61  84  15  44  46  40  58  4  77  36  70  57  7  68  63  78  33  79  30  88  3  80  27  8  65  72  51  25  14  47  37  67  66  69  60  87  6  71  54  16  41  55
   13  55  41  16  54  71  6  87  60  69  66  67  37  47  14  25  51  72  65  8  27  80  3  88  30  79  33  78  63  68  7  57  70  36  77  4  58  40  46  44  15  84  61  39  76  34  48  73  35  18  83  2  29  20  23  22  52  42  75  64  38  17  24  81  62  9  86  1  59  10  56  11  26  21  82  32  19  53  12  85  31  49  43  45  74  5  28  50
   13  64  7  55  38  57  41  17  70  16  24  36  54  81  77  71  62  4  6  9  58  87  86  40  60  1  46  69  59  44  66  10  15  67  56  84  37  11  61  47  26  39  14  21  76  25  82  34  51  32  48  72  19  73  65  53  35  8  12  18  27  85  83  80  31  2  3  49  29  88  43  20  30  45  23  79  74  22  33  5  52  78  28  42  63  50  75  68
   13  68  75  50  63  42  28  78  52  5  33  22  74  79  23  45  30  20  43  88  29  49  3  2  31  80  83  85  27  18  12  8  35  53  65  73  19  72  48  32  51  34  82  25  76  21  14  39  26  47  61  11  37  84  56  67  15  10  66  44  59  69  46  1  60  40  86  87  58  9  6  4  62  71  77  81  54  36  24  16  70  17  41  57  38  55  7  64
   13  69  22  37  27  78  38  5  31  83  65  46  44  6  36  61  67  87  64  51  47  33  86  14  41  12  40  62  16  4  28  29  74  35  52  55  24  32  53  19  26  15  10  1  45  54  59  70  63  9  76  68  11  8  79  30  73  72  48  60  18  84  56  85  58  42  77  3  7  20  43  23  17  80  50  88  2  21  39  75  49  82  34  71  81  66  25  57
   13  77  6  53  51  70  62  29  87  27  41  46  28  38  44  5  59  63  32  3  55  17  54  22  1  4  80  14  40  20  60  69  34  35  12  39  24  8  21  67  42  31  74  81  37  30  75  86  23  65  52  68  83  56  79  78  25  16  64  84  58  36  48  45  66  10  61  11  47  76  19  15  49  88  82  72  2  85  71  43  73  18  26  7  9  50  33  57
   13  77  28  53  7  4  84  29  43  71  41  68  6  60  22  5  15  19  10  47  11  17  76  44  1  70  58  36  18  86  38  69  56  79  78  83  2  74  21  23  64  75  8  81  37  52  31  20  67  65  30  46  39  34  35  12  25  82  42  62  80  14  26  45  88  32  61  55  3  54  63  59  49  66  16  50  24  85  27  87  73  40  48  51  9  72  33  57
   13  77  50  53  51  26  18  29  87  27  41  2  72  82  88  5  59  63  76  3  55  17  10  66  1  48  36  58  84  64  16  69  78  35  56  39  68  52  21  67  86  31  30  81  37  74  75  42  23  65  8  24  83  12  79  34  25  60  20  40  14  80  4  45  22  54  61  11  47  32  19  15  49  44  38  28  46  85  71  43  73  62  70  7  9  6  33  57
   13  77  72  53  7  48  40  29  43  71  41  24  50  16  66  5  15  19  54  47  11  17  32  88  1  26  14  80  62  42  82  69  12  79  34  83  46  30  21  23  20  75  52  81  37  8  31  64  67  65  74  2  39  78  35  56  25  38  86  18  36  58  70  45  44  76  61  55  3  10  63  59  49  22  60  6  68  85  27  87  73  84  4  51  9  28  33  57
   13  85  12  69  31  84  20  53  11  15  17  68  78  4  30  37  7  83  66  87  19  1  44  52  49  62  10  76  42  14  70  21  16  79  38  67  2  50  77  71  80  3  72  73  29  28  47  36  27  33  6  46  23  82  35  60  65  26  58  86  32  54  18  5  8  88  45  63  43  22  39  51  81  74  48  34  24  61  59  55  9  64  40  75  25  56  41  57
   13  85  34  69  75  18  42  53  55  59  17  2  56  26  8  37  51  39  44  43  63  1  66  74  49  40  76  10  20  80  48  21  38  35  16  23  68  28  77  27  14  47  6  73  29  50  3  58  71  33  72  24  67  60  79  82  65  4  36  64  54  32  84  5  30  22  45  19  87  88  83  7  81  52  70  12  46  61  15  11  9  86  62  31  25  78  41  57
   13  85  56  17  29  39  77  79  51  87  28  53  59  64  83  84  70  88  14  71  74  32  86  42  35  44  7  80  37  16  43  21  62  22  48  40  63  8  66  55  31  11  24  20  76  4  33  72  60  50  12  10  38  2  61  36  30  25  6  5  19  1  75  18  15  57  3  47  54  45  82  9  52  73  46  68  27  67  41  49  26  81  23  34  58  78  65  69
   13  85  56  69  31  40  64  53  11  15  17  24  34  48  74  37  7  83  22  87  19  1  88  8  49  18  54  32  86  58  26  21  60  79  82  67  46  6  77  71  36  3  28  73  29  72  47  80  27  33  50  2  23  38  35  16  65  70  14  42  76  10  62  5  52  44  45  63  43  66  39  51  81  30  4  78  68  61  59  55  9  20  84  75  25  12  41  57
   13  85  78  69  75  62  86  53  55  59  17  46  12  70  52  37  51  39  88  43  63  1  22  30  49  84  32  54  64  36  4  21  82  35  60  23  24  72  77  27  58  47  50  73  29  6  3  14  71  33  28  68  67  16  79  38  65  48  80  20  10  76  40  5  74  66  45  19  87  44  83  7  81  8  26  56  2  61  15  11  9  42  18  31  25  34  41  57
   14  4  52  53  66  57  29  21  6  78  35  10  41  88  76  9  28  8  15  17  43  25  58  42  12  67  70  20  82  87  63  18  56  16  30  34  86  50  27  84  24  45  51  40  75  85  37  36  23  32  60  68  83  11  54  79  48  1  13  80  61  81  74  72  46  64  31  47  77  22  19  69  7  2  26  71  33  73  59  55  3  39  62  5  65  44  38  49
   14  5  59  2  77  72  13  11  23  40  27  16  82  42  15  88  6  53  38  39  33  69  31  81  48  68  37  45  86  18  70  25  28  10  29  4  65  55  26  22  46  80  54  32  75  84  30  87  12  17  76  78  66  49  62  73  7  47  74  1  83  36  51  50  56  20  58  8  41  21  52  44  3  71  19  64  61  79  60  85  24  34  63  67  43  9  35  57
   14  6  19  86  12  11  67  78  24  4  82  3  41  59  17  70  44  16  13  84  72  74  35  83  10  33  29  51  45  9  81  62  87  36  65  8  69  5  46  76  31  64  71  66  22  27  20  75  32  2  49  25  52  21  80  43  18  37  53  1  7  73  77  54  39  79  30  28  40  57  60  88  26  61  15  85  47  38  48  68  34  23  55  56  42  63  50  58
   14  6  63  86  12  55  23  78  24  4  82  47  85  15  61  70  44  16  57  84  72  74  79  39  10  77  73  7  1  53  37  62  43  36  21  8  25  49  46  76  75  64  27  66  22  71  20  31  32  2  5  69  52  65  80  87  18  81  9  45  51  29  33  54  83  35  30  28  40  13  60  88  26  17  59  41  3  38  48  68  34  67  11  56  42  19  50  58
   14  11  15  69  86  4  54  17  7  50  52  79  43  2  27  53  48  25  26  84  66  1  58  71  24  57  13  42  33  45  29  80  12  73  51  21  61  67  59  40  6  81  70  55  75  78  74  20  3  85  35  72  82  39  37  10  46  87  62  36  41  64  63  5  23  88  31  18  65  32  76  47  56  44  60  9  77  16  38  68  28  22  30  49  83  8  19  34
   14  21  76  25  82  34  51  32  48  72  19  73  65  53  35  8  12  18  27  85  83  80  31  2  3  49  29  88  43  20  30  45  23  79  74  22  33  5  52  78  28  42  63  50  75  68  13  64  7  55  38  57  41  17  70  16  24  36  54  81  77  71  62  4  6  9  58  87  86  40  60  1  46  69  59  44  66  10  15  67  56  84  37  11  61  47  26  39
   14  22  9  30  16  17  49  38  4  24  34  25  75  57  11  46  72  12  15  32  44  42  81  33  18  83  87  65  71  19  35  54  29  80  51  20  47  23  70  40  85  52  45  50  6  1  8  41  84  26  67  3  64  7  36  73  10  79  63  27  21  43  39  62  77  37  86  88  76  59  56  28  2  55  13  31  69  78  68  48  82  5  61  60  74  53  66  58
   14  22  31  30  60  39  71  38  48  68  34  47  53  79  77  46  28  56  81  76  88  42  15  55  18  61  65  87  49  85  13  54  51  36  29  64  25  1  70  84  19  8  67  50  6  23  52  63  40  26  45  69  20  73  80  7  10  57  41  5  43  21  17  62  11  59  86  44  32  37  12  72  2  33  35  9  3  78  24  4  82  27  83  16  74  75  66  58
   14  22  53  30  16  61  5  38  4  24  34  69  31  13  55  46  72  12  59  32  44  42  37  77  18  39  43  21  27  63  79  54  73  80  7  20  3  67  70  40  41  52  1  50  6  45  8  85  84  26  23  47  64  51  36  29  10  35  19  71  65  87  83  62  33  81  86  88  76  15  56  28  2  11  57  75  25  78  68  48  82  49  17  60  74  9  66  58
   14  22  75  30  60  83  27  38  48  68  34  3  9  35  33  46  28  56  37  76  88  42  59  11  18  17  21  43  5  41  57  54  7  36  73  64  69  45  70  84  63  8  23  50  6  67  52  19  40  26  1  25  20  29  80  51  10  13  85  49  87  65  61  62  55  15  86  44  32  81  12  72  2  77  79  53  47  78  24  4  82  71  39  16  74  31  66  58
   14  30  15  46  84  31  7  62  16  12  10  47  37  23  85  78  20  32  49  28  8  26  71  63  66  53  17  39  73  13  45  6  11  36  77  48  25  65  38  44  35  24  43  42  86  87  68  79  88  82  21  69  4  33  80  55  50  1  57  29  83  61  9  22  19  27  70  52  72  5  76  64  34  41  67  81  3  54  56  60  18  51  75  40  2  59  74  58
   14  30  59  46  84  75  51  62  16  12  10  3  81  67  41  78  20  32  5  28  8  26  27  19  66  9  61  83  29  57  1  6  55  36  33  48  69  21  38  44  79  24  87  42  86  43  68  35  88  82  65  25  4  77  80  11  50  45  13  73  39  17  53  22  63  71  70  52  72  49  76  64  34  85  23  37  47  54  56  60  18  7  31  40  2  15  74  58
   14  30  81  46  40  9  73  62  60  56  10  25  59  1  19  78  64  76  71  72  52  26  49  41  66  75  39  17  7  35  67  6  77  80  11  4  47  87  38  88  13  68  21  42  86  65  24  57  44  82  43  3  48  55  36  33  50  23  79  51  61  83  31  22  85  5  70  8  28  27  32  20  34  63  45  15  69  54  12  16  18  29  53  84  2  37  74  58
   14  36  29  11  41  80  15  64  12  69  63  73  86  5  51  4  23  21  54  88  61  17  31  67  7  18  59  50  65  40  52  32  6  79  76  81  43  47  70  2  56  55  27  44  75  53  60  78  48  9  74  25  77  20  26  16  3  84  38  85  66  68  35  1  28  72  58  22  82  71  30  39  24  49  37  57  83  10  13  8  46  42  19  87  33  34  62  45
   14  39  26  47  61  11  37  84  56  67  15  10  66  44  59  69  46  1  60  40  86  87  58  9  6  4  62  71  77  81  54  36  24  16  70  17  41  57  38  55  7  64  13  68  75  50  63  42  28  78  52  5  33  22  74  79  23  45  30  20  43  88  29  49  3  2  31  80  83  85  27  18  12  8  35  53  65  73  19  72  48  32  51  34  82  25  76  21
   14  44  62  55  33  2  19  47  46  81  13  79  83  32  37  40  24  50  30  18  82  67  58  17  28  88  35  21  66  4  38  5  3  73  26  69  77  64  74  80  48  11  60  36  75  45  27  34  56  87  70  42  43  8  76  10  6  57  52  49  65  39  59  71  7  22  31  72  61  1  54  68  23  85  51  84  86  16  63  20  12  25  15  9  41  78  29  53
   14  45  62  34  33  87  19  42  46  8  13  10  83  57  37  49  24  39  30  71  82  22  58  72  28  1  35  68  66  85  38  84  3  16  26  20  77  25  74  9  48  78  60  53  75  44  27  55  56  2  70  47  43  81  76  79  6  32  52  40  65  50  59  18  7  67  31  17  61  88  54  21  23  4  51  5  86  73  63  69  12  64  15  80  41  11  29  36
   14  50  26  42  61  78  37  5  56  22  15  79  66  45  59  20  46  88  60  49  86  2  58  80  6  85  62  18  77  8  54  53  24  73  70  72  41  32  38  34  7  25  13  21  75  39  63  47  28  11  52  84  33  67  74  10  23  44  30  69  43  1  29  40  3  87  31  9  83  4  27  71  12  81  35  36  65  16  19  17  48  57  51  55  82  64  76  68
   14  53  29  78  41  9  15  25  12  20  63  16  86  84  51  85  23  68  54  1  61  72  31  22  7  71  59  39  65  49  52  57  6  10  76  8  43  42  70  87  56  34  27  45  75  36  60  11  48  80  74  64  77  69  26  73  3  5  38  4  66  21  35  88  28  17  58  67  82  18  30  50  24  40  37  32  83  79  13  81  46  47  19  2  33  55  62  44
   14  54  11  6  68  51  35  46  8  20  26  3  33  75  65  86  84  48  85  60  32  66  19  43  34  73  5  27  13  17  9  38  23  36  1  88  69  37  30  12  39  72  15  18  62  59  28  83  56  74  81  25  44  45  80  67  82  53  61  57  71  49  29  78  87  63  22  76  16  41  4  40  42  21  31  77  47  70  64  52  2  79  7  24  50  55  10  58
   14  54  33  6  24  73  57  46  52  64  26  25  11  9  43  86  40  4  63  16  76  66  41  65  34  51  71  49  79  83  75  38  45  80  67  44  47  15  30  56  61  28  37  18  62  81  72  17  12  74  59  3  88  23  36  1  82  31  39  35  5  27  7  78  21  85  22  32  60  19  48  84  42  87  53  55  69  70  20  8  2  13  29  68  50  77  10  58
   14  54  55  6  68  7  79  46  8  20  26  47  77  31  21  86  84  48  41  60  32  66  63  87  34  29  49  71  57  61  53  38  67  36  45  88  25  81  30  12  83  72  59  18  62  15  28  39  56  74  37  69  44  1  80  23  82  9  17  13  27  5  73  78  43  19  22  76  16  85  4  40  42  65  75  33  3  70  64  52  2  35  51  24  50  11  10  58
   14  54  77  6  24  29  13  46  52  64  26  69  55  53  87  86  40  4  19  16  76  66  85  21  34  7  27  5  35  39  31  38  1  80  23  44  3  59  30  56  17  28  81  18  62  37  72  61  12  74  15  47  88  67  36  45  82  75  83  79  49  71  51  78  65  41  22  32  60  63  48  84  42  43  9  11  25  70  20  8  2  57  73  68  50  33  10  58
   14  62  17  22  48  65  81  70  20  8  2  25  83  41  51  30  32  68  31  56  84  50  9  73  82  43  23  1  15  11  19  78  5  80  27  28  47  79  86  16  77  44  13  10  54  57  88  33  60  42  35  3  72  71  36  49  34  63  55  59  45  67  87  38  29  53  6  40  12  75  24  76  74  7  85  39  69  46  52  64  26  37  21  4  66  61  18  58
   14  62  39  22  4  87  15  70  64  52  2  47  61  63  29  30  76  24  9  12  40  50  31  7  82  21  1  23  81  77  85  78  27  36  5  72  25  57  86  60  11  88  35  10  54  79  44  55  16  42  13  69  28  49  80  71  34  41  33  37  67  45  65  38  51  75  6  84  56  53  68  32  74  73  19  17  3  46  8  20  26  59  43  48  66  83  18  58
   14  62  61  22  48  21  37  70  20  8  2  69  39  85  7  30  32  68  75  56  84  50  53  29  82  87  67  45  59  55  63  78  49  80  71  28  3  35  86  16  33  44  57  10  54  13  88  77  60  42  79  47  72  27  36  5  34  19  11  15  1  23  43  38  73  9  6  40  12  31  24  76  74  51  41  83  25  46  52  64  26  81  65  4  66  17  18  58
   14  62  83  22  4  43  59  70  64  52  2  3  17  19  73  30  76  24  53  12  40  50  75  51  82  65  45  67  37  33  41  78  71  36  49  72  69  13  86  60  55  88  79  10  54  35  44  11  16  42  57  25  28  5  80  27  34  85  77  81  23  1  21  38  7  31  6  84  56  9  68  32  74  29  63  61  47  46  8  20  26  15  87  48  66  39  18  58
   14  68  76  64  82  55  51  57  48  17  19  16  65  36  35  81  12  71  27  4  83  9  31  87  3  40  29  1  43  69  30  44  23  10  74  67  33  84  52  11  28  47  63  39  75  21  13  25  7  34  38  32  41  72  70  73  24  53  54  8  77  18  62  85  6  80  58  2  86  49  60  88  46  20  59  45  66  79  15  22  56  5  37  78  61  42  26  50
   14  78  15  20  86  85  54  72  7  39  52  10  43  87  27  36  48  64  26  5  66  88  58  18  24  32  13  47  33  44  29  9  12  16  51  68  61  22  59  49  6  8  70  34  75  11  74  69  3  4  35  17  82  50  37  79  46  2  62  53  41  25  63  84  23  1  31  71  65  57  76  42  56  45  60  80  77  73  38  21  28  67  30  40  83  81  19  55
   14  84  59  87  77  17  13  78  23  49  27  73  82  47  15  1  6  36  38  50  33  20  31  8  48  21  37  44  86  71  70  64  28  79  29  85  65  34  26  67  46  9  54  57  75  5  30  2  12  72  76  11  66  40  62  16  7  42  74  88  83  53  51  39  56  69  58  81  41  68  52  45  3  18  19  25  61  10  60  4  24  55  63  22  43  80  35  32
   14  86  13  70  32  85  21  54  12  16  18  69  79  5  31  38  8  84  67  88  20  2  45  53  50  63  11  77  43  15  71  22  17  80  39  68  3  51  78  72  81  4  73  74  30  29  48  37  28  34  7  47  24  83  36  61  66  27  59  87  33  55  19  6  9  1  46  64  44  23  40  52  82  75  49  35  25  62  60  56  10  65  41  76  26  57  42  58
   14  86  35  70  76  19  43  54  56  60  18  3  57  27  9  38  52  40  45  44  64  2  67  75  50  41  77  11  21  81  49  22  39  36  17  24  69  29  78  28  15  48  7  74  30  51  4  59  72  34  73  25  68  61  80  83  66  5  37  65  55  33  85  6  31  23  46  20  88  1  84  8  82  53  71  13  47  62  16  12  10  87  63  32  26  79  42  58
   14  86  57  70  32  41  65  54  12  16  18  25  35  49  75  38  8  84  23  88  20  2  1  9  50  19  55  33  87  59  27  22  61  80  83  68  47  7  78  72  37  4  29  74  30  73  48  81  28  34  51  3  24  39  36  17  66  71  15  43  77  11  63  6  53  45  46  64  44  67  40  52  82  31  5  79  69  62  60  56  10  21  85  76  26  13  42  58
   14  86  79  70  76  63  87  54  56  60  18  47  13  71  53  38  52  40  1  44  64  2  23  31  50  85  33  55  65  37  5  22  83  36  61  24  25  73  78  28  59  48  51  74  30  7  4  15  72  34  29  69  68  17  80  39  66  49  81  21  11  77  41  6  75  67  46  20  88  45  84  8  82  9  27  57  3  62  16  12  10  43  19  32  26  35  42  58
   15  4  7  79  27  25  66  71  13  45  12  21  59  81  75  20  35  39  46  36  63  88  65  47  60  16  28  49  19  11  86  17  52  2  48  84  58  57  33  80  51  67  6  55  74  85  82  10  62  64  23  18  76  44  77  68  30  8  14  69  54  50  43  53  26  1  24  42  29  73  61  40  70  78  3  72  37  87  41  5  31  32  56  9  38  22  83  34
   15  5  61  50  76  55  48  16  35  71  83  87  29  69  23  67  52  47  75  25  38  72  24  8  62  80  86  88  59  79  56  78  26  68  82  57  19  36  12  4  31  40  43  44  74  84  28  39  13  34  41  73  54  18  6  2  60  20  66  22  37  42  14  64  51  17  65  81  27  9  3  1  30  10  33  11  63  21  7  32  70  53  77  85  58  49  46  45
   15  7  20  87  13  12  68  79  25  5  83  4  42  60  18  71  45  17  14  85  73  75  36  84  11  34  30  52  46  10  82  63  88  37  66  9  70  6  47  77  32  65  72  67  23  28  21  76  33  3  50  26  53  22  81  44  19  38  54  2  8  74  78  55  40  80  31  29  41  58  61  1  27  62  16  86  48  39  49  69  35  24  56  57  43  64  51  59
   15  7  42  87  57  34  2  79  69  49  83  26  20  82  84  71  1  61  80  41  29  75  58  18  11  12  8  74  24  76  60  63  22  81  44  53  48  72  47  33  54  21  6  67  23  50  65  10  77  3  28  4  9  88  37  66  19  16  32  68  30  52  56  55  62  14  31  73  85  36  17  45  27  40  38  64  70  39  5  25  35  46  78  13  43  86  51  59
   15  7  64  87  13  56  24  79  25  5  83  48  86  16  62  71  45  17  58  85  73  75  80  40  11  78  74  8  2  54  38  63  44  37  22  9  26  50  47  77  76  65  28  67  23  72  21  32  33  3  6  70  53  66  81  88  19  82  10  46  52  30  34  55  84  36  31  29  41  14  61  1  27  18  60  42  4  39  49  69  35  68  12  57  43  20  51  59
   15  7  86  87  57  78  46  79  69  49  83  70  64  38  40  71  1  61  36  41  29  75  14  62  11  56  52  30  68  32  16  63  66  81  88  53  4  28  47  33  10  21  50  67  23  6  65  54  77  3  72  48  9  44  37  22  19  60  76  24  74  8  12  55  18  58  31  73  85  80  17  45  27  84  82  20  26  39  5  25  35  2  34  13  43  42  51  59
   15  11  14  34  19  8  83  49  30  22  28  68  38  16  77  9  60  44  56  47  76  32  65  18  31  88  23  5  63  64  41  36  62  87  46  10  37  39  82  72  35  85  3  20  74  78  75  55  70  81  6  40  59  67  61  21  51  73  12  80  29  45  33  42  13  57  24  71  58  1  66  84  26  25  48  53  27  2  43  79  52  50  7  17  54  4  86  69
   15  16  23  72  59  57  43  34  60  64  3  21  58  50  83  47  62  78  12  84  54  22  65  10  70  45  48  69  38  88  82  40  13  2  14  9  63  85  61  71  52  8  56  36  74  73  66  17  30  32  46  55  29  25  86  68  31  39  6  42  27  11  77  5  35  67  24  79  19  44  41  20  51  1  7  49  76  87  75  80  26  4  28  18  37  81  33  53
   15  23  10  31  17  18  50  39  5  25  35  26  76  58  12  47  73  13  16  33  45  43  82  34  19  84  88  66  72  20  36  55  30  81  52  21  48  24  71  41  86  53  46  51  7  2  9  42  85  27  68  4  65  8  37  74  11  80  64  28  22  44  40  63  78  38  87  1  77  60  57  29  3  56  14  32  70  79  69  49  83  6  62  61  75  54  67  59
   15  23  32  31  61  40  72  39  49  69  35  48  54  80  78  47  29  57  82  77  1  43  16  56  19  62  66  88  50  86  14  55  52  37  30  65  26  2  71  85  20  9  68  51  7  24  53  64  41  27  46  70  21  74  81  8  11  58  42  6  44  22  18  63  12  60  87  45  33  38  13  73  3  34  36  10  4  79  25  5  83  28  84  17  75  76  67  59
   15  23  54  31  17  62  6  39  5  25  35  70  32  14  56  47  73  13  60  33  45  43  38  78  19  40  44  22  28  64  80  55  74  81  8  21  4  68  71  41  42  53  2  51  7  46  9  86  85  27  24  48  65  52  37  30  11  36  20  72  66  88  84  63  34  82  87  1  77  16  57  29  3  12  58  76  26  79  69  49  83  50  18  61  75  10  67  59
   15  23  76  31  61  84  28  39  49  69  35  4  10  36  34  47  29  57  38  77  1  43  60  12  19  18  22  44  6  42  58  55  8  37  74  65  70  46  71  85  64  9  24  51  7  68  53  20  41  27  2  26  21  30  81  52  11  14  86  50  88  66  62  63  56  16  87  45  33  82  13  73  3  78  80  54  48  79  25  5  83  72  40  17  75  32  67  59
   15  31  16  47  85  32  8  63  17  13  11  48  38  24  86  79  21  33  50  29  9  27  72  64  67  54  18  40  74  14  46  7  12  37  78  49  26  66  39  45  36  25  44  43  87  88  69  80  1  83  22  70  5  34  81  56  51  2  58  30  84  62  10  23  20  28  71  53  73  6  77  65  35  42  68  82  4  55  57  61  19  52  76  41  3  60  75  59
   15  31  38  47  41  54  30  63  61  57  11  70  16  46  64  79  65  77  28  73  53  27  6  86  67  32  84  62  52  80  24  7  34  81  56  5  4  44  39  1  58  69  66  43  87  22  25  14  45  83  88  48  49  12  37  78  51  68  36  8  18  40  76  23  42  50  71  9  29  72  33  21  35  20  2  60  26  55  13  17  19  74  10  85  3  82  75  59
   15  31  60  47  85  76  52  63  17  13  11  4  82  68  42  79  21  33  6  29  9  27  28  20  67  10  62  84  30  58  2  7  56  37  34  49  70  22  39  45  80  25  88  43  87  44  69  36  1  83  66  26  5  78  81  12  51  46  14  74  40  18  54  23  64  72  71  53  73  50  77  65  35  86  24  38  48  55  57  61  19  8  32  41  3  16  75  59
   15  31  82  47  41  10  74  63  61  57  11  26  60  2  20  79  65  77  72  73  53  27  50  42  67  76  40  18  8  36  68  7  78  81  12  5  48  88  39  1  14  69  22  43  87  66  25  58  45  83  44  4  49  56  37  34  51  24  80  52  62  84  32  23  86  6  71  9  29  28  33  21  35  64  46  16  70  55  13  17  19  30  54  85  3  38  75  59
   15  36  33  8  37  71  28  85  26  9  75  2  76  40  7  88  51  69  41  45  19  10  24  22  35  84  77  78  27  47  6  50  31  21  86  64  29  34  46  57  30  72  66  16  74  53  56  81  52  18  61  4  63  80  14  87  13  49  82  1  38  20  48  44  70  79  65  67  54  5  12  11  62  42  83  39  58  68  3  25  60  55  43  32  59  17  23  73
   15  53  33  81  37  18  28  4  26  80  75  87  76  49  7  1  51  20  41  44  19  79  24  67  35  5  77  11  27  42  6  39  31  68  86  25  29  55  46  32  30  17  66  73  74  36  56  8  52  71  61  85  63  9  14  2  13  40  82  88  38  69  48  45  70  10  65  22  54  84  12  78  62  47  83  50  58  21  3  64  60  34  43  57  59  72  23  16
   15  55  12  7  69  52  36  47  9  21  27  4  34  76  66  87  85  49  86  61  33  67  20  44  35  74  6  28  14  18  10  39  24  37  2  1  70  38  31  13  40  73  16  19  63  60  29  84  57  75  82  26  45  46  81  68  83  54  62  58  72  50  30  79  88  64  23  77  17  42  5  41  43  22  32  78  48  71  65  53  3  80  8  25  51  56  11  59
   15  55  34  7  25  74  58  47  53  65  27  26  12  10  44  87  41  5  64  17  77  67  42  66  35  52  72  50  80  84  76  39  46  81  68  45  48  16  31  57  62  29  38  19  63  82  73  18  13  75  60  4  1  24  37  2  83  32  40  36  6  28  8  79  22  86  23  33  61  20  49  85  43  88  54  56  70  71  21  9  3  14  30  69  51  78  11  59
   15  55  56  7  69  8  80  47  9  21  27  48  78  32  22  87  85  49  42  61  33  67  64  88  35  30  50  72  58  62  54  39  68  37  46  1  26  82  31  13  84  73  60  19  63  16  29  40  57  75  38  70  45  2  81  24  83  10  18  14  28  6  74  79  44  20  23  77  17  86  5  41  43  66  76  34  4  71  65  53  3  36  52  25  51  12  11  59
   15  63  18  23  49  66  82  71  21  9  3  26  84  42  52  31  33  69  32  57  85  51  10  74  83  44  24  2  16  12  20  79  6  81  28  29  48  80  87  17  78  45  14  11  55  58  1  34  61  43  36  4  73  72  37  50  35  64  56  60  46  68  88  39  30  54  7  41  13  76  25  77  75  8  86  40  70  47  53  65  27  38  22  5  67  62  19  59
   15  63  62  23  49  22  38  71  21  9  3  70  40  86  8  31  33  69  76  57  85  51  54  30  83  88  68  46  60  56  64  79  50  81  72  29  4  36  87  17  34  45  58  11  55  14  1  78  61  43  80  48  73  28  37  6  35  20  12  16  2  24  44  39  74  10  7  41  13  32  25  77  75  52  42  84  26  47  53  65  27  82  66  5  67  18  19  59
   15  71  2  39  73  58  18  7  77  41  67  26  68  74  60  63  25  45  88  9  5  35  66  82  43  36  64  42  40  28  52  31  54  81  76  13  48  56  55  65  6  61  78  3  47  34  17  50  21  11  12  4  57  32  37  10  75  8  72  84  86  20  80  87  38  22  79  49  53  44  1  69  19  16  30  24  70  23  85  33  51  62  14  29  83  46  27  59
   15  71  24  39  29  80  40  7  33  85  67  48  46  8  38  63  69  1  66  53  49  35  88  16  43  14  42  64  18  6  30  31  76  37  54  57  26  34  55  21  28  17  12  3  47  56  61  72  65  11  78  70  13  10  81  32  75  74  50  62  20  86  58  87  60  44  79  5  9  22  45  25  19  82  52  2  4  23  41  77  51  84  36  73  83  68  27  59
   15  71  46  39  73  14  62  7  77  41  67  70  24  30  16  63  25  45  44  9  5  35  22  38  43  80  20  86  84  72  8  31  10  81  32  13  4  12  55  65  50  61  34  3  47  78  17  6  21  11  56  48  57  76  37  54  75  52  28  40  42  64  36  87  82  66  79  49  53  88  1  69  19  60  74  68  26  23  85  33  51  18  58  29  83  2  27  59
   15  71  68  39  29  36  84  7  33  85  67  4  2  52  82  63  69  1  22  53  49  35  44  60  43  58  86  20  62  50  74  31  32  37  10  57  70  78  55  21  72  17  56  3  47  12  61  28  65  11  34  26  13  54  81  76  75  30  6  18  64  42  14  87  16  88  79  5  9  66  45  25  19  38  8  46  48  23  41  77  51  40  80  73  83  24  27  59
   15  78  14  55  19  81  83  40  30  67  28  21  38  73  77  80  60  45  56  42  76  57  65  71  31  1  23  84  63  25  41  53  62  2  46  79  37  50  82  17  35  4  3  69  74  11  75  34  70  8  6  49  59  22  61  68  51  16  12  9  29  44  33  47  13  32  24  18  58  88  66  5  26  64  48  36  27  87  43  10  52  39  7  72  54  85  86  20
   15  84  61  39  76  34  48  73  35  18  83  2  29  20  23  22  52  42  75  64  38  17  24  81  62  9  86  1  59  10  56  11  26  21  82  32  19  53  12  85  31  49  43  45  74  5  28  50  13  55  41  16  54  71  6  87  60  69  66  67  37  47  14  25  51  72  65  8  27  80  3  88  30  79  33  78  63  68  7  57  70  36  77  4  58  40  46  44
   15  85  7  10  27  64  66  18  13  44  12  68  59  8  75  69  35  50  46  53  63  1  65  42  60  73  28  40  19  78  86  72  52  87  48  5  58  32  33  9  51  22  6  34  74  4  82  79  62  25  23  71  76  45  77  21  30  81  14  20  54  39  43  36  26  88  24  47  29  16  61  49  70  11  3  17  37  2  41  84  31  57  56  80  38  67  83  55
   15  87  14  71  33  86  22  55  13  17  19  70  80  6  32  39  9  85  68  1  21  3  46  54  51  64  12  78  44  16  72  23  18  81  40  69  4  52  79  73  82  5  74  75  31  30  49  38  29  35  8  48  25  84  37  62  67  28  60  88  34  56  20  7  10  2  47  65  45  24  41  53  83  76  50  36  26  63  61  57  11  66  42  77  27  58  43  59
   15  87  58  71  33  42  66  55  13  17  19  26  36  50  76  39  9  85  24  1  21  3  2  10  51  20  56  34  88  60  28  23  62  81  84  69  48  8  79  73  38  5  30  75  31  74  49  82  29  35  52  4  25  40  37  18  67  72  16  44  78  12  64  7  54  46  47  65  45  68  41  53  83  32  6  80  70  63  61  57  11  22  86  77  27  14  43  59
   16  15  53  33  81  37  18  28  4  26  80  75  87  76  49  7  1  51  20  41  44  19  79  24  67  35  5  77  11  27  42  6  39  31  68  86  25  29  55  46  32  30  17  66  73  74  36  56  8  52  71  61  85  63  9  14  2  13  40  82  88  38  69  48  45  70  10  65  22  54  84  12  78  62  47  83  50  58  21  3  64  60  34  43  57  59  72  23
   16  19  17  48  57  51  55  82  64  76  68  14  50  26  42  61  78  37  5  56  22  15  79  66  45  59  20  46  88  60  49  86  2  58  80  6  85  62  18  77  8  54  53  24  73  70  72  41  32  38  34  7  25  13  21  75  39  63  47  28  11  52  84  33  67  74  10  23  44  30  69  43  1  29  40  3  87  31  9  83  4  27  71  12  81  35  36  65
   16  24  11  32  18  19  51  40  6  26  36  27  77  59  13  48  74  14  17  34  46  44  83  35  20  85  1  67  73  21  37  56  31  82  53  22  49  25  72  42  87  54  47  52  8  3  10  43  86  28  69  5  66  9  38  75  12  81  65  29  23  45  41  64  79  39  88  2  78  61  58  30  4  57  15  33  71  80  70  50  84  7  63  62  76  55  68  60
   16  24  33  32  62  41  73  40  50  70  36  49  55  81  79  48  30  58  83  78  2  44  17  57  20  63  67  1  51  87  15  56  53  38  31  66  27  3  72  86  21  10  69  52  8  25  54  65  42  28  47  71  22  75  82  9  12  59  43  7  45  23  19  64  13  61  88  46  34  39  14  74  4  35  37  11  5  80  26  6  84  29  85  18  76  77  68  60
   16  24  36  54  81  77  71  62  4  6  9  58  87  86  40  60  1  46  69  59  44  66  10  15  67  56  84  37  11  61  47  26  39  14  21  76  25  82  34  51  32  48  72  19  73  65  53  35  8  12  18  27  85  83  80  31  2  3  49  29  88  43  20  30  45  23  79  74  22  33  5  52  78  28  42  63  50  75  68  13  64  7  55  38  57  41  17  70
   16  24  55  32  18  63  7  40  6  26  36  71  33  15  57  48  74  14  61  34  46  44  39  79  20  41  45  23  29  65  81  56  75  82  9  22  5  69  72  42  43  54  3  52  8  47  10  87  86  28  25  49  66  53  38  31  12  37  21  73  67  1  85  64  35  83  88  2  78  17  58  30  4  13  59  77  27  80  70  50  84  51  19  62  76  11  68  60
   16  24  77  32  62  85  29  40  50  70  36  5  11  37  35  48  30  58  39  78  2  44  61  13  20  19  23  45  7  43  59  56  9  38  75  66  71  47  72  86  65  10  25  52  8  69  54  21  42  28  3  27  22  31  82  53  12  15  87  51  1  67  63  64  57  17  88  46  34  83  14  74  4  79  81  55  49  80  26  6  84  73  41  18  76  33  68  60
   16  30  34  86  50  27  84  24  45  51  40  75  85  37  36  23  32  60  68  83  11  54  79  48  1  13  80  61  81  74  72  46  64  31  47  77  22  19  69  7  2  26  71  33  73  59  55  3  39  62  5  65  44  38  49  14  4  52  53  66  57  29  21  6  78  35  10  41  88  76  9  28  8  15  17  43  25  58  42  12  67  70  20  82  87  63  18  56
   16  32  17  48  86  33  9  64  18  14  12  49  39  25  87  80  22  34  51  30  10  28  73  65  68  55  19  41  75  15  47  8  13  38  79  50  27  67  40  46  37  26  45  44  88  1  70  81  2  84  23  71  6  35  82  57  52  3  59  31  85  63  11  24  21  29  72  54  74  7  78  66  36  43  69  83  5  56  58  62  20  53  77  42  4  61  76  60
   16  32  39  48  42  55  31  64  62  58  12  71  17  47  65  80  66  78  29  74  54  28  7  87  68  33  85  63  53  81  25  8  35  82  57  6  5  45  40  2  59  70  67  44  88  23  26  15  46  84  1  49  50  13  38  79  52  69  37  9  19  41  77  24  43  51  72  10  30  73  34  22  36  21  3  61  27  56  14  18  20  75  11  86  4  83  76  60
   16  32  61  48  86  77  53  64  18  14  12  5  83  69  43  80  22  34  7  30  10  28  29  21  68  11  63  85  31  59  3  8  57  38  35  50  71  23  40  46  81  26  1  44  88  45  70  37  2  84  67  27  6  79  82  13  52  47  15  75  41  19  55  24  65  73  72  54  74  51  78  66  36  87  25  39  49  56  58  62  20  9  33  42  4  17  76  60
   16  32  83  48  42  11  75  64  62  58  12  27  61  3  21  80  66  78  73  74  54  28  51  43  68  77  41  19  9  37  69  8  79  82  13  6  49  1  40  2  15  70  23  44  88  67  26  59  46  84  45  5  50  57  38  35  52  25  81  53  63  85  33  24  87  7  72  10  30  29  34  22  36  65  47  17  71  56  14  18  20  31  55  86  4  39  76  60
   16  33  18  26  87  7  20  19  67  77  42  31  25  46  17  74  8  61  9  13  88  48  10  54  78  83  21  60  57  23  53  37  4  75  49  51  44  24  5  27  39  86  55  30  73  56  71  63  2  82  69  70  22  12  47  58  64  43  72  15  81  28  80  76  1  41  79  35  11  6  68  29  32  66  36  52  85  14  40  38  45  65  84  62  50  3  34  59
   16  35  71  83  87  29  69  23  67  52  47  75  25  38  72  24  8  62  80  86  88  59  79  56  78  26  68  82  57  19  36  12  4  31  40  43  44  74  84  28  39  13  34  41  73  54  18  6  2  60  20  66  22  37  42  14  64  51  17  65  81  27  9  3  1  30  10  33  11  63  21  7  32  70  53  77  85  58  49  46  45  15  5  61  50  76  55  48
   16  41  55  13  50  28  5  74  45  43  49  31  85  12  53  19  32  82  21  26  11  56  10  59  1  86  9  62  81  24  17  38  64  75  42  52  22  23  20  29  2  83  18  35  73  48  34  76  39  61  84  15  44  46  40  58  4  77  36  70  57  7  68  63  78  33  79  30  88  3  80  27  8  65  72  51  25  14  47  37  67  66  69  60  87  6  71  54
   16  48  7  80  2  39  79  24  86  34  52  71  73  23  81  56  50  30  53  66  70  84  31  15  76  17  77  55  13  25  1  88  43  82  65  62  5  85  64  10  3  14  19  28  72  63  58  47  54  20  41  49  18  21  38  87  44  45  69  57  11  33  61  32  59  75  40  26  22  9  74  6  12  37  67  29  27  8  78  42  68  35  83  46  36  51  4  60
   16  48  51  80  2  83  35  24  86  34  52  27  29  67  37  56  50  30  9  66  70  84  75  59  76  61  33  11  57  69  45  88  87  82  21  62  49  41  64  10  47  14  63  28  72  19  58  3  54  20  85  5  18  65  38  43  44  1  25  13  55  77  17  32  15  31  40  26  22  53  74  6  12  81  23  73  71  8  78  42  68  79  39  46  36  7  4  60
   16  48  55  76  50  61  5  15  45  46  49  58  85  77  53  70  32  7  21  63  11  33  10  30  1  3  9  27  81  65  17  51  64  14  42  37  22  66  20  60  2  6  18  54  73  41  34  13  39  28  84  74  44  43  40  31  4  12  36  19  57  82  68  26  78  56  79  59  88  86  80  62  8  24  72  38  25  75  47  52  67  23  69  29  87  83  71  35
   16  54  71  6  87  60  69  66  67  37  47  14  25  51  72  65  8  27  80  3  88  30  79  33  78  63  68  7  57  70  36  77  4  58  40  46  44  15  84  61  39  76  34  48  73  35  18  83  2  29  20  23  22  52  42  75  64  38  17  24  81  62  9  86  1  59  10  56  11  26  21  82  32  19  53  12  85  31  49  43  45  74  5  28  50  13  55  41
   16  56  18  63  87  82  20  70  67  12  42  58  25  43  17  15  8  28  9  76  88  41  10  35  78  6  21  29  57  66  53  52  4  14  49  38  44  65  5  62  39  3  55  59  73  33  71  26  2  7  69  19  22  77  47  31  64  46  72  74  81  61  80  13  1  48  79  54  11  83  68  60  32  23  36  37  85  75  40  51  45  24  84  27  50  86  34  30
   16  56  57  8  70  9  81  48  10  22  28  49  79  33  23  88  86  50  43  62  34  68  65  1  36  31  51  73  59  63  55  40  69  38  47  2  27  83  32  14  85  74  61  20  64  17  30  41  58  76  39  71  46  3  82  25  84  11  19  15  29  7  75  80  45  21  24  78  18  87  6  42  44  67  77  35  5  72  66  54  4  37  53  26  52  13  12  60
   16  59  34  3  50  62  84  65  45  38  40  14  85  52  36  66  32  29  68  6  11  35  79  41  1  76  80  28  81  15  72  43  64  58  47  12  22  70  69  82  2  63  71  56  73  30  55  86  39  27  5  24  44  51  49  75  4  37  53  23  57  60  21  83  78  54  10  48  88  13  9  61  8  74  17  46  25  31  42  77  67  19  20  7  87  26  18  33
   16  64  19  24  50  67  83  72  22  10  4  27  85  43  53  32  34  70  33  58  86  52  11  75  84  45  25  3  17  13  21  80  7  82  29  30  49  81  88  18  79  46  15  12  56  59  2  35  62  44  37  5  74  73  38  51  36  65  57  61  47  69  1  40  31  55  8  42  14  77  26  78  76  9  87  41  71  48  54  66  28  39  23  6  68  63  20  60
   16  64  63  24  50  23  39  72  22  10  4  71  41  87  9  32  34  70  77  58  86  52  55  31  84  1  69  47  61  57  65  80  51  82  73  30  5  37  88  18  35  46  59  12  56  15  2  79  62  44  81  49  74  29  38  7  36  21  13  17  3  25  45  40  75  11  8  42  14  33  26  78  76  53  43  85  27  48  54  66  28  83  67  6  68  19  20  60
   16  65  36  35  81  12  71  27  4  83  9  31  87  3  40  29  1  43  69  30  44  23  10  74  67  33  84  52  11  28  47  63  39  75  21  13  25  7  34  38  32  41  72  70  73  24  53  54  8  77  18  62  85  6  80  58  2  86  49  60  88  46  20  59  45  66  79  15  22  56  5  37  78  61  42  26  50  14  68  76  64  82  55  51  57  48  17  19
   16  72  3  40  74  59  19  8  78  42  68  27  69  75  61  64  26  46  1  10  6  36  67  83  44  37  65  43  41  29  53  32  55  82  77  14  49  57  56  66  7  62  79  4  48  35  18  51  22  12  13  5  58  33  38  11  76  9  73  85  87  21  81  88  39  23  80  50  54  45  2  70  20  17  31  25  71  24  86  34  52  63  15  30  84  47  28  60
   16  72  25  40  30  81  41  8  34  86  68  49  47  9  39  64  70  2  67  54  50  36  1  17  44  15  43  65  19  7  31  32  77  38  55  58  27  35  56  22  29  18  13  4  48  57  62  73  66  12  79  71  14  11  82  33  76  75  51  63  21  87  59  88  61  45  80  6  10  23  46  26  20  83  53  3  5  24  42  78  52  85  37  74  84  69  28  60
   16  72  47  40  74  15  63  8  78  42  68  71  25  31  17  64  26  46  45  10  6  36  23  39  44  81  21  87  85  73  9  32  11  82  33  14  5  13  56  66  51  62  35  4  48  79  18  7  22  12  57  49  58  77  38  55  76  53  29  41  43  65  37  88  83  67  80  50  54  1  2  70  20  61  75  69  27  24  86  34  52  19  59  30  84  3  28  60
   16  72  69  40  30  37  85  8  34  86  68  5  3  53  83  64  70  2  23  54  50  36  45  61  44  59  87  21  63  51  75  32  33  38  11  58  71  79  56  22  73  18  57  4  48  13  62  29  66  12  35  27  14  55  82  77  76  31  7  19  65  43  15  88  17  1  80  6  10  67  46  26  20  39  9  47  49  24  42  78  52  41  81  74  84  25  28  60
   16  74  53  56  81  52  18  61  4  63  80  14  87  13  49  82  1  38  20  48  44  70  79  65  67  54  5  12  11  62  42  83  39  58  68  3  25  60  55  43  32  59  17  23  73  15  36  33  8  37  71  28  85  26  9  75  2  76  40  7  88  51  69  41  45  19  10  24  22  35  84  77  78  27  47  6  50  31  21  86  64  29  34  46  57  30  72  66
   17  19  16  65  36  35  81  12  71  27  4  83  9  31  87  3  40  29  1  43  69  30  44  23  10  74  67  33  84  52  11  28  47  63  39  75  21  13  25  7  34  38  32  41  72  70  73  24  53  54  8  77  18  62  85  6  80  58  2  86  49  60  88  46  20  59  45  66  79  15  22  56  5  37  78  61  42  26  50  14  68  76  64  82  55  51  57  48
   17  23  73  15  36  33  8  37  71  28  85  26  9  75  2  76  40  7  88  51  69  41  45  19  10  24  22  35  84  77  78  27  47  6  50  31  21  86  64  29  34  46  57  30  72  66  16  74  53  56  81  52  18  61  4  63  80  14  87  13  49  82  1  38  20  48  44  70  79  65  67  54  5  12  11  62  42  83  39  58  68  3  25  60  55  43  32  59
   17  25  12  33  19  20  52  41  7  27  37  28  78  60  14  49  75  15  18  35  47  45  84  36  21  86  2  68  74  22  38  57  32  83  54  23  50  26  73  43  88  55  48  53  9  4  11  44  87  29  70  6  67  10  39  76  13  82  66  30  24  46  42  65  80  40  1  3  79  62  59  31  5  58  16  34  72  81  71  51  85  8  64  63  77  56  69  61
   17  25  34  33  63  42  74  41  51  71  37  50  56  82  80  49  31  59  84  79  3  45  18  58  21  64  68  2  52  88  16  57  54  39  32  67  28  4  73  87  22  11  70  53  9  26  55  66  43  29  48  72  23  76  83  10  13  60  44  8  46  24  20  65  14  62  1  47  35  40  15  75  5  36  38  12  6  81  27  7  85  30  86  19  77  78  69  61
   17  25  56  33  19  64  8  41  7  27  37  72  34  16  58  49  75  15  62  35  47  45  40  80  21  42  46  24  30  66  82  57  76  83  10  23  6  70  73  43  44  55  4  53  9  48  11  88  87  29  26  50  67  54  39  32  13  38  22  74  68  2  86  65  36  84  1  3  79  18  59  31  5  14  60  78  28  81  71  51  85  52  20  63  77  12  69  61
   17  25  78  33  63  86  30  41  51  71  37  6  12  38  36  49  31  59  40  79  3  45  62  14  21  20  24  46  8  44  60  57  10  39  76  67  72  48  73  87  66  11  26  53  9  70  55  22  43  29  4  28  23  32  83  54  13  16  88  52  2  68  64  65  58  18  1  47  35  84  15  75  5  80  82  56  50  81  27  7  85  74  42  19  77  34  69  61
   17  30  32  46  55  29  25  86  68  31  39  6  42  27  11  77  5  35  67  24  79  19  44  41  20  51  1  7  49  76  87  75  80  26  4  28  18  37  81  33  53  15  16  23  72  59  57  43  34  60  64  3  21  58  50  83  47  62  78  12  84  54  22  65  10  70  45  48  69  38  88  82  40  13  2  14  9  63  85  61  71  52  8  56  36  74  73  66
   17  33  40  49  43  56  32  65  63  59  13  72  18  48  66  81  67  79  30  75  55  29  8  88  69  34  86  64  54  82  26  9  36  83  58  7  6  46  41  3  60  71  68  45  1  24  27  16  47  85  2  50  51  14  39  80  53  70  38  10  20  42  78  25  44  52  73  11  31  74  35  23  37  22  4  62  28  57  15  19  21  76  12  87  5  84  77  61
   17  33  84  49  43  12  76  65  63  59  13  28  62  4  22  81  67  79  74  75  55  29  52  44  69  78  42  20  10  38  70  9  80  83  14  7  50  2  41  3  16  71  24  45  1  68  27  60  47  85  46  6  51  58  39  36  53  26  82  54  64  86  34  25  88  8  73  11  31  30  35  23  37  66  48  18  72  57  15  19  21  32  56  87  5  40  77  61
   17  41  57  38  55  7  64  13  68  75  50  63  42  28  78  52  5  33  22  74  79  23  45  30  20  43  88  29  49  3  2  31  80  83  85  27  18  12  8  35  53  65  73  19  72  48  32  51  34  82  25  76  21  14  39  26  47  61  11  37  84  56  67  15  10  66  44  59  69  46  1  60  40  86  87  58  9  6  4  62  71  77  81  54  36  24  16  70
   17  48  57  51  55  82  64  76  68  14  50  26  42  61  78  37  5  56  22  15  79  66  45  59  20  46  88  60  49  86  2  58  80  6  85  62  18  77  8  54  53  24  73  70  72  41  32  38  34  7  25  13  21  75  39  63  47  28  11  52  84  33  67  74  10  23  44  30  69  43  1  29  40  3  87  31  9  83  4  27  71  12  81  35  36  65  16  19
   17  49  8  81  3  40  80  25  87  35  53  72  74  24  82  57  51  31  54  67  71  85  32  16  77  18  78  56  14  26  2  1  44  83  66  63  6  86  65  11  4  15  20  29  73  64  59  48  55  21  42  50  19  22  39  88  45  46  70  58  12  34  62  33  60  76  41  27  23  10  75  7  13  38  68  30  28  9  79  43  69  36  84  47  37  52  5  61
   17  49  30  81  47  62  14  25  43  79  53  6  52  46  60  57  7  75  32  23  27  85  54  38  77  84  56  78  80  4  68  1  66  39  44  19  72  64  65  55  26  59  42  29  73  86  15  70  11  21  20  28  63  88  83  22  45  24  48  36  34  12  40  33  82  10  41  71  67  76  31  51  13  16  2  8  50  9  35  87  69  58  18  3  37  74  5  61
   17  49  52  81  3  84  36  25  87  35  53  28  30  68  38  57  51  31  10  67  71  85  76  60  77  62  34  12  58  70  46  1  88  83  22  63  50  42  65  11  48  15  64  29  73  20  59  4  55  21  86  6  19  66  39  44  45  2  26  14  56  78  18  33  16  32  41  27  23  54  75  7  13  82  24  74  72  9  79  43  69  80  40  47  37  8  5  61
   17  49  74  81  47  18  58  25  43  79  53  50  8  2  16  57  7  75  76  23  27  85  10  82  77  40  12  34  36  48  24  1  22  39  88  19  28  20  65  55  70  59  86  29  73  42  15  26  11  21  64  72  63  44  83  66  45  68  4  80  78  56  84  33  38  54  41  71  67  32  31  51  13  60  46  52  6  9  35  87  69  14  62  3  37  30  5  61
   17  59  32  43  55  60  25  3  68  58  39  83  42  62  11  12  5  54  67  65  79  70  44  48  20  38  1  82  49  13  87  14  80  63  4  61  18  52  81  56  53  74  16  66  72  30  57  46  34  29  64  86  21  31  50  6  47  27  78  77  84  35  22  24  10  19  45  41  69  51  88  7  40  76  2  75  9  26  85  28  71  37  8  33  36  15  73  23
   17  65  42  25  7  2  18  73  67  55  5  50  64  66  32  33  79  27  12  15  43  53  34  10  85  24  4  26  84  80  88  81  30  39  8  75  28  60  1  63  14  3  38  13  57  82  47  58  19  45  16  72  31  52  83  74  37  44  36  40  70  48  68  41  54  78  9  87  59  56  71  35  77  76  22  20  6  49  11  23  29  62  46  51  69  86  21  61
   17  65  86  25  7  46  62  73  67  55  5  6  20  22  76  33  79  27  56  15  43  53  78  54  85  68  48  70  40  36  44  81  74  39  52  75  72  16  1  63  58  3  82  13  57  38  47  14  19  45  60  28  31  8  83  30  37  88  80  84  26  4  24  41  10  34  9  87  59  12  71  35  77  32  66  64  50  49  11  23  29  18  2  51  69  42  21  61
   17  66  73  74  36  56  8  52  71  61  85  63  9  14  2  13  40  82  88  38  69  48  45  70  10  65  22  54  84  12  78  62  47  83  50  58  21  3  64  60  34  43  57  59  72  23  16  15  53  33  81  37  18  28  4  26  80  75  87  76  49  7  1  51  20  41  44  19  79  24  67  35  5  77  11  27  42  6  39  31  68  86  25  29  55  46  32  30
   17  70  16  24  36  54  81  77  71  62  4  6  9  58  87  86  40  60  1  46  69  59  44  66  10  15  67  56  84  37  11  61  47  26  39  14  21  76  25  82  34  51  32  48  72  19  73  65  53  35  8  12  18  27  85  83  80  31  2  3  49  29  88  43  20  30  45  23  79  74  22  33  5  52  78  28  42  63  50  75  68  13  64  7  55  38  57  41
   17  73  4  41  75  60  20  9  79  43  69  28  70  76  62  65  27  47  2  11  7  37  68  84  45  38  66  44  42  30  54  33  56  83  78  15  50  58  57  67  8  63  80  5  49  36  19  52  23  13  14  6  59  34  39  12  77  10  74  86  88  22  82  1  40  24  81  51  55  46  3  71  21  18  32  26  72  25  87  35  53  64  16  31  85  48  29  61
   17  73  26  41  31  82  42  9  35  87  69  50  48  10  40  65  71  3  68  55  51  37  2  18  45  16  44  66  20  8  32  33  78  39  56  59  28  36  57  23  30  19  14  5  49  58  63  74  67  13  80  72  15  12  83  34  77  76  52  64  22  88  60  1  62  46  81  7  11  24  47  27  21  84  54  4  6  25  43  79  53  86  38  75  85  70  29  61
   17  73  48  41  75  16  64  9  79  43  69  72  26  32  18  65  27  47  46  11  7  37  24  40  45  82  22  88  86  74  10  33  12  83  34  15  6  14  57  67  52  63  36  5  49  80  19  8  23  13  58  50  59  78  39  56  77  54  30  42  44  66  38  1  84  68  81  51  55  2  3  71  21  62  76  70  28  25  87  35  53  20  60  31  85  4  29  61
   17  73  70  41  31  38  86  9  35  87  69  6  4  54  84  65  71  3  24  55  51  37  46  62  45  60  88  22  64  52  76  33  34  39  12  59  72  80  57  23  74  19  58  5  49  14  63  30  67  13  36  28  15  56  83  78  77  32  8  20  66  44  16  1  18  2  81  7  11  68  47  27  21  40  10  48  50  25  43  79  53  42  82  75  85  26  29  61
   18  2  39  74  80  23  47  58  60  64  22  7  61  31  13  42  56  44  49  48  68  6  71  79  54  45  81  15  25  85  53  26  43  40  21  28  73  33  82  32  19  52  11  78  34  55  8  63  76  38  77  29  72  65  84  87  70  9  41  69  59  37  1  10  35  27  50  24  4  5  88  12  86  57  75  17  51  66  20  16  14  3  67  36  30  83  46  62
   18  2  83  74  80  67  3  58  60  64  22  51  17  75  57  42  56  44  5  48  68  6  27  35  54  1  37  59  69  41  9  26  87  40  65  28  29  77  82  32  63  52  55  78  34  11  8  19  76  38  33  73  72  21  84  43  70  53  85  25  15  81  45  10  79  71  50  24  4  49  88  12  86  13  31  61  7  66  20  16  14  47  23  36  30  39  46  62
   18  6  2  60  20  66  22  37  42  14  64  51  17  65  81  27  9  3  1  30  10  33  11  63  21  7  32  70  53  77  85  58  49  46  45  15  5  61  50  76  55  48  16  35  71  83  87  29  69  23  67  52  47  75  25  38  72  24  8  62  80  86  88  59  79  56  78  26  68  82  57  19  36  12  4  31  40  43  44  74  84  28  39  13  34  41  73  54
   18  26  13  34  20  21  53  42  8  28  38  29  79  61  15  50  76  16  19  36  48  46  85  37  22  87  3  69  75  23  39  58  33  84  55  24  51  27  74  44  1  56  49  54  10  5  12  45  88  30  71  7  68  11  40  77  14  83  67  31  25  47  43  66  81  41  2  4  80  63  60  32  6  59  17  35  73  82  72  52  86  9  65  64  78  57  70  62
   18  26  35  34  64  43  75  42  52  72  38  51  57  83  81  50  32  60  85  80  4  46  19  59  22  65  69  3  53  1  17  58  55  40  33  68  29  5  74  88  23  12  71  54  10  27  56  67  44  30  49  73  24  77  84  11  14  61  45  9  47  25  21  66  15  63  2  48  36  41  16  76  6  37  39  13  7  82  28  8  86  31  87  20  78  79  70  62
   18  26  57  34  20  65  9  42  8  28  38  73  35  17  59  50  76  16  63  36  48  46  41  81  22  43  47  25  31  67  83  58  77  84  11  24  7  71  74  44  45  56  5  54  10  49  12  1  88  30  27  51  68  55  40  33  14  39  23  75  69  3  87  66  37  85  2  4  80  19  60  32  6  15  61  79  29  82  72  52  86  53  21  64  78  13  70  62
   18  26  79  34  64  87  31  42  52  72  38  7  13  39  37  50  32  60  41  80  4  46  63  15  22  21  25  47  9  45  61  58  11  40  77  68  73  49  74  88  67  12  27  54  10  71  56  23  44  30  5  29  24  33  84  55  14  17  1  53  3  69  65  66  59  19  2  48  36  85  16  76  6  81  83  57  51  82  28  8  86  75  43  20  78  35  70  62
   18  26  87  7  20  19  67  77  42  31  25  46  17  74  8  61  9  13  88  48  10  54  78  83  21  60  57  23  53  37  4  75  49  51  44  24  5  27  39  86  55  30  73  56  71  63  2  82  69  70  22  12  47  58  64  43  72  15  81  28  80  76  1  41  79  35  11  6  68  29  32  66  36  52  85  14  40  38  45  65  84  62  50  3  34  59  16  33
   18  42  3  66  24  27  35  2  76  48  78  51  25  59  9  26  16  12  21  72  20  14  43  75  30  49  61  83  13  33  81  50  63  40  41  36  29  45  10  8  55  44  23  38  82  67  88  11  52  54  1  73  80  85  84  19  6  37  77  57  39  17  5  74  31  87  58  64  28  65  56  60  70  53  15  69  7  34  4  32  46  79  71  68  22  47  86  62
   18  42  25  66  68  49  57  2  32  4  78  73  3  81  75  26  60  56  87  28  64  14  65  9  30  27  39  17  79  11  59  50  85  84  19  80  7  23  10  52  77  88  45  38  82  1  44  33  8  54  67  51  36  63  40  41  6  15  55  35  61  83  71  74  53  21  58  20  72  43  12  16  70  31  37  47  29  34  48  76  46  13  5  24  22  69  86  62
   18  42  47  66  24  71  79  2  76  48  78  7  69  15  53  26  16  12  65  72  20  14  87  31  30  5  17  39  57  77  37  50  19  40  85  36  73  1  10  8  11  44  67  38  82  23  88  55  52  54  45  29  80  41  84  63  6  81  33  13  83  61  49  74  75  43  58  64  28  21  56  60  70  9  59  25  51  34  4  32  46  35  27  68  22  3  86  62
   18  42  69  66  68  5  13  2  32  4  78  29  47  37  31  26  60  56  43  28  64  14  21  53  30  71  83  61  35  55  15  50  41  84  63  80  51  67  10  52  33  88  1  38  82  45  44  77  8  54  23  7  36  19  40  85  6  59  11  79  17  39  27  74  9  65  58  20  72  87  12  16  70  75  81  3  73  34  48  76  46  57  49  24  22  25  86  62
   18  63  87  82  20  70  67  12  42  58  25  43  17  15  8  28  9  76  88  41  10  35  78  6  21  29  57  66  53  52  4  14  49  38  44  65  5  62  39  3  55  59  73  33  71  26  2  7  69  19  22  77  47  31  64  46  72  74  81  61  80  13  1  48  79  54  11  83  68  60  32  23  36  37  85  75  40  51  45  24  84  27  50  86  34  30  16  56
   18  66  43  26  8  3  19  74  68  56  6  51  65  67  33  34  80  28  13  16  44  54  35  11  86  25  5  27  85  81  1  82  31  40  9  76  29  61  2  64  15  4  39  14  58  83  48  59  20  46  17  73  32  53  84  75  38  45  37  41  71  49  69  42  55  79  10  88  60  57  72  36  78  77  23  21  7  50  12  24  30  63  47  52  70  87  22  62
   18  66  87  26  8  47  63  74  68  56  6  7  21  23  77  34  80  28  57  16  44  54  79  55  86  69  49  71  41  37  45  82  75  40  53  76  73  17  2  64  59  4  83  14  58  39  48  15  20  46  61  29  32  9  84  31  38  1  81  85  27  5  25  42  11  35  10  88  60  13  72  36  78  33  67  65  51  50  12  24  30  19  3  52  70  43  22  62
   18  82  11  58  56  75  67  34  4  32  46  51  33  43  49  10  64  68  37  8  60  22  59  27  6  9  85  19  45  25  65  74  39  40  17  44  29  13  26  72  47  36  79  86  42  35  80  3  28  70  57  73  88  61  84  83  30  21  69  1  63  41  53  50  71  15  66  16  52  81  24  20  54  5  87  77  7  2  76  48  78  23  31  12  14  55  38  62
   18  82  55  58  56  31  23  34  4  32  46  7  77  87  5  10  64  68  81  8  60  22  15  71  6  53  41  63  1  69  21  74  83  40  61  44  73  57  26  72  3  36  35  86  42  79  80  47  28  70  13  29  88  17  84  39  30  65  25  45  19  85  9  50  27  59  66  16  52  37  24  20  54  49  43  33  51  2  76  48  78  67  75  12  14  11  38  62
   18  83  2  29  20  23  22  52  42  75  64  38  17  24  81  62  9  86  1  59  10  56  11  26  21  82  32  19  53  12  85  31  49  43  45  74  5  28  50  13  55  41  16  54  71  6  87  60  69  66  67  37  47  14  25  51  72  65  8  27  80  3  88  30  79  33  78  63  68  7  57  70  36  77  4  58  40  46  44  15  84  61  39  76  34  48  73  35
   19  2  33  55  62  44  14  53  29  78  41  9  15  25  12  20  63  16  86  84  51  85  23  68  54  1  61  72  31  22  7  71  59  39  65  49  52  57  6  10  76  8  43  42  70  87  56  34  27  45  75  36  60  11  48  80  74  64  77  69  26  73  3  5  38  4  66  21  35  88  28  17  58  67  82  18  30  50  24  40  37  32  83  79  13  81  46  47
   19  8  83  49  30  22  28  68  38  16  77  9  60  44  56  47  76  32  65  18  31  88  23  5  63  64  41  36  62  87  46  10  37  39  82  72  35  85  3  20  74  78  75  55  70  81  6  40  59  67  61  21  51  73  12  80  29  45  33  42  13  57  24  71  58  1  66  84  26  25  48  53  27  2  43  79  52  50  7  17  54  4  86  69  15  11  14  34
   19  11  24  3  17  16  72  83  29  9  87  8  46  64  22  75  49  21  18  1  77  79  40  88  15  38  34  56  50  14  86  67  4  41  70  13  74  10  51  81  36  69  76  71  27  32  25  80  37  7  54  30  57  26  85  48  23  42  58  6  12  78  82  59  44  84  35  33  45  62  65  5  31  66  20  2  52  43  53  73  39  28  60  61  47  68  55  63
   19  11  68  3  17  60  28  83  29  9  87  52  2  20  66  75  49  21  62  1  77  79  84  44  15  82  78  12  6  58  42  67  48  41  26  13  30  54  51  81  80  69  32  71  27  76  25  36  37  7  10  74  57  70  85  4  23  86  14  50  56  34  38  59  88  40  35  33  45  18  65  5  31  22  64  46  8  43  53  73  39  72  16  61  47  24  55  63
   19  27  14  35  21  22  54  43  9  29  39  30  80  62  16  51  77  17  20  37  49  47  86  38  23  88  4  70  76  24  40  59  34  85  56  25  52  28  75  45  2  57  50  55  11  6  13  46  1  31  72  8  69  12  41  78  15  84  68  32  26  48  44  67  82  42  3  5  81  64  61  33  7  60  18  36  74  83  73  53  87  10  66  65  79  58  71  63
   19  27  58  35  21  66  10  43  9  29  39  74  36  18  60  51  77  17  64  37  49  47  42  82  23  44  48  26  32  68  84  59  78  85  12  25  8  72  75  45  46  57  6  55  11  50  13  2  1  31  28  52  69  56  41  34  15  40  24  76  70  4  88  67  38  86  3  5  81  20  61  33  7  16  62  80  30  83  73  53  87  54  22  65  79  14  71  63
   19  43  4  67  25  28  36  3  77  49  79  52  26  60  10  27  17  13  22  73  21  15  44  76  31  50  62  84  14  34  82  51  64  41  42  37  30  46  11  9  56  45  24  39  83  68  1  12  53  55  2  74  81  86  85  20  7  38  78  58  40  18  6  75  32  88  59  65  29  66  57  61  71  54  16  70  8  35  5  33  47  80  72  69  23  48  87  63
   19  43  26  67  69  50  58  3  33  5  79  74  4  82  76  27  61  57  88  29  65  15  66  10  31  28  40  18  80  12  60  51  86  85  20  81  8  24  11  53  78  1  46  39  83  2  45  34  9  55  68  52  37  64  41  42  7  16  56  36  62  84  72  75  54  22  59  21  73  44  13  17  71  32  38  48  30  35  49  77  47  14  6  25  23  70  87  63
   19  43  48  67  25  72  80  3  77  49  79  8  70  16  54  27  17  13  66  73  21  15  88  32  31  6  18  40  58  78  38  51  20  41  86  37  74  2  11  9  12  45  68  39  83  24  1  56  53  55  46  30  81  42  85  64  7  82  34  14  84  62  50  75  76  44  59  65  29  22  57  61  71  10  60  26  52  35  5  33  47  36  28  69  23  4  87  63
   19  81  83  40  30  67  28  21  38  73  77  80  60  45  56  42  76  57  65  71  31  1  23  84  63  25  41  53  62  2  46  79  37  50  82  17  35  4  3  69  74  11  75  34  70  8  6  49  59  22  61  68  51  16  12  9  29  44  33  47  13  32  24  18  58  88  66  5  26  64  48  36  27  87  43  10  52  39  7  72  54  85  86  20  15  78  14  55
   19  83  34  59  13  10  2  35  49  77  47  74  12  66  28  11  21  25  16  53  17  23  82  50  7  76  64  42  24  4  44  75  62  85  84  1  8  80  27  29  70  81  14  87  43  58  37  26  73  71  36  52  45  40  41  18  31  88  48  68  86  20  32  51  6  38  67  61  9  60  69  65  55  72  22  56  30  3  33  5  79  46  54  57  15  78  39  63
   19  83  78  59  13  54  46  35  49  77  47  30  56  22  72  11  21  25  60  53  17  23  38  6  7  32  20  86  68  48  88  75  18  85  40  1  52  36  27  29  26  81  58  87  43  14  37  70  73  71  80  8  45  84  41  62  31  44  4  24  42  64  76  51  50  82  67  61  9  16  69  65  55  28  66  12  74  3  33  5  79  2  10  57  15  34  39  63
   20  36  21  52  2  37  13  68  22  18  16  53  43  29  3  84  26  38  55  34  14  32  77  69  72  59  23  45  79  19  51  12  17  42  83  54  31  71  44  50  41  30  49  48  4  5  74  85  6  88  27  75  10  39  86  61  56  7  63  35  1  67  15  28  25  33  76  58  78  11  82  70  40  47  73  87  9  60  62  66  24  57  81  46  8  65  80  64
   20  36  43  52  46  59  35  68  66  62  16  75  21  51  69  84  70  82  33  78  58  32  11  3  72  37  1  67  57  85  29  12  39  86  61  10  9  49  44  6  63  74  71  48  4  27  30  19  50  88  5  53  54  17  42  83  56  73  41  13  23  45  81  28  47  55  76  14  34  77  38  26  40  25  7  65  31  60  18  22  24  79  15  2  8  87  80  64
   20  36  65  52  2  81  57  68  22  18  16  9  87  73  47  84  26  38  11  34  14  32  33  25  72  15  67  1  35  63  7  12  61  42  39  54  75  27  44  50  85  30  5  48  4  49  74  41  6  88  71  31  10  83  86  17  56  51  19  79  45  23  59  28  69  77  76  58  78  55  82  70  40  3  29  43  53  60  62  66  24  13  37  46  8  21  80  64
   20  36  87  52  46  15  79  68  66  62  16  31  65  7  25  84  70  82  77  78  58  32  55  47  72  81  45  23  13  41  73  12  83  86  17  10  53  5  44  6  19  74  27  48  4  71  30  63  50  88  49  9  54  61  42  39  56  29  85  57  67  1  37  28  3  11  76  14  34  33  38  26  40  69  51  21  75  60  18  22  24  35  59  2  8  43  80  64
   20  52  11  84  6  43  83  28  2  38  56  75  77  27  85  60  54  34  57  70  74  88  35  19  80  21  81  59  17  29  5  4  47  86  69  66  9  1  68  14  7  18  23  32  76  67  62  51  58  24  45  53  22  25  42  3  48  49  73  61  15  37  65  36  63  79  44  30  26  13  78  10  16  41  71  33  31  12  82  46  72  39  87  50  40  55  8  64
   20  52  33  84  50  65  17  28  46  82  56  9  55  49  63  60  10  78  35  26  30  88  57  41  80  87  59  81  83  7  71  4  69  42  47  22  75  67  68  58  29  62  45  32  76  1  18  73  14  24  23  31  66  3  86  25  48  27  51  39  37  15  43  36  85  13  44  74  70  79  34  54  16  19  5  11  53  12  38  2  72  61  21  6  40  77  8  64
   20  52  55  84  6  87  39  28  2  38  56  31  33  71  41  60  54  34  13  70  74  88  79  63  80  65  37  15  61  73  49  4  3  86  25  66  53  45  68  14  51  18  67  32  76  23  62  7  58  24  1  9  22  69  42  47  48  5  29  17  59  81  21  36  19  35  44  30  26  57  78  10  16  85  27  77  75  12  82  46  72  83  43  50  40  11  8  64
   20  52  77  84  50  21  61  28  46  82  56  53  11  5  19  60  10  78  79  26  30  88  13  85  80  43  15  37  39  51  27  4  25  42  3  22  31  23  68  58  73  62  1  32  76  45  18  29  14  24  67  75  66  47  86  69  48  71  7  83  81  59  87  36  41  57  44  74  70  35  34  54  16  63  49  55  9  12  38  2  72  17  65  6  40  33  8  64
   20  60  17  12  74  57  41  52  14  26  32  9  39  81  71  4  2  54  3  66  38  72  25  49  40  79  11  33  19  23  15  44  29  42  7  6  75  43  36  18  45  78  21  24  68  65  34  1  62  80  87  31  50  51  86  73  88  59  67  63  77  55  35  84  5  69  28  82  22  47  10  46  48  27  37  83  53  76  70  58  8  85  13  30  56  61  16  64
   20  60  39  12  30  79  63  52  58  70  32  31  17  15  49  4  46  10  69  22  82  72  47  71  40  57  77  55  85  1  81  44  51  86  73  50  53  21  36  62  67  34  43  24  68  87  78  23  18  80  65  9  6  29  42  7  88  37  45  41  11  33  13  84  27  3  28  38  66  25  54  2  48  5  59  61  75  76  26  14  8  19  35  74  56  83  16  64
   20  60  61  12  74  13  85  52  14  26  32  53  83  37  27  4  2  54  47  66  38  72  69  5  40  35  55  77  63  67  59  44  73  42  51  6  31  87  36  18  1  78  65  24  68  21  34  45  62  80  43  75  50  7  86  29  88  15  23  19  33  11  79  84  49  25  28  82  22  3  10  46  48  71  81  39  9  76  70  58  8  41  57  30  56  17  16  64
   20  60  83  12  30  35  19  52  58  70  32  75  61  59  5  4  46  10  25  22  82  72  3  27  40  13  33  11  41  45  37  44  7  86  29  50  9  65  36  62  23  34  87  24  68  43  78  67  18  80  21  53  6  73  42  51  88  81  1  85  55  77  57  84  71  47  28  38  66  69  54  2  48  49  15  17  31  76  26  14  8  63  79  74  56  39  16  64
   20  84  35  60  14  11  3  36  50  78  48  75  13  67  29  12  22  26  17  54  18  24  83  51  8  77  65  43  25  5  45  76  63  86  85  2  9  81  28  30  71  82  15  88  44  59  38  27  74  72  37  53  46  41  42  19  32  1  49  69  87  21  33  52  7  39  68  62  10  61  70  66  56  73  23  57  31  4  34  6  80  47  55  58  16  79  40  64
   20  84  79  60  14  55  47  36  50  78  48  31  57  23  73  12  22  26  61  54  18  24  39  7  8  33  21  87  69  49  1  76  19  86  41  2  53  37  28  30  27  82  59  88  44  15  38  71  74  72  81  9  46  85  42  63  32  45  5  25  43  65  77  52  51  83  68  62  10  17  70  66  56  29  67  13  75  4  34  6  80  3  11  58  16  35  40  64
   21  53  34  85  51  66  18  29  47  83  57  10  56  50  64  61  11  79  36  27  31  1  58  42  81  88  60  82  84  8  72  5  70  43  48  23  76  68  69  59  30  63  46  33  77  2  19  74  15  25  24  32  67  4  87  26  49  28  52  40  38  16  44  37  86  14  45  75  71  80  35  55  17  20  6  12  54  13  39  3  73  62  22  7  41  78  9  65
   21  53  78  85  51  22  62  29  47  83  57  54  12  6  20  61  11  79  80  27  31  1  14  86  81  44  16  38  40  52  28  5  26  43  4  23  32  24  69  59  74  63  2  33  77  46  19  30  15  25  68  76  67  48  87  70  49  72  8  84  82  60  88  37  42  58  45  75  71  36  35  55  17  64  50  56  10  13  39  3  73  18  66  7  41  34  9  65
   21  61  18  13  75  58  42  53  15  27  33  10  40  82  72  5  3  55  4  67  39  73  26  50  41  80  12  34  20  24  16  45  30  43  8  7  76  44  37  19  46  79  22  25  69  66  35  2  63  81  88  32  51  52  87  74  1  60  68  64  78  56  36  85  6  70  29  83  23  48  11  47  49  28  38  84  54  77  71  59  9  86  14  31  57  62  17  65
   21  61  40  13  31  80  64  53  59  71  33  32  18  16  50  5  47  11  70  23  83  73  48  72  41  58  78  56  86  2  82  45  52  87  74  51  54  22  37  63  68  35  44  25  69  88  79  24  19  81  66  10  7  30  43  8  1  38  46  42  12  34  14  85  28  4  29  39  67  26  55  3  49  6  60  62  76  77  27  15  9  20  36  75  57  84  17  65
   21  61  62  13  75  14  86  53  15  27  33  54  84  38  28  5  3  55  48  67  39  73  70  6  41  36  56  78  64  68  60  45  74  43  52  7  32  88  37  19  2  79  66  25  69  22  35  46  63  81  44  76  51  8  87  30  1  16  24  20  34  12  80  85  50  26  29  83  23  4  11  47  49  72  82  40  10  77  71  59  9  42  58  31  57  18  17  65
   21  61  84  13  31  36  20  53  59  71  33  76  62  60  6  5  47  11  26  23  83  73  4  28  41  14  34  12  42  46  38  45  8  87  30  51  10  66  37  63  24  35  88  25  69  44  79  68  19  81  22  54  7  74  43  52  1  82  2  86  56  78  58  85  72  48  29  39  67  70  55  3  49  50  16  18  32  77  27  15  9  64  80  75  57  40  17  65
   21  69  2  29  11  50  66  77  71  59  9  10  24  26  80  37  83  31  60  19  47  57  82  58  1  72  52  74  44  40  48  85  78  43  56  79  76  20  5  67  62  7  86  17  61  42  51  18  23  49  64  32  35  12  87  34  41  4  84  88  30  8  28  45  14  38  13  3  63  16  75  39  81  36  70  68  54  53  15  27  33  22  6  55  73  46  25  65
   21  69  46  29  11  6  22  77  71  59  9  54  68  70  36  37  83  31  16  19  47  57  38  14  1  28  8  30  88  84  4  85  34  43  12  79  32  64  5  67  18  7  42  17  61  86  51  62  23  49  20  76  35  56  87  78  41  48  40  44  74  52  72  45  58  82  13  3  63  60  75  39  81  80  26  24  10  53  15  27  33  66  50  55  73  2  25  65
   21  85  14  61  59  78  70  37  7  35  49  54  36  46  52  13  67  71  40  11  63  25  62  30  9  12  88  22  48  28  68  77  42  43  20  47  32  16  29  75  50  39  82  1  45  38  83  6  31  73  60  76  3  64  87  86  33  24  72  4  66  44  56  53  74  18  69  19  55  84  27  23  57  8  2  80  10  5  79  51  81  26  34  15  17  58  41  65
   21  85  36  61  15  12  4  37  51  79  49  76  14  68  30  13  23  27  18  55  19  25  84  52  9  78  66  44  26  6  46  77  64  87  86  3  10  82  29  31  72  83  16  1  45  60  39  28  75  73  38  54  47  42  43  20  33  2  50  70  88  22  34  53  8  40  69  63  11  62  71  67  57  74  24  58  32  5  35  7  81  48  56  59  17  80  41  65
   21  85  58  61  59  34  26  37  7  35  49  10  80  2  8  13  67  71  84  11  63  25  18  74  9  56  44  66  4  72  24  77  86  43  64  47  76  60  29  75  6  39  38  1  45  82  83  50  31  73  16  32  3  20  87  42  33  68  28  48  22  88  12  53  30  62  69  19  55  40  27  23  57  52  46  36  54  5  79  51  81  70  78  15  17  14  41  65
   21  85  80  61  15  56  48  37  51  79  49  32  58  24  74  13  23  27  62  55  19  25  40  8  9  34  22  88  70  50  2  77  20  87  42  3  54  38  29  31  28  83  60  1  45  16  39  72  75  73  82  10  47  86  43  64  33  46  6  26  44  66  78  53  52  84  69  63  11  18  71  67  57  30  68  14  76  5  35  7  81  4  12  59  17  36  41  65
   22  6  21  78  40  5  29  62  20  24  26  77  87  13  39  46  16  4  75  8  28  10  53  61  58  71  19  85  51  23  79  30  25  88  47  76  11  59  86  80  1  12  81  82  38  37  56  45  36  42  15  55  32  3  44  69  74  35  67  7  41  63  27  14  17  9  54  72  52  31  48  60  2  83  57  43  33  70  68  64  18  73  49  84  34  65  50  66
   22  6  43  78  84  27  51  62  64  68  26  11  65  35  17  46  60  48  53  52  72  10  75  83  58  49  85  19  29  1  57  30  47  44  25  32  77  37  86  36  23  56  15  82  38  59  12  67  80  42  81  33  76  69  88  3  74  13  45  73  63  41  5  14  39  31  54  28  8  9  4  16  2  61  79  21  55  70  24  20  18  7  71  40  34  87  50  66
   22  6  65  78  40  49  73  62  20  24  26  33  43  57  83  46  16  4  31  8  28  10  9  17  58  27  63  41  7  67  35  30  69  88  3  76  55  15  86  80  45  12  37  82  38  81  56  1  36  42  59  11  32  47  44  25  74  79  23  51  85  19  71  14  61  53  54  72  52  75  48  60  2  39  13  87  77  70  68  64  18  29  5  84  34  21  50  66
   22  6  87  78  84  71  7  62  64  68  26  55  21  79  61  46  60  48  9  52  72  10  31  39  58  5  41  63  73  45  13  30  3  44  69  32  33  81  86  36  67  56  59  82  38  15  12  23  80  42  37  77  76  25  88  47  74  57  1  29  19  85  49  14  83  75  54  28  8  53  4  16  2  17  35  65  11  70  24  20  18  51  27  40  34  43  50  66
   22  14  27  6  20  19  75  86  32  12  2  11  49  67  25  78  52  24  21  4  80  82  43  3  18  41  37  59  53  17  1  70  7  44  73  16  77  13  54  84  39  72  79  74  30  35  28  83  40  10  57  33  60  29  88  51  26  45  61  9  15  81  85  62  47  87  38  36  48  65  68  8  34  69  23  5  55  46  56  76  42  31  63  64  50  71  58  66
   22  14  71  6  20  63  31  86  32  12  2  55  5  23  69  78  52  24  65  4  80  82  87  47  18  85  81  15  9  61  45  70  51  44  29  16  33  57  54  84  83  72  35  74  30  79  28  39  40  10  13  77  60  73  88  7  26  1  17  53  59  37  41  62  3  43  38  36  48  21  68  8  34  25  67  49  11  46  56  76  42  75  19  64  50  27  58  66
   22  30  17  38  24  25  57  46  12  32  42  33  83  65  19  54  80  20  23  40  52  50  1  41  26  3  7  73  79  27  43  62  37  88  59  28  55  31  78  48  5  60  53  58  14  9  16  49  4  34  75  11  72  15  44  81  18  87  71  35  29  51  47  70  85  45  6  8  84  67  64  36  10  63  21  39  77  86  76  56  2  13  69  68  82  61  74  66
   22  30  61  38  24  69  13  46  12  32  42  77  39  21  63  54  80  20  67  40  52  50  45  85  26  47  51  29  35  71  87  62  81  88  15  28  11  75  78  48  49  60  9  58  14  53  16  5  4  34  31  55  72  59  44  37  18  43  27  79  73  7  3  70  41  1  6  8  84  23  64  36  10  19  65  83  33  86  76  56  2  57  25  68  82  17  74  66
   22  46  7  70  28  31  39  6  80  52  82  55  29  63  13  30  20  16  25  76  24  18  47  79  34  53  65  87  17  37  85  54  67  44  45  40  33  49  14  12  59  48  27  42  86  71  4  15  56  58  5  77  84  1  88  23  10  41  81  61  43  21  9  78  35  3  62  68  32  69  60  64  74  57  19  73  11  38  8  36  50  83  75  72  26  51  2  66
   22  46  29  70  72  53  61  6  36  8  82  77  7  85  79  30  64  60  3  32  68  18  69  13  34  31  43  21  83  15  63  54  1  88  23  84  11  27  14  56  81  4  49  42  86  5  48  37  12  58  71  55  40  67  44  45  10  19  59  39  65  87  75  78  57  25  62  24  76  47  16  20  74  35  41  51  33  38  52  80  50  17  9  28  26  73  2  66
   22  46  51  70  28  75  83  6  80  52  82  11  73  19  57  30  20  16  69  76  24  18  3  35  34  9  21  43  61  81  41  54  23  44  1  40  77  5  14  12  15  48  71  42  86  27  4  59  56  58  49  33  84  45  88  67  10  85  37  17  87  65  53  78  79  47  62  68  32  25  60  64  74  13  63  29  55  38  8  36  50  39  31  72  26  7  2  66
   22  46  73  70  72  9  17  6  36  8  82  33  51  41  35  30  64  60  47  32  68  18  25  57  34  75  87  65  39  59  19  54  45  88  67  84  55  71  14  56  37  4  5  42  86  49  48  81  12  58  27  11  40  23  44  1  10  63  15  83  21  43  31  78  13  69  62  24  76  3  16  20  74  79  85  7  77  38  52  80  50  61  53  28  26  29  2  66
   22  54  35  86  52  67  19  30  48  84  58  11  57  51  65  62  12  80  37  28  32  2  59  43  82  1  61  83  85  9  73  6  71  44  49  24  77  69  70  60  31  64  47  34  78  3  20  75  16  26  25  33  68  5  88  27  50  29  53  41  39  17  45  38  87  15  46  76  72  81  36  56  18  21  7  13  55  14  40  4  74  63  23  8  42  79  10  66
   22  54  79  86  52  23  63  30  48  84  58  55  13  7  21  62  12  80  81  28  32  2  15  87  82  45  17  39  41  53  29  6  27  44  5  24  33  25  70  60  75  64  3  34  78  47  20  31  16  26  69  77  68  49  88  71  50  73  9  85  83  61  1  38  43  59  46  76  72  37  36  56  18  65  51  57  11  14  40  4  74  19  67  8  42  35  10  66
   22  62  19  14  76  59  43  54  16  28  34  11  41  83  73  6  4  56  5  68  40  74  27  51  42  81  13  35  21  25  17  46  31  44  9  8  77  45  38  20  47  80  23  26  70  67  36  3  64  82  1  33  52  53  88  75  2  61  69  65  79  57  37  86  7  71  30  84  24  49  12  48  50  29  39  85  55  78  72  60  10  87  15  32  58  63  18  66
   22  62  41  14  32  81  65  54  60  72  34  33  19  17  51  6  48  12  71  24  84  74  49  73  42  59  79  57  87  3  83  46  53  88  75  52  55  23  38  64  69  36  45  26  70  1  80  25  20  82  67  11  8  31  44  9  2  39  47  43  13  35  15  86  29  5  30  40  68  27  56  4  50  7  61  63  77  78  28  16  10  21  37  76  58  85  18  66
   22  62  63  14  76  15  87  54  16  28  34  55  85  39  29  6  4  56  49  68  40  74  71  7  42  37  57  79  65  69  61  46  75  44  53  8  33  1  38  20  3  80  67  26  70  23  36  47  64  82  45  77  52  9  88  31  2  17  25  21  35  13  81  86  51  27  30  84  24  5  12  48  50  73  83  41  11  78  72  60  10  43  59  32  58  19  18  66
   22  62  85  14  32  37  21  54  60  72  34  77  63  61  7  6  48  12  27  24  84  74  5  29  42  15  35  13  43  47  39  46  9  88  31  52  11  67  38  64  25  36  1  26  70  45  80  69  20  82  23  55  8  75  44  53  2  83  3  87  57  79  59  86  73  49  30  40  68  71  56  4  50  51  17  19  33  78  28  16  10  65  81  76  58  41  18  66
   22  70  3  30  12  51  67  78  72  60  10  11  25  27  81  38  84  32  61  20  48  58  83  59  2  73  53  75  45  41  49  86  79  44  57  80  77  21  6  68  63  8  87  18  62  43  52  19  24  50  65  33  36  13  88  35  42  5  85  1  31  9  29  46  15  39  14  4  64  17  76  40  82  37  71  69  55  54  16  28  34  23  7  56  74  47  26  66
   22  70  47  30  12  7  23  78  72  60  10  55  69  71  37  38  84  32  17  20  48  58  39  15  2  29  9  31  1  85  5  86  35  44  13  80  33  65  6  68  19  8  43  18  62  87  52  63  24  50  21  77  36  57  88  79  42  49  41  45  75  53  73  46  59  83  14  4  64  61  76  40  82  81  27  25  11  54  16  28  34  67  51  56  74  3  26  66
   22  78  9  46  80  65  25  14  84  48  74  33  75  81  67  70  32  52  7  16  12  42  73  1  50  43  71  49  47  35  59  38  61  88  83  20  55  63  62  72  13  68  85  10  54  41  24  57  28  18  19  11  64  39  44  17  82  15  79  3  5  27  87  6  45  29  86  56  60  51  8  76  26  23  37  31  77  30  4  40  58  69  21  36  2  53  34  66
   22  78  53  46  80  21  69  14  84  48  74  77  31  37  23  70  32  52  51  16  12  42  29  45  50  87  27  5  3  79  15  38  17  88  39  20  11  19  62  72  57  68  41  10  54  85  24  13  28  18  63  55  64  83  44  61  82  59  35  47  49  71  43  6  1  73  86  56  60  7  8  76  26  67  81  75  33  30  4  40  58  25  65  36  2  9  34  66
   22  86  15  62  60  79  71  38  8  36  50  55  37  47  53  14  68  72  41  12  64  26  63  31  10  13  1  23  49  29  69  78  43  44  21  48  33  17  30  76  51  40  83  2  46  39  84  7  32  74  61  77  4  65  88  87  34  25  73  5  67  45  57  54  75  19  70  20  56  85  28  24  58  9  3  81  11  6  80  52  82  27  35  16  18  59  42  66
   22  86  37  62  16  13  5  38  52  80  50  77  15  69  31  14  24  28  19  56  20  26  85  53  10  79  67  45  27  7  47  78  65  88  87  4  11  83  30  32  73  84  17  2  46  61  40  29  76  74  39  55  48  43  44  21  34  3  51  71  1  23  35  54  9  41  70  64  12  63  72  68  58  75  25  59  33  6  36  8  82  49  57  60  18  81  42  66
   22  86  59  62  60  35  27  38  8  36  50  11  81  3  9  14  68  72  85  12  64  26  19  75  10  57  45  67  5  73  25  78  87  44  65  48  77  61  30  76  7  40  39  2  46  83  84  51  32  74  17  33  4  21  88  43  34  69  29  49  23  1  13  54  31  63  70  20  56  41  28  24  58  53  47  37  55  6  80  52  82  71  79  16  18  15  42  66
   22  86  81  62  16  57  49  38  52  80  50  33  59  25  75  14  24  28  63  56  20  26  41  9  10  35  23  1  71  51  3  78  21  88  43  4  55  39  30  32  29  84  61  2  46  17  40  73  76  74  83  11  48  87  44  65  34  47  7  27  45  67  79  54  53  85  70  64  12  19  72  68  58  31  69  15  77  6  36  8  82  5  13  60  18  37  42  66
