   1  3  9  27  2  6  18  54  4  12  36  29  8  24  72  58  16  48  65  37  32  17  51  74  64  34  23  69  49  68  46  59  19  57  13  39  38  35  26  78  76  70  52  77  73  61  25  75  67  43  50  71  55  7  21  63  31  14  42  47  62  28  5  15  45  56  10  30  11  33  20  60  22  66  40  41  44  53
   1  3  60  5  71  62  8  7  41  73  35  64  57  10  52  9  70  43  17  75  67  37  53  66  63  59  22  12  26  54  29  11  16  72  78  45  30  19  38  77  58  69  6  39  33  55  50  68  15  65  51  61  20  24  27  14  76  28  36  56  4  31  48  13  49  18  25  74  34  2  46  47  23  32  44  21  42  40
   1  6  36  58  32  34  46  39  76  61  50  63  62  56  20  41  9  54  8  48  51  69  19  35  52  75  55  14  5  30  22  53  2  12  72  37  64  68  13  78  73  43  21  47  45  33  40  3  18  29  16  17  23  59  38  70  25  71  31  28  10  60  44  27  4  24  65  74  49  57  26  77  67  7  42  15  11  66
   1  7  49  27  31  59  18  47  13  12  5  35  8  56  76  58  11  77  65  60  25  17  40  43  64  53  55  69  9  63  46  6  42  57  4  28  38  29  45  78  72  30  52  48  20  61  32  66  67  74  44  71  23  3  21  68  2  14  19  54  62  39  36  15  26  24  10  70  16  33  73  37  22  75  51  41  50  34
   1  9  42  17  47  50  68  25  5  55  59  58  69  76  10  33  4  13  65  63  31  67  53  66  15  77  46  6  62  18  35  41  22  12  36  21  78  73  32  71  34  39  60  75  51  61  2  74  57  23  45  7  38  54  27  14  28  70  24  26  52  43  72  49  37  30  19  20  16  44  64  29  11  8  56  3  48  40
   1  11  62  21  39  72  36  31  45  49  15  4  47  46  22  41  34  55  3  59  19  25  27  14  77  57  28  56  48  32  63  51  76  44  74  65  68  13  30  69  52  29  26  35  5  37  12  24  71  9  17  67  18  38  53  66  64  58  20  42  16  73  2  61  7  8  43  54  10  6  70  75  33  78  60  23  50  40
   1  15  24  29  23  38  50  43  47  37  5  52  3  64  46  57  16  61  35  51  73  19  53  66  45  17  70  78  20  60  41  71  28  30  72  75  48  49  26  65  10  9  36  33  69  67  32  2  21  59  39  31  56  6  27  14  58  34  12  74  22  55  18  7  25  42  13  44  76  8  4  11  77  62  68  63  54  40
   1  17  44  33  15  60  18  49  9  31  39  76  59  34  58  65  46  25  51  47  61  55  27  14  29  75  52  50  6  74  69  3  4  62  32  41  38  67  24  63  28  77  2  71  23  43  42  30  35  45  11  13  36  68  53  66  16  22  8  12  64  7  26  19  73  20  37  78  70  48  10  57  21  54  72  5  56  40
   1  21  6  41  77  26  32  61  11  19  29  46  15  52  4  3  28  31  5  39  37  49  53  66  75  35  16  72  56  24  47  23  34  48  30  51  18  25  20  59  64  57  12  69  9  73  62  8  63  17  33  55  74  36  27  14  10  76  78  44  70  67  42  43  13  54  7  68  58  50  22  71  65  38  2  45  60  40
   1  23  26  45  69  48  78  67  51  13  63  70  71  22  16  11  58  73  21  35  25  7  27  14  59  15  76  44  42  38  75  33  10  2  68  17  8  43  18  57  4  47  56  29  41  49  72  36  77  3  5  37  54  20  53  66  46  64  74  60  34  19  50  55  61  32  31  24  52  12  28  39  9  30  6  65  62  40
   1  28  73  69  36  60  21  35  32  27  45  75  46  24  40  14  76  74  18  30  50  57  16  53  62  77  23  12  20  7  38  37  9  15  25  68  8  66  31  78  51  6  10  43  19  58  44  47  52  34  4  33  55  39  65  3  5  61  49  29  22  63  26  17  2  56  67  59  72  41  42  70  64  54  11  71  13  48
   1  29  8  57  45  36  60  7  15  73  9  64  5  10  52  35  70  43  69  23  67  37  27  14  11  33  22  38  78  2  3  63  16  20  26  71  56  19  12  51  58  17  32  65  59  55  24  42  41  39  77  61  72  50  53  66  76  28  62  30  4  31  74  13  49  44  25  48  34  54  46  21  75  6  18  47  68  40
   1  29  51  57  73  63  10  53  36  17  19  77  21  56  44  12  32  59  52  7  45  41  4  37  46  70  55  15  40  54  65  68  76  71  5  66  18  48  49  78  50  28  22  6  16  69  26  43  62  60  2  58  23  35  67  47  20  27  72  34  38  75  42  33  9  24  64  39  25  14  11  3  8  74  13  61  31  30
   1  35  40  57  20  68  10  34  5  17  42  48  21  24  50  12  25  6  52  3  26  41  13  60  46  30  23  15  51  47  65  63  72  71  36  75  18  77  9  78  44  39  22  59  11  69  45  74  62  37  31  58  55  29  67  54  73  27  76  53  38  66  19  33  49  56  64  28  32  14  16  7  8  43  4  61  2  70
   1  35  68  69  21  24  42  25  57  55  33  58  17  76  10  59  4  13  39  11  31  67  27  14  41  51  46  32  36  44  9  15  22  38  62  47  26  73  6  45  34  65  8  23  77  61  54  48  5  75  71  7  12  2  53  66  28  70  50  78  52  43  20  49  37  56  19  72  16  18  64  3  63  60  30  29  74  40
   1  37  26  14  44  48  38  63  40  58  13  7  22  24  19  71  20  29  46  43  11  12  49  75  10  54  23  61  45  6  64  77  5  27  51  70  62  3  32  78  42  53  65  35  31  41  16  39  21  66  72  57  55  60  8  59  50  33  36  68  67  30  4  69  25  56  18  34  73  15  2  74  52  28  9  17  76  47
   1  39  20  69  5  37  21  29  25  27  26  66  46  56  51  14  72  43  18  70  44  57  11  34  62  48  55  12  73  3  38  60  49  15  32  63  8  75  2  78  40  59  10  74  42  58  50  54  52  53  13  33  23  28  65  7  36  61  9  35  22  68  45  17  31  24  67  6  76  41  19  30  64  47  16  71  4  77
   1  41  50  3  75  12  24  43  21  37  57  52  29  64  46  5  16  61  9  77  73  19  27  14  71  69  70  26  72  8  15  45  28  56  20  23  74  49  78  39  10  35  62  59  17  67  6  54  47  33  65  31  30  32  53  66  58  34  38  48  22  55  44  7  25  68  13  18  76  60  4  63  51  36  42  11  2  40
   1  45  12  11  59  56  38  55  23  25  47  22  63  4  70  21  76  67  41  69  49  13  53  66  39  29  34  48  44  36  71  65  58  42  18  33  54  7  74  35  46  15  72  57  3  19  26  32  75  5  9  73  68  78  27  14  52  10  30  2  28  37  60  31  43  24  61  8  64  62  16  77  17  20  50  51  6  40
   1  47  32  15  51  78  6  61  63  19  3  46  41  52  4  29  28  31  57  65  37  49  27  14  23  9  16  20  30  50  21  75  34  74  56  77  44  25  72  33  64  5  38  17  35  73  36  60  11  69  59  55  48  62  53  66  10  76  26  18  70  67  68  43  13  2  7  42  58  24  22  45  39  12  54  71  8  40
   1  53  44  41  40  66  22  60  20  33  11  30  10  56  45  15  5  28  62  47  42  14  31  63  21  7  55  71  50  43  67  75  25  61  73  77  52  70  76  78  26  35  38  39  13  57  19  59  46  68  49  69  23  34  64  74  51  17  32  37  65  48  16  58  72  24  8  29  36  12  4  54  18  6  2  27  9  3
   1  59  5  58  25  53  46  28  72  61  44  68  62  24  73  41  49  47  8  77  40  69  42  29  52  66  23  14  36  70  22  34  31  12  76  60  64  63  4  78  20  74  21  54  26  33  51  7  18  35  11  17  55  6  38  30  32  71  2  39  10  37  50  27  13  56  65  43  9  57  45  48  67  3  19  15  16  75
   1  63  36  47  65  20  62  31  71  49  41  4  21  46  22  15  34  55  29  33  19  25  53  66  51  5  28  30  74  6  11  77  76  18  48  39  42  13  56  17  52  3  78  9  57  37  38  50  45  35  69  67  44  12  27  14  64  58  72  68  16  73  54  61  7  60  43  2  10  32  70  23  59  26  8  75  24  40
   1  69  18  59  41  8  44  49  35  31  65  76  33  34  58  39  46  25  77  21  61  55  53  66  3  23  52  24  32  48  17  29  4  36  6  15  12  67  50  11  28  51  54  45  75  43  68  56  9  71  63  13  62  42  27  14  16  22  60  38  64  7  78  19  73  72  37  26  70  74  10  5  47  2  20  57  30  40
   2  4  61  6  72  63  9  8  42  74  36  65  58  11  53  10  71  44  18  76  68  38  54  67  64  60  23  13  27  55  30  12  17  73  1  46  31  20  39  78  59  70  7  40  34  56  51  69  16  66  52  62  21  25  28  15  77  29  37  57  5  32  49  14  50  19  26  75  35  3  47  48  24  33  45  22  43  41
   2  6  3  10  64  7  55  14  4  68  70  11  36  59  65  18  23  8  34  72  56  74  28  15  48  40  5  63  13  69  58  22  71  27  39  12  21  38  37  76  77  60  51  78  66  32  61  19  30  52  24  44  1  9  54  67  35  17  33  73  47  62  57  26  20  75  50  31  29  43  53  16  46  25  49  42  45  41
   2  6  18  54  4  12  36  29  8  24  72  58  16  48  65  37  32  17  51  74  64  34  23  69  49  68  46  59  19  57  13  39  38  35  26  78  76  70  52  77  73  61  25  75  67  43  50  71  55  7  21  63  31  14  42  47  62  28  5  15  45  56  10  30  11  33  20  60  22  66  40  41  44  53  1  3  9  27
   2  7  64  66  73  58  45  39  18  63  23  41  25  48  10  35  4  14  49  53  67  37  11  78  36  47  46  3  50  17  20  70  8  28  19  27  55  74  22  77  72  15  13  6  21  34  40  61  16  56  38  54  31  69  44  75  65  30  26  12  42  68  1  43  32  33  76  29  62  59  9  71  51  60  52  24  5  57
   2  10  43  18  48  51  69  26  6  56  60  59  70  77  11  34  5  14  66  64  32  68  54  67  16  78  47  7  63  19  36  42  23  13  37  22  1  74  33  72  35  40  61  76  52  62  3  75  58  24  46  8  39  55  28  15  29  71  25  27  53  44  73  50  38  31  20  21  17  45  65  30  12  9  57  4  49  41
   2  12  63  22  40  73  37  32  46  50  16  5  48  47  23  42  35  56  4  60  20  26  28  15  78  58  29  57  49  33  64  52  77  45  75  66  69  14  31  70  53  30  27  36  6  38  13  25  72  10  18  68  19  39  54  67  65  59  21  43  17  74  3  62  8  9  44  55  11  7  71  76  34  1  61  24  51  41
   2  12  72  37  64  68  13  78  73  43  21  47  45  33  40  3  18  29  16  17  23  59  38  70  25  71  31  28  10  60  44  27  4  24  65  74  49  57  26  77  67  7  42  15  11  66  1  6  36  58  32  34  46  39  76  61  50  63  62  56  20  41  9  54  8  48  51  69  19  35  52  75  55  14  5  30  22  53
   2  14  19  54  62  39  36  15  26  24  10  70  16  33  73  37  22  75  51  41  50  34  1  7  49  27  31  59  18  47  13  12  5  35  8  56  76  58  11  77  65  60  25  17  40  43  64  53  55  69  9  63  46  6  42  57  4  28  38  29  45  78  72  30  52  48  20  61  32  66  67  74  44  71  23  3  21  68
   2  15  73  34  18  56  25  69  4  30  67  68  36  33  50  59  8  60  55  57  72  66  21  39  16  41  31  35  65  53  42  78  32  3  62  70  51  27  5  77  64  6  45  61  23  54  10  75  49  12  11  43  46  29  20  71  19  24  22  7  13  58  40  63  38  48  44  14  26  37  1  47  76  17  9  28  52  74
   2  16  25  30  24  39  51  44  48  38  6  53  4  65  47  58  17  62  36  52  74  20  54  67  46  18  71  1  21  61  42  72  29  31  73  76  49  50  27  66  11  10  37  34  70  68  33  3  22  60  40  32  57  7  28  15  59  35  13  75  23  56  19  8  26  43  14  45  77  9  5  12  78  63  69  64  55  41
   2  17  26  63  22  29  49  61  5  3  65  39  55  33  4  34  52  47  44  58  19  43  10  6  51  78  31  66  8  68  25  15  9  37  38  7  20  12  23  77  62  53  16  57  50  30  18  74  76  14  40  24  46  75  45  27  32  35  21  60  36  69  73  28  1  48  13  71  11  54  64  70  42  41  72  59  67  56
   2  18  45  34  16  61  19  50  10  32  40  77  60  35  59  66  47  26  52  48  62  56  28  15  30  76  53  51  7  75  70  4  5  63  33  42  39  68  25  64  29  78  3  72  24  44  43  31  36  46  12  14  37  69  54  67  17  23  9  13  65  8  27  20  74  21  38  1  71  49  11  58  22  55  73  6  57  41
   2  22  7  42  78  27  33  62  12  20  30  47  16  53  5  4  29  32  6  40  38  50  54  67  76  36  17  73  57  25  48  24  35  49  31  52  19  26  21  60  65  58  13  70  10  74  63  9  64  18  34  56  75  37  28  15  11  77  1  45  71  68  43  44  14  55  8  69  59  51  23  72  66  39  3  46  61  41
   2  24  27  46  70  49  1  68  52  14  64  71  72  23  17  12  59  74  22  36  26  8  28  15  60  16  77  45  43  39  76  34  11  3  69  18  9  44  19  58  5  48  57  30  42  50  73  37  78  4  6  38  55  21  54  67  47  65  75  61  35  20  51  56  62  33  32  25  53  13  29  40  10  31  7  66  63  41
   2  27  9  3  1  53  44  41  40  66  22  60  20  33  11  30  10  56  45  15  5  28  62  47  42  14  31  63  21  7  55  71  50  43  67  75  25  61  73  77  52  70  76  78  26  35  38  39  13  57  19  59  46  68  49  69  23  34  64  74  51  17  32  37  65  48  16  58  72  24  8  29  36  12  4  54  18  6
   2  29  65  34  19  78  25  7  62  30  40  27  36  48  64  59  26  61  55  47  10  66  9  12  16  74  46  35  73  71  42  56  22  3  4  58  51  68  38  77  50  14  45  60  1  54  72  17  49  39  52  43  31  15  20  53  18  24  32  69  13  70  67  63  5  33  44  6  8  37  23  57  76  75  21  28  11  41
   2  30  9  58  46  37  61  8  16  74  10  65  6  11  53  36  71  44  70  24  68  38  28  15  12  34  23  39  1  3  4  64  17  21  27  72  57  20  13  52  59  18  33  66  60  56  25  43  42  40  78  62  73  51  54  67  77  29  63  31  5  32  75  14  50  45  26  49  35  55  47  22  76  7  19  48  69  41
   2  34  49  66  30  3  75  20  18  62  78  35  40  29  77  52  53  50  24  16  44  32  54  67  58  72  65  61  51  31  60  6  47  7  25  4  37  56  9  48  17  76  43  64  46  8  45  21  70  12  22  26  33  19  28  15  71  5  55  63  11  14  13  38  68  1  74  39  23  57  59  36  42  69  27  10  73  41
   2  36  69  70  22  25  43  26  58  56  34  59  18  77  11  60  5  14  40  12  32  68  28  15  42  52  47  33  37  45  10  16  23  39  63  48  27  74  7  46  35  66  9  24  78  62  55  49  6  76  72  8  13  3  54  67  29  71  51  1  53  44  21  50  38  57  20  73  17  19  65  4  64  61  31  30  75  41
   2  39  10  37  50  27  13  56  65  43  9  57  45  48  67  3  19  15  16  75  1  59  5  58  25  53  46  28  72  61  44  68  62  24  73  41  49  47  8  77  40  69  42  29  52  66  23  14  36  70  22  34  31  12  76  60  64  63  4  78  20  74  21  54  26  33  51  7  18  35  11  17  55  6  38  30  32  71
   2  40  31  78  6  69  57  38  60  44  24  29  52  17  35  76  65  20  72  4  8  62  54  67  10  12  11  55  9  73  66  36  53  25  61  58  7  32  3  42  71  46  19  22  64  14  75  27  34  48  16  50  51  49  28  15  23  47  43  33  59  26  37  74  56  13  68  63  5  21  77  18  30  45  39  70  1  41
   2  41  11  28  21  75  76  57  23  37  8  6  44  33  5  63  67  70  13  69  32  24  18  53  20  15  31  43  52  39  49  17  72  54  1  60  45  14  50  77  38  68  51  58  4  3  22  56  42  71  73  35  46  74  16  12  9  66  10  47  55  61  26  59  64  48  36  27  40  30  62  7  25  78  19  34  65  29
   2  42  51  4  76  13  25  44  22  38  58  53  30  65  47  6  17  62  10  78  74  20  28  15  72  70  71  27  73  9  16  46  29  57  21  24  75  50  1  40  11  36  63  60  18  68  7  55  48  34  66  32  31  33  54  67  59  35  39  49  23  56  45  8  26  69  14  19  77  61  5  64  52  37  43  12  3  41
   2  46  13  12  60  57  39  56  24  26  48  23  64  5  71  22  77  68  42  70  50  14  54  67  40  30  35  49  45  37  72  66  59  43  19  34  55  8  75  36  47  16  73  58  4  20  27  33  76  6  10  74  69  1  28  15  53  11  31  3  29  38  61  32  44  25  62  9  65  63  17  78  18  21  51  52  7  41
   2  47  38  24  11  61  51  53  21  59  4  15  76  48  22  43  23  27  42  39  8  30  73  17  44  7  46  54  5  78  16  60  67  34  9  14  13  29  10  77  32  41  55  68  18  28  26  58  20  75  64  3  31  57  36  56  52  37  40  71  49  6  62  35  72  33  25  74  1  63  19  12  45  70  65  66  50  69
   2  48  33  16  52  1  7  62  64  20  4  47  42  53  5  30  29  32  58  66  38  50  28  15  24  10  17  21  31  51  22  76  35  75  57  78  45  26  73  34  65  6  39  18  36  74  37  61  12  70  60  56  49  63  54  67  11  77  27  19  71  68  69  44  14  3  8  43  59  25  23  46  40  13  55  72  9  41
   2  52  73  24  36  45  21  74  66  8  72  17  76  71  29  46  11  38  12  58  14  44  54  67  70  48  59  43  3  1  78  18  65  61  55  10  25  62  69  30  23  64  49  16  22  26  57  39  40  42  4  20  9  31  28  15  5  53  19  51  77  50  7  68  32  37  56  33  47  27  35  60  6  75  63  34  13  41
   2  53  22  30  5  14  55  75  52  35  19  69  51  48  8  54  9  41  20  56  62  63  50  61  76  39  46  34  32  58  36  6  1  66  11  15  42  7  67  77  26  57  49  74  65  24  4  27  44  60  10  28  31  71  25  70  38  59  23  17  16  29  18  3  40  33  45  47  21  43  73  78  13  68  64  37  72  12
   2  56  67  59  72  41  42  70  64  54  11  71  13  48  1  28  73  69  36  60  21  35  32  27  45  75  46  24  40  14  76  74  18  30  50  57  16  53  62  77  23  12  20  7  38  37  9  15  25  68  8  66  31  78  51  6  10  43  19  58  44  47  52  34  4  33  55  39  65  3  5  61  49  29  22  63  26  17
   2  57  5  24  52  60  51  71  9  59  62  29  76  33  32  43  1  68  42  12  26  30  65  75  44  69  31  54  38  56  16  61  40  34  21  6  13  15  72  77  22  74  55  27  19  28  8  70  20  17  50  3  46  47  36  78  11  37  67  53  49  14  4  35  10  48  25  41  23  63  18  39  45  58  73  66  64  7
   2  58  23  35  67  47  20  27  72  34  38  75  42  33  9  24  64  39  25  14  11  3  8  74  13  61  31  30  1  29  51  57  73  63  10  53  36  17  19  77  21  56  44  12  32  59  52  7  45  41  4  37  46  70  55  15  40  54  65  68  76  71  5  66  18  48  49  78  50  28  22  6  16  69  26  43  62  60
   2  58  55  36  12  33  3  14  30  68  18  11  10  59  65  70  23  8  60  46  56  74  54  67  22  66  5  37  39  43  6  48  71  1  13  64  73  38  63  24  77  34  25  52  40  32  9  45  4  78  76  44  27  61  28  15  35  17  7  21  47  62  31  26  20  49  50  57  29  69  53  42  72  51  75  16  19  41
   2  60  62  43  26  69  16  6  22  28  50  78  49  48  18  66  5  71  76  68  65  54  40  15  55  70  46  37  4  41  45  7  52  59  32  12  44  56  21  77  19  17  36  53  10  63  73  57  51  29  1  30  31  61  13  74  8  3  11  14  25  39  64  24  9  33  42  75  38  34  72  27  20  47  67  35  23  58
   2  60  75  40  4  55  49  20  70  62  52  35  66  29  77  78  53  50  76  42  44  32  28  15  6  46  65  9  25  57  34  58  47  33  51  30  63  56  61  22  17  24  69  12  72  8  19  73  18  64  48  26  7  45  54  67  71  5  3  37  11  14  39  38  68  27  74  13  23  31  59  10  16  43  1  36  21  41
   2  61  4  43  8  7  16  14  32  28  64  56  49  33  19  66  38  53  76  27  73  54  67  29  55  58  31  37  62  74  45  69  11  59  22  39  44  78  9  77  18  75  36  71  72  63  65  47  51  15  23  30  46  60  13  41  26  3  52  6  25  12  50  24  21  48  42  17  5  34  10  68  20  57  40  35  1  70
   2  64  37  48  66  21  63  32  72  50  42  5  22  47  23  16  35  56  30  34  20  26  54  67  52  6  29  31  75  7  12  78  77  19  49  40  43  14  57  18  53  4  1  10  58  38  39  51  46  36  70  68  45  13  28  15  65  59  73  69  17  74  55  62  8  61  44  3  11  33  71  24  60  27  9  76  25  41
   2  66  57  52  58  43  31  38  34  44  76  29  78  17  35  24  65  20  46  30  8  62  28  15  36  64  11  3  61  21  40  10  53  51  9  6  33  32  55  16  71  72  45  48  12  14  49  1  60  22  42  50  25  75  54  67  23  47  69  7  59  26  63  74  56  39  68  37  5  73  77  70  4  19  13  18  27  41
   2  68  21  3  23  71  44  74  67  66  32  61  20  48  52  30  72  78  45  29  38  28  4  57  42  6  46  63  9  69  55  53  64  43  40  17  25  60  65  77  11  58  76  56  8  35  5  12  13  47  18  59  31  27  49  7  1  34  50  41  51  75  22  37  73  33  16  70  10  24  26  15  36  39  62  54  19  14
   2  69  50  66  65  70  45  12  19  63  1  74  25  33  72  35  62  6  49  71  40  37  52  56  36  57  31  3  64  75  20  58  26  28  18  68  55  41  32  77  10  29  13  14  9  34  67  60  16  78  5  54  46  7  44  17  73  30  8  39  42  27  23  43  22  48  76  15  4  59  21  53  51  61  11  24  38  47
   2  70  1  35  40  57  20  68  10  34  5  17  42  48  21  24  50  12  25  6  52  3  26  41  13  60  46  30  23  15  51  47  65  63  72  71  36  75  18  77  9  78  44  39  22  59  11  69  45  74  62  37  31  58  55  29  67  54  73  27  76  53  38  66  19  33  49  56  64  28  32  14  16  7  8  43  4  61
   2  70  19  60  42  9  45  50  36  32  66  77  34  35  59  40  47  26  78  22  62  56  54  67  4  24  53  25  33  49  18  30  5  37  7  16  13  68  51  12  29  52  55  46  76  44  69  57  10  72  64  14  63  43  28  15  17  23  61  39  65  8  1  20  74  73  38  27  71  75  11  6  48  3  21  58  31  41
   2  71  32  30  38  6  55  17  11  35  18  7  51  33  26  54  21  74  20  78  4  63  64  60  76  12  31  34  22  70  36  14  23  66  52  29  42  69  40  77  8  47  49  41  73  24  62  68  44  61  72  28  46  53  25  58  5  59  1  75  16  15  19  3  67  48  45  57  9  43  65  56  13  27  50  37  10  39
   2  72  39  64  34  31  13  56  76  26  22  23  12  5  71  48  77  68  16  18  50  14  28  15  66  4  35  75  19  63  46  40  59  69  45  60  3  8  49  10  47  42  21  6  30  20  1  7  24  58  36  74  43  27  54  67  53  11  57  55  29  38  9  32  44  51  62  61  65  37  17  52  70  73  25  78  33  41
   2  74  52  28  9  17  76  47  1  37  26  14  44  48  38  63  40  58  13  7  22  24  19  71  20  29  46  43  11  12  49  75  10  54  23  61  45  6  64  77  5  27  51  70  62  3  32  78  42  53  65  35  31  41  16  39  21  66  72  57  55  60  8  59  50  33  36  68  67  30  4  69  25  56  18  34  73  15
   2  76  1  72  18  75  27  68  78  14  12  71  46  23  17  64  59  74  48  10  26  8  54  67  34  42  77  19  69  13  24  60  11  55  43  70  61  44  45  6  5  22  31  4  16  50  21  63  52  30  58  38  3  73  28  15  47  65  49  9  35  20  25  56  62  7  32  51  53  39  29  66  36  57  33  40  37  41
   3  4  58  51  68  38  77  50  14  45  60  1  54  72  17  49  39  52  43  31  15  20  53  18  24  32  69  13  70  67  63  5  33  44  6  8  37  23  57  76  75  21  28  11  41  2  29  65  34  19  78  25  7  62  30  40  27  36  48  64  59  26  61  55  47  10  66  9  12  16  74  46  35  73  71  42  56  22
   3  5  61  49  29  22  63  26  17  2  56  67  59  72  41  42  70  64  54  11  71  13  48  1  28  73  69  36  60  21  35  32  27  45  75  46  24  40  14  76  74  18  30  50  57  16  53  62  77  23  12  20  7  38  37  9  15  25  68  8  66  31  78  51  6  10  43  19  58  44  47  52  34  4  33  55  39  65
   3  5  62  7  73  64  10  9  43  75  37  66  59  12  54  11  72  45  19  77  69  39  55  68  65  61  24  14  28  56  31  13  18  74  2  47  32  21  40  1  60  71  8  41  35  57  52  70  17  67  53  63  22  26  29  16  78  30  38  58  6  33  50  15  51  20  27  76  36  4  48  49  25  34  46  23  44  42
   3  7  4  11  65  8  56  15  5  69  71  12  37  60  66  19  24  9  35  73  57  75  29  16  49  41  6  64  14  70  59  23  72  28  40  13  22  39  38  77  78  61  52  1  67  33  62  20  31  53  25  45  2  10  55  68  36  18  34  74  48  63  58  27  21  76  51  32  30  44  54  17  47  26  50  43  46  42
   3  8  74  13  61  31  30  1  29  51  57  73  63  10  53  36  17  19  77  21  56  44  12  32  59  52  7  45  41  4  37  46  70  55  15  40  54  65  68  76  71  5  66  18  48  49  78  50  28  22  6  16  69  26  43  62  60  2  58  23  35  67  47  20  27  72  34  38  75  42  33  9  24  64  39  25  14  11
   3  11  14  25  39  64  24  9  33  42  75  38  34  72  27  20  47  67  35  23  58  2  60  62  43  26  69  16  6  22  28  50  78  49  48  18  66  5  71  76  68  65  54  40  15  55  70  46  37  4  41  45  7  52  59  32  12  44  56  21  77  19  17  36  53  10  63  73  57  51  29  1  30  31  61  13  74  8
   3  11  44  19  49  52  70  27  7  57  61  60  71  78  12  35  6  15  67  65  33  69  55  68  17  1  48  8  64  20  37  43  24  14  38  23  2  75  34  73  36  41  62  77  53  63  4  76  59  25  47  9  40  56  29  16  30  72  26  28  54  45  74  51  39  32  21  22  18  46  66  31  13  10  58  5  50  42
   3  13  64  23  41  74  38  33  47  51  17  6  49  48  24  43  36  57  5  61  21  27  29  16  1  59  30  58  50  34  65  53  78  46  76  67  70  15  32  71  54  31  28  37  7  39  14  26  73  11  19  69  20  40  55  68  66  60  22  44  18  75  4  63  9  10  45  56  12  8  72  77  35  2  62  25  52  42
   3  17  26  31  25  40  52  45  49  39  7  54  5  66  48  59  18  63  37  53  75  21  55  68  47  19  72  2  22  62  43  73  30  32  74  77  50  51  28  67  12  11  38  35  71  69  34  4  23  61  41  33  58  8  29  16  60  36  14  76  24  57  20  9  27  44  15  46  78  10  6  13  1  64  70  65  56  42
   3  18  29  16  17  23  59  38  70  25  71  31  28  10  60  44  27  4  24  65  74  49  57  26  77  67  7  42  15  11  66  1  6  36  58  32  34  46  39  76  61  50  63  62  56  20  41  9  54  8  48  51  69  19  35  52  75  55  14  5  30  22  53  2  12  72  37  64  68  13  78  73  43  21  47  45  33  40
   3  19  15  16  75  1  59  5  58  25  53  46  28  72  61  44  68  62  24  73  41  49  47  8  77  40  69  42  29  52  66  23  14  36  70  22  34  31  12  76  60  64  63  4  78  20  74  21  54  26  33  51  7  18  35  11  17  55  6  38  30  32  71  2  39  10  37  50  27  13  56  65  43  9  57  45  48  67
   3  19  46  35  17  62  20  51  11  33  41  78  61  36  60  67  48  27  53  49  63  57  29  16  31  77  54  52  8  76  71  5  6  64  34  43  40  69  26  65  30  1  4  73  25  45  44  32  37  47  13  15  38  70  55  68  18  24  10  14  66  9  28  21  75  22  39  2  72  50  12  59  23  56  74  7  58  42
   3  21  68  2  14  19  54  62  39  36  15  26  24  10  70  16  33  73  37  22  75  51  41  50  34  1  7  49  27  31  59  18  47  13  12  5  35  8  56  76  58  11  77  65  60  25  17  40  43  64  53  55  69  9  63  46  6  42  57  4  28  38  29  45  78  72  30  52  48  20  61  32  66  67  74  44  71  23
   3  22  56  42  71  73  35  46  74  16  12  9  66  10  47  55  61  26  59  64  48  36  27  40  30  62  7  25  78  19  34  65  29  2  41  11  28  21  75  76  57  23  37  8  6  44  33  5  63  67  70  13  69  32  24  18  53  20  15  31  43  52  39  49  17  72  54  1  60  45  14  50  77  38  68  51  58  4
   3  23  8  43  1  28  34  63  13  21  31  48  17  54  6  5  30  33  7  41  39  51  55  68  77  37  18  74  58  26  49  25  36  50  32  53  20  27  22  61  66  59  14  71  11  75  64  10  65  19  35  57  76  38  29  16  12  78  2  46  72  69  44  45  15  56  9  70  60  52  24  73  67  40  4  47  62  42
   3  23  71  44  74  67  66  32  61  20  48  52  30  72  78  45  29  38  28  4  57  42  6  46  63  9  69  55  53  64  43  40  17  25  60  65  77  11  58  76  56  8  35  5  12  13  47  18  59  31  27  49  7  1  34  50  41  51  75  22  37  73  33  16  70  10  24  26  15  36  39  62  54  19  14  2  68  21
   3  25  28  47  71  50  2  69  53  15  65  72  73  24  18  13  60  75  23  37  27  9  29  16  61  17  78  46  44  40  77  35  12  4  70  19  10  45  20  59  6  49  58  31  43  51  74  38  1  5  7  39  56  22  55  68  48  66  76  62  36  21  52  57  63  34  33  26  54  14  30  41  11  32  8  67  64  42
   3  26  41  13  60  46  30  23  15  51  47  65  63  72  71  36  75  18  77  9  78  44  39  22  59  11  69  45  74  62  37  31  58  55  29  67  54  73  27  76  53  38  66  19  33  49  56  64  28  32  14  16  7  8  43  4  61  2  70  1  35  40  57  20  68  10  34  5  17  42  48  21  24  50  12  25  6  52
   3  31  10  59  47  38  62  9  17  75  11  66  7  12  54  37  72  45  71  25  69  39  29  16  13  35  24  40  2  4  5  65  18  22  28  73  58  21  14  53  60  19  34  67  61  57  26  44  43  41  1  63  74  52  55  68  78  30  64  32  6  33  76  15  51  46  27  50  36  56  48  23  77  8  20  49  70  42
   3  31  57  36  56  52  37  40  71  49  6  62  35  72  33  25  74  1  63  19  12  45  70  65  66  50  69  2  47  38  24  11  61  51  53  21  59  4  15  76  48  22  43  23  27  42  39  8  30  73  17  44  7  46  54  5  78  16  60  67  34  9  14  13  29  10  77  32  41  55  68  18  28  26  58  20  75  64
   3  32  78  42  53  65  35  31  41  16  39  21  66  72  57  55  60  8  59  50  33  36  68  67  30  4  69  25  56  18  34  73  15  2  74  52  28  9  17  76  47  1  37  26  14  44  48  38  63  40  58  13  7  22  24  19  71  20  29  46  43  11  12  49  75  10  54  23  61  45  6  64  77  5  27  51  70  62
   3  34  11  48  32  24  25  21  35  9  16  66  75  57  18  28  44  74  72  69  77  71  47  65  5  22  27  42  61  29  51  62  50  23  1  40  43  7  67  39  30  13  12  52  56  41  31  6  38  59  54  78  26  64  10  33  58  45  14  49  15  60  73  20  53  55  36  70  63  19  8  37  4  46  17  76  2  68
   3  35  50  67  31  4  76  21  19  63  1  36  41  30  78  53  54  51  25  17  45  33  55  68  59  73  66  62  52  32  61  7  48  8  26  5  38  57  10  49  18  77  44  65  47  9  46  22  71  13  23  27  34  20  29  16  72  6  56  64  12  15  14  39  69  2  75  40  24  58  60  37  43  70  28  11  74  42
   3  37  70  71  23  26  44  27  59  57  35  60  19  78  12  61  6  15  41  13  33  69  29  16  43  53  48  34  38  46  11  17  24  40  64  49  28  75  8  47  36  67  10  25  1  63  56  50  7  77  73  9  14  4  55  68  30  72  52  2  54  45  22  51  39  58  21  74  18  20  66  5  65  62  32  31  76  42
   3  38  60  49  15  32  63  8  75  2  78  40  59  10  74  42  58  50  54  52  53  13  33  23  28  65  7  36  61  9  35  22  68  45  17  31  24  67  6  76  41  19  30  64  47  16  71  4  77  1  39  20  69  5  37  21  29  25  27  26  66  46  56  51  14  72  43  18  70  44  57  11  34  62  48  55  12  73
   3  40  33  45  47  21  43  73  78  13  68  64  37  72  12  2  53  22  30  5  14  55  75  52  35  19  69  51  48  8  54  9  41  20  56  62  63  50  61  76  39  46  34  32  58  36  6  1  66  11  15  42  7  67  77  26  57  49  74  65  24  4  27  44  60  10  28  31  71  25  70  38  59  23  17  16  29  18
   3  41  32  1  7  70  58  39  61  45  25  30  53  18  36  77  66  21  73  5  9  63  55  68  11  13  12  56  10  74  67  37  54  26  62  59  8  33  4  43  72  47  20  23  65  15  76  28  35  49  17  51  52  50  29  16  24  48  44  34  60  27  38  75  57  14  69  64  6  22  78  19  31  46  40  71  2  42
   3  43  52  5  77  14  26  45  23  39  59  54  31  66  48  7  18  63  11  1  75  21  29  16  73  71  72  28  74  10  17  47  30  58  22  25  76  51  2  41  12  37  64  61  19  69  8  56  49  35  67  33  32  34  55  68  60  36  40  50  24  57  46  9  27  70  15  20  78  62  6  65  53  38  44  13  4  42
   3  46  47  36  78  11  37  67  53  49  14  4  35  10  48  25  41  23  63  18  39  45  58  73  66  64  7  2  57  5  24  52  60  51  71  9  59  62  29  76  33  32  43  1  68  42  12  26  30  65  75  44  69  31  54  38  56  16  61  40  34  21  6  13  15  72  77  22  74  55  27  19  28  8  70  20  17  50
   3  47  14  13  61  58  40  57  25  27  49  24  65  6  72  23  78  69  43  71  51  15  55  68  41  31  36  50  46  38  73  67  60  44  20  35  56  9  76  37  48  17  74  59  5  21  28  34  77  7  11  75  70  2  29  16  54  12  32  4  30  39  62  33  45  26  63  10  66  64  18  1  19  22  52  53  8  42
   3  49  34  17  53  2  8  63  65  21  5  48  43  54  6  31  30  33  59  67  39  51  29  16  25  11  18  22  32  52  23  77  36  76  58  1  46  27  74  35  66  7  40  19  37  75  38  62  13  71  61  57  50  64  55  68  12  78  28  20  72  69  70  45  15  4  9  44  60  26  24  47  41  14  56  73  10  42
   3  50  17  20  70  8  28  19  27  55  74  22  77  72  15  13  6  21  34  40  61  16  56  38  54  31  69  44  75  65  30  26  12  42  68  1  43  32  33  76  29  62  59  9  71  51  60  52  24  5  57  2  7  64  66  73  58  45  39  18  63  23  41  25  48  10  35  4  14  49  53  67  37  11  78  36  47  46
   3  52  6  25  12  50  24  21  48  42  17  5  34  10  68  20  57  40  35  1  70  2  61  4  43  8  7  16  14  32  28  64  56  49  33  19  66  38  53  76  27  73  54  67  29  55  58  31  37  62  74  45  69  11  59  22  39  44  78  9  77  18  75  36  71  72  63  65  47  51  15  23  30  46  60  13  41  26
   3  53  74  25  37  46  22  75  67  9  73  18  77  72  30  47  12  39  13  59  15  45  55  68  71  49  60  44  4  2  1  19  66  62  56  11  26  63  70  31  24  65  50  17  23  27  58  40  41  43  5  21  10  32  29  16  6  54  20  52  78  51  8  69  33  38  57  34  48  28  36  61  7  76  64  35  14  42
   3  59  56  37  13  34  4  15  31  69  19  12  11  60  66  71  24  9  61  47  57  75  55  68  23  67  6  38  40  44  7  49  72  2  14  65  74  39  64  25  78  35  26  53  41  33  10  46  5  1  77  45  28  62  29  16  36  18  8  22  48  63  32  27  21  50  51  58  30  70  54  43  73  52  76  17  20  42
   3  61  76  41  5  56  50  21  71  63  53  36  67  30  78  1  54  51  77  43  45  33  29  16  7  47  66  10  26  58  35  59  48  34  52  31  64  57  62  23  18  25  70  13  73  9  20  74  19  65  49  27  8  46  55  68  72  6  4  38  12  15  40  39  69  28  75  14  24  32  60  11  17  44  2  37  22  42
   3  64  75  20  58  26  28  18  68  55  41  32  77  10  29  13  14  9  34  67  60  16  78  5  54  46  7  44  17  73  30  8  39  42  27  23  43  22  48  76  15  4  59  21  53  51  61  11  24  38  47  2  69  50  66  65  70  45  12  19  63  1  74  25  33  72  35  62  6  49  71  40  37  52  56  36  57  31
   3  65  38  49  67  22  64  33  73  51  43  6  23  48  24  17  36  57  31  35  21  27  55  68  53  7  30  32  76  8  13  1  78  20  50  41  44  15  58  19  54  5  2  11  59  39  40  52  47  37  71  69  46  14  29  16  66  60  74  70  18  75  56  63  9  62  45  4  12  34  72  25  61  28  10  77  26  42
   3  65  39  55  33  4  34  52  47  44  58  19  43  10  6  51  78  31  66  8  68  25  15  9  37  38  7  20  12  23  77  62  53  16  57  50  30  18  74  76  14  40  24  46  75  45  27  32  35  21  60  36  69  73  28  1  48  13  71  11  54  64  70  42  41  72  59  67  56  2  17  26  63  22  29  49  61  5
   3  67  48  45  57  9  43  65  56  13  27  50  37  10  39  2  71  32  30  38  6  55  17  11  35  18  7  51  33  26  54  21  74  20  78  4  63  64  60  76  12  31  34  22  70  36  14  23  66  52  29  42  69  40  77  8  47  49  41  73  24  62  68  44  61  72  28  46  53  25  58  5  59  1  75  16  15  19
   3  67  58  53  59  44  32  39  35  45  77  30  1  18  36  25  66  21  47  31  9  63  29  16  37  65  12  4  62  22  41  11  54  52  10  7  34  33  56  17  72  73  46  49  13  15  50  2  61  23  43  51  26  76  55  68  24  48  70  8  60  27  64  75  57  40  69  38  6  74  78  71  5  20  14  19  28  42
   3  71  20  61  43  10  46  51  37  33  67  78  35  36  60  41  48  27  1  23  63  57  55  68  5  25  54  26  34  50  19  31  6  38  8  17  14  69  52  13  30  53  56  47  77  45  70  58  11  73  65  15  64  44  29  16  18  24  62  40  66  9  2  21  75  74  39  28  72  76  12  7  49  4  22  59  32  42
   3  73  12  55  48  62  34  11  57  44  70  18  43  72  14  51  56  46  66  26  27  25  29  21  37  5  69  20  39  1  77  4  71  16  47  64  30  19  41  76  6  67  24  31  17  45  68  22  35  9  61  36  7  65  28  23  33  13  53  52  54  50  58  42  74  10  59  40  78  2  75  8  63  32  15  49  60  38
   3  77  2  73  19  76  28  69  1  15  13  72  47  24  18  65  60  75  49  11  27  9  55  68  35  43  78  20  70  14  25  61  12  56  44  71  62  45  46  7  6  23  32  5  17  51  22  64  53  31  59  39  4  74  29  16  48  66  50  10  36  21  26  57  63  8  33  52  54  40  30  67  37  58  34  41  38  42
   4  2  23  78  12  21  75  76  42  10  48  19  26  73  31  74  13  40  66  8  16  46  30  17  20  24  61  71  57  29  54  72  67  11  5  38  53  64  45  6  25  14  77  44  50  28  33  15  68  18  32  22  63  59  56  69  7  55  47  27  1  52  35  70  34  65  58  9  49  3  37  36  60  51  39  62  41  43
   4  3  22  56  42  71  73  35  46  74  16  12  9  66  10  47  55  61  26  59  64  48  36  27  40  30  62  7  25  78  19  34  65  29  2  41  11  28  21  75  76  57  23  37  8  6  44  33  5  63  67  70  13  69  32  24  18  53  20  15  31  43  52  39  49  17  72  54  1  60  45  14  50  77  38  68  51  58
   4  6  63  8  74  65  11  10  44  76  38  67  60  13  55  12  73  46  20  78  70  40  56  69  66  62  25  15  29  57  32  14  19  75  3  48  33  22  41  2  61  72  9  42  36  58  53  71  18  68  54  64  23  27  30  17  1  31  39  59  7  34  51  16  52  21  28  77  37  5  49  50  26  35  47  24  45  43
   4  8  5  12  66  9  57  16  6  70  72  13  38  61  67  20  25  10  36  74  58  76  30  17  50  42  7  65  15  71  60  24  73  29  41  14  23  40  39  78  1  62  53  2  68  34  63  21  32  54  26  46  3  11  56  69  37  19  35  75  49  64  59  28  22  77  52  33  31  45  55  18  48  27  51  44  47  43
   4  12  36  29  8  24  72  58  16  48  65  37  32  17  51  74  64  34  23  69  49  68  46  59  19  57  13  39  38  35  26  78  76  70  52  77  73  61  25  75  67  43  50  71  55  7  21  63  31  14  42  47  62  28  5  15  45  56  10  30  11  33  20  60  22  66  40  41  44  53  1  3  9  27  2  6  18  54
   4  12  45  20  50  53  71  28  8  58  62  61  72  1  13  36  7  16  68  66  34  70  56  69  18  2  49  9  65  21  38  44  25  15  39  24  3  76  35  74  37  42  63  78  54  64  5  77  60  26  48  10  41  57  30  17  31  73  27  29  55  46  75  52  40  33  22  23  19  47  67  32  14  11  59  6  51  43
   4  14  49  53  67  37  11  78  36  47  46  3  50  17  20  70  8  28  19  27  55  74  22  77  72  15  13  6  21  34  40  61  16  56  38  54  31  69  44  75  65  30  26  12  42  68  1  43  32  33  76  29  62  59  9  71  51  60  52  24  5  57  2  7  64  66  73  58  45  39  18  63  23  41  25  48  10  35
   4  14  65  24  42  75  39  34  48  52  18  7  50  49  25  44  37  58  6  62  22  28  30  17  2  60  31  59  51  35  66  54  1  47  77  68  71  16  33  72  55  32  29  38  8  40  15  27  74  12  20  70  21  41  56  69  67  61  23  45  19  76  5  64  10  11  46  57  13  9  73  78  36  3  63  26  53  43
   4  15  76  48  22  43  23  27  42  39  8  30  73  17  44  7  46  54  5  78  16  60  67  34  9  14  13  29  10  77  32  41  55  68  18  28  26  58  20  75  64  3  31  57  36  56  52  37  40  71  49  6  62  35  72  33  25  74  1  63  19  12  45  70  65  66  50  69  2  47  38  24  11  61  51  53  21  59
   4  18  27  32  26  41  53  46  50  40  8  55  6  67  49  60  19  64  38  54  76  22  56  69  48  20  73  3  23  63  44  74  31  33  75  78  51  52  29  68  13  12  39  36  72  70  35  5  24  62  42  34  59  9  30  17  61  37  15  77  25  58  21  10  28  45  16  47  1  11  7  14  2  65  71  66  57  43
   4  20  47  36  18  63  21  52  12  34  42  1  62  37  61  68  49  28  54  50  64  58  30  17  32  78  55  53  9  77  72  6  7  65  35  44  41  70  27  66  31  2  5  74  26  46  45  33  38  48  14  16  39  71  56  69  19  25  11  15  67  10  29  22  76  23  40  3  73  51  13  60  24  57  75  8  59  43
   4  24  9  44  2  29  35  64  14  22  32  49  18  55  7  6  31  34  8  42  40  52  56  69  78  38  19  75  59  27  50  26  37  51  33  54  21  28  23  62  67  60  15  72  12  76  65  11  66  20  36  58  77  39  30  17  13  1  3  47  73  70  45  46  16  57  10  71  61  53  25  74  68  41  5  48  63  43
   4  24  65  74  49  57  26  77  67  7  42  15  11  66  1  6  36  58  32  34  46  39  76  61  50  63  62  56  20  41  9  54  8  48  51  69  19  35  52  75  55  14  5  30  22  53  2  12  72  37  64  68  13  78  73  43  21  47  45  33  40  3  18  29  16  17  23  59  38  70  25  71  31  28  10  60  44  27
   4  26  29  48  72  51  3  70  54  16  66  73  74  25  19  14  61  76  24  38  28  10  30  17  62  18  1  47  45  41  78  36  13  5  71  20  11  46  21  60  7  50  59  32  44  52  75  39  2  6  8  40  57  23  56  69  49  67  77  63  37  22  53  58  64  35  34  27  55  15  31  42  12  33  9  68  65  43
   4  27  44  60  10  28  31  71  25  70  38  59  23  17  16  29  18  3  40  33  45  47  21  43  73  78  13  68  64  37  72  12  2  53  22  30  5  14  55  75  52  35  19  69  51  48  8  54  9  41  20  56  62  63  50  61  76  39  46  34  32  58  36  6  1  66  11  15  42  7  67  77  26  57  49  74  65  24
   4  28  38  29  45  78  72  30  52  48  20  61  32  66  67  74  44  71  23  3  21  68  2  14  19  54  62  39  36  15  26  24  10  70  16  33  73  37  22  75  51  41  50  34  1  7  49  27  31  59  18  47  13  12  5  35  8  56  76  58  11  77  65  60  25  17  40  43  64  53  55  69  9  63  46  6  42  57
   4  30  67  68  36  33  50  59  8  60  55  57  72  66  21  39  16  41  31  35  65  53  42  78  32  3  62  70  51  27  5  77  64  6  45  61  23  54  10  75  49  12  11  43  46  29  20  71  19  24  22  7  13  58  40  63  38  48  44  14  26  37  1  47  76  17  9  28  52  74  2  15  73  34  18  56  25  69
   4  32  11  60  48  39  63  10  18  76  12  67  8  13  55  38  73  46  72  26  70  40  30  17  14  36  25  41  3  5  6  66  19  23  29  74  59  22  15  54  61  20  35  68  62  58  27  45  44  42  2  64  75  53  56  69  1  31  65  33  7  34  77  16  52  47  28  51  37  57  49  24  78  9  21  50  71  43
   4  33  55  39  65  3  5  61  49  29  22  63  26  17  2  56  67  59  72  41  42  70  64  54  11  71  13  48  1  28  73  69  36  60  21  35  32  27  45  75  46  24  40  14  76  74  18  30  50  57  16  53  62  77  23  12  20  7  38  37  9  15  25  68  8  66  31  78  51  6  10  43  19  58  44  47  52  34
   4  34  52  47  44  58  19  43  10  6  51  78  31  66  8  68  25  15  9  37  38  7  20  12  23  77  62  53  16  57  50  30  18  74  76  14  40  24  46  75  45  27  32  35  21  60  36  69  73  28  1  48  13  71  11  54  64  70  42  41  72  59  67  56  2  17  26  63  22  29  49  61  5  3  65  39  55  33
   4  35  10  48  25  41  23  63  18  39  45  58  73  66  64  7  2  57  5  24  52  60  51  71  9  59  62  29  76  33  32  43  1  68  42  12  26  30  65  75  44  69  31  54  38  56  16  61  40  34  21  6  13  15  72  77  22  74  55  27  19  28  8  70  20  17  50  3  46  47  36  78  11  37  67  53  49  14
   4  36  51  68  32  5  77  22  20  64  2  37  42  31  1  54  55  52  26  18  46  34  56  69  60  74  67  63  53  33  62  8  49  9  27  6  39  58  11  50  19  78  45  66  48  10  47  23  72  14  24  28  35  21  30  17  73  7  57  65  13  16  15  40  70  3  76  41  25  59  61  38  44  71  29  12  75  43
   4  37  46  70  55  15  40  54  65  68  76  71  5  66  18  48  49  78  50  28  22  6  16  69  26  43  62  60  2  58  23  35  67  47  20  27  72  34  38  75  42  33  9  24  64  39  25  14  11  3  8  74  13  61  31  30  1  29  51  57  73  63  10  53  36  17  19  77  21  56  44  12  32  59  52  7  45  41
   4  38  71  72  24  27  45  28  60  58  36  61  20  1  13  62  7  16  42  14  34  70  30  17  44  54  49  35  39  47  12  18  25  41  65  50  29  76  9  48  37  68  11  26  2  64  57  51  8  78  74  10  15  5  56  69  31  73  53  3  55  46  23  52  40  59  22  75  19  21  67  6  66  63  33  32  77  43
   4  41  45  7  52  59  32  12  44  56  21  77  19  17  36  53  10  63  73  57  51  29  1  30  31  61  13  74  8  3  11  14  25  39  64  24  9  33  42  75  38  34  72  27  20  47  67  35  23  58  2  60  62  43  26  69  16  6  22  28  50  78  49  48  18  66  5  71  76  68  65  54  40  15  55  70  46  37
   4  42  33  2  8  71  59  40  62  46  26  31  54  19  37  78  67  22  74  6  10  64  56  69  12  14  13  57  11  75  68  38  55  27  63  60  9  34  5  44  73  48  21  24  66  16  77  29  36  50  18  52  53  51  30  17  25  49  45  35  61  28  39  76  58  15  70  65  7  23  1  20  32  47  41  72  3  43
   4  44  53  6  78  15  27  46  24  40  60  55  32  67  49  8  19  64  12  2  76  22  30  17  74  72  73  29  75  11  18  48  31  59  23  26  77  52  3  42  13  38  65  62  20  70  9  57  50  36  68  34  33  35  56  69  61  37  41  51  25  58  47  10  28  71  16  21  1  63  7  66  54  39  45  14  5  43
   4  48  15  14  62  59  41  58  26  28  50  25  66  7  73  24  1  70  44  72  52  16  56  69  42  32  37  51  47  39  74  68  61  45  21  36  57  10  77  38  49  18  75  60  6  22  29  35  78  8  12  76  71  3  30  17  55  13  33  5  31  40  63  34  46  27  64  11  67  65  19  2  20  23  53  54  9  43
   4  50  35  18  54  3  9  64  66  22  6  49  44  55  7  32  31  34  60  68  40  52  30  17  26  12  19  23  33  53  24  78  37  77  59  2  47  28  75  36  67  8  41  20  38  76  39  63  14  72  62  58  51  65  56  69  13  1  29  21  73  70  71  46  16  5  10  45  61  27  25  48  42  15  57  74  11  43
   4  54  18  6  2  27  9  3  1  53  44  41  40  66  22  60  20  33  11  30  10  56  45  15  5  28  62  47  42  14  31  63  21  7  55  71  50  43  67  75  25  61  73  77  52  70  76  78  26  35  38  39  13  57  19  59  46  68  49  69  23  34  64  74  51  17  32  37  65  48  16  58  72  24  8  29  36  12
   4  54  75  26  38  47  23  76  68  10  74  19  78  73  31  48  13  40  14  60  16  46  56  69  72  50  61  45  5  3  2  20  67  63  57  12  27  64  71  32  25  66  51  18  24  28  59  41  42  44  6  22  11  33  30  17  7  55  21  53  1  52  9  70  34  39  58  35  49  29  37  62  8  77  65  36  15  43
   4  57  42  6  46  63  9  69  55  53  64  43  40  17  25  60  65  77  11  58  76  56  8  35  5  12  13  47  18  59  31  27  49  7  1  34  50  41  51  75  22  37  73  33  16  70  10  24  26  15  36  39  62  54  19  14  2  68  21  3  23  71  44  74  67  66  32  61  20  48  52  30  72  78  45  29  38  28
   4  59  21  53  51  61  11  24  38  47  2  69  50  66  65  70  45  12  19  63  1  74  25  33  72  35  62  6  49  71  40  37  52  56  36  57  31  3  64  75  20  58  26  28  18  68  55  41  32  77  10  29  13  14  9  34  67  60  16  78  5  54  46  7  44  17  73  30  8  39  42  27  23  43  22  48  76  15
   4  60  57  38  14  35  5  16  32  70  20  13  12  61  67  72  25  10  62  48  58  76  56  69  24  68  7  39  41  45  8  50  73  3  15  66  75  40  65  26  1  36  27  54  42  34  11  47  6  2  78  46  29  63  30  17  37  19  9  23  49  64  33  28  22  51  52  59  31  71  55  44  74  53  77  18  21  43
   4  61  2  70  1  35  40  57  20  68  10  34  5  17  42  48  21  24  50  12  25  6  52  3  26  41  13  60  46  30  23  15  51  47  65  63  72  71  36  75  18  77  9  78  44  39  22  59  11  69  45  74  62  37  31  58  55  29  67  54  73  27  76  53  38  66  19  33  49  56  64  28  32  14  16  7  8  43
   4  62  77  42  6  57  51  22  72  64  54  37  68  31  1  2  55  52  78  44  46  34  30  17  8  48  67  11  27  59  36  60  49  35  53  32  65  58  63  24  19  26  71  14  74  10  21  75  20  66  50  28  9  47  56  69  73  7  5  39  13  16  41  40  70  29  76  15  25  33  61  12  18  45  3  38  23  43
   4  68  59  54  60  45  33  40  36  46  78  31  2  19  37  26  67  22  48  32  10  64  30  17  38  66  13  5  63  23  42  12  55  53  11  8  35  34  57  18  73  74  47  50  14  16  51  3  62  24  44  52  27  77  56  69  25  49  71  9  61  28  65  76  58  41  70  39  7  75  1  72  6  21  15  20  29  43
   4  69  25  56  18  34  73  15  2  74  52  28  9  17  76  47  1  37  26  14  44  48  38  63  40  58  13  7  22  24  19  71  20  29  46  43  11  12  49  75  10  54  23  61  45  6  64  77  5  27  51  70  62  3  32  78  42  53  65  35  31  41  16  39  21  66  72  57  55  60  8  59  50  33  36  68  67  30
   4  72  21  62  44  11  47  52  38  34  68  1  36  37  61  42  49  28  2  24  64  58  56  69  6  26  55  27  35  51  20  32  7  39  9  18  15  70  53  14  31  54  57  48  78  46  71  59  12  74  66  16  65  45  30  17  19  25  63  41  67  10  3  22  76  75  40  29  73  77  13  8  50  5  23  60  33  43
   4  74  41  66  36  33  15  58  78  28  24  25  14  7  73  50  1  70  18  20  52  16  30  17  68  6  37  77  21  65  48  42  61  71  47  62  5  10  51  12  49  44  23  8  32  22  3  9  26  60  38  76  45  29  56  69  55  13  59  57  31  40  11  34  46  53  64  63  67  39  19  54  72  75  27  2  35  43
   5  3  65  39  55  33  4  34  52  47  44  58  19  43  10  6  51  78  31  66  8  68  25  15  9  37  38  7  20  12  23  77  62  53  16  57  50  30  18  74  76  14  40  24  46  75  45  27  32  35  21  60  36  69  73  28  1  48  13  71  11  54  64  70  42  41  72  59  67  56  2  17  26  63  22  29  49  61
   5  7  64  9  75  66  12  11  45  77  39  68  61  14  56  13  74  47  21  1  71  41  57  70  67  63  26  16  30  58  33  15  20  76  4  49  34  23  42  3  62  73  10  43  37  59  54  72  19  69  55  65  24  28  31  18  2  32  40  60  8  35  52  17  53  22  29  78  38  6  50  51  27  36  48  25  46  44
   5  9  6  13  67  10  58  17  7  71  73  14  39  62  68  21  26  11  37  75  59  77  31  18  51  43  8  66  16  72  61  25  74  30  42  15  24  41  40  1  2  63  54  3  69  35  64  22  33  55  27  47  4  12  57  70  38  20  36  76  50  65  60  29  23  78  53  34  32  46  56  19  49  28  52  45  48  44
   5  12  13  47  18  59  31  27  49  7  1  34  50  41  51  75  22  37  73  33  16  70  10  24  26  15  36  39  62  54  19  14  2  68  21  3  23  71  44  74  67  66  32  61  20  48  52  30  72  78  45  29  38  28  4  57  42  6  46  63  9  69  55  53  64  43  40  17  25  60  65  77  11  58  76  56  8  35
   5  13  46  21  51  54  72  29  9  59  63  62  73  2  14  37  8  17  69  67  35  71  57  70  19  3  50  10  66  22  39  45  26  16  40  25  4  77  36  75  38  43  64  1  55  65  6  78  61  27  49  11  42  58  31  18  32  74  28  30  56  47  76  53  41  34  23  24  20  48  68  33  15  12  60  7  52  44
   5  14  55  75  52  35  19  69  51  48  8  54  9  41  20  56  62  63  50  61  76  39  46  34  32  58  36  6  1  66  11  15  42  7  67  77  26  57  49  74  65  24  4  27  44  60  10  28  31  71  25  70  38  59  23  17  16  29  18  3  40  33  45  47  21  43  73  78  13  68  64  37  72  12  2  53  22  30
   5  15  45  56  10  30  11  33  20  60  22  66  40  41  44  53  1  3  9  27  2  6  18  54  4  12  36  29  8  24  72  58  16  48  65  37  32  17  51  74  64  34  23  69  49  68  46  59  19  57  13  39  38  35  26  78  76  70  52  77  73  61  25  75  67  43  50  71  55  7  21  63  31  14  42  47  62  28
   5  15  66  25  43  76  40  35  49  53  19  8  51  50  26  45  38  59  7  63  23  29  31  18  3  61  32  60  52  36  67  55  2  48  78  69  72  17  34  73  56  33  30  39  9  41  16  28  75  13  21  71  22  42  57  70  68  62  24  46  20  77  6  65  11  12  47  58  14  10  74  1  37  4  64  27  54  44
   5  17  42  48  21  24  50  12  25  6  52  3  26  41  13  60  46  30  23  15  51  47  65  63  72  71  36  75  18  77  9  78  44  39  22  59  11  69  45  74  62  37  31  58  55  29  67  54  73  27  76  53  38  66  19  33  49  56  64  28  32  14  16  7  8  43  4  61  2  70  1  35  40  57  20  68  10  34
   5  19  28  33  27  42  54  47  51  41  9  56  7  68  50  61  20  65  39  55  77  23  57  70  49  21  74  4  24  64  45  75  32  34  76  1  52  53  30  69  14  13  40  37  73  71  36  6  25  63  43  35  60  10  31  18  62  38  16  78  26  59  22  11  29  46  17  48  2  12  8  15  3  66  72  67  58  44
   5  21  48  37  19  64  22  53  13  35  43  2  63  38  62  69  50  29  55  51  65  59  31  18  33  1  56  54  10  78  73  7  8  66  36  45  42  71  28  67  32  3  6  75  27  47  46  34  39  49  15  17  40  72  57  70  20  26  12  16  68  11  30  23  77  24  41  4  74  52  14  61  25  58  76  9  60  44
   5  24  52  60  51  71  9  59  62  29  76  33  32  43  1  68  42  12  26  30  65  75  44  69  31  54  38  56  16  61  40  34  21  6  13  15  72  77  22  74  55  27  19  28  8  70  20  17  50  3  46  47  36  78  11  37  67  53  49  14  4  35  10  48  25  41  23  63  18  39  45  58  73  66  64  7  2  57
   5  25  10  45  3  30  36  65  15  23  33  50  19  56  8  7  32  35  9  43  41  53  57  70  1  39  20  76  60  28  51  27  38  52  34  55  22  29  24  63  68  61  16  73  13  77  66  12  67  21  37  59  78  40  31  18  14  2  4  48  74  71  46  47  17  58  11  72  62  54  26  75  69  42  6  49  64  44
   5  27  30  49  73  52  4  71  55  17  67  74  75  26  20  15  62  77  25  39  29  11  31  18  63  19  2  48  46  42  1  37  14  6  72  21  12  47  22  61  8  51  60  33  45  53  76  40  3  7  9  41  58  24  57  70  50  68  78  64  38  23  54  59  65  36  35  28  56  16  32  43  13  34  10  69  66  44
   5  28  62  47  42  14  31  63  21  7  55  71  50  43  67  75  25  61  73  77  52  70  76  78  26  35  38  39  13  57  19  59  46  68  49  69  23  34  64  74  51  17  32  37  65  48  16  58  72  24  8  29  36  12  4  54  18  6  2  27  9  3  1  53  44  41  40  66  22  60  20  33  11  30  10  56  45  15
   5  30  22  53  2  12  72  37  64  68  13  78  73  43  21  47  45  33  40  3  18  29  16  17  23  59  38  70  25  71  31  28  10  60  44  27  4  24  65  74  49  57  26  77  67  7  42  15  11  66  1  6  36  58  32  34  46  39  76  61  50  63  62  56  20  41  9  54  8  48  51  69  19  35  52  75  55  14
   5  33  12  61  49  40  64  11  19  77  13  68  9  14  56  39  74  47  73  27  71  41  31  18  15  37  26  42  4  6  7  67  20  24  30  75  60  23  16  55  62  21  36  69  63  59  28  46  45  43  3  65  76  54  57  70  2  32  66  34  8  35  78  17  53  48  29  52  38  58  50  25  1  10  22  51  72  44
   5  33  44  6  8  37  23  57  76  75  21  28  11  41  2  29  65  34  19  78  25  7  62  30  40  27  36  48  64  59  26  61  55  47  10  66  9  12  16  74  46  35  73  71  42  56  22  3  4  58  51  68  38  77  50  14  45  60  1  54  72  17  49  39  52  43  31  15  20  53  18  24  32  69  13  70  67  63
   5  34  10  68  20  57  40  35  1  70  2  61  4  43  8  7  16  14  32  28  64  56  49  33  19  66  38  53  76  27  73  54  67  29  55  58  31  37  62  74  45  69  11  59  22  39  44  78  9  77  18  75  36  71  72  63  65  47  51  15  23  30  46  60  13  41  26  3  52  6  25  12  50  24  21  48  42  17
   5  35  8  56  76  58  11  77  65  60  25  17  40  43  64  53  55  69  9  63  46  6  42  57  4  28  38  29  45  78  72  30  52  48  20  61  32  66  67  74  44  71  23  3  21  68  2  14  19  54  62  39  36  15  26  24  10  70  16  33  73  37  22  75  51  41  50  34  1  7  49  27  31  59  18  47  13  12
   5  37  52  69  33  6  78  23  21  65  3  38  43  32  2  55  56  53  27  19  47  35  57  70  61  75  68  64  54  34  63  9  50  10  28  7  40  59  12  51  20  1  46  67  49  11  48  24  73  15  25  29  36  22  31  18  74  8  58  66  14  17  16  41  71  4  77  42  26  60  62  39  45  72  30  13  76  44
   5  43  34  3  9  72  60  41  63  47  27  32  55  20  38  1  68  23  75  7  11  65  57  70  13  15  14  58  12  76  69  39  56  28  64  61  10  35  6  45  74  49  22  25  67  17  78  30  37  51  19  53  54  52  31  18  26  50  46  36  62  29  40  77  59  16  71  66  8  24  2  21  33  48  42  73  4  44
   5  45  54  7  1  16  28  47  25  41  61  56  33  68  50  9  20  65  13  3  77  23  31  18  75  73  74  30  76  12  19  49  32  60  24  27  78  53  4  43  14  39  66  63  21  71  10  58  51  37  69  35  34  36  57  70  62  38  42  52  26  59  48  11  29  72  17  22  2  64  8  67  55  40  46  15  6  44
   5  49  16  15  63  60  42  59  27  29  51  26  67  8  74  25  2  71  45  73  53  17  57  70  43  33  38  52  48  40  75  69  62  46  22  37  58  11  78  39  50  19  76  61  7  23  30  36  1  9  13  77  72  4  31  18  56  14  34  6  32  41  64  35  47  28  65  12  68  66  20  3  21  24  54  55  10  44
   5  51  36  19  55  4  10  65  67  23  7  50  45  56  8  33  32  35  61  69  41  53  31  18  27  13  20  24  34  54  25  1  38  78  60  3  48  29  76  37  68  9  42  21  39  77  40  64  15  73  63  59  52  66  57  70  14  2  30  22  74  71  72  47  17  6  11  46  62  28  26  49  43  16  58  75  12  44
   5  55  76  27  39  48  24  77  69  11  75  20  1  74  32  49  14  41  15  61  17  47  57  70  73  51  62  46  6  4  3  21  68  64  58  13  28  65  72  33  26  67  52  19  25  29  60  42  43  45  7  23  12  34  31  18  8  56  22  54  2  53  10  71  35  40  59  36  50  30  38  63  9  78  66  37  16  44
   5  57  2  7  64  66  73  58  45  39  18  63  23  41  25  48  10  35  4  14  49  53  67  37  11  78  36  47  46  3  50  17  20  70  8  28  19  27  55  74  22  77  72  15  13  6  21  34  40  61  16  56  38  54  31  69  44  75  65  30  26  12  42  68  1  43  32  33  76  29  62  59  9  71  51  60  52  24
   5  63  67  70  13  69  32  24  18  53  20  15  31  43  52  39  49  17  72  54  1  60  45  14  50  77  38  68  51  58  4  3  22  56  42  71  73  35  46  74  16  12  9  66  10  47  55  61  26  59  64  48  36  27  40  30  62  7  25  78  19  34  65  29  2  41  11  28  21  75  76  57  23  37  8  6  44  33
   5  66  18  48  49  78  50  28  22  6  16  69  26  43  62  60  2  58  23  35  67  47  20  27  72  34  38  75  42  33  9  24  64  39  25  14  11  3  8  74  13  61  31  30  1  29  51  57  73  63  10  53  36  17  19  77  21  56  44  12  32  59  52  7  45  41  4  37  46  70  55  15  40  54  65  68  76  71
   5  69  60  55  61  46  34  41  37  47  1  32  3  20  38  27  68  23  49  33  11  65  31  18  39  67  14  6  64  24  43  13  56  54  12  9  36  35  58  19  74  75  48  51  15  17  52  4  63  25  45  53  28  78  57  70  26  50  72  10  62  29  66  77  59  42  71  40  8  76  2  73  7  22  16  21  30  44
   5  73  22  63  45  12  48  53  39  35  69  2  37  38  62  43  50  29  3  25  65  59  57  70  7  27  56  28  36  52  21  33  8  40  10  19  16  71  54  15  32  55  58  49  1  47  72  60  13  75  67  17  66  46  31  18  20  26  64  42  68  11  4  23  77  76  41  30  74  78  14  9  51  6  24  61  34  44
   5  75  42  67  37  34  16  59  1  29  25  26  15  8  74  51  2  71  19  21  53  17  31  18  69  7  38  78  22  66  49  43  62  72  48  63  6  11  52  13  50  45  24  9  33  23  4  10  27  61  39  77  46  30  57  70  56  14  60  58  32  41  12  35  47  54  65  64  68  40  20  55  73  76  28  3  36  44
   5  77  64  6  45  61  23  54  10  75  49  12  11  43  46  29  20  71  19  24  22  7  13  58  40  63  38  48  44  14  26  37  1  47  76  17  9  28  52  74  2  15  73  34  18  56  25  69  4  30  67  68  36  33  50  59  8  60  55  57  72  66  21  39  16  41  31  35  65  53  42  78  32  3  62  70  51  27
   6  2  5  76  22  1  31  72  4  18  16  75  50  27  21  68  63  78  52  14  30  12  58  71  38  46  3  23  73  17  28  64  15  59  47  74  65  48  49  10  9  26  35  8  20  54  25  67  56  34  62  42  7  77  32  19  51  69  53  13  39  24  29  60  66  11  36  55  57  43  33  70  40  61  37  44  41  45
   6  4  25  2  14  23  77  78  44  12  50  21  28  75  33  76  15  42  68  10  18  48  32  19  22  26  63  73  59  31  56  74  69  13  7  40  55  66  47  8  27  16  1  46  52  30  35  17  70  20  34  24  65  61  58  71  9  57  49  29  3  54  37  72  36  67  60  11  51  5  39  38  62  53  41  64  43  45
   6  8  37  23  57  76  75  21  28  11  41  2  29  65  34  19  78  25  7  62  30  40  27  36  48  64  59  26  61  55  47  10  66  9  12  16  74  46  35  73  71  42  56  22  3  4  58  51  68  38  77  50  14  45  60  1  54  72  17  49  39  52  43  31  15  20  53  18  24  32  69  13  70  67  63  5  33  44
   6  8  65  10  76  67  13  12  46  78  40  69  62  15  57  14  75  48  22  2  72  42  58  71  68  64  27  17  31  59  34  16  21  77  5  50  35  24  43  4  63  74  11  44  38  60  55  73  20  70  56  66  25  29  32  19  3  33  41  61  9  36  53  18  54  23  30  1  39  7  51  52  28  37  49  26  47  45
   6  10  7  14  68  11  59  18  8  72  74  15  40  63  69  22  27  12  38  76  60  78  32  19  52  44  9  67  17  73  62  26  75  31  43  16  25  42  41  2  3  64  55  4  70  36  65  23  34  56  28  48  5  13  58  71  39  21  37  77  51  66  61  30  24  1  54  35  33  47  57  20  50  29  53  46  49  45
   6  13  15  72  77  22  74  55  27  19  28  8  70  20  17  50  3  46  47  36  78  11  37  67  53  49  14  4  35  10  48  25  41  23  63  18  39  45  58  73  66  64  7  2  57  5  24  52  60  51  71  9  59  62  29  76  33  32  43  1  68  42  12  26  30  65  75  44  69  31  54  38  56  16  61  40  34  21
   6  14  47  22  52  55  73  30  10  60  64  63  74  3  15  38  9  18  70  68  36  72  58  71  20  4  51  11  67  23  40  46  27  17  41  26  5  78  37  76  39  44  65  2  56  66  7  1  62  28  50  12  43  59  32  19  33  75  29  31  57  48  77  54  42  35  24  25  21  49  69  34  16  13  61  8  53  45
   6  16  67  26  44  77  41  36  50  54  20  9  52  51  27  46  39  60  8  64  24  30  32  19  4  62  33  61  53  37  68  56  3  49  1  70  73  18  35  74  57  34  31  40  10  42  17  29  76  14  22  72  23  43  58  71  69  63  25  47  21  78  7  66  12  13  48  59  15  11  75  2  38  5  65  28  55  45
   6  20  29  34  28  43  55  48  52  42  10  57  8  69  51  62  21  66  40  56  78  24  58  71  50  22  75  5  25  65  46  76  33  35  77  2  53  54  31  70  15  14  41  38  74  72  37  7  26  64  44  36  61  11  32  19  63  39  17  1  27  60  23  12  30  47  18  49  3  13  9  16  4  67  73  68  59  45
   6  21  34  40  61  16  56  38  54  31  69  44  75  65  30  26  12  42  68  1  43  32  33  76  29  62  59  9  71  51  60  52  24  5  57  2  7  64  66  73  58  45  39  18  63  23  41  25  48  10  35  4  14  49  53  67  37  11  78  36  47  46  3  50  17  20  70  8  28  19  27  55  74  22  77  72  15  13
   6  22  49  38  20  65  23  54  14  36  44  3  64  39  63  70  51  30  56  52  66  60  32  19  34  2  57  55  11  1  74  8  9  67  37  46  43  72  29  68  33  4  7  76  28  48  47  35  40  50  16  18  41  73  58  71  21  27  13  17  69  12  31  24  78  25  42  5  75  53  15  62  26  59  77  10  61  45
   6  25  12  50  24  21  48  42  17  5  34  10  68  20  57  40  35  1  70  2  61  4  43  8  7  16  14  32  28  64  56  49  33  19  66  38  53  76  27  73  54  67  29  55  58  31  37  62  74  45  69  11  59  22  39  44  78  9  77  18  75  36  71  72  63  65  47  51  15  23  30  46  60  13  41  26  3  52
   6  26  11  46  4  31  37  66  16  24  34  51  20  57  9  8  33  36  10  44  42  54  58  71  2  40  21  77  61  29  52  28  39  53  35  56  23  30  25  64  69  62  17  74  14  78  67  13  68  22  38  60  1  41  32  19  15  3  5  49  75  72  47  48  18  59  12  73  63  55  27  76  70  43  7  50  65  45
   6  28  31  50  74  53  5  72  56  18  68  75  76  27  21  16  63  78  26  40  30  12  32  19  64  20  3  49  47  43  2  38  15  7  73  22  13  48  23  62  9  52  61  34  46  54  77  41  4  8  10  42  59  25  58  71  51  69  1  65  39  24  55  60  66  37  36  29  57  17  33  44  14  35  11  70  67  45
   6  34  13  62  50  41  65  12  20  78  14  69  10  15  57  40  75  48  74  28  72  42  32  19  16  38  27  43  5  7  8  68  21  25  31  76  61  24  17  56  63  22  37  70  64  60  29  47  46  44  4  66  77  55  58  71  3  33  67  35  9  36  1  18  54  49  30  53  39  59  51  26  2  11  23  52  73  45
   6  38  30  32  71  2  39  10  37  50  27  13  56  65  43  9  57  45  48  67  3  19  15  16  75  1  59  5  58  25  53  46  28  72  61  44  68  62  24  73  41  49  47  8  77  40  69  42  29  52  66  23  14  36  70  22  34  31  12  76  60  64  63  4  78  20  74  21  54  26  33  51  7  18  35  11  17  55
   6  38  53  70  34  7  1  24  22  66  4  39  44  33  3  56  57  54  28  20  48  36  58  71  62  76  69  65  55  35  64  10  51  11  29  8  41  60  13  52  21  2  47  68  50  12  49  25  74  16  26  30  37  23  32  19  75  9  59  67  15  18  17  42  72  5  78  43  27  61  63  40  46  73  31  14  77  45
   6  42  57  4  28  38  29  45  78  72  30  52  48  20  61  32  66  67  74  44  71  23  3  21  68  2  14  19  54  62  39  36  15  26  24  10  70  16  33  73  37  22  75  51  41  50  34  1  7  49  27  31  59  18  47  13  12  5  35  8  56  76  58  11  77  65  60  25  17  40  43  64  53  55  69  9  63  46
   6  44  33  5  63  67  70  13  69  32  24  18  53  20  15  31  43  52  39  49  17  72  54  1  60  45  14  50  77  38  68  51  58  4  3  22  56  42  71  73  35  46  74  16  12  9  66  10  47  55  61  26  59  64  48  36  27  40  30  62  7  25  78  19  34  65  29  2  41  11  28  21  75  76  57  23  37  8
   6  44  35  4  10  73  61  42  64  48  28  33  56  21  39  2  69  24  76  8  12  66  58  71  14  16  15  59  13  77  70  40  57  29  65  62  11  36  7  46  75  50  23  26  68  18  1  31  38  52  20  54  55  53  32  19  27  51  47  37  63  30  41  78  60  17  72  67  9  25  3  22  34  49  43  74  5  45
   6  45  61  23  54  10  75  49  12  11  43  46  29  20  71  19  24  22  7  13  58  40  63  38  48  44  14  26  37  1  47  76  17  9  28  52  74  2  15  73  34  18  56  25  69  4  30  67  68  36  33  50  59  8  60  55  57  72  66  21  39  16  41  31  35  65  53  42  78  32  3  62  70  51  27  5  77  64
   6  46  55  8  2  17  29  48  26  42  62  57  34  69  51  10  21  66  14  4  78  24  32  19  76  74  75  31  77  13  20  50  33  61  25  28  1  54  5  44  15  40  67  64  22  72  11  59  52  38  70  36  35  37  58  71  63  39  43  53  27  60  49  12  30  73  18  23  3  65  9  68  56  41  47  16  7  45
   6  46  63  9  69  55  53  64  43  40  17  25  60  65  77  11  58  76  56  8  35  5  12  13  47  18  59  31  27  49  7  1  34  50  41  51  75  22  37  73  33  16  70  10  24  26  15  36  39  62  54  19  14  2  68  21  3  23  71  44  74  67  66  32  61  20  48  52  30  72  78  45  29  38  28  4  57  42
   6  49  71  40  37  52  56  36  57  31  3  64  75  20  58  26  28  18  68  55  41  32  77  10  29  13  14  9  34  67  60  16  78  5  54  46  7  44  17  73  30  8  39  42  27  23  43  22  48  76  15  4  59  21  53  51  61  11  24  38  47  2  69  50  66  65  70  45  12  19  63  1  74  25  33  72  35  62
   6  50  17  16  64  61  43  60  28  30  52  27  68  9  75  26  3  72  46  74  54  18  58  71  44  34  39  53  49  41  76  70  63  47  23  38  59  12  1  40  51  20  77  62  8  24  31  37  2  10  14  78  73  5  32  19  57  15  35  7  33  42  65  36  48  29  66  13  69  67  21  4  22  25  55  56  11  45
   6  52  3  26  41  13  60  46  30  23  15  51  47  65  63  72  71  36  75  18  77  9  78  44  39  22  59  11  69  45  74  62  37  31  58  55  29  67  54  73  27  76  53  38  66  19  33  49  56  64  28  32  14  16  7  8  43  4  61  2  70  1  35  40  57  20  68  10  34  5  17  42  48  21  24  50  12  25
   6  52  37  20  56  5  11  66  68  24  8  51  46  57  9  34  33  36  62  70  42  54  32  19  28  14  21  25  35  55  26  2  39  1  61  4  49  30  77  38  69  10  43  22  40  78  41  65  16  74  64  60  53  67  58  71  15  3  31  23  75  72  73  48  18  7  12  47  63  29  27  50  44  17  59  76  13  45
   6  55  17  11  35  18  7  51  33  26  54  21  74  20  78  4  63  64  60  76  12  31  34  22  70  36  14  23  66  52  29  42  69  40  77  8  47  49  41  73  24  62  68  44  61  72  28  46  53  25  58  5  59  1  75  16  15  19  3  67  48  45  57  9  43  65  56  13  27  50  37  10  39  2  71  32  30  38
   6  62  35  72  33  25  74  1  63  19  12  45  70  65  66  50  69  2  47  38  24  11  61  51  53  21  59  4  15  76  48  22  43  23  27  42  39  8  30  73  17  44  7  46  54  5  78  16  60  67  34  9  14  13  29  10  77  32  41  55  68  18  28  26  58  20  75  64  3  31  57  36  56  52  37  40  71  49
   6  64  77  5  27  51  70  62  3  32  78  42  53  65  35  31  41  16  39  21  66  72  57  55  60  8  59  50  33  36  68  67  30  4  69  25  56  18  34  73  15  2  74  52  28  9  17  76  47  1  37  26  14  44  48  38  63  40  58  13  7  22  24  19  71  20  29  46  43  11  12  49  75  10  54  23  61  45
   6  68  41  52  70  25  67  36  76  54  46  9  26  51  27  20  39  60  34  38  24  30  58  71  56  10  33  35  1  11  16  4  3  23  53  44  47  18  61  22  57  8  5  14  62  42  43  55  50  40  74  72  49  17  32  19  69  63  77  73  21  78  59  66  12  65  48  7  15  37  75  28  64  31  13  2  29  45
   6  70  61  56  62  47  35  42  38  48  2  33  4  21  39  28  69  24  50  34  12  66  32  19  40  68  15  7  65  25  44  14  57  55  13  10  37  36  59  20  75  76  49  52  16  18  53  5  64  26  46  54  29  1  58  71  27  51  73  11  63  30  67  78  60  43  72  41  9  77  3  74  8  23  17  22  31  45
   6  74  23  64  46  13  49  54  40  36  70  3  38  39  63  44  51  30  4  26  66  60  58  71  8  28  57  29  37  53  22  34  9  41  11  20  17  72  55  16  33  56  59  50  2  48  73  61  14  76  68  18  67  47  32  19  21  27  65  43  69  12  5  24  78  77  42  31  75  1  15  10  52  7  25  62  35  45
   6  76  41  19  30  64  47  16  71  4  77  1  39  20  69  5  37  21  29  25  27  26  66  46  56  51  14  72  43  18  70  44  57  11  34  62  48  55  12  73  3  38  60  49  15  32  63  8  75  2  78  40  59  10  74  42  58  50  54  52  53  13  33  23  28  65  7  36  61  9  35  22  68  45  17  31  24  67
   6  76  43  68  38  35  17  60  2  30  26  27  16  9  75  52  3  72  20  22  54  18  32  19  70  8  39  1  23  67  50  44  63  73  49  64  7  12  53  14  51  46  25  10  34  24  5  11  28  62  40  78  47  31  58  71  57  15  61  59  33  42  13  36  48  55  66  65  69  41  21  56  74  77  29  4  37  45
   7  2  57  5  24  52  60  51  71  9  59  62  29  76  33  32  43  1  68  42  12  26  30  65  75  44  69  31  54  38  56  16  61  40  34  21  6  13  15  72  77  22  74  55  27  19  28  8  70  20  17  50  3  46  47  36  78  11  37  67  53  49  14  4  35  10  48  25  41  23  63  18  39  45  58  73  66  64
   7  3  6  77  23  2  32  73  5  19  17  76  51  28  22  69  64  1  53  15  31  13  59  72  39  47  4  24  74  18  29  65  16  60  48  75  66  49  50  11  10  27  36  9  21  55  26  68  57  35  63  43  8  78  33  20  52  70  54  14  40  25  30  61  67  12  37  56  58  44  34  71  41  62  38  45  42  46
   7  5  26  3  15  24  78  1  45  13  51  22  29  76  34  77  16  43  69  11  19  49  33  20  23  27  64  74  60  32  57  75  70  14  8  41  56  67  48  9  28  17  2  47  53  31  36  18  71  21  35  25  66  62  59  72  10  58  50  30  4  55  38  73  37  68  61  12  52  6  40  39  63  54  42  65  44  46
   7  8  43  4  61  2  70  1  35  40  57  20  68  10  34  5  17  42  48  21  24  50  12  25  6  52  3  26  41  13  60  46  30  23  15  51  47  65  63  72  71  36  75  18  77  9  78  44  39  22  59  11  69  45  74  62  37  31  58  55  29  67  54  73  27  76  53  38  66  19  33  49  56  64  28  32  14  16
   7  9  66  11  77  68  14  13  47  1  41  70  63  16  58  15  76  49  23  3  73  43  59  72  69  65  28  18  32  60  35  17  22  78  6  51  36  25  44  5  64  75  12  45  39  61  56  74  21  71  57  67  26  30  33  20  4  34  42  62  10  37  54  19  55  24  31  2  40  8  52  53  29  38  50  27  48  46
   7  11  8  15  69  12  60  19  9  73  75  16  41  64  70  23  28  13  39  77  61  1  33  20  53  45  10  68  18  74  63  27  76  32  44  17  26  43  42  3  4  65  56  5  71  37  66  24  35  57  29  49  6  14  59  72  40  22  38  78  52  67  62  31  25  2  55  36  34  48  58  21  51  30  54  47  50  46
   7  13  58  40  63  38  48  44  14  26  37  1  47  76  17  9  28  52  74  2  15  73  34  18  56  25  69  4  30  67  68  36  33  50  59  8  60  55  57  72  66  21  39  16  41  31  35  65  53  42  78  32  3  62  70  51  27  5  77  64  6  45  61  23  54  10  75  49  12  11  43  46  29  20  71  19  24  22
   7  15  48  23  53  56  74  31  11  61  65  64  75  4  16  39  10  19  71  69  37  73  59  72  21  5  52  12  68  24  41  47  28  18  42  27  6  1  38  77  40  45  66  3  57  67  8  2  63  29  51  13  44  60  33  20  34  76  30  32  58  49  78  55  43  36  25  26  22  50  70  35  17  14  62  9  54  46
   7  18  35  11  17  55  6  38  30  32  71  2  39  10  37  50  27  13  56  65  43  9  57  45  48  67  3  19  15  16  75  1  59  5  58  25  53  46  28  72  61  44  68  62  24  73  41  49  47  8  77  40  69  42  29  52  66  23  14  36  70  22  34  31  12  76  60  64  63  4  78  20  74  21  54  26  33  51
   7  20  12  23  77  62  53  16  57  50  30  18  74  76  14  40  24  46  75  45  27  32  35  21  60  36  69  73  28  1  48  13  71  11  54  64  70  42  41  72  59  67  56  2  17  26  63  22  29  49  61  5  3  65  39  55  33  4  34  52  47  44  58  19  43  10  6  51  78  31  66  8  68  25  15  9  37  38
   7  21  30  35  29  44  56  49  53  43  11  58  9  70  52  63  22  67  41  57  1  25  59  72  51  23  76  6  26  66  47  77  34  36  78  3  54  55  32  71  16  15  42  39  75  73  38  8  27  65  45  37  62  12  33  20  64  40  18  2  28  61  24  13  31  48  19  50  4  14  10  17  5  68  74  69  60  46
   7  21  63  31  14  42  47  62  28  5  15  45  56  10  30  11  33  20  60  22  66  40  41  44  53  1  3  9  27  2  6  18  54  4  12  36  29  8  24  72  58  16  48  65  37  32  17  51  74  64  34  23  69  49  68  46  59  19  57  13  39  38  35  26  78  76  70  52  77  73  61  25  75  67  43  50  71  55
   7  22  24  19  71  20  29  46  43  11  12  49  75  10  54  23  61  45  6  64  77  5  27  51  70  62  3  32  78  42  53  65  35  31  41  16  39  21  66  72  57  55  60  8  59  50  33  36  68  67  30  4  69  25  56  18  34  73  15  2  74  52  28  9  17  76  47  1  37  26  14  44  48  38  63  40  58  13
   7  27  12  47  5  32  38  67  17  25  35  52  21  58  10  9  34  37  11  45  43  55  59  72  3  41  22  78  62  30  53  29  40  54  36  57  24  31  26  65  70  63  18  75  15  1  68  14  69  23  39  61  2  42  33  20  16  4  6  50  76  73  48  49  19  60  13  74  64  56  28  77  71  44  8  51  66  46
   7  29  32  51  75  54  6  73  57  19  69  76  77  28  22  17  64  1  27  41  31  13  33  20  65  21  4  50  48  44  3  39  16  8  74  23  14  49  24  63  10  53  62  35  47  55  78  42  5  9  11  43  60  26  59  72  52  70  2  66  40  25  56  61  67  38  37  30  58  18  34  45  15  36  12  71  68  46
   7  35  14  63  51  42  66  13  21  1  15  70  11  16  58  41  76  49  75  29  73  43  33  20  17  39  28  44  6  8  9  69  22  26  32  77  62  25  18  57  64  23  38  71  65  61  30  48  47  45  5  67  78  56  59  72  4  34  68  36  10  37  2  19  55  50  31  54  40  60  52  27  3  12  24  53  74  46
   7  36  61  9  35  22  68  45  17  31  24  67  6  76  41  19  30  64  47  16  71  4  77  1  39  20  69  5  37  21  29  25  27  26  66  46  56  51  14  72  43  18  70  44  57  11  34  62  48  55  12  73  3  38  60  49  15  32  63  8  75  2  78  40  59  10  74  42  58  50  54  52  53  13  33  23  28  65
   7  38  37  9  15  25  68  8  66  31  78  51  6  10  43  19  58  44  47  52  34  4  33  55  39  65  3  5  61  49  29  22  63  26  17  2  56  67  59  72  41  42  70  64  54  11  71  13  48  1  28  73  69  36  60  21  35  32  27  45  75  46  24  40  14  76  74  18  30  50  57  16  53  62  77  23  12  20
   7  41  74  75  27  30  48  31  63  61  39  64  23  4  16  65  10  19  45  17  37  73  33  20  47  57  52  38  42  50  15  21  28  44  68  53  32  1  12  51  40  71  14  29  5  67  60  54  11  3  77  13  18  8  59  72  34  76  56  6  58  49  26  55  43  62  25  78  22  24  70  9  69  66  36  35  2  46
   7  45  36  5  11  74  62  43  65  49  29  34  57  22  40  3  70  25  77  9  13  67  59  72  15  17  16  60  14  78  71  41  58  30  66  63  12  37  8  47  76  51  24  27  69  19  2  32  39  53  21  55  56  54  33  20  28  52  48  38  64  31  42  1  61  18  73  68  10  26  4  23  35  50  44  75  6  46
   7  45  41  4  37  46  70  55  15  40  54  65  68  76  71  5  66  18  48  49  78  50  28  22  6  16  69  26  43  62  60  2  58  23  35  67  47  20  27  72  34  38  75  42  33  9  24  64  39  25  14  11  3  8  74  13  61  31  30  1  29  51  57  73  63  10  53  36  17  19  77  21  56  44  12  32  59  52
   7  47  56  9  3  18  30  49  27  43  63  58  35  70  52  11  22  67  15  5  1  25  33  20  77  75  76  32  78  14  21  51  34  62  26  29  2  55  6  45  16  41  68  65  23  73  12  60  53  39  71  37  36  38  59  72  64  40  44  54  28  61  50  13  31  74  19  24  4  66  10  69  57  42  48  17  8  46
   7  51  18  17  65  62  44  61  29  31  53  28  69  10  76  27  4  73  47  75  55  19  59  72  45  35  40  54  50  42  77  71  64  48  24  39  60  13  2  41  52  21  78  63  9  25  32  38  3  11  15  1  74  6  33  20  58  16  36  8  34  43  66  37  49  30  67  14  70  68  22  5  23  26  56  57  12  46
   7  51  33  26  54  21  74  20  78  4  63  64  60  76  12  31  34  22  70  36  14  23  66  52  29  42  69  40  77  8  47  49  41  73  24  62  68  44  61  72  28  46  53  25  58  5  59  1  75  16  15  19  3  67  48  45  57  9  43  65  56  13  27  50  37  10  39  2  71  32  30  38  6  55  17  11  35  18
   7  52  59  32  12  44  56  21  77  19  17  36  53  10  63  73  57  51  29  1  30  31  61  13  74  8  3  11  14  25  39  64  24  9  33  42  75  38  34  72  27  20  47  67  35  23  58  2  60  62  43  26  69  16  6  22  28  50  78  49  48  18  66  5  71  76  68  65  54  40  15  55  70  46  37  4  41  45
   7  53  38  21  57  6  12  67  69  25  9  52  47  58  10  35  34  37  63  71  43  55  33  20  29  15  22  26  36  56  27  3  40  2  62  5  50  31  78  39  70  11  44  23  41  1  42  66  17  75  65  61  54  68  59  72  16  4  32  24  76  73  74  49  19  8  13  48  64  30  28  51  45  18  60  77  14  46
   7  55  71  50  43  67  75  25  61  73  77  52  70  76  78  26  35  38  39  13  57  19  59  46  68  49  69  23  34  64  74  51  17  32  37  65  48  16  58  72  24  8  29  36  12  4  54  18  6  2  27  9  3  1  53  44  41  40  66  22  60  20  33  11  30  10  56  45  15  5  28  62  47  42  14  31  63  21
   7  63  60  41  17  38  8  19  35  73  23  16  15  64  70  75  28  13  65  51  61  1  59  72  27  71  10  42  44  48  11  53  76  6  18  69  78  43  68  29  4  39  30  57  45  37  14  50  9  5  3  49  32  66  33  20  40  22  12  26  52  67  36  31  25  54  55  62  34  74  58  47  77  56  2  21  24  46
   7  65  2  45  9  60  54  25  75  67  57  40  71  34  4  5  58  55  3  47  49  37  33  20  11  51  70  14  30  62  39  63  52  38  56  35  68  61  66  27  22  29  74  17  77  13  24  78  23  69  53  31  12  50  59  72  76  10  8  42  16  19  44  43  73  32  1  18  28  36  64  15  21  48  6  41  26  46
   7  65  28  23  33  13  53  52  54  50  58  42  74  10  59  40  78  2  75  8  63  32  15  49  60  38  3  73  12  55  48  62  34  11  57  44  70  18  43  72  14  51  56  46  66  26  27  25  29  21  37  5  69  20  39  1  77  4  71  16  47  64  30  19  41  76  6  67  24  31  17  45  68  22  35  9  61  36
   7  69  42  53  71  26  68  37  77  55  47  10  27  52  28  21  40  61  35  39  25  31  59  72  57  11  34  36  2  12  17  5  4  24  54  45  48  19  62  23  58  9  6  15  63  43  44  56  51  41  75  73  50  18  33  20  70  64  78  74  22  1  60  67  13  66  49  8  16  38  76  29  65  32  14  3  30  46
   7  71  62  57  63  48  36  43  39  49  3  34  5  22  40  29  70  25  51  35  13  67  33  20  41  69  16  8  66  26  45  15  58  56  14  11  38  37  60  21  76  77  50  53  17  19  54  6  65  27  47  55  30  2  59  72  28  52  74  12  64  31  68  1  61  44  73  42  10  78  4  75  9  24  18  23  32  46
   7  75  24  65  47  14  50  55  41  37  71  4  39  40  64  45  52  31  5  27  67  61  59  72  9  29  58  30  38  54  23  35  10  42  12  21  18  73  56  17  34  57  60  51  3  49  74  62  15  77  69  19  68  48  33  20  22  28  66  44  70  13  6  25  1  78  43  32  76  2  16  11  53  8  26  63  36  46
   8  6  44  33  5  63  67  70  13  69  32  24  18  53  20  15  31  43  52  39  49  17  72  54  1  60  45  14  50  77  38  68  51  58  4  3  22  56  42  71  73  35  46  74  16  12  9  66  10  47  55  61  26  59  64  48  36  27  40  30  62  7  25  78  19  34  65  29  2  41  11  28  21  75  76  57  23  37
   8  12  9  16  70  13  61  20  10  74  76  17  42  65  71  24  29  14  40  78  62  2  34  21  54  46  11  69  19  75  64  28  77  33  45  18  27  44  43  4  5  66  57  6  72  38  67  25  36  58  30  50  7  15  60  73  41  23  39  1  53  68  63  32  26  3  56  37  35  49  59  22  52  31  55  48  51  47
   8  16  49  24  54  57  75  32  12  62  66  65  76  5  17  40  11  20  72  70  38  74  60  73  22  6  53  13  69  25  42  48  29  19  43  28  7  2  39  78  41  46  67  4  58  68  9  3  64  30  52  14  45  61  34  21  35  77  31  33  59  50  1  56  44  37  26  27  23  51  71  36  18  15  63  10  55  47
   8  22  31  36  30  45  57  50  54  44  12  59  10  71  53  64  23  68  42  58  2  26  60  73  52  24  77  7  27  67  48  78  35  37  1  4  55  56  33  72  17  16  43  40  76  74  39  9  28  66  46  38  63  13  34  21  65  41  19  3  29  62  25  14  32  49  20  51  5  15  11  18  6  69  75  70  61  47
   8  24  72  58  16  48  65  37  32  17  51  74  64  34  23  69  49  68  46  59  19  57  13  39  38  35  26  78  76  70  52  77  73  61  25  75  67  43  50  71  55  7  21  63  31  14  42  47  62  28  5  15  45  56  10  30  11  33  20  60  22  66  40  41  44  53  1  3  9  27  2  6  18  54  4  12  36  29
   8  28  19  27  55  74  22  77  72  15  13  6  21  34  40  61  16  56  38  54  31  69  44  75  65  30  26  12  42  68  1  43  32  33  76  29  62  59  9  71  51  60  52  24  5  57  2  7  64  66  73  58  45  39  18  63  23  41  25  48  10  35  4  14  49  53  67  37  11  78  36  47  46  3  50  17  20  70
   8  29  36  12  4  54  18  6  2  27  9  3  1  53  44  41  40  66  22  60  20  33  11  30  10  56  45  15  5  28  62  47  42  14  31  63  21  7  55  71  50  43  67  75  25  61  73  77  52  70  76  78  26  35  38  39  13  57  19  59  46  68  49  69  23  34  64  74  51  17  32  37  65  48  16  58  72  24
   8  30  33  52  76  55  7  74  58  20  70  77  78  29  23  18  65  2  28  42  32  14  34  21  66  22  5  51  49  45  4  40  17  9  75  24  15  50  25  64  11  54  63  36  48  56  1  43  6  10  12  44  61  27  60  73  53  71  3  67  41  26  57  62  68  39  38  31  59  19  35  46  16  37  13  72  69  47
   8  30  73  17  44  7  46  54  5  78  16  60  67  34  9  14  13  29  10  77  32  41  55  68  18  28  26  58  20  75  64  3  31  57  36  56  52  37  40  71  49  6  62  35  72  33  25  74  1  63  19  12  45  70  65  66  50  69  2  47  38  24  11  61  51  53  21  59  4  15  76  48  22  43  23  27  42  39
   8  35  5  12  13  47  18  59  31  27  49  7  1  34  50  41  51  75  22  37  73  33  16  70  10  24  26  15  36  39  62  54  19  14  2  68  21  3  23  71  44  74  67  66  32  61  20  48  52  30  72  78  45  29  38  28  4  57  42  6  46  63  9  69  55  53  64  43  40  17  25  60  65  77  11  58  76  56
   8  36  15  64  52  43  67  14  22  2  16  71  12  17  59  42  77  50  76  30  74  44  34  21  18  40  29  45  7  9  10  70  23  27  33  78  63  26  19  58  65  24  39  72  66  62  31  49  48  46  6  68  1  57  60  73  5  35  69  37  11  38  3  20  56  51  32  55  41  61  53  28  4  13  25  54  75  47
   8  39  42  27  23  43  22  48  76  15  4  59  21  53  51  61  11  24  38  47  2  69  50  66  65  70  45  12  19  63  1  74  25  33  72  35  62  6  49  71  40  37  52  56  36  57  31  3  64  75  20  58  26  28  18  68  55  41  32  77  10  29  13  14  9  34  67  60  16  78  5  54  46  7  44  17  73  30
   8  42  75  76  28  31  49  32  64  62  40  65  24  5  17  66  11  20  46  18  38  74  34  21  48  58  53  39  43  51  16  22  29  45  69  54  33  2  13  52  41  72  15  30  6  68  61  55  12  4  78  14  19  9  60  73  35  77  57  7  59  50  27  56  44  63  26  1  23  25  71  10  70  67  37  36  3  47
   8  46  37  6  12  75  63  44  66  50  30  35  58  23  41  4  71  26  78  10  14  68  60  73  16  18  17  61  15  1  72  42  59  31  67  64  13  38  9  48  77  52  25  28  70  20  3  33  40  54  22  56  57  55  34  21  29  53  49  39  65  32  43  2  62  19  74  69  11  27  5  24  36  51  45  76  7  47
   8  48  51  69  19  35  52  75  55  14  5  30  22  53  2  12  72  37  64  68  13  78  73  43  21  47  45  33  40  3  18  29  16  17  23  59  38  70  25  71  31  28  10  60  44  27  4  24  65  74  49  57  26  77  67  7  42  15  11  66  1  6  36  58  32  34  46  39  76  61  50  63  62  56  20  41  9  54
   8  48  57  10  4  19  31  50  28  44  64  59  36  71  53  12  23  68  16  6  2  26  34  21  78  76  77  33  1  15  22  52  35  63  27  30  3  56  7  46  17  42  69  66  24  74  13  61  54  40  72  38  37  39  60  73  65  41  45  55  29  62  51  14  32  75  20  25  5  67  11  70  58  43  49  18  9  47
   8  52  19  18  66  63  45  62  30  32  54  29  70  11  77  28  5  74  48  76  56  20  60  73  46  36  41  55  51  43  78  72  65  49  25  40  61  14  3  42  53  22  1  64  10  26  33  39  4  12  16  2  75  7  34  21  59  17  37  9  35  44  67  38  50  31  68  15  71  69  23  6  24  27  57  58  13  47
   8  54  9  41  20  56  62  63  50  61  76  39  46  34  32  58  36  6  1  66  11  15  42  7  67  77  26  57  49  74  65  24  4  27  44  60  10  28  31  71  25  70  38  59  23  17  16  29  18  3  40  33  45  47  21  43  73  78  13  68  64  37  72  12  2  53  22  30  5  14  55  75  52  35  19  69  51  48
   8  56  76  58  11  77  65  60  25  17  40  43  64  53  55  69  9  63  46  6  42  57  4  28  38  29  45  78  72  30  52  48  20  61  32  66  67  74  44  71  23  3  21  68  2  14  19  54  62  39  36  15  26  24  10  70  16  33  73  37  22  75  51  41  50  34  1  7  49  27  31  59  18  47  13  12  5  35
   8  59  50  33  36  68  67  30  4  69  25  56  18  34  73  15  2  74  52  28  9  17  76  47  1  37  26  14  44  48  38  63  40  58  13  7  22  24  19  71  20  29  46  43  11  12  49  75  10  54  23  61  45  6  64  77  5  27  51  70  62  3  32  78  42  53  65  35  31  41  16  39  21  66  72  57  55  60
   8  60  55  57  72  66  21  39  16  41  31  35  65  53  42  78  32  3  62  70  51  27  5  77  64  6  45  61  23  54  10  75  49  12  11  43  46  29  20  71  19  24  22  7  13  58  40  63  38  48  44  14  26  37  1  47  76  17  9  28  52  74  2  15  73  34  18  56  25  69  4  30  67  68  36  33  50  59
   8  66  3  46  10  61  55  26  76  68  58  41  72  35  5  6  59  56  4  48  50  38  34  21  12  52  71  15  31  63  40  64  53  39  57  36  69  62  67  28  23  30  75  18  78  14  25  1  24  70  54  32  13  51  60  73  77  11  9  43  17  20  45  44  74  33  2  19  29  37  65  16  22  49  7  42  27  47
   8  70  20  17  50  3  46  47  36  78  11  37  67  53  49  14  4  35  10  48  25  41  23  63  18  39  45  58  73  66  64  7  2  57  5  24  52  60  51  71  9  59  62  29  76  33  32  43  1  68  42  12  26  30  65  75  44  69  31  54  38  56  16  61  40  34  21  6  13  15  72  77  22  74  55  27  19  28
   8  70  43  54  72  27  69  38  78  56  48  11  28  53  29  22  41  62  36  40  26  32  60  73  58  12  35  37  3  13  18  6  5  25  55  46  49  20  63  24  59  10  7  16  64  44  45  57  52  42  76  74  51  19  34  21  71  65  1  75  23  2  61  68  14  67  50  9  17  39  77  30  66  33  15  4  31  47
   8  72  63  58  64  49  37  44  40  50  4  35  6  23  41  30  71  26  52  36  14  68  34  21  42  70  17  9  67  27  46  16  59  57  15  12  39  38  61  22  77  78  51  54  18  20  55  7  66  28  48  56  31  3  60  73  29  53  75  13  65  32  69  2  62  45  74  43  11  1  5  76  10  25  19  24  33  47
   8  76  25  66  48  15  51  56  42  38  72  5  40  41  65  46  53  32  6  28  68  62  60  73  10  30  59  31  39  55  24  36  11  43  13  22  19  74  57  18  35  58  61  52  4  50  75  63  16  78  70  20  69  49  34  21  23  29  67  45  71  14  7  26  2  1  44  33  77  3  17  12  54  9  27  64  37  47
   8  77  40  69  42  29  52  66  23  14  36  70  22  34  31  12  76  60  64  63  4  78  20  74  21  54  26  33  51  7  18  35  11  17  55  6  38  30  32  71  2  39  10  37  50  27  13  56  65  43  9  57  45  48  67  3  19  15  16  75  1  59  5  58  25  53  46  28  72  61  44  68  62  24  73  41  49  47
   9  7  28  5  17  26  2  3  47  15  53  24  31  78  36  1  18  45  71  13  21  51  35  22  25  29  66  76  62  34  59  77  72  16  10  43  58  69  50  11  30  19  4  49  55  33  38  20  73  23  37  27  68  64  61  74  12  60  52  32  6  57  40  75  39  70  63  14  54  8  42  41  65  56  44  67  46  48
   9  12  16  74  46  35  73  71  42  56  22  3  4  58  51  68  38  77  50  14  45  60  1  54  72  17  49  39  52  43  31  15  20  53  18  24  32  69  13  70  67  63  5  33  44  6  8  37  23  57  76  75  21  28  11  41  2  29  65  34  19  78  25  7  62  30  40  27  36  48  64  59  26  61  55  47  10  66
   9  13  10  17  71  14  62  21  11  75  77  18  43  66  72  25  30  15  41  1  63  3  35  22  55  47  12  70  20  76  65  29  78  34  46  19  28  45  44  5  6  67  58  7  73  39  68  26  37  59  31  51  8  16  61  74  42  24  40  2  54  69  64  33  27  4  57  38  36  50  60  23  53  32  56  49  52  48
   9  17  50  25  55  58  76  33  13  63  67  66  77  6  18  41  12  21  73  71  39  75  61  74  23  7  54  14  70  26  43  49  30  20  44  29  8  3  40  1  42  47  68  5  59  69  10  4  65  31  53  15  46  62  35  22  36  78  32  34  60  51  2  57  45  38  27  28  24  52  72  37  19  16  64  11  56  48
   9  23  32  37  31  46  58  51  55  45  13  60  11  72  54  65  24  69  43  59  3  27  61  74  53  25  78  8  28  68  49  1  36  38  2  5  56  57  34  73  18  17  44  41  77  75  40  10  29  67  47  39  64  14  35  22  66  42  20  4  30  63  26  15  33  50  21  52  6  16  12  19  7  70  76  71  62  48
   9  24  64  39  25  14  11  3  8  74  13  61  31  30  1  29  51  57  73  63  10  53  36  17  19  77  21  56  44  12  32  59  52  7  45  41  4  37  46  70  55  15  40  54  65  68  76  71  5  66  18  48  49  78  50  28  22  6  16  69  26  43  62  60  2  58  23  35  67  47  20  27  72  34  38  75  42  33
   9  25  52  41  23  68  26  57  17  39  47  6  67  42  66  73  54  33  59  55  69  63  35  22  37  5  60  58  14  4  77  11  12  70  40  49  46  75  32  71  36  7  10  1  31  51  50  38  43  53  19  21  44  76  61  74  24  30  16  20  72  15  34  27  3  28  45  8  78  56  18  65  29  62  2  13  64  48
   9  31  34  53  77  56  8  75  59  21  71  78  1  30  24  19  66  3  29  43  33  15  35  22  67  23  6  52  50  46  5  41  18  10  76  25  16  51  26  65  12  55  64  37  49  57  2  44  7  11  13  45  62  28  61  74  54  72  4  68  42  27  58  63  69  40  39  32  60  20  36  47  17  38  14  73  70  48
   9  33  42  75  38  34  72  27  20  47  67  35  23  58  2  60  62  43  26  69  16  6  22  28  50  78  49  48  18  66  5  71  76  68  65  54  40  15  55  70  46  37  4  41  45  7  52  59  32  12  44  56  21  77  19  17  36  53  10  63  73  57  51  29  1  30  31  61  13  74  8  3  11  14  25  39  64  24
   9  35  22  68  45  17  31  24  67  6  76  41  19  30  64  47  16  71  4  77  1  39  20  69  5  37  21  29  25  27  26  66  46  56  51  14  72  43  18  70  44  57  11  34  62  48  55  12  73  3  38  60  49  15  32  63  8  75  2  78  40  59  10  74  42  58  50  54  52  53  13  33  23  28  65  7  36  61
   9  37  16  65  53  44  68  15  23  3  17  72  13  18  60  43  78  51  77  31  75  45  35  22  19  41  30  46  8  10  11  71  24  28  34  1  64  27  20  59  66  25  40  73  67  63  32  50  49  47  7  69  2  58  61  74  6  36  70  38  12  39  4  21  57  52  33  56  42  62  54  29  5  14  26  55  76  48
   9  41  20  56  62  63  50  61  76  39  46  34  32  58  36  6  1  66  11  15  42  7  67  77  26  57  49  74  65  24  4  27  44  60  10  28  31  71  25  70  38  59  23  17  16  29  18  3  40  33  45  47  21  43  73  78  13  68  64  37  72  12  2  53  22  30  5  14  55  75  52  35  19  69  51  48  8  54
   9  41  56  73  37  10  4  27  25  69  7  42  47  36  6  59  60  57  31  23  51  39  61  74  65  1  72  68  58  38  67  13  54  14  32  11  44  63  16  55  24  5  50  71  53  15  52  28  77  19  29  33  40  26  35  22  78  12  62  70  18  21  20  45  75  8  3  46  30  64  66  43  49  76  34  17  2  48
   9  43  65  56  13  27  50  37  10  39  2  71  32  30  38  6  55  17  11  35  18  7  51  33  26  54  21  74  20  78  4  63  64  60  76  12  31  34  22  70  36  14  23  66  52  29  42  69  40  77  8  47  49  41  73  24  62  68  44  61  72  28  46  53  25  58  5  59  1  75  16  15  19  3  67  48  45  57
   9  43  76  77  29  32  50  33  65  63  41  66  25  6  18  67  12  21  47  19  39  75  35  22  49  59  54  40  44  52  17  23  30  46  70  55  34  3  14  53  42  73  16  31  7  69  62  56  13  5  1  15  20  10  61  74  36  78  58  8  60  51  28  57  45  64  27  2  24  26  72  11  71  68  38  37  4  48
   9  47  38  7  13  76  64  45  67  51  31  36  59  24  42  5  72  27  1  11  15  69  61  74  17  19  18  62  16  2  73  43  60  32  68  65  14  39  10  49  78  53  26  29  71  21  4  34  41  55  23  57  58  56  35  22  30  54  50  40  66  33  44  3  63  20  75  70  12  28  6  25  37  52  46  77  8  48
   9  49  58  11  5  20  32  51  29  45  65  60  37  72  54  13  24  69  17  7  3  27  35  22  1  77  78  34  2  16  23  53  36  64  28  31  4  57  8  47  18  43  70  67  25  75  14  62  55  41  73  39  38  40  61  74  66  42  46  56  30  63  52  15  33  76  21  26  6  68  12  71  59  44  50  19  10  48
   9  53  20  19  67  64  46  63  31  33  55  30  71  12  78  29  6  75  49  77  57  21  61  74  47  37  42  56  52  44  1  73  66  50  26  41  62  15  4  43  54  23  2  65  11  27  34  40  5  13  17  3  76  8  35  22  60  18  38  10  36  45  68  39  51  32  69  16  72  70  24  7  25  28  58  59  14  48
   9  54  8  48  51  69  19  35  52  75  55  14  5  30  22  53  2  12  72  37  64  68  13  78  73  43  21  47  45  33  40  3  18  29  16  17  23  59  38  70  25  71  31  28  10  60  44  27  4  24  65  74  49  57  26  77  67  7  42  15  11  66  1  6  36  58  32  34  46  39  76  61  50  63  62  56  20  41
   9  57  45  48  67  3  19  15  16  75  1  59  5  58  25  53  46  28  72  61  44  68  62  24  73  41  49  47  8  77  40  69  42  29  52  66  23  14  36  70  22  34  31  12  76  60  64  63  4  78  20  74  21  54  26  33  51  7  18  35  11  17  55  6  38  30  32  71  2  39  10  37  50  27  13  56  65  43
   9  59  2  31  43  52  28  3  73  15  1  24  5  78  36  53  18  45  19  65  21  51  61  74  77  55  66  50  10  8  7  25  72  68  62  17  32  69  76  37  30  71  56  23  29  33  64  46  47  49  11  27  16  38  35  22  12  60  26  58  6  57  14  75  39  44  63  40  54  34  42  67  13  4  70  41  20  48
   9  61  36  7  65  28  23  33  13  53  52  54  50  58  42  74  10  59  40  78  2  75  8  63  32  15  49  60  38  3  73  12  55  48  62  34  11  57  44  70  18  43  72  14  51  56  46  66  26  27  25  29  21  37  5  69  20  39  1  77  4  71  16  47  64  30  19  41  76  6  67  24  31  17  45  68  22  35
   9  63  46  6  42  57  4  28  38  29  45  78  72  30  52  48  20  61  32  66  67  74  44  71  23  3  21  68  2  14  19  54  62  39  36  15  26  24  10  70  16  33  73  37  22  75  51  41  50  34  1  7  49  27  31  59  18  47  13  12  5  35  8  56  76  58  11  77  65  60  25  17  40  43  64  53  55  69
   9  66  10  47  55  61  26  59  64  48  36  27  40  30  62  7  25  78  19  34  65  29  2  41  11  28  21  75  76  57  23  37  8  6  44  33  5  63  67  70  13  69  32  24  18  53  20  15  31  43  52  39  49  17  72  54  1  60  45  14  50  77  38  68  51  58  4  3  22  56  42  71  73  35  46  74  16  12
   9  67  4  47  11  62  56  27  77  69  59  42  73  36  6  7  60  57  5  49  51  39  35  22  13  53  72  16  32  64  41  65  54  40  58  37  70  63  68  29  24  31  76  19  1  15  26  2  25  71  55  33  14  52  61  74  78  12  10  44  18  21  46  45  75  34  3  20  30  38  66  17  23  50  8  43  28  48
   9  69  55  53  64  43  40  17  25  60  65  77  11  58  76  56  8  35  5  12  13  47  18  59  31  27  49  7  1  34  50  41  51  75  22  37  73  33  16  70  10  24  26  15  36  39  62  54  19  14  2  68  21  3  23  71  44  74  67  66  32  61  20  48  52  30  72  78  45  29  38  28  4  57  42  6  46  63
   9  73  64  59  65  50  38  45  41  51  5  36  7  24  42  31  72  27  53  37  15  69  35  22  43  71  18  10  68  28  47  17  60  58  16  13  40  39  62  23  78  1  52  55  19  21  56  8  67  29  49  57  32  4  61  74  30  54  76  14  66  33  70  3  63  46  75  44  12  2  6  77  11  26  20  25  34  48
   9  77  26  67  49  16  52  57  43  39  73  6  41  42  66  47  54  33  7  29  69  63  61  74  11  31  60  32  40  56  25  37  12  44  14  23  20  75  58  19  36  59  62  53  5  51  76  64  17  1  71  21  70  50  35  22  24  30  68  46  72  15  8  27  3  2  45  34  78  4  18  13  55  10  28  65  38  48
   10  6  9  2  26  5  35  76  8  22  20  1  54  31  25  72  67  4  56  18  34  16  62  75  42  50  7  27  77  21  32  68  19  63  51  78  69  52  53  14  13  30  39  12  24  58  29  71  60  38  66  46  11  3  36  23  55  73  57  17  43  28  33  64  70  15  40  59  61  47  37  74  44  65  41  48  45  49
   10  8  29  6  18  27  3  4  48  16  54  25  32  1  37  2  19  46  72  14  22  52  36  23  26  30  67  77  63  35  60  78  73  17  11  44  59  70  51  12  31  20  5  50  56  34  39  21  74  24  38  28  69  65  62  75  13  61  53  33  7  58  41  76  40  71  64  15  55  9  43  42  66  57  45  68  47  49
   10  12  69  14  2  71  17  16  50  4  44  73  66  19  61  18  1  52  26  6  76  46  62  75  72  68  31  21  35  63  38  20  25  3  9  54  39  28  47  8  67  78  15  48  42  64  59  77  24  74  60  70  29  33  36  23  7  37  45  65  13  40  57  22  58  27  34  5  43  11  55  56  32  41  53  30  51  49
   10  14  11  18  72  15  63  22  12  76  78  19  44  67  73  26  31  16  42  2  64  4  36  23  56  48  13  71  21  77  66  30  1  35  47  20  29  46  45  6  7  68  59  8  74  40  69  27  38  60  32  52  9  17  62  75  43  25  41  3  55  70  65  34  28  5  58  39  37  51  61  24  54  33  57  50  53  49
   10  18  51  26  56  59  77  34  14  64  68  67  78  7  19  42  13  22  74  72  40  76  62  75  24  8  55  15  71  27  44  50  31  21  45  30  9  4  41  2  43  48  69  6  60  70  11  5  66  32  54  16  47  63  36  23  37  1  33  35  61  52  3  58  46  39  28  29  25  53  73  38  20  17  65  12  57  49
   10  24  33  38  32  47  59  52  56  46  14  61  12  73  55  66  25  70  44  60  4  28  62  75  54  26  1  9  29  69  50  2  37  39  3  6  57  58  35  74  19  18  45  42  78  76  41  11  30  68  48  40  65  15  36  23  67  43  21  5  31  64  27  16  34  51  22  53  7  17  13  20  8  71  77  72  63  49
   10  26  53  42  24  69  27  58  18  40  48  7  68  43  67  74  55  34  60  56  70  64  36  23  38  6  61  59  15  5  78  12  13  71  41  50  47  76  33  72  37  8  11  2  32  52  51  39  44  54  20  22  45  77  62  75  25  31  17  21  73  16  35  28  4  29  46  9  1  57  19  66  30  63  3  14  65  49
   10  28  31  71  25  70  38  59  23  17  16  29  18  3  40  33  45  47  21  43  73  78  13  68  64  37  72  12  2  53  22  30  5  14  55  75  52  35  19  69  51  48  8  54  9  41  20  56  62  63  50  61  76  39  46  34  32  58  36  6  1  66  11  15  42  7  67  77  26  57  49  74  65  24  4  27  44  60
   10  30  11  33  20  60  22  66  40  41  44  53  1  3  9  27  2  6  18  54  4  12  36  29  8  24  72  58  16  48  65  37  32  17  51  74  64  34  23  69  49  68  46  59  19  57  13  39  38  35  26  78  76  70  52  77  73  61  25  75  67  43  50  71  55  7  21  63  31  14  42  47  62  28  5  15  45  56
   10  30  15  50  8  35  41  70  20  28  38  55  24  61  13  12  37  40  14  48  46  58  62  75  6  44  25  3  65  33  56  32  43  57  39  60  27  34  29  68  73  66  21  78  18  4  71  17  72  26  42  64  5  45  36  23  19  7  9  53  1  76  51  52  22  63  16  77  67  59  31  2  74  47  11  54  69  49
   10  37  50  27  13  56  65  43  9  57  45  48  67  3  19  15  16  75  1  59  5  58  25  53  46  28  72  61  44  68  62  24  73  41  49  47  8  77  40  69  42  29  52  66  23  14  36  70  22  34  31  12  76  60  64  63  4  78  20  74  21  54  26  33  51  7  18  35  11  17  55  6  38  30  32  71  2  39
   10  38  17  66  54  45  69  16  24  4  18  73  14  19  61  44  1  52  78  32  76  46  36  23  20  42  31  47  9  11  12  72  25  29  35  2  65  28  21  60  67  26  41  74  68  64  33  51  50  48  8  70  3  59  62  75  7  37  71  39  13  40  5  22  58  53  34  57  43  63  55  30  6  15  27  56  77  49
   10  39  2  71  32  30  38  6  55  17  11  35  18  7  51  33  26  54  21  74  20  78  4  63  64  60  76  12  31  34  22  70  36  14  23  66  52  29  42  69  40  77  8  47  49  41  73  24  62  68  44  61  72  28  46  53  25  58  5  59  1  75  16  15  19  3  67  48  45  57  9  43  65  56  13  27  50  37
   10  42  57  74  38  11  5  28  26  70  8  43  48  37  7  60  61  58  32  24  52  40  62  75  66  2  73  69  59  39  68  14  55  15  33  12  45  64  17  56  25  6  51  72  54  16  53  29  78  20  30  34  41  27  36  23  1  13  63  71  19  22  21  46  76  9  4  47  31  65  67  44  50  77  35  18  3  49
   10  47  55  61  26  59  64  48  36  27  40  30  62  7  25  78  19  34  65  29  2  41  11  28  21  75  76  57  23  37  8  6  44  33  5  63  67  70  13  69  32  24  18  53  20  15  31  43  52  39  49  17  72  54  1  60  45  14  50  77  38  68  51  58  4  3  22  56  42  71  73  35  46  74  16  12  9  66
   10  50  59  12  6  21  33  52  30  46  66  61  38  73  55  14  25  70  18  8  4  28  36  23  2  78  1  35  3  17  24  54  37  65  29  32  5  58  9  48  19  44  71  68  26  76  15  63  56  42  74  40  39  41  62  75  67  43  47  57  31  64  53  16  34  77  22  27  7  69  13  72  60  45  51  20  11  49
   10  54  21  20  68  65  47  64  32  34  56  31  72  13  1  30  7  76  50  78  58  22  62  75  48  38  43  57  53  45  2  74  67  51  27  42  63  16  5  44  55  24  3  66  12  28  35  41  6  14  18  4  77  9  36  23  61  19  39  11  37  46  69  40  52  33  70  17  73  71  25  8  26  29  59  60  15  49
   10  56  41  24  60  9  15  70  72  28  12  55  50  61  13  38  37  40  66  74  46  58  36  23  32  18  25  29  39  59  30  6  43  5  65  8  53  34  3  42  73  14  47  26  44  4  45  69  20  78  68  64  57  71  62  75  19  7  35  27  1  76  77  52  22  11  16  51  67  33  31  54  48  21  63  2  17  49
   10  56  45  15  5  28  62  47  42  14  31  63  21  7  55  71  50  43  67  75  25  61  73  77  52  70  76  78  26  35  38  39  13  57  19  59  46  68  49  69  23  34  64  74  51  17  32  37  65  48  16  58  72  24  8  29  36  12  4  54  18  6  2  27  9  3  1  53  44  41  40  66  22  60  20  33  11  30
   10  60  3  32  44  53  29  4  74  16  2  25  6  1  37  54  19  46  20  66  22  52  62  75  78  56  67  51  11  9  8  26  73  69  63  18  33  70  77  38  31  72  57  24  30  34  65  47  48  50  12  28  17  39  36  23  13  61  27  59  7  58  15  76  40  45  64  41  55  35  43  68  14  5  71  42  21  49
   10  60  44  27  4  24  65  74  49  57  26  77  67  7  42  15  11  66  1  6  36  58  32  34  46  39  76  61  50  63  62  56  20  41  9  54  8  48  51  69  19  35  52  75  55  14  5  30  22  53  2  12  72  37  64  68  13  78  73  43  21  47  45  33  40  3  18  29  16  17  23  59  38  70  25  71  31  28
   10  66  9  12  16  74  46  35  73  71  42  56  22  3  4  58  51  68  38  77  50  14  45  60  1  54  72  17  49  39  52  43  31  15  20  53  18  24  32  69  13  70  67  63  5  33  44  6  8  37  23  57  76  75  21  28  11  41  2  29  65  34  19  78  25  7  62  30  40  27  36  48  64  59  26  61  55  47
   10  66  63  44  20  41  11  22  38  76  26  19  18  67  73  78  31  16  68  54  64  4  62  75  30  74  13  45  47  51  14  56  1  9  21  72  3  46  71  32  7  42  33  60  48  40  17  53  12  8  6  52  35  69  36  23  43  25  15  29  55  70  39  34  28  57  58  65  37  77  61  50  2  59  5  24  27  49
   10  70  16  33  73  37  22  75  51  41  50  34  1  7  49  27  31  59  18  47  13  12  5  35  8  56  76  58  11  77  65  60  25  17  40  43  64  53  55  69  9  63  46  6  42  57  4  28  38  29  45  78  72  30  52  48  20  61  32  66  67  74  44  71  23  3  21  68  2  14  19  54  62  39  36  15  26  24
   10  75  49  12  11  43  46  29  20  71  19  24  22  7  13  58  40  63  38  48  44  14  26  37  1  47  76  17  9  28  52  74  2  15  73  34  18  56  25  69  4  30  67  68  36  33  50  59  8  60  55  57  72  66  21  39  16  41  31  35  65  53  42  78  32  3  62  70  51  27  5  77  64  6  45  61  23  54
   11  7  10  3  27  6  36  77  9  23  21  2  55  32  26  73  68  5  57  19  35  17  63  76  43  51  8  28  78  22  33  69  20  64  52  1  70  53  54  15  14  31  40  13  25  59  30  72  61  39  67  47  12  4  37  24  56  74  58  18  44  29  34  65  71  16  41  60  62  48  38  75  45  66  42  49  46  50
   11  9  30  7  19  28  4  5  49  17  55  26  33  2  38  3  20  47  73  15  23  53  37  24  27  31  68  78  64  36  61  1  74  18  12  45  60  71  52  13  32  21  6  51  57  35  40  22  75  25  39  29  70  66  63  76  14  62  54  34  8  59  42  77  41  72  65  16  56  10  44  43  67  58  46  69  48  50
   11  12  49  75  10  54  23  61  45  6  64  77  5  27  51  70  62  3  32  78  42  53  65  35  31  41  16  39  21  66  72  57  55  60  8  59  50  33  36  68  67  30  4  69  25  56  18  34  73  15  2  74  52  28  9  17  76  47  1  37  26  14  44  48  38  63  40  58  13  7  22  24  19  71  20  29  46  43
   11  13  70  15  3  72  18  17  51  5  45  74  67  20  62  19  2  53  27  7  77  47  63  76  73  69  32  22  36  64  39  21  26  4  10  55  40  29  48  9  68  1  16  49  43  65  60  78  25  75  61  71  30  34  37  24  8  38  46  66  14  41  58  23  59  28  35  6  44  12  56  57  33  42  54  31  52  50
   11  15  12  19  73  16  64  23  13  77  1  20  45  68  74  27  32  17  43  3  65  5  37  24  57  49  14  72  22  78  67  31  2  36  48  21  30  47  46  7  8  69  60  9  75  41  70  28  39  61  33  53  10  18  63  76  44  26  42  4  56  71  66  35  29  6  59  40  38  52  62  25  55  34  58  51  54  50
   11  17  55  6  38  30  32  71  2  39  10  37  50  27  13  56  65  43  9  57  45  48  67  3  19  15  16  75  1  59  5  58  25  53  46  28  72  61  44  68  62  24  73  41  49  47  8  77  40  69  42  29  52  66  23  14  36  70  22  34  31  12  76  60  64  63  4  78  20  74  21  54  26  33  51  7  18  35
   11  21  72  31  49  4  46  41  55  59  25  14  57  56  32  51  44  65  13  69  29  35  37  24  9  67  38  66  58  42  73  61  8  54  6  75  78  23  40  1  62  39  36  45  15  47  22  34  3  19  27  77  28  48  63  76  74  68  30  52  26  5  12  71  17  18  53  64  20  16  2  7  43  10  70  33  60  50
   11  24  38  47  2  69  50  66  65  70  45  12  19  63  1  74  25  33  72  35  62  6  49  71  40  37  52  56  36  57  31  3  64  75  20  58  26  28  18  68  55  41  32  77  10  29  13  14  9  34  67  60  16  78  5  54  46  7  44  17  73  30  8  39  42  27  23  43  22  48  76  15  4  59  21  53  51  61
   11  27  54  43  25  70  28  59  19  41  49  8  69  44  68  75  56  35  61  57  71  65  37  24  39  7  62  60  16  6  1  13  14  72  42  51  48  77  34  73  38  9  12  3  33  53  52  40  45  55  21  23  46  78  63  76  26  32  18  22  74  17  36  29  5  30  47  10  2  58  20  67  31  64  4  15  66  50
   11  34  62  48  55  12  73  3  38  60  49  15  32  63  8  75  2  78  40  59  10  74  42  58  50  54  52  53  13  33  23  28  65  7  36  61  9  35  22  68  45  17  31  24  67  6  76  41  19  30  64  47  16  71  4  77  1  39  20  69  5  37  21  29  25  27  26  66  46  56  51  14  72  43  18  70  44  57
   11  35  18  7  51  33  26  54  21  74  20  78  4  63  64  60  76  12  31  34  22  70  36  14  23  66  52  29  42  69  40  77  8  47  49  41  73  24  62  68  44  61  72  28  46  53  25  58  5  59  1  75  16  15  19  3  67  48  45  57  9  43  65  56  13  27  50  37  10  39  2  71  32  30  38  6  55  17
   11  43  46  29  20  71  19  24  22  7  13  58  40  63  38  48  44  14  26  37  1  47  76  17  9  28  52  74  2  15  73  34  18  56  25  69  4  30  67  68  36  33  50  59  8  60  55  57  72  66  21  39  16  41  31  35  65  53  42  78  32  3  62  70  51  27  5  77  64  6  45  61  23  54  10  75  49  12
   11  51  60  13  7  22  34  53  31  47  67  62  39  74  56  15  26  71  19  9  5  29  37  24  3  1  2  36  4  18  25  55  38  66  30  33  6  59  10  49  20  45  72  69  27  77  16  64  57  43  75  41  40  42  63  76  68  44  48  58  32  65  54  17  35  78  23  28  8  70  14  73  61  46  52  21  12  50
   11  55  22  21  69  66  48  65  33  35  57  32  73  14  2  31  8  77  51  1  59  23  63  76  49  39  44  58  54  46  3  75  68  52  28  43  64  17  6  45  56  25  4  67  13  29  36  42  7  15  19  5  78  10  37  24  62  20  40  12  38  47  70  41  53  34  71  18  74  72  26  9  27  30  60  61  16  50
   11  57  42  25  61  10  16  71  73  29  13  56  51  62  14  39  38  41  67  75  47  59  37  24  33  19  26  30  40  60  31  7  44  6  66  9  54  35  4  43  74  15  48  27  45  5  46  70  21  1  69  65  58  72  63  76  20  8  36  28  2  77  78  53  23  12  17  52  68  34  32  55  49  22  64  3  18  50
   11  57  44  70  18  43  72  14  51  56  46  66  26  27  25  29  21  37  5  69  20  39  1  77  4  71  16  47  64  30  19  41  76  6  67  24  31  17  45  68  22  35  9  61  36  7  65  28  23  33  13  53  52  54  50  58  42  74  10  59  40  78  2  75  8  63  32  15  49  60  38  3  73  12  55  48  62  34
   11  61  4  33  45  54  30  5  75  17  3  26  7  2  38  55  20  47  21  67  23  53  63  76  1  57  68  52  12  10  9  27  74  70  64  19  34  71  78  39  32  73  58  25  31  35  66  48  49  51  13  29  18  40  37  24  14  62  28  60  8  59  16  77  41  46  65  42  56  36  44  69  15  6  72  43  22  50
   11  61  51  53  21  59  4  15  76  48  22  43  23  27  42  39  8  30  73  17  44  7  46  54  5  78  16  60  67  34  9  14  13  29  10  77  32  41  55  68  18  28  26  58  20  75  64  3  31  57  36  56  52  37  40  71  49  6  62  35  72  33  25  74  1  63  19  12  45  70  65  66  50  69  2  47  38  24
   11  73  46  57  75  30  72  41  3  59  51  14  31  56  32  25  44  65  39  43  29  35  63  76  61  15  38  40  6  16  21  9  8  28  58  49  52  23  66  27  62  13  10  19  67  47  48  60  55  45  1  77  54  22  37  24  74  68  4  78  26  5  64  71  17  70  53  12  20  42  2  33  69  36  18  7  34  50
   11  77  65  60  25  17  40  43  64  53  55  69  9  63  46  6  42  57  4  28  38  29  45  78  72  30  52  48  20  61  32  66  67  74  44  71  23  3  21  68  2  14  19  54  62  39  36  15  26  24  10  70  16  33  73  37  22  75  51  41  50  34  1  7  49  27  31  59  18  47  13  12  5  35  8  56  76  58
   12  2  29  70  52  19  55  60  46  42  76  9  44  45  69  50  57  36  10  32  72  66  64  77  14  34  63  35  43  59  28  40  15  47  17  26  23  78  61  22  39  62  65  56  8  54  1  67  20  4  74  24  73  53  38  25  27  33  71  49  75  18  11  30  6  5  48  37  3  7  21  16  58  13  31  68  41  51
   12  4  49  74  44  41  23  66  8  36  32  33  22  15  3  58  9  78  26  28  60  24  38  25  76  14  45  7  29  73  56  50  69  1  55  70  13  18  59  20  57  52  31  16  40  30  11  17  34  68  46  6  53  37  64  77  63  21  67  65  39  48  19  42  54  61  72  71  75  47  27  62  2  5  35  10  43  51
   12  9  66  10  47  55  61  26  59  64  48  36  27  40  30  62  7  25  78  19  34  65  29  2  41  11  28  21  75  76  57  23  37  8  6  44  33  5  63  67  70  13  69  32  24  18  53  20  15  31  43  52  39  49  17  72  54  1  60  45  14  50  77  38  68  51  58  4  3  22  56  42  71  73  35  46  74  16
   12  10  31  8  20  29  5  6  50  18  56  27  34  3  39  4  21  48  74  16  24  54  38  25  28  32  69  1  65  37  62  2  75  19  13  46  61  72  53  14  33  22  7  52  58  36  41  23  76  26  40  30  71  67  64  77  15  63  55  35  9  60  43  78  42  73  66  17  57  11  45  44  68  59  47  70  49  51
   12  11  43  46  29  20  71  19  24  22  7  13  58  40  63  38  48  44  14  26  37  1  47  76  17  9  28  52  74  2  15  73  34  18  56  25  69  4  30  67  68  36  33  50  59  8  60  55  57  72  66  21  39  16  41  31  35  65  53  42  78  32  3  62  70  51  27  5  77  64  6  45  61  23  54  10  75  49
   12  14  71  16  4  73  19  18  52  6  46  75  68  21  63  20  3  54  28  8  78  48  64  77  74  70  33  23  37  65  40  22  27  5  11  56  41  30  49  10  69  2  17  50  44  66  61  1  26  76  62  72  31  35  38  25  9  39  47  67  15  42  59  24  60  29  36  7  45  13  57  58  34  43  55  32  53  51
   12  20  7  38  37  9  15  25  68  8  66  31  78  51  6  10  43  19  58  44  47  52  34  4  33  55  39  65  3  5  61  49  29  22  63  26  17  2  56  67  59  72  41  42  70  64  54  11  71  13  48  1  28  73  69  36  60  21  35  32  27  45  75  46  24  40  14  76  74  18  30  50  57  16  53  62  77  23
   12  22  73  32  50  5  47  42  56  60  26  15  58  57  33  52  45  66  14  70  30  36  38  25  10  68  39  67  59  43  74  62  9  55  7  76  1  24  41  2  63  40  37  46  16  48  23  35  4  20  28  78  29  49  64  77  75  69  31  53  27  6  13  72  18  19  54  65  21  17  3  8  44  11  71  34  61  51
   12  23  77  62  53  16  57  50  30  18  74  76  14  40  24  46  75  45  27  32  35  21  60  36  69  73  28  1  48  13  71  11  54  64  70  42  41  72  59  67  56  2  17  26  63  22  29  49  61  5  3  65  39  55  33  4  34  52  47  44  58  19  43  10  6  51  78  31  66  8  68  25  15  9  37  38  7  20
   12  25  6  52  3  26  41  13  60  46  30  23  15  51  47  65  63  72  71  36  75  18  77  9  78  44  39  22  59  11  69  45  74  62  37  31  58  55  29  67  54  73  27  76  53  38  66  19  33  49  56  64  28  32  14  16  7  8  43  4  61  2  70  1  35  40  57  20  68  10  34  5  17  42  48  21  24  50
   12  28  55  44  26  71  29  60  20  42  50  9  70  45  69  76  57  36  62  58  72  66  38  25  40  8  63  61  17  7  2  14  15  73  43  52  49  78  35  74  39  10  13  4  34  54  53  41  46  56  22  24  47  1  64  77  27  33  19  23  75  18  37  30  6  31  48  11  3  59  21  68  32  65  5  16  67  51
   12  32  59  52  7  45  41  4  37  46  70  55  15  40  54  65  68  76  71  5  66  18  48  49  78  50  28  22  6  16  69  26  43  62  60  2  58  23  35  67  47  20  27  72  34  38  75  42  33  9  24  64  39  25  14  11  3  8  74  13  61  31  30  1  29  51  57  73  63  10  53  36  17  19  77  21  56  44
   12  44  56  21  77  19  17  36  53  10  63  73  57  51  29  1  30  31  61  13  74  8  3  11  14  25  39  64  24  9  33  42  75  38  34  72  27  20  47  67  35  23  58  2  60  62  43  26  69  16  6  22  28  50  78  49  48  18  66  5  71  76  68  65  54  40  15  55  70  46  37  4  41  45  7  52  59  32
   12  50  24  21  48  42  17  5  34  10  68  20  57  40  35  1  70  2  61  4  43  8  7  16  14  32  28  64  56  49  33  19  66  38  53  76  27  73  54  67  29  55  58  31  37  62  74  45  69  11  59  22  39  44  78  9  77  18  75  36  71  72  63  65  47  51  15  23  30  46  60  13  41  26  3  52  6  25
   12  52  61  14  8  23  35  54  32  48  68  63  40  75  57  16  27  72  20  10  6  30  38  25  4  2  3  37  5  19  26  56  39  67  31  34  7  60  11  50  21  46  73  70  28  78  17  65  58  44  76  42  41  43  64  77  69  45  49  59  33  66  55  18  36  1  24  29  9  71  15  74  62  47  53  22  13  51
   12  56  23  22  70  67  49  66  34  36  58  33  74  15  3  32  9  78  52  2  60  24  64  77  50  40  45  59  55  47  4  76  69  53  29  44  65  18  7  46  57  26  5  68  14  30  37  43  8  16  20  6  1  11  38  25  63  21  41  13  39  48  71  42  54  35  72  19  75  73  27  10  28  31  61  62  17  51
   12  58  43  26  62  11  17  72  74  30  14  57  52  63  15  40  39  42  68  76  48  60  38  25  34  20  27  31  41  61  32  8  45  7  67  10  55  36  5  44  75  16  49  28  46  6  47  71  22  2  70  66  59  73  64  77  21  9  37  29  3  78  1  54  24  13  18  53  69  35  33  56  50  23  65  4  19  51
   12  62  5  34  46  55  31  6  76  18  4  27  8  3  39  56  21  48  22  68  24  54  64  77  2  58  69  53  13  11  10  28  75  71  65  20  35  72  1  40  33  74  59  26  32  36  67  49  50  52  14  30  19  41  38  25  15  63  29  61  9  60  17  78  42  47  66  43  57  37  45  70  16  7  73  44  23  51
   12  70  7  50  14  65  59  30  2  72  62  45  76  39  9  10  63  60  8  52  54  42  38  25  16  56  75  19  35  67  44  68  57  43  61  40  73  66  71  32  27  34  1  22  4  18  29  5  28  74  58  36  17  55  64  77  3  15  13  47  21  24  49  48  78  37  6  23  33  41  69  20  26  53  11  46  31  51
   12  73  3  38  60  49  15  32  63  8  75  2  78  40  59  10  74  42  58  50  54  52  53  13  33  23  28  65  7  36  61  9  35  22  68  45  17  31  24  67  6  76  41  19  30  64  47  16  71  4  77  1  39  20  69  5  37  21  29  25  27  26  66  46  56  51  14  72  43  18  70  44  57  11  34  62  48  55
   12  74  47  58  76  31  73  42  4  60  52  15  32  57  33  26  45  66  40  44  30  36  64  77  62  16  39  41  7  17  22  10  9  29  59  50  53  24  67  28  63  14  11  20  68  48  49  61  56  46  2  78  55  23  38  25  75  69  5  1  27  6  65  72  18  71  54  13  21  43  3  34  70  37  19  8  35  51
   13  3  30  71  53  20  56  61  47  43  77  10  45  46  70  51  58  37  11  33  73  67  65  78  15  35  64  36  44  60  29  41  16  48  18  27  24  1  62  23  40  63  66  57  9  55  2  68  21  5  75  25  74  54  39  26  28  34  72  50  76  19  12  31  7  6  49  38  4  8  22  17  59  14  32  69  42  52
   13  5  50  75  45  42  24  67  9  37  33  34  23  16  4  59  10  1  27  29  61  25  39  26  77  15  46  8  30  74  57  51  70  2  56  71  14  19  60  21  58  53  32  17  41  31  12  18  35  69  47  7  54  38  65  78  64  22  68  66  40  49  20  43  55  62  73  72  76  48  28  63  3  6  36  11  44  52
   13  6  21  34  40  61  16  56  38  54  31  69  44  75  65  30  26  12  42  68  1  43  32  33  76  29  62  59  9  71  51  60  52  24  5  57  2  7  64  66  73  58  45  39  18  63  23  41  25  48  10  35  4  14  49  53  67  37  11  78  36  47  46  3  50  17  20  70  8  28  19  27  55  74  22  77  72  15
   13  11  32  9  21  30  6  7  51  19  57  28  35  4  40  5  22  49  75  17  25  55  39  26  29  33  70  2  66  38  63  3  76  20  14  47  62  73  54  15  34  23  8  53  59  37  42  24  77  27  41  31  72  68  65  78  16  64  56  36  10  61  44  1  43  74  67  18  58  12  46  45  69  60  48  71  50  52
   13  15  72  17  5  74  20  19  53  7  47  76  69  22  64  21  4  55  29  9  1  49  65  78  75  71  34  24  38  66  41  23  28  6  12  57  42  31  50  11  70  3  18  51  45  67  62  2  27  77  63  73  32  36  39  26  10  40  48  68  16  43  60  25  61  30  37  8  46  14  58  59  35  44  56  33  54  52
   13  21  54  29  59  62  2  37  17  67  71  70  3  10  22  45  16  25  77  75  43  1  65  78  27  11  58  18  74  30  47  53  34  24  48  33  12  7  44  5  46  51  72  9  63  73  14  8  69  35  57  19  50  66  39  26  40  4  36  38  64  55  6  61  49  42  31  32  28  56  76  41  23  20  68  15  60  52
   13  23  74  33  51  6  48  43  57  61  27  16  59  58  34  53  46  67  15  71  31  37  39  26  11  69  40  68  60  44  75  63  10  56  8  77  2  25  42  3  64  41  38  47  17  49  24  36  5  21  29  1  30  50  65  78  76  70  32  54  28  7  14  73  19  20  55  66  22  18  4  9  45  12  72  35  62  52
   13  27  36  41  35  50  62  55  59  49  17  64  15  76  58  69  28  73  47  63  7  31  65  78  57  29  4  12  32  72  53  5  40  42  6  9  60  61  38  77  22  21  48  45  3  1  44  14  33  71  51  43  68  18  39  26  70  46  24  8  34  67  30  19  37  54  25  56  10  20  16  23  11  74  2  75  66  52
   13  27  50  37  10  39  2  71  32  30  38  6  55  17  11  35  18  7  51  33  26  54  21  74  20  78  4  63  64  60  76  12  31  34  22  70  36  14  23  66  52  29  42  69  40  77  8  47  49  41  73  24  62  68  44  61  72  28  46  53  25  58  5  59  1  75  16  15  19  3  67  48  45  57  9  43  65  56
   13  29  56  45  27  72  30  61  21  43  51  10  71  46  70  77  58  37  63  59  73  67  39  26  41  9  64  62  18  8  3  15  16  74  44  53  50  1  36  75  40  11  14  5  35  55  54  42  47  57  23  25  48  2  65  78  28  34  20  24  76  19  38  31  7  32  49  12  4  60  22  69  33  66  6  17  68  52
   13  33  18  53  11  38  44  73  23  31  41  58  27  64  16  15  40  43  17  51  49  61  65  78  9  47  28  6  68  36  59  35  46  60  42  63  30  37  32  71  76  69  24  3  21  7  74  20  75  29  45  67  8  48  39  26  22  10  12  56  4  1  54  55  25  66  19  2  70  62  34  5  77  50  14  57  72  52
   13  41  20  69  57  48  72  19  27  7  21  76  17  22  64  47  4  55  3  35  1  49  39  26  23  45  34  50  12  14  15  75  28  32  38  5  68  31  24  63  70  29  44  77  71  67  36  54  53  51  11  73  6  62  65  78  10  40  74  42  16  43  8  25  61  56  37  60  46  66  58  33  9  18  30  59  2  52
   13  41  26  3  52  6  25  12  50  24  21  48  42  17  5  34  10  68  20  57  40  35  1  70  2  61  4  43  8  7  16  14  32  28  64  56  49  33  19  66  38  53  76  27  73  54  67  29  55  58  31  37  62  74  45  69  11  59  22  39  44  78  9  77  18  75  36  71  72  63  65  47  51  15  23  30  46  60
   13  45  60  77  41  14  8  31  29  73  11  46  51  40  10  63  64  61  35  27  55  43  65  78  69  5  76  72  62  42  71  17  58  18  36  15  48  67  20  59  28  9  54  75  57  19  56  32  3  23  33  37  44  30  39  26  4  16  66  74  22  25  24  49  1  12  7  50  34  68  70  47  53  2  38  21  6  52
   13  47  2  3  33  36  54  37  69  67  45  70  29  10  22  71  16  25  51  23  43  1  39  26  53  63  58  44  48  56  21  27  34  50  74  59  38  7  18  57  46  77  20  35  11  73  66  60  17  9  5  19  24  14  65  78  40  4  62  12  64  55  32  61  49  68  31  6  28  30  76  15  75  72  42  41  8  52
   13  53  62  15  9  24  36  55  33  49  69  64  41  76  58  17  28  73  21  11  7  31  39  26  5  3  4  38  6  20  27  57  40  68  32  35  8  61  12  51  22  47  74  71  29  1  18  66  59  45  77  43  42  44  65  78  70  46  50  60  34  67  56  19  37  2  25  30  10  72  16  75  63  48  54  23  14  52
   13  56  65  43  9  57  45  48  67  3  19  15  16  75  1  59  5  58  25  53  46  28  72  61  44  68  62  24  73  41  49  47  8  77  40  69  42  29  52  66  23  14  36  70  22  34  31  12  76  60  64  63  4  78  20  74  21  54  26  33  51  7  18  35  11  17  55  6  38  30  32  71  2  39  10  37  50  27
   13  57  24  23  71  68  50  67  35  37  59  34  75  16  4  33  10  1  53  3  61  25  65  78  51  41  46  60  56  48  5  77  70  54  30  45  66  19  8  47  58  27  6  69  15  31  38  44  9  17  21  7  2  12  39  26  64  22  42  14  40  49  72  43  55  36  73  20  76  74  28  11  29  32  62  63  18  52
   13  59  44  27  63  12  18  73  75  31  15  58  53  64  16  41  40  43  69  77  49  61  39  26  35  21  28  32  42  62  33  9  46  8  68  11  56  37  6  45  76  17  50  29  47  7  48  72  23  3  71  67  60  74  65  78  22  10  38  30  4  1  2  55  25  14  19  54  70  36  34  57  51  24  66  5  20  52
   13  60  46  30  23  15  51  47  65  63  72  71  36  75  18  77  9  78  44  39  22  59  11  69  45  74  62  37  31  58  55  29  67  54  73  27  76  53  38  66  19  33  49  56  64  28  32  14  16  7  8  43  4  61  2  70  1  35  40  57  20  68  10  34  5  17  42  48  21  24  50  12  25  6  52  3  26  41
   13  63  6  35  47  56  32  7  77  19  5  28  9  4  40  57  22  49  23  69  25  55  65  78  3  59  70  54  14  12  11  29  76  72  66  21  36  73  2  41  34  75  60  27  33  37  68  50  51  53  15  31  20  42  39  26  16  64  30  62  10  61  18  1  43  48  67  44  58  38  46  71  17  8  74  45  24  52
   13  71  8  51  15  66  60  31  3  73  63  46  77  40  10  11  64  61  9  53  55  43  39  26  17  57  76  20  36  68  45  69  58  44  62  41  74  67  72  33  28  35  2  23  5  19  30  6  29  75  59  37  18  56  65  78  4  16  14  48  22  25  50  49  1  38  7  24  34  42  70  21  27  54  12  47  32  52
   13  75  48  59  77  32  74  43  5  61  53  16  33  58  34  27  46  67  41  45  31  37  65  78  63  17  40  42  8  18  23  11  10  30  60  51  54  25  68  29  64  15  12  21  69  49  50  62  57  47  3  1  56  24  39  26  76  70  6  2  28  7  66  73  19  72  55  14  22  44  4  35  71  38  20  9  36  52
   14  2  68  21  3  23  71  44  74  67  66  32  61  20  48  52  30  72  78  45  29  38  28  4  57  42  6  46  63  9  69  55  53  64  43  40  17  25  60  65  77  11  58  76  56  8  35  5  12  13  47  18  59  31  27  49  7  1  34  50  41  51  75  22  37  73  33  16  70  10  24  26  15  36  39  62  54  19
   14  6  51  76  46  43  25  68  10  38  34  35  24  17  5  60  11  2  28  30  62  26  40  27  78  16  47  9  31  75  58  52  71  3  57  72  15  20  61  22  59  54  33  18  42  32  13  19  36  70  48  8  55  39  66  1  65  23  69  67  41  50  21  44  56  63  74  73  77  49  29  64  4  7  37  12  45  53
   14  12  33  10  22  31  7  8  52  20  58  29  36  5  41  6  23  50  76  18  26  56  40  27  30  34  71  3  67  39  64  4  77  21  15  48  63  74  55  16  35  24  9  54  60  38  43  25  78  28  42  32  73  69  66  1  17  65  57  37  11  62  45  2  44  75  68  19  59  13  47  46  70  61  49  72  51  53
   14  16  73  18  6  75  21  20  54  8  48  77  70  23  65  22  5  56  30  10  2  50  66  1  76  72  35  25  39  67  42  24  29  7  13  58  43  32  51  12  71  4  19  52  46  68  63  3  28  78  64  74  33  37  40  27  11  41  49  69  17  44  61  26  62  31  38  9  47  15  59  60  36  45  57  34  55  53
   14  18  15  22  76  19  67  26  16  2  4  23  48  71  77  30  35  20  46  6  68  8  40  27  60  52  17  75  25  3  70  34  5  39  51  24  33  50  49  10  11  72  63  12  78  44  73  31  42  64  36  56  13  21  66  1  47  29  45  7  59  74  69  38  32  9  62  43  41  55  65  28  58  37  61  54  57  53
   14  22  55  30  60  63  3  38  18  68  72  71  4  11  23  46  17  26  78  76  44  2  66  1  28  12  59  19  75  31  48  54  35  25  49  34  13  8  45  6  47  52  73  10  64  74  15  9  70  36  58  20  51  67  40  27  41  5  37  39  65  56  7  62  50  43  32  33  29  57  77  42  24  21  69  16  61  53
   14  24  75  34  52  7  49  44  58  62  28  17  60  59  35  54  47  68  16  72  32  38  40  27  12  70  41  69  61  45  76  64  11  57  9  78  3  26  43  4  65  42  39  48  18  50  25  37  6  22  30  2  31  51  66  1  77  71  33  55  29  8  15  74  20  21  56  67  23  19  5  10  46  13  73  36  63  53
   14  28  37  42  36  51  63  56  60  50  18  65  16  77  59  70  29  74  48  64  8  32  66  1  58  30  5  13  33  73  54  6  41  43  7  10  61  62  39  78  23  22  49  46  4  2  45  15  34  72  52  44  69  19  40  27  71  47  25  9  35  68  31  20  38  55  26  57  11  21  17  24  12  75  3  76  67  53
   14  30  57  46  28  73  31  62  22  44  52  11  72  47  71  78  59  38  64  60  74  68  40  27  42  10  65  63  19  9  4  16  17  75  45  54  51  2  37  76  41  12  15  6  36  56  55  43  48  58  24  26  49  3  66  1  29  35  21  25  77  20  39  32  8  33  50  13  5  61  23  70  34  67  7  18  69  53
   14  31  63  21  7  55  71  50  43  67  75  25  61  73  77  52  70  76  78  26  35  38  39  13  57  19  59  46  68  49  69  23  34  64  74  51  17  32  37  65  48  16  58  72  24  8  29  36  12  4  54  18  6  2  27  9  3  1  53  44  41  40  66  22  60  20  33  11  30  10  56  45  15  5  28  62  47  42
   14  42  21  70  58  49  73  20  28  8  22  77  18  23  65  48  5  56  4  36  2  50  40  27  24  46  35  51  13  15  16  76  29  33  39  6  69  32  25  64  71  30  45  78  72  68  37  55  54  52  12  74  7  63  66  1  11  41  75  43  17  44  9  26  62  57  38  61  47  67  59  34  10  19  31  60  3  53
   14  42  47  62  28  5  15  45  56  10  30  11  33  20  60  22  66  40  41  44  53  1  3  9  27  2  6  18  54  4  12  36  29  8  24  72  58  16  48  65  37  32  17  51  74  64  34  23  69  49  68  46  59  19  57  13  39  38  35  26  78  76  70  52  77  73  61  25  75  67  43  50  71  55  7  21  63  31
   14  48  3  4  34  37  55  38  70  68  46  71  30  11  23  72  17  26  52  24  44  2  40  27  54  64  59  45  49  57  22  28  35  51  75  60  39  8  19  58  47  78  21  36  12  74  67  61  18  10  6  20  25  15  66  1  41  5  63  13  65  56  33  62  50  69  32  7  29  31  77  16  76  73  43  42  9  53
   14  52  43  12  18  3  69  50  72  56  36  41  64  29  47  10  77  32  6  16  20  74  66  1  22  24  23  67  21  7  78  48  65  37  73  70  19  44  15  54  5  58  31  34  76  26  9  39  46  60  28  62  63  61  40  27  35  59  55  45  71  38  49  8  68  25  2  75  17  33  11  30  42  57  51  4  13  53
   14  54  63  16  10  25  37  56  34  50  70  65  42  77  59  18  29  74  22  12  8  32  40  27  6  4  5  39  7  21  28  58  41  69  33  36  9  62  13  52  23  48  75  72  30  2  19  67  60  46  78  44  43  45  66  1  71  47  51  61  35  68  57  20  38  3  26  31  11  73  17  76  64  49  55  24  15  53
   14  58  25  24  72  69  51  68  36  38  60  35  76  17  5  34  11  2  54  4  62  26  66  1  52  42  47  61  57  49  6  78  71  55  31  46  67  20  9  48  59  28  7  70  16  32  39  45  10  18  22  8  3  13  40  27  65  23  43  15  41  50  73  44  56  37  74  21  77  75  29  12  30  33  63  64  19  53
   14  60  45  28  64  13  19  74  76  32  16  59  54  65  17  42  41  44  70  78  50  62  40  27  36  22  29  33  43  63  34  10  47  9  69  12  57  38  7  46  77  18  51  30  48  8  49  73  24  4  72  68  61  75  66  1  23  11  39  31  5  2  3  56  26  15  20  55  71  37  35  58  52  25  67  6  21  53
   14  70  67  48  24  45  15  26  42  2  30  23  22  71  77  4  35  20  72  58  68  8  66  1  34  78  17  49  51  55  18  60  5  13  25  76  7  50  75  36  11  46  37  64  52  44  21  57  16  12  10  56  39  73  40  27  47  29  19  33  59  74  43  38  32  61  62  69  41  3  65  54  6  63  9  28  31  53
   14  72  43  18  70  44  57  11  34  62  48  55  12  73  3  38  60  49  15  32  63  8  75  2  78  40  59  10  74  42  58  50  54  52  53  13  33  23  28  65  7  36  61  9  35  22  68  45  17  31  24  67  6  76  41  19  30  64  47  16  71  4  77  1  39  20  69  5  37  21  29  25  27  26  66  46  56  51
   14  76  74  18  30  50  57  16  53  62  77  23  12  20  7  38  37  9  15  25  68  8  66  31  78  51  6  10  43  19  58  44  47  52  34  4  33  55  39  65  3  5  61  49  29  22  63  26  17  2  56  67  59  72  41  42  70  64  54  11  71  13  48  1  28  73  69  36  60  21  35  32  27  45  75  46  24  40
   15  5  28  62  47  42  14  31  63  21  7  55  71  50  43  67  75  25  61  73  77  52  70  76  78  26  35  38  39  13  57  19  59  46  68  49  69  23  34  64  74  51  17  32  37  65  48  16  58  72  24  8  29  36  12  4  54  18  6  2  27  9  3  1  53  44  41  40  66  22  60  20  33  11  30  10  56  45
   15  13  34  11  23  32  8  9  53  21  59  30  37  6  42  7  24  51  77  19  27  57  41  28  31  35  72  4  68  40  65  5  78  22  16  49  64  75  56  17  36  25  10  55  61  39  44  26  1  29  43  33  74  70  67  2  18  66  58  38  12  63  46  3  45  76  69  20  60  14  48  47  71  62  50  73  52  54
   15  25  76  35  53  8  50  45  59  63  29  18  61  60  36  55  48  69  17  73  33  39  41  28  13  71  42  70  62  46  77  65  12  58  10  1  4  27  44  5  66  43  40  49  19  51  26  38  7  23  31  3  32  52  67  2  78  72  34  56  30  9  16  75  21  22  57  68  24  20  6  11  47  14  74  37  64  54
   15  26  24  10  70  16  33  73  37  22  75  51  41  50  34  1  7  49  27  31  59  18  47  13  12  5  35  8  56  76  58  11  77  65  60  25  17  40  43  64  53  55  69  9  63  46  6  42  57  4  28  38  29  45  78  72  30  52  48  20  61  32  66  67  74  44  71  23  3  21  68  2  14  19  54  62  39  36
   15  31  58  47  29  74  32  63  23  45  53  12  73  48  72  1  60  39  65  61  75  69  41  28  43  11  66  64  20  10  5  17  18  76  46  55  52  3  38  77  42  13  16  7  37  57  56  44  49  59  25  27  50  4  67  2  30  36  22  26  78  21  40  33  9  34  51  14  6  62  24  71  35  68  8  19  70  54
   15  36  39  62  54  19  14  2  68  21  3  23  71  44  74  67  66  32  61  20  48  52  30  72  78  45  29  38  28  4  57  42  6  46  63  9  69  55  53  64  43  40  17  25  60  65  77  11  58  76  56  8  35  5  12  13  47  18  59  31  27  49  7  1  34  50  41  51  75  22  37  73  33  16  70  10  24  26
   15  53  44  13  19  4  70  51  73  57  37  42  65  30  48  11  78  33  7  17  21  75  67  2  23  25  24  68  22  8  1  49  66  38  74  71  20  45  16  55  6  59  32  35  77  27  10  40  47  61  29  63  64  62  41  28  36  60  56  46  72  39  50  9  69  26  3  76  18  34  12  31  43  58  52  5  14  54
   15  61  46  29  65  14  20  75  77  33  17  60  55  66  18  43  42  45  71  1  51  63  41  28  37  23  30  34  44  64  35  11  48  10  70  13  58  39  8  47  78  19  52  31  49  9  50  74  25  5  73  69  62  76  67  2  24  12  40  32  6  3  4  57  27  16  21  56  72  38  36  59  53  26  68  7  22  54
   16  2  71  66  72  57  45  52  48  58  12  43  14  31  49  38  1  34  60  44  22  76  42  29  50  78  25  17  75  35  54  24  67  65  23  20  47  46  69  30  7  8  59  62  26  28  63  15  74  36  56  64  39  11  68  3  37  61  5  21  73  40  77  10  70  53  4  51  19  9  13  6  18  33  27  32  41  55
   16  6  33  74  56  23  59  64  50  46  2  13  48  49  73  54  61  40  14  36  76  70  68  3  18  38  67  39  47  63  32  44  19  51  21  30  27  4  65  26  43  66  69  60  12  58  5  71  24  8  78  28  77  57  42  29  31  37  75  53  1  22  15  34  10  9  52  41  7  11  25  20  62  17  35  72  45  55
   16  12  15  8  32  11  41  4  14  28  26  7  60  37  31  78  73  10  62  24  40  22  68  3  48  56  13  33  5  27  38  74  25  69  57  6  75  58  59  20  19  36  45  18  30  64  35  77  66  44  72  52  17  9  42  29  61  1  63  23  49  34  39  70  76  21  46  65  67  53  43  2  50  71  47  54  51  55
   16  14  35  12  24  33  9  10  54  22  60  31  38  7  43  8  25  52  78  20  28  58  42  29  32  36  73  5  69  41  66  6  1  23  17  50  65  76  57  18  37  26  11  56  62  40  45  27  2  30  44  34  75  71  68  3  19  67  59  39  13  64  47  4  46  77  70  21  61  15  49  48  72  63  51  74  53  55
   16  26  77  36  54  9  51  46  60  64  30  19  62  61  37  56  49  70  18  74  34  40  42  29  14  72  43  71  63  47  78  66  13  59  11  2  5  28  45  6  67  44  41  50  20  52  27  39  8  24  32  4  33  53  68  3  1  73  35  57  31  10  17  76  22  23  58  69  25  21  7  12  48  15  75  38  65  55
   16  32  59  48  30  75  33  64  24  46  54  13  74  49  73  2  61  40  66  62  76  70  42  29  44  12  67  65  21  11  6  18  19  77  47  56  53  4  39  78  43  14  17  8  38  58  57  45  50  60  26  28  51  5  68  3  31  37  23  27  1  22  41  34  10  35  52  15  7  63  25  72  36  69  9  20  71  55
   16  36  21  56  14  41  47  76  26  34  44  61  30  67  19  18  43  46  20  54  52  64  68  3  12  50  31  9  71  39  62  38  49  63  45  66  33  40  35  74  1  72  27  6  24  10  77  23  78  32  48  70  11  51  42  29  25  13  15  59  7  4  57  58  28  69  22  5  73  65  37  8  2  53  17  60  75  55
   16  48  63  2  44  17  11  34  32  76  14  49  54  43  13  66  67  64  38  30  58  46  68  3  72  8  1  75  65  45  74  20  61  21  39  18  51  70  23  62  31  12  57  78  60  22  59  35  6  26  36  40  47  33  42  29  7  19  69  77  25  28  27  52  4  15  10  53  37  71  73  50  56  5  41  24  9  55
   16  53  62  77  23  12  20  7  38  37  9  15  25  68  8  66  31  78  51  6  10  43  19  58  44  47  52  34  4  33  55  39  65  3  5  61  49  29  22  63  26  17  2  56  67  59  72  41  42  70  64  54  11  71  13  48  1  28  73  69  36  60  21  35  32  27  45  75  46  24  40  14  76  74  18  30  50  57
   16  54  45  14  20  5  71  52  74  58  38  43  66  31  49  12  1  34  8  18  22  76  68  3  24  26  25  69  23  9  2  50  67  39  75  72  21  46  17  56  7  60  33  36  78  28  11  41  48  62  30  64  65  63  42  29  37  61  57  47  73  40  51  10  70  27  4  77  19  35  13  32  44  59  53  6  15  55
   16  57  50  30  18  74  76  14  40  24  46  75  45  27  32  35  21  60  36  69  73  28  1  48  13  71  11  54  64  70  42  41  72  59  67  56  2  17  26  63  22  29  49  61  5  3  65  39  55  33  4  34  52  47  44  58  19  43  10  6  51  78  31  66  8  68  25  15  9  37  38  7  20  12  23  77  62  53
   16  58  72  24  8  29  36  12  4  54  18  6  2  27  9  3  1  53  44  41  40  66  22  60  20  33  11  30  10  56  45  15  5  28  62  47  42  14  31  63  21  7  55  71  50  43  67  75  25  61  73  77  52  70  76  78  26  35  38  39  13  57  19  59  46  68  49  69  23  34  64  74  51  17  32  37  65  48
   16  66  9  38  50  59  35  10  2  22  8  31  12  7  43  60  25  52  26  72  28  58  68  3  6  62  73  57  17  15  14  32  1  75  69  24  39  76  5  44  37  78  63  30  36  40  71  53  54  56  18  34  23  45  42  29  19  67  33  65  13  64  21  4  46  51  70  47  61  41  49  74  20  11  77  48  27  55
   16  74  11  54  18  69  63  34  6  76  66  49  2  43  13  14  67  64  12  56  58  46  42  29  20  60  1  23  39  71  48  72  61  47  65  44  77  70  75  36  31  38  5  26  8  22  33  9  32  78  62  40  21  59  68  3  7  19  17  51  25  28  53  52  4  41  10  27  37  45  73  24  30  57  15  50  35  55
   17  7  34  75  57  24  60  65  51  47  3  14  49  50  74  55  62  41  15  37  77  71  69  4  19  39  68  40  48  64  33  45  20  52  22  31  28  5  66  27  44  67  70  61  13  59  6  72  25  9  1  29  78  58  43  30  32  38  76  54  2  23  16  35  11  10  53  42  8  12  26  21  63  18  36  73  46  56
   17  25  58  33  63  66  6  41  21  71  75  74  7  14  26  49  20  29  3  1  47  5  69  4  31  15  62  22  78  34  51  57  38  28  52  37  16  11  48  9  50  55  76  13  67  77  18  12  73  39  61  23  54  70  43  30  44  8  40  42  68  59  10  65  53  46  35  36  32  60  2  45  27  24  72  19  64  56
   17  25  60  65  77  11  58  76  56  8  35  5  12  13  47  18  59  31  27  49  7  1  34  50  41  51  75  22  37  73  33  16  70  10  24  26  15  36  39  62  54  19  14  2  68  21  3  23  71  44  74  67  66  32  61  20  48  52  30  72  78  45  29  38  28  4  57  42  6  46  63  9  69  55  53  64  43  40
   17  32  37  65  48  16  58  72  24  8  29  36  12  4  54  18  6  2  27  9  3  1  53  44  41  40  66  22  60  20  33  11  30  10  56  45  15  5  28  62  47  42  14  31  63  21  7  55  71  50  43  67  75  25  61  73  77  52  70  76  78  26  35  38  39  13  57  19  59  46  68  49  69  23  34  64  74  51
   17  33  60  49  31  76  34  65  25  47  55  14  75  50  74  3  62  41  67  63  77  71  43  30  45  13  68  66  22  12  7  19  20  78  48  57  54  5  40  1  44  15  18  9  39  59  58  46  51  61  27  29  52  6  69  4  32  38  24  28  2  23  42  35  11  36  53  16  8  64  26  73  37  70  10  21  72  56
   17  37  22  57  15  42  48  77  27  35  45  62  31  68  20  19  44  47  21  55  53  65  69  4  13  51  32  10  72  40  63  39  50  64  46  67  34  41  36  75  2  73  28  7  25  11  78  24  1  33  49  71  12  52  43  30  26  14  16  60  8  5  58  59  29  70  23  6  74  66  38  9  3  54  18  61  76  56
   17  40  43  64  53  55  69  9  63  46  6  42  57  4  28  38  29  45  78  72  30  52  48  20  61  32  66  67  74  44  71  23  3  21  68  2  14  19  54  62  39  36  15  26  24  10  70  16  33  73  37  22  75  51  41  50  34  1  7  49  27  31  59  18  47  13  12  5  35  8  56  76  58  11  77  65  60  25
   17  45  24  73  61  52  76  23  31  11  25  2  21  26  68  51  8  59  7  39  5  53  43  30  27  49  38  54  16  18  19  1  32  36  42  9  72  35  28  67  74  33  48  3  75  71  40  58  57  55  15  77  10  66  69  4  14  44  78  46  20  47  12  29  65  60  41  64  50  70  62  37  13  22  34  63  6  56
   17  49  64  3  45  18  12  35  33  77  15  50  55  44  14  67  68  65  39  31  59  47  69  4  73  9  2  76  66  46  75  21  62  22  40  19  52  71  24  63  32  13  58  1  61  23  60  36  7  27  37  41  48  34  43  30  8  20  70  78  26  29  28  53  5  16  11  54  38  72  74  51  57  6  42  25  10  56
   17  51  74  64  34  23  69  49  68  46  59  19  57  13  39  38  35  26  78  76  70  52  77  73  61  25  75  67  43  50  71  55  7  21  63  31  14  42  47  62  28  5  15  45  56  10  30  11  33  20  60  22  66  40  41  44  53  1  3  9  27  2  6  18  54  4  12  36  29  8  24  72  58  16  48  65  37  32
   17  73  70  51  27  48  18  29  45  5  33  26  25  74  2  7  38  23  75  61  71  11  69  4  37  3  20  52  54  58  21  63  8  16  28  1  10  53  78  39  14  49  40  67  55  47  24  60  19  15  13  59  42  76  43  30  50  32  22  36  62  77  46  41  35  64  65  72  44  6  68  57  9  66  12  31  34  56
   17  75  12  55  19  70  64  35  7  77  67  50  3  44  14  15  68  65  13  57  59  47  43  30  21  61  2  24  40  72  49  73  62  48  66  45  78  71  76  37  32  39  6  27  9  23  34  10  33  1  63  41  22  60  69  4  8  20  18  52  26  29  54  53  5  42  11  28  38  46  74  25  31  58  16  51  36  56
   18  8  35  76  58  25  61  66  52  48  4  15  50  51  75  56  63  42  16  38  78  72  70  5  20  40  69  41  49  65  34  46  21  53  23  32  29  6  67  28  45  68  71  62  14  60  7  73  26  10  2  30  1  59  44  31  33  39  77  55  3  24  17  36  12  11  54  43  9  13  27  22  64  19  37  74  47  57
   18  26  59  34  64  67  7  42  22  72  76  75  8  15  27  50  21  30  4  2  48  6  70  5  32  16  63  23  1  35  52  58  39  29  53  38  17  12  49  10  51  56  77  14  68  78  19  13  74  40  62  24  55  71  44  31  45  9  41  43  69  60  11  66  54  47  36  37  33  61  3  46  28  25  73  20  65  57
   18  34  61  50  32  77  35  66  26  48  56  15  76  51  75  4  63  42  68  64  78  72  44  31  46  14  69  67  23  13  8  20  21  1  49  58  55  6  41  2  45  16  19  10  40  60  59  47  52  62  28  30  53  7  70  5  33  39  25  29  3  24  43  36  12  37  54  17  9  65  27  74  38  71  11  22  73  57
   18  46  25  74  62  53  77  24  32  12  26  3  22  27  69  52  9  60  8  40  6  54  44  31  28  50  39  55  17  19  20  2  33  37  43  10  73  36  29  68  75  34  49  4  76  72  41  59  58  56  16  78  11  67  70  5  15  45  1  47  21  48  13  30  66  61  42  65  51  71  63  38  14  23  35  64  7  57
   18  52  7  8  38  41  59  42  74  72  50  75  34  15  27  76  21  30  56  28  48  6  44  31  58  68  63  49  53  61  26  32  39  55  1  64  43  12  23  62  51  4  25  40  16  78  71  65  22  14  10  24  29  19  70  5  45  9  67  17  69  60  37  66  54  73  36  11  33  35  3  20  2  77  47  46  13  57
   18  58  67  20  14  29  41  60  38  54  74  69  46  3  63  22  33  78  26  16  12  36  44  31  10  8  9  43  11  25  32  62  45  73  37  40  13  66  17  56  27  52  1  76  34  6  23  71  64  50  4  48  47  49  70  5  75  51  55  65  39  72  61  24  42  7  30  35  15  77  21  2  68  53  59  28  19  57
   18  74  76  14  40  24  46  75  45  27  32  35  21  60  36  69  73  28  1  48  13  71  11  54  64  70  42  41  72  59  67  56  2  17  26  63  22  29  49  61  5  3  65  39  55  33  4  34  52  47  44  58  19  43  10  6  51  78  31  66  8  68  25  15  9  37  38  7  20  12  23  77  62  53  16  57  50  30
   19  5  74  69  75  60  48  55  51  61  15  46  17  34  52  41  4  37  63  47  25  1  45  32  53  3  28  20  78  38  57  27  70  68  26  23  50  49  72  33  10  11  62  65  29  31  66  18  77  39  59  67  42  14  71  6  40  64  8  24  76  43  2  13  73  56  7  54  22  12  16  9  21  36  30  35  44  58
   19  9  36  77  59  26  62  67  53  49  5  16  51  52  76  57  64  43  17  39  1  73  71  6  21  41  70  42  50  66  35  47  22  54  24  33  30  7  68  29  46  69  72  63  15  61  8  74  27  11  3  31  2  60  45  32  34  40  78  56  4  25  18  37  13  12  55  44  10  14  28  23  65  20  38  75  48  58
   19  14  2  68  21  3  23  71  44  74  67  66  32  61  20  48  52  30  72  78  45  29  38  28  4  57  42  6  46  63  9  69  55  53  64  43  40  17  25  60  65  77  11  58  76  56  8  35  5  12  13  47  18  59  31  27  49  7  1  34  50  41  51  75  22  37  73  33  16  70  10  24  26  15  36  39  62  54
   19  17  38  15  27  36  12  13  57  25  63  34  41  10  46  11  28  55  3  23  31  61  45  32  35  39  76  8  72  44  69  9  4  26  20  53  68  1  60  21  40  29  14  59  65  43  48  30  5  33  47  37  78  74  71  6  22  70  62  42  16  67  50  7  49  2  73  24  64  18  52  51  75  66  54  77  56  58
   19  27  60  35  65  68  8  43  23  73  77  76  9  16  28  51  22  31  5  3  49  7  71  6  33  17  64  24  2  36  53  59  40  30  54  39  18  13  50  11  52  57  78  15  69  1  20  14  75  41  63  25  56  72  45  32  46  10  42  44  70  61  12  67  55  48  37  38  34  62  4  47  29  26  74  21  66  58
   19  57  48  17  23  8  74  55  77  61  41  46  69  34  52  15  4  37  11  21  25  1  71  6  27  29  28  72  26  12  5  53  70  42  78  75  24  49  20  59  10  63  36  39  3  31  14  44  51  65  33  67  68  66  45  32  40  64  60  50  76  43  54  13  73  30  7  2  22  38  16  35  47  62  56  9  18  58
   19  69  12  41  53  62  38  13  5  25  11  34  15  10  46  63  28  55  29  75  31  61  71  6  9  65  76  60  20  18  17  35  4  78  72  27  42  1  8  47  40  3  66  33  39  43  74  56  57  59  21  37  26  48  45  32  22  70  36  68  16  67  24  7  49  54  73  50  64  44  52  77  23  14  2  51  30  58
   20  6  75  70  76  61  49  56  52  62  16  47  18  35  53  42  5  38  64  48  26  2  46  33  54  4  29  21  1  39  58  28  71  69  27  24  51  50  73  34  11  12  63  66  30  32  67  19  78  40  60  68  43  15  72  7  41  65  9  25  77  44  3  14  74  57  8  55  23  13  17  10  22  37  31  36  45  59
   20  16  19  12  36  15  45  8  18  32  30  11  64  41  35  4  77  14  66  28  44  26  72  7  52  60  17  37  9  31  42  78  29  73  61  10  1  62  63  24  23  40  49  22  34  68  39  3  70  48  76  56  21  13  46  33  65  5  67  27  53  38  43  74  2  25  50  69  71  57  47  6  54  75  51  58  55  59
   20  52  67  6  48  21  15  38  36  2  18  53  58  47  17  70  71  68  42  34  62  50  72  7  76  12  5  1  69  49  78  24  65  25  43  22  55  74  27  66  35  16  61  4  64  26  63  39  10  30  40  44  51  37  46  33  11  23  73  3  29  32  31  56  8  19  14  57  41  75  77  54  60  9  45  28  13  59
   24  77  11  37  72  61  74  71  50  17  33  38  49  31  3  36  56  73  30  23  45  52  62  14  54  53  57  47  70  66  1  51  15  58  19  22  5  34  40  25  67  75  63  13  41  68  9  65  60  28  29  16  8  39  78  59  43  12  10  44  18  69  27  46  55  35  21  76  20  32  26  4  6  42  7  64  2  48
