   1  5  25  52  41  59  3  15  2  10  50  31  9  45  6  30  4  20  27  62  18  17  12  60  8  40  54  51  36  34  24  47  16  7  35  29  72  68  48  21  32  14  70  58  71  63  23  42  64  28  67  43  69  53  46  11  55  56  61  13  65  33  19  22  37  39  49  26  57  66  38  44
   1  9  7  17  38  15  70  25  13  46  20  23  24  6  44  33  58  21  63  54  4  28  47  31  3  32  19  14  72  52  48  41  26  66  35  29  65  71  30  62  5  12  16  36  50  55  68  39  67  11  64  40  18  27  57  22  69  8  42  60  59  56  10  49  61  34  51  2  53  43  45  37
   1  9  43  17  20  51  52  25  13  28  38  59  42  60  62  33  40  21  27  36  22  46  11  67  39  50  55  68  18  70  66  41  8  48  71  29  65  35  12  44  5  30  34  54  32  19  14  3  31  47  10  58  72  63  57  4  69  26  24  6  23  2  64  49  61  16  15  56  53  7  45  37
   1  9  43  17  56  51  16  25  13  64  2  59  6  24  26  33  4  21  27  72  58  10  11  67  39  14  55  32  54  34  30  41  44  12  71  29  65  35  48  8  5  66  70  18  68  19  50  3  31  47  46  22  36  63  57  40  69  62  60  42  23  38  28  49  61  52  15  20  53  7  45  37
   1  13  23  7  18  15  49  53  32  51  6  5  65  42  35  17  2  26  46  14  36  30  25  33  64  29  12  10  57  11  70  34  4  52  19  28  72  60  50  66  55  58  24  20  41  22  67  68  8  31  38  56  71  47  27  59  37  43  48  40  9  44  61  63  16  62  3  39  69  21  54  45
   1  14  50  43  18  33  24  44  32  10  67  62  65  34  38  21  2  28  27  13  36  66  48  15  64  20  61  51  57  68  3  42  4  56  54  26  72  59  23  30  55  40  49  29  41  63  6  11  8  39  35  52  71  45  46  60  37  7  25  58  9  53  12  22  16  5  70  31  69  17  19  47
   1  15  6  17  36  29  70  28  55  22  38  59  9  62  54  7  32  42  46  33  57  52  50  20  8  47  48  63  69  13  49  5  2  30  12  34  72  58  67  56  37  44  3  45  18  51  35  14  64  11  19  66  41  31  27  40  16  21  23  53  65  26  25  10  4  60  24  68  71  43  61  39
   1  17  31  33  30  47  22  49  61  46  12  63  56  38  60  65  34  5  71  62  52  28  39  7  59  72  19  54  8  4  32  9  42  50  51  21  57  15  14  6  45  68  40  44  18  55  36  23  43  3  64  16  26  35  41  70  29  24  2  20  27  48  10  25  13  58  11  66  69  67  53  37
   1  17  67  33  48  11  40  49  61  64  66  27  38  56  42  65  52  5  35  8  34  10  3  43  23  54  55  72  62  58  14  9  60  68  15  21  57  51  32  24  45  50  22  26  36  19  18  59  7  39  46  70  44  71  41  16  29  6  20  2  63  30  28  25  13  4  47  12  69  31  53  37
   1  20  35  43  57  45  24  42  37  10  54  58  65  59  12  21  55  5  27  29  69  66  6  47  64  39  50  51  71  33  3  60  32  56  25  62  72  53  38  30  16  28  49  31  36  63  19  15  8  14  61  52  18  68  46  44  4  7  67  26  9  34  23  22  2  40  70  13  41  17  48  11
   1  26  19  56  69  42  70  68  16  51  12  20  9  15  25  66  37  13  46  28  71  21  35  34  8  62  6  10  41  44  49  33  55  43  23  14  72  47  54  17  4  31  3  5  57  22  61  53  64  58  48  7  36  60  27  45  2  52  38  39  65  11  67  63  32  29  24  40  18  30  50  59
   1  28  54  52  69  34  3  11  16  10  61  29  9  33  48  30  37  14  27  26  71  17  38  42  8  5  67  51  41  53  24  15  55  7  50  13  72  45  19  21  4  39  70  62  57  63  12  44  64  40  25  43  36  59  46  47  2  56  35  31  65  68  6  22  32  20  49  58  18  66  23  60
   1  29  38  7  57  47  49  34  37  51  19  40  65  60  61  17  55  62  46  20  69  30  67  45  64  31  23  10  71  15  70  59  32  52  48  5  72  44  35  66  16  26  24  39  36  22  54  33  8  13  12  56  18  11  27  53  4  43  6  28  9  42  50  63  2  58  3  14  41  21  25  68
   1  31  12  7  71  11  49  59  4  51  48  28  65  44  50  17  16  58  46  39  41  30  54  68  64  13  38  10  18  47  70  53  37  52  6  40  72  42  61  66  2  62  24  14  69  22  25  45  8  29  23  56  57  15  27  34  32  43  19  5  9  60  35  63  55  26  3  20  36  21  67  33
   1  33  7  65  14  39  70  25  13  46  68  71  48  30  20  57  58  45  15  6  4  28  23  31  27  8  19  62  24  52  72  17  2  18  11  5  41  47  54  38  53  36  16  60  26  55  44  63  67  59  64  40  42  51  9  22  21  56  66  12  35  32  10  49  61  34  3  50  29  43  69  37
   1  33  7  65  50  39  34  25  13  10  32  71  12  66  56  57  22  45  15  42  40  64  23  31  27  44  19  26  60  16  36  17  38  54  11  5  41  47  18  2  53  72  52  24  62  55  8  63  67  59  28  4  6  51  9  58  21  20  30  48  35  68  46  49  61  70  3  14  29  43  69  37
   1  33  43  65  68  3  52  25  13  28  14  35  66  12  38  57  40  45  51  60  22  46  59  67  63  26  55  44  42  70  18  17  56  72  47  5  41  11  36  20  53  54  34  6  8  19  62  27  31  23  10  58  24  15  9  4  21  2  48  30  71  50  64  49  61  16  39  32  29  7  69  37
   1  34  61  30  71  5  24  13  4  63  25  47  65  20  23  52  16  33  27  42  41  7  19  62  64  59  35  22  18  28  3  29  37  17  67  15  72  39  12  43  2  68  49  60  69  10  48  26  8  53  50  21  57  40  46  31  32  66  54  11  9  14  38  51  55  45  70  44  36  56  6  58
   1  39  61  43  71  68  24  60  4  10  25  26  65  53  23  21  16  40  27  31  41  66  19  11  64  14  35  51  18  45  3  44  37  56  67  58  72  34  12  30  2  5  49  13  69  63  48  47  8  20  50  52  57  33  46  42  32  7  54  62  9  59  38  22  55  28  70  29  36  17  6  15
   1  41  67  9  24  35  40  49  61  64  42  3  62  8  18  17  52  29  59  32  34  10  51  43  47  30  55  48  14  58  38  57  36  20  63  69  33  27  56  72  21  2  22  50  12  19  66  11  7  15  46  70  68  23  65  16  53  54  44  26  39  6  28  25  13  4  71  60  45  31  5  37
   1  44  38  66  57  26  49  39  37  22  19  33  65  13  61  56  55  11  46  53  69  43  67  28  64  42  23  63  71  58  70  14  32  21  48  68  72  29  35  7  16  47  24  34  36  51  54  40  8  60  12  17  18  62  27  20  4  30  6  45  9  31  50  10  2  15  3  59  41  52  25  5
   1  45  54  21  69  39  3  62  16  63  61  44  9  40  48  43  37  59  27  47  71  56  38  31  8  68  67  22  41  20  24  58  55  66  50  60  72  28  19  52  4  34  70  11  57  10  12  29  64  33  25  30  36  14  46  26  2  17  35  42  65  5  6  51  32  53  49  15  18  7  23  13
   1  47  19  17  69  31  70  5  16  22  12  53  9  58  25  7  37  60  46  45  71  52  35  39  8  11  6  63  41  29  49  40  55  30  23  59  72  26  54  56  4  42  3  68  57  51  61  20  64  15  48  66  36  13  27  28  2  21  38  34  65  62  67  10  32  44  24  33  18  43  50  14
   1  53  35  30  57  28  24  31  37  63  54  15  65  14  12  52  55  68  27  44  69  7  6  26  64  34  50  22  71  40  3  13  32  17  25  11  72  20  38  43  16  45  49  42  36  10  19  58  8  59  61  21  18  5  46  29  4  66  67  47  9  39  23  51  2  33  70  60  41  56  48  62
   2  5  49  13  69  63  48  47  8  20  50  52  57  33  46  42  32  7  54  62  9  59  38  22  55  28  70  29  36  17  6  15  1  39  61  43  71  68  24  60  4  10  25  26  65  53  23  21  16  40  27  31  41  66  19  11  64  14  35  51  18  45  3  44  37  56  67  58  72  34  12  30
   2  7  61  31  72  33  6  21  37  20  70  26  18  63  38  60  64  5  54  43  41  34  46  15  16  56  50  29  65  45  48  22  4  14  49  62  71  66  12  42  1  40  67  52  36  53  3  47  55  10  35  13  9  68  19  30  32  39  27  58  57  17  23  44  8  28  25  51  69  59  24  11
   2  10  8  18  3  16  35  26  14  11  57  24  61  43  9  34  23  22  64  19  41  65  48  32  4  69  20  51  37  17  13  42  63  31  36  30  66  72  67  27  6  49  53  1  15  56  33  40  68  12  29  5  55  28  58  59  70  45  7  25  60  21  47  50  62  71  52  39  54  44  46  38
   2  10  8  18  39  16  71  26  14  47  21  24  25  7  45  34  59  22  64  55  5  29  48  32  4  33  20  15  1  53  49  42  27  67  36  30  66  72  31  63  6  13  17  37  51  56  69  40  68  12  65  41  19  28  58  23  70  9  43  61  60  57  11  50  62  35  52  3  54  44  46  38
   2  10  44  18  21  52  53  26  14  29  39  60  43  61  63  34  41  22  28  37  23  47  12  68  40  51  56  69  19  71  67  42  9  49  72  30  66  36  13  45  6  31  35  55  33  20  15  4  32  48  11  59  1  64  58  5  70  27  25  7  24  3  65  50  62  17  16  57  54  8  46  38
   2  10  44  18  57  52  17  26  14  65  3  60  7  25  27  34  5  22  28  1  59  11  12  68  40  15  56  33  55  35  31  42  45  13  72  30  66  36  49  9  6  67  71  19  69  20  51  4  32  48  47  23  37  64  58  41  70  63  61  43  24  39  29  50  62  53  16  21  54  8  46  38
   2  10  50  31  9  45  6  30  4  20  27  62  18  17  12  60  8  40  54  51  36  34  24  47  16  7  35  29  72  68  48  21  32  14  70  58  71  63  23  42  64  28  67  43  69  53  46  11  55  56  61  13  65  33  19  22  37  39  49  26  57  66  38  44  1  5  25  52  41  59  3  15
   2  11  24  59  69  51  25  28  8  44  23  17  57  58  27  39  32  30  19  68  9  13  35  10  55  47  3  53  36  52  67  40  1  42  12  66  71  62  49  14  4  22  48  45  65  29  50  56  16  15  46  34  41  43  54  5  64  60  38  63  18  26  70  20  37  21  6  33  72  31  61  7
   2  15  3  59  41  52  25  5  1  44  38  66  57  26  49  39  37  22  19  33  65  13  61  56  55  11  46  53  69  43  67  28  64  42  23  63  71  58  70  14  32  21  48  68  72  29  35  7  16  47  24  34  36  51  54  40  8  60  12  17  18  62  27  20  4  30  6  45  9  31  50  10
   2  17  35  42  65  5  6  51  32  53  49  15  18  7  23  13  1  45  54  21  69  39  3  62  16  63  61  44  9  40  48  43  37  59  27  47  71  56  38  31  8  68  67  22  41  20  24  58  55  66  50  60  72  28  19  52  4  34  70  11  57  10  12  29  64  33  25  30  36  14  46  26
   2  18  32  34  31  48  23  50  62  47  13  64  57  39  61  66  35  6  72  63  53  29  40  8  60  1  20  55  9  5  33  10  43  51  52  22  58  16  15  7  46  69  41  45  19  56  37  24  44  4  65  17  27  36  42  71  30  25  3  21  28  49  11  26  14  59  12  67  70  68  54  38
   2  18  32  34  67  48  59  50  62  11  49  64  21  3  25  66  71  6  72  27  17  65  40  8  60  37  20  19  45  41  69  10  7  15  52  22  58  16  51  43  46  33  5  9  55  56  1  24  44  4  29  53  63  36  42  35  30  61  39  57  28  13  47  26  14  23  12  31  70  68  54  38
   2  18  68  34  13  12  5  50  62  29  31  28  3  21  7  66  17  6  36  45  71  47  4  44  24  19  56  37  27  23  51  10  25  33  16  22  58  52  69  61  46  15  59  63  1  20  55  60  8  40  11  35  9  72  42  53  30  43  57  39  64  67  65  26  14  41  48  49  70  32  54  38
   2  18  68  34  49  12  41  50  62  65  67  28  39  57  43  66  53  6  36  9  35  11  4  44  24  55  56  1  63  59  15  10  61  69  16  22  58  52  33  25  46  51  23  27  37  20  19  60  8  40  47  71  45  72  42  17  30  7  21  3  64  31  29  26  14  5  48  13  70  32  54  38
   2  21  38  34  65  62  67  10  32  44  24  33  18  43  50  14  1  47  19  17  69  31  70  5  16  22  12  53  9  58  25  7  37  60  46  45  71  52  35  39  8  11  6  63  41  29  49  40  55  30  23  59  72  26  54  56  4  42  3  68  57  51  61  20  64  15  48  66  36  13  27  28
   2  22  23  34  9  26  67  7  4  44  46  68  18  52  61  14  8  15  19  63  36  31  49  28  16  30  38  53  72  62  25  56  32  60  3  33  71  51  50  39  64  47  6  66  69  29  27  5  55  21  12  59  65  58  54  10  37  42  24  45  57  43  35  20  1  11  48  17  41  13  70  40
   2  26  46  14  36  30  25  33  64  29  12  10  57  11  70  34  4  52  19  28  72  60  50  66  55  58  24  20  41  22  67  68  8  31  38  56  71  47  27  59  37  43  48  40  9  44  61  63  16  62  3  39  69  21  54  45  1  13  23  7  18  15  49  53  32  51  6  5  65  42  35  17
   2  28  27  13  36  66  48  15  64  20  61  51  57  68  3  42  4  56  54  26  72  59  23  30  55  40  49  29  41  63  6  11  8  39  35  52  71  45  46  60  37  7  25  58  9  53  12  22  16  5  70  31  69  17  19  47  1  14  50  43  18  33  24  44  32  10  67  62  65  34  38  21
   2  30  12  34  72  58  67  56  37  44  3  45  18  51  35  14  64  11  19  66  41  31  27  40  16  21  23  53  65  26  25  10  4  60  24  68  71  43  61  39  1  15  6  17  36  29  70  28  55  22  38  59  9  62  54  7  32  42  46  33  57  52  50  20  8  47  48  63  69  13  49  5
   2  33  70  60  41  56  48  62  1  53  35  30  57  28  24  31  37  63  54  15  65  14  12  52  55  68  27  44  69  7  6  26  64  34  50  22  71  40  3  13  32  17  25  11  72  20  38  43  16  45  49  42  36  10  19  58  8  59  61  21  18  5  46  29  4  66  67  47  9  39  23  51
   2  34  8  66  15  40  71  26  14  47  69  72  49  31  21  58  59  46  16  7  5  29  24  32  28  9  20  63  25  53  1  18  3  19  12  6  42  48  55  39  54  37  17  61  27  56  45  64  68  60  65  41  43  52  10  23  22  57  67  13  36  33  11  50  62  35  4  51  30  44  70  38
   2  34  8  66  51  40  35  26  14  11  33  72  13  67  57  58  23  46  16  43  41  65  24  32  28  45  20  27  61  17  37  18  39  55  12  6  42  48  19  3  54  1  53  25  63  56  9  64  68  60  29  5  7  52  10  59  22  21  31  49  36  69  47  50  62  71  4  15  30  44  70  38
   2  34  44  66  33  4  17  26  14  65  51  36  31  49  3  58  5  46  52  25  59  11  60  68  64  63  56  9  7  35  55  18  21  37  48  6  42  12  1  57  54  19  71  43  45  20  27  28  32  24  47  23  61  16  10  41  22  39  13  67  72  15  29  50  62  53  40  69  30  8  70  38
   2  34  44  66  69  4  53  26  14  29  15  36  67  13  39  58  41  46  52  61  23  47  60  68  64  27  56  45  43  71  19  18  57  1  48  6  42  12  37  21  54  55  35  7  9  20  63  28  32  24  11  59  25  16  10  5  22  3  49  31  72  51  65  50  62  17  40  33  30  8  70  38
   2  40  70  13  41  17  48  11  1  20  35  43  57  45  24  42  37  10  54  58  65  59  12  21  55  5  27  29  69  66  6  47  64  39  50  51  71  33  3  60  32  56  25  62  72  53  38  30  16  28  49  31  36  63  19  15  8  14  61  52  18  68  46  44  4  7  67  26  9  34  23  22
   2  42  32  10  7  72  23  50  62  47  61  40  9  63  37  18  35  30  24  15  53  29  16  8  12  49  20  31  33  5  57  58  19  3  28  70  34  64  39  55  22  21  41  69  67  56  13  48  44  52  65  17  51  60  66  71  54  1  27  45  4  25  11  26  14  59  36  43  46  68  6  38
   2  42  32  10  43  72  59  50  62  11  25  40  45  27  1  18  71  30  24  51  17  65  16  8  12  13  20  67  69  41  21  58  55  39  28  70  34  64  3  19  22  57  5  33  31  56  49  48  44  52  29  53  15  60  66  35  54  37  63  9  4  61  47  26  14  23  36  7  46  68  6  38
   2  42  68  10  25  36  41  50  62  65  43  4  63  9  19  18  53  30  60  33  35  11  52  44  48  31  56  49  15  59  39  58  37  21  64  70  34  28  57  1  22  3  23  51  13  20  67  12  8  16  47  71  69  24  66  17  54  55  45  27  40  7  29  26  14  5  72  61  46  32  6  38
   2  42  68  10  61  36  5  50  62  29  7  4  27  45  55  18  17  30  60  69  71  47  52  44  48  67  56  13  51  23  3  58  1  57  64  70  34  28  21  37  22  39  59  15  49  20  31  12  8  16  11  35  33  24  66  53  54  19  9  63  40  43  65  26  14  41  72  25  46  32  6  38
   2  43  12  39  72  15  67  17  37  29  3  28  18  22  35  59  64  62  19  7  41  42  27  33  16  52  23  20  65  47  25  63  4  13  24  5  71  30  61  34  1  58  6  56  36  44  70  45  55  51  38  14  9  11  54  66  32  31  46  40  57  21  50  53  8  26  48  10  69  60  49  68
   2  45  27  60  36  7  48  58  64  53  61  22  57  5  3  31  4  17  54  47  72  14  23  43  55  33  49  44  41  10  6  62  8  34  35  21  71  28  46  13  37  66  25  15  9  20  12  51  16  68  70  42  69  56  19  26  1  59  50  30  18  40  24  29  32  63  67  11  65  39  38  52
   2  47  46  59  36  43  25  40  64  44  12  63  57  62  70  39  4  21  19  45  72  13  50  7  55  15  24  53  41  51  67  5  8  42  38  17  71  26  27  14  37  30  48  33  9  29  61  10  16  11  3  34  69  52  54  28  1  60  23  66  18  58  49  20  32  22  6  68  65  31  35  56
   2  51  23  39  9  47  67  66  4  29  46  5  18  21  61  59  8  58  19  10  36  42  49  45  16  43  38  20  72  11  25  17  32  13  3  40  71  22  50  34  64  26  6  7  69  44  27  68  55  52  12  14  65  15  54  63  37  31  24  28  57  30  35  53  1  62  48  56  41  60  70  33
   2  52  38  39  65  11  67  63  32  29  24  40  18  30  50  59  1  26  19  56  69  42  70  68  16  51  12  20  9  15  25  66  37  13  46  28  71  21  35  34  8  62  6  10  41  44  49  33  55  43  23  14  72  47  54  17  4  31  3  5  57  22  61  53  64  58  48  7  36  60  27  45
   2  56  35  31  65  68  6  22  32  20  49  58  18  66  23  60  1  28  54  52  69  34  3  11  16  10  61  29  9  33  48  30  37  14  27  26  71  17  38  42  8  5  67  51  41  53  24  15  55  7  50  13  72  45  19  21  4  39  70  62  57  63  12  44  64  40  25  43  36  59  46  47
   2  58  3  14  41  21  25  68  1  29  38  7  57  47  49  34  37  51  19  40  65  60  61  17  55  62  46  20  69  30  67  45  64  31  23  10  71  15  70  59  32  52  48  5  72  44  35  66  16  26  24  39  36  22  54  33  8  13  12  56  18  11  27  53  4  43  6  28  9  42  50  63
   2  58  8  42  27  64  35  26  14  11  9  48  37  19  33  10  23  70  40  67  41  65  72  32  52  21  20  3  13  17  61  66  15  7  60  54  18  24  43  51  30  25  53  49  39  56  57  16  68  36  29  5  31  4  34  59  46  69  55  1  12  45  47  50  62  71  28  63  6  44  22  38
   2  58  8  42  63  64  71  26  14  47  45  48  1  55  69  10  59  70  40  31  5  29  72  32  52  57  20  39  49  53  25  66  51  43  60  54  18  24  7  15  30  61  17  13  3  56  21  16  68  36  65  41  67  4  34  23  46  33  19  37  12  9  11  50  62  35  28  27  6  44  22  38
   2  58  44  42  9  28  17  26  14  65  27  12  55  1  51  10  5  70  4  49  59  11  36  68  16  39  56  57  31  35  7  66  69  61  24  54  18  60  25  33  30  43  71  67  21  20  3  52  32  72  47  23  13  40  34  41  46  15  37  19  48  63  29  50  62  53  64  45  6  8  22  38
   2  58  44  42  45  28  53  26  14  29  63  12  19  37  15  10  41  70  4  13  23  47  36  68  16  3  56  21  67  71  43  66  33  25  24  54  18  60  61  69  30  7  35  31  57  20  39  52  32  72  11  59  49  40  34  5  46  51  1  55  48  27  65  50  62  17  64  9  6  8  22  38
   2  62  24  14  69  22  25  45  8  29  23  56  57  15  27  34  32  43  19  5  9  60  35  63  55  26  3  20  36  21  67  33  1  31  12  7  71  11  49  59  4  51  48  28  65  44  50  17  16  58  46  39  41  30  54  68  64  13  38  10  18  47  70  53  37  52  6  40  72  42  61  66
   2  63  50  42  9  28  6  43  4  53  27  11  18  56  12  13  8  33  54  22  36  39  24  26  16  66  35  44  72  5  48  52  32  59  70  15  71  10  23  31  64  45  67  30  69  20  46  62  55  17  61  60  65  40  19  51  37  34  49  47  57  7  38  29  1  68  25  21  41  14  3  58
   2  66  32  58  19  24  59  50  62  11  1  16  69  51  49  42  71  54  48  3  17  65  64  8  36  61  20  43  21  41  45  34  31  63  4  46  10  40  27  67  70  9  5  57  7  56  25  72  44  28  29  53  39  12  18  35  6  13  15  33  52  37  47  26  14  23  60  55  22  68  30  38
   2  66  32  58  55  24  23  50  62  47  37  16  33  15  13  42  35  54  48  39  53  29  64  8  36  25  20  7  57  5  9  34  67  27  4  46  10  40  63  31  70  45  41  21  43  56  61  72  44  28  65  17  3  12  18  71  6  49  51  69  52  1  11  26  14  59  60  19  22  68  30  38
   2  66  61  42  72  40  6  52  37  53  70  47  18  10  38  13  64  68  54  30  41  39  46  58  16  17  50  44  65  28  48  51  4  59  49  11  71  7  12  31  1  33  67  21  36  20  3  26  55  63  35  60  9  5  19  43  32  34  27  15  57  56  23  29  8  45  25  22  69  14  24  62
   2  66  68  58  1  60  41  50  62  65  19  52  15  33  67  42  53  54  12  57  35  11  28  44  72  7  56  25  39  59  63  34  13  45  40  46  10  4  9  49  70  27  23  3  61  20  43  36  8  64  47  71  21  48  18  17  6  31  69  51  16  55  29  26  14  5  24  37  22  32  30  38
   2  66  68  58  37  60  5  50  62  29  55  52  51  69  31  42  17  54  12  21  71  47  28  44  72  43  56  61  3  23  27  34  49  9  40  46  10  4  45  13  70  63  59  39  25  20  7  36  8  64  11  35  57  48  18  53  6  67  33  15  16  19  65  26  14  41  24  1  22  32  30  38
   2  68  49  60  69  10  48  26  8  53  50  21  57  40  46  31  32  66  54  11  9  14  38  51  55  45  70  44  36  56  6  58  1  34  61  30  71  5  24  13  4  63  25  47  65  20  23  52  16  33  27  42  41  7  19  62  64  59  35  22  18  28  3  29  37  17  67  15  72  39  12  43
   3  5  57  22  61  53  64  58  48  7  36  60  27  45  2  52  38  39  65  11  67  63  32  29  24  40  18  30  50  59  1  26  19  56  69  42  70  68  16  51  12  20  9  15  25  66  37  13  46  28  71  21  35  34  8  62  6  10  41  44  49  33  55  43  23  14  72  47  54  17  4  31
   3  11  9  19  4  17  36  27  15  12  58  25  62  44  10  35  24  23  65  20  42  66  49  33  5  70  21  52  38  18  14  43  64  32  37  31  67  1  68  28  7  50  54  2  16  57  34  41  69  13  30  6  56  29  59  60  71  46  8  26  61  22  48  51  63  72  53  40  55  45  47  39
   3  11  9  19  40  17  72  27  15  48  22  25  26  8  46  35  60  23  65  56  6  30  49  33  5  34  21  16  2  54  50  43  28  68  37  31  67  1  32  64  7  14  18  38  52  57  70  41  69  13  66  42  20  29  59  24  71  10  44  62  61  58  12  51  63  36  53  4  55  45  47  39
   3  11  16  10  61  29  9  33  48  30  37  14  27  26  71  17  38  42  8  5  67  51  41  53  24  15  55  7  50  13  72  45  19  21  4  39  70  62  57  63  12  44  64  40  25  43  36  59  46  47  2  56  35  31  65  68  6  22  32  20  49  58  18  66  23  60  1  28  54  52  69  34
   3  11  45  19  22  53  54  27  15  30  40  61  44  62  64  35  42  23  29  38  24  48  13  69  41  52  57  70  20  72  68  43  10  50  1  31  67  37  14  46  7  32  36  56  34  21  16  5  33  49  12  60  2  65  59  6  71  28  26  8  25  4  66  51  63  18  17  58  55  9  47  39
   3  11  45  19  58  53  18  27  15  66  4  61  8  26  28  35  6  23  29  2  60  12  13  69  41  16  57  34  56  36  32  43  46  14  1  31  67  37  50  10  7  68  72  20  70  21  52  5  33  49  48  24  38  65  59  42  71  64  62  44  25  40  30  51  63  54  17  22  55  9  47  39
   3  13  32  17  25  11  72  20  38  43  16  45  49  42  36  10  19  58  8  59  61  21  18  5  46  29  4  66  67  47  9  39  23  51  2  33  70  60  41  56  48  62  1  53  35  30  57  28  24  31  37  63  54  15  65  14  12  52  55  68  27  44  69  7  6  26  64  34  50  22  71  40
   3  14  41  21  25  68  1  29  38  7  57  47  49  34  37  51  19  40  65  60  61  17  55  62  46  20  69  30  67  45  64  31  23  10  71  15  70  59  32  52  48  5  72  44  35  66  16  26  24  39  36  22  54  33  8  13  12  56  18  11  27  53  4  43  6  28  9  42  50  63  2  58
   3  15  2  10  50  31  9  45  6  30  4  20  27  62  18  17  12  60  8  40  54  51  36  34  24  47  16  7  35  29  72  68  48  21  32  14  70  58  71  63  23  42  64  28  67  43  69  53  46  11  55  56  61  13  65  33  19  22  37  39  49  26  57  66  38  44  1  5  25  52  41  59
   3  19  33  35  32  49  24  51  63  48  14  65  58  40  62  67  36  7  1  64  54  30  41  9  61  2  21  56  10  6  34  11  44  52  53  23  59  17  16  8  47  70  42  46  20  57  38  25  45  5  66  18  28  37  43  72  31  26  4  22  29  50  12  27  15  60  13  68  71  69  55  39
   3  19  33  35  68  49  60  51  63  12  50  65  22  4  26  67  72  7  1  28  18  66  41  9  61  38  21  20  46  42  70  11  8  16  53  23  59  17  52  44  47  34  6  10  56  57  2  25  45  5  30  54  64  37  43  36  31  62  40  58  29  14  48  27  15  24  13  32  71  69  55  39
   3  19  69  35  14  13  6  51  63  30  32  29  4  22  8  67  18  7  37  46  72  48  5  45  25  20  57  38  28  24  52  11  26  34  17  23  59  53  70  62  47  16  60  64  2  21  56  61  9  41  12  36  10  1  43  54  31  44  58  40  65  68  66  27  15  42  49  50  71  33  55  39
   3  19  69  35  50  13  42  51  63  66  68  29  40  58  44  67  54  7  37  10  36  12  5  45  25  56  57  2  64  60  16  11  62  70  17  23  59  53  34  26  47  52  24  28  38  21  20  61  9  41  48  72  46  1  43  18  31  8  22  4  65  32  30  27  15  6  49  14  71  33  55  39
   3  20  36  21  67  33  1  31  12  7  71  11  49  59  4  51  48  28  65  44  50  17  16  58  46  39  41  30  54  68  64  13  38  10  18  47  70  53  37  52  6  40  72  42  61  66  2  62  24  14  69  22  25  45  8  29  23  56  57  15  27  34  32  43  19  5  9  60  35  63  55  26
   3  26  55  63  35  60  9  5  19  43  32  34  27  15  57  56  23  29  8  45  25  22  69  14  24  62  2  66  61  42  72  40  6  52  37  53  70  47  18  10  38  13  64  68  54  30  41  39  46  58  16  17  50  44  65  28  48  51  4  59  49  11  71  7  12  31  1  33  67  21  36  20
   3  28  18  22  35  59  64  62  19  7  41  42  27  33  16  52  23  20  65  47  25  63  4  13  24  5  71  30  61  34  1  58  6  56  36  44  70  45  55  51  38  14  9  11  54  66  32  31  46  40  57  21  50  53  8  26  48  10  69  60  49  68  2  43  12  39  72  15  67  17  37  29
   3  29  37  17  67  15  72  39  12  43  2  68  49  60  69  10  48  26  8  53  50  21  57  40  46  31  32  66  54  11  9  14  38  51  55  45  70  44  36  56  6  58  1  34  61  30  71  5  24  13  4  63  25  47  65  20  23  52  16  33  27  42  41  7  19  62  64  59  35  22  18  28
   3  31  4  17  54  47  72  14  23  43  55  33  49  44  41  10  6  62  8  34  35  21  71  28  46  13  37  66  25  15  9  20  12  51  16  68  70  42  69  56  19  26  1  59  50  30  18  40  24  29  32  63  67  11  65  39  38  52  2  45  27  60  36  7  48  58  64  53  61  22  57  5
   3  33  71  51  50  39  64  47  6  66  69  29  27  5  55  21  12  59  65  58  54  10  37  42  24  45  57  43  35  20  1  11  48  17  41  13  70  40  2  22  23  34  9  26  67  7  4  44  46  68  18  52  61  14  8  15  19  63  36  31  49  28  16  30  38  53  72  62  25  56  32  60
   3  34  69  52  54  28  1  60  23  66  18  58  49  20  32  22  6  68  65  31  35  56  2  47  46  59  36  43  25  40  64  44  12  63  57  62  70  39  4  21  19  45  72  13  50  7  55  15  24  53  41  51  67  5  8  42  38  17  71  26  27  14  37  30  48  33  9  29  61  10  16  11
   3  35  9  67  16  41  72  27  15  48  70  1  50  32  22  59  60  47  17  8  6  30  25  33  29  10  21  64  26  54  2  19  4  20  13  7  43  49  56  40  55  38  18  62  28  57  46  65  69  61  66  42  44  53  11  24  23  58  68  14  37  34  12  51  63  36  5  52  31  45  71  39
   3  35  9  67  52  41  36  27  15  12  34  1  14  68  58  59  24  47  17  44  42  66  25  33  29  46  21  28  62  18  38  19  40  56  13  7  43  49  20  4  55  2  54  26  64  57  10  65  69  61  30  6  8  53  11  60  23  22  32  50  37  70  48  51  63  72  5  16  31  45  71  39
   3  35  45  67  34  5  18  27  15  66  52  37  32  50  4  59  6  47  53  26  60  12  61  69  65  64  57  10  8  36  56  19  22  38  49  7  43  13  2  58  55  20  72  44  46  21  28  29  33  25  48  24  62  17  11  42  23  40  14  68  1  16  30  51  63  54  41  70  31  9  71  39
   3  35  45  67  70  5  54  27  15  30  16  37  68  14  40  59  42  47  53  62  24  48  61  69  65  28  57  46  44  72  20  19  58  2  49  7  43  13  38  22  55  56  36  8  10  21  64  29  33  25  12  60  26  17  11  6  23  4  50  32  1  52  66  51  63  18  41  34  31  9  71  39
   3  39  69  21  54  45  1  13  23  7  18  15  49  53  32  51  6  5  65  42  35  17  2  26  46  14  36  30  25  33  64  29  12  10  57  11  70  34  4  52  19  28  72  60  50  66  55  58  24  20  41  22  67  68  8  31  38  56  71  47  27  59  37  43  48  40  9  44  61  63  16  62
   3  40  71  22  50  34  64  26  6  7  69  44  27  68  55  52  12  14  65  15  54  63  37  31  24  28  57  30  35  53  1  62  48  56  41  60  70  33  2  51  23  39  9  47  67  66  4  29  46  5  18  21  61  59  8  58  19  10  36  42  49  45  16  43  38  20  72  11  25  17  32  13
   3  42  4  56  54  26  72  59  23  30  55  40  49  29  41  63  6  11  8  39  35  52  71  45  46  60  37  7  25  58  9  53  12  22  16  5  70  31  69  17  19  47  1  14  50  43  18  33  24  44  32  10  67  62  65  34  38  21  2  28  27  13  36  66  48  15  64  20  61  51  57  68
   3  43  33  11  8  1  24  51  63  48  62  41  10  64  38  19  36  31  25  16  54  30  17  9  13  50  21  32  34  6  58  59  20  4  29  71  35  65  40  56  23  22  42  70  68  57  14  49  45  53  66  18  52  61  67  72  55  2  28  46  5  26  12  27  15  60  37  44  47  69  7  39
   3  43  33  11  44  1  60  51  63  12  26  41  46  28  2  19  72  31  25  52  18  66  17  9  13  14  21  68  70  42  22  59  56  40  29  71  35  65  4  20  23  58  6  34  32  57  50  49  45  53  30  54  16  61  67  36  55  38  64  10  5  62  48  27  15  24  37  8  47  69  7  39
   3  43  69  11  26  37  42  51  63  66  44  5  64  10  20  19  54  31  61  34  36  12  53  45  49  32  57  50  16  60  40  59  38  22  65  71  35  29  58  2  23  4  24  52  14  21  68  13  9  17  48  72  70  25  67  18  55  56  46  28  41  8  30  27  15  6  1  62  47  33  7  39
   3  43  69  11  62  37  6  51  63  30  8  5  28  46  56  19  18  31  61  70  72  48  53  45  49  68  57  14  52  24  4  59  2  58  65  71  35  29  22  38  23  40  60  16  50  21  32  13  9  17  12  36  34  25  67  54  55  20  10  64  41  44  66  27  15  42  1  26  47  33  7  39
   3  44  37  56  67  58  72  34  12  30  2  5  49  13  69  63  48  47  8  20  50  52  57  33  46  42  32  7  54  62  9  59  38  22  55  28  70  29  36  17  6  15  1  39  61  43  71  68  24  60  4  10  25  26  65  53  23  21  16  40  27  31  41  66  19  11  64  14  35  51  18  45
   3  45  18  51  35  14  64  11  19  66  41  31  27  40  16  21  23  53  65  26  25  10  4  60  24  68  71  43  61  39  1  15  6  17  36  29  70  28  55  22  38  59  9  62  54  7  32  42  46  33  57  52  50  20  8  47  48  63  69  13  49  5  2  30  12  34  72  58  67  56  37  44
   3  47  55  10  35  13  9  68  19  30  32  39  27  58  57  17  23  44  8  28  25  51  69  59  24  11  2  7  61  31  72  33  6  21  37  20  70  26  18  63  38  60  64  5  54  43  41  34  46  15  16  56  50  29  65  45  48  22  4  14  49  62  71  66  12  42  1  40  67  52  36  53
   3  53  36  52  67  40  1  42  12  66  71  62  49  14  4  22  48  45  65  29  50  56  16  15  46  34  41  43  54  5  64  60  38  63  18  26  70  20  37  21  6  33  72  31  61  7  2  11  24  59  69  51  25  28  8  44  23  17  57  58  27  39  32  30  19  68  9  13  35  10  55  47
   3  58  2  63  50  42  9  28  6  43  4  53  27  11  18  56  12  13  8  33  54  22  36  39  24  26  16  66  35  44  72  5  48  52  32  59  70  15  71  10  23  31  64  45  67  30  69  20  46  62  55  17  61  60  65  40  19  51  37  34  49  47  57  7  38  29  1  68  25  21  41  14
   3  59  9  43  28  65  36  27  15  12  10  49  38  20  34  11  24  71  41  68  42  66  1  33  53  22  21  4  14  18  62  67  16  8  61  55  19  25  44  52  31  26  54  50  40  57  58  17  69  37  30  6  32  5  35  60  47  70  56  2  13  46  48  51  63  72  29  64  7  45  23  39
   3  59  9  43  64  65  72  27  15  48  46  49  2  56  70  11  60  71  41  32  6  30  1  33  53  58  21  40  50  54  26  67  52  44  61  55  19  25  8  16  31  62  18  14  4  57  22  17  69  37  66  42  68  5  35  24  47  34  20  38  13  10  12  51  63  36  29  28  7  45  23  39
   3  59  41  52  25  5  1  44  38  66  57  26  49  39  37  22  19  33  65  13  61  56  55  11  46  53  69  43  67  28  64  42  23  63  71  58  70  14  32  21  48  68  72  29  35  7  16  47  24  34  36  51  54  40  8  60  12  17  18  62  27  20  4  30  6  45  9  31  50  10  2  15
   3  59  45  43  10  29  18  27  15  66  28  13  56  2  52  11  6  71  5  50  60  12  37  69  17  40  57  58  32  36  8  67  70  62  25  55  19  61  26  34  31  44  72  68  22  21  4  53  33  1  48  24  14  41  35  42  47  16  38  20  49  64  30  51  63  54  65  46  7  9  23  39
   3  59  45  43  46  29  54  27  15  30  64  13  20  38  16  11  42  71  5  14  24  48  37  69  17  4  57  22  68  72  44  67  34  26  25  55  19  61  62  70  31  8  36  32  58  21  40  53  33  1  12  60  50  41  35  6  47  52  2  56  49  28  66  51  63  18  65  10  7  9  23  39
   3  60  32  56  25  62  72  53  38  30  16  28  49  31  36  63  19  15  8  14  61  52  18  68  46  44  4  7  67  26  9  34  23  22  2  40  70  13  41  17  48  11  1  20  35  43  57  45  24  42  37  10  54  58  65  59  12  21  55  5  27  29  69  66  6  47  64  39  50  51  71  33
   3  62  16  63  61  44  9  40  48  43  37  59  27  47  71  56  38  31  8  68  67  22  41  20  24  58  55  66  50  60  72  28  19  52  4  34  70  11  57  10  12  29  64  33  25  30  36  14  46  26  2  17  35  42  65  5  6  51  32  53  49  15  18  7  23  13  1  45  54  21  69  39
   3  67  33  59  20  25  60  51  63  12  2  17  70  52  50  43  72  55  49  4  18  66  65  9  37  62  21  44  22  42  46  35  32  64  5  47  11  41  28  68  71  10  6  58  8  57  26  1  45  29  30  54  40  13  19  36  7  14  16  34  53  38  48  27  15  24  61  56  23  69  31  39
   3  67  33  59  56  25  24  51  63  48  38  17  34  16  14  43  36  55  49  40  54  30  65  9  37  26  21  8  58  6  10  35  68  28  5  47  11  41  64  32  71  46  42  22  44  57  62  1  45  29  66  18  4  13  19  72  7  50  52  70  53  2  12  27  15  60  61  20  23  69  31  39
   3  67  69  59  2  61  42  51  63  66  20  53  16  34  68  43  54  55  13  58  36  12  29  45  1  8  57  26  40  60  64  35  14  46  41  47  11  5  10  50  71  28  24  4  62  21  44  37  9  65  48  72  22  49  19  18  7  32  70  52  17  56  30  27  15  6  25  38  23  33  31  39
   3  67  69  59  38  61  6  51  63  30  56  53  52  70  32  43  18  55  13  22  72  48  29  45  1  44  57  62  4  24  28  35  50  10  41  47  11  5  46  14  71  64  60  40  26  21  8  37  9  65  12  36  58  49  19  54  7  68  34  16  17  20  66  27  15  42  25  2  23  33  31  39
   3  68  57  51  61  20  64  15  48  66  36  13  27  28  2  21  38  34  65  62  67  10  32  44  24  33  18  43  50  14  1  47  19  17  69  31  70  5  16  22  12  53  9  58  25  7  37  60  46  45  71  52  35  39  8  11  6  63  41  29  49  40  55  30  23  59  72  26  54  56  4  42
   4  7  67  26  9  34  23  22  2  40  70  13  41  17  48  11  1  20  35  43  57  45  24  42  37  10  54  58  65  59  12  21  55  5  27  29  69  66  6  47  64  39  50  51  71  33  3  60  32  56  25  62  72  53  38  30  16  28  49  31  36  63  19  15  8  14  61  52  18  68  46  44
   4  10  25  26  65  53  23  21  16  40  27  31  41  66  19  11  64  14  35  51  18  45  3  44  37  56  67  58  72  34  12  30  2  5  49  13  69  63  48  47  8  20  50  52  57  33  46  42  32  7  54  62  9  59  38  22  55  28  70  29  36  17  6  15  1  39  61  43  71  68  24  60
   4  12  10  20  5  18  37  28  16  13  59  26  63  45  11  36  25  24  66  21  43  67  50  34  6  71  22  53  39  19  15  44  65  33  38  32  68  2  69  29  8  51  55  3  17  58  35  42  70  14  31  7  57  30  60  61  72  47  9  27  62  23  49  52  64  1  54  41  56  46  48  40
   4  12  10  20  41  18  1  28  16  49  23  26  27  9  47  36  61  24  66  57  7  31  50  34  6  35  22  17  3  55  51  44  29  69  38  32  68  2  33  65  8  15  19  39  53  58  71  42  70  14  67  43  21  30  60  25  72  11  45  63  62  59  13  52  64  37  54  5  56  46  48  40
   4  12  46  20  23  54  55  28  16  31  41  62  45  63  65  36  43  24  30  39  25  49  14  70  42  53  58  71  21  1  69  44  11  51  2  32  68  38  15  47  8  33  37  57  35  22  17  6  34  50  13  61  3  66  60  7  72  29  27  9  26  5  67  52  64  19  18  59  56  10  48  40
   4  12  46  20  59  54  19  28  16  67  5  62  9  27  29  36  7  24  30  3  61  13  14  70  42  17  58  35  57  37  33  44  47  15  2  32  68  38  51  11  8  69  1  21  71  22  53  6  34  50  49  25  39  66  60  43  72  65  63  45  26  41  31  52  64  55  18  23  56  10  48  40
   4  13  24  5  71  30  61  34  1  58  6  56  36  44  70  45  55  51  38  14  9  11  54  66  32  31  46  40  57  21  50  53  8  26  48  10  69  60  49  68  2  43  12  39  72  15  67  17  37  29  3  28  18  22  35  59  64  62  19  7  41  42  27  33  16  52  23  20  65  47  25  63
   4  14  49  62  71  66  12  42  1  40  67  52  36  53  3  47  55  10  35  13  9  68  19  30  32  39  27  58  57  17  23  44  8  28  25  51  69  59  24  11  2  7  61  31  72  33  6  21  37  20  70  26  18  63  38  60  64  5  54  43  41  34  46  15  16  56  50  29  65  45  48  22
   4  17  54  47  72  14  23  43  55  33  49  44  41  10  6  62  8  34  35  21  71  28  46  13  37  66  25  15  9  20  12  51  16  68  70  42  69  56  19  26  1  59  50  30  18  40  24  29  32  63  67  11  65  39  38  52  2  45  27  60  36  7  48  58  64  53  61  22  57  5  3  31
   4  20  27  62  18  17  12  60  8  40  54  51  36  34  24  47  16  7  35  29  72  68  48  21  32  14  70  58  71  63  23  42  64  28  67  43  69  53  46  11  55  56  61  13  65  33  19  22  37  39  49  26  57  66  38  44  1  5  25  52  41  59  3  15  2  10  50  31  9  45  6  30
   4  20  34  36  33  50  25  52  64  49  15  66  59  41  63  68  37  8  2  65  55  31  42  10  62  3  22  57  11  7  35  12  45  53  54  24  60  18  17  9  48  71  43  47  21  58  39  26  46  6  67  19  29  38  44  1  32  27  5  23  30  51  13  28  16  61  14  69  72  70  56  40
   4  20  34  36  69  50  61  52  64  13  51  66  23  5  27  68  1  8  2  29  19  67  42  10  62  39  22  21  47  43  71  12  9  17  54  24  60  18  53  45  48  35  7  11  57  58  3  26  46  6  31  55  65  38  44  37  32  63  41  59  30  15  49  28  16  25  14  33  72  70  56  40
   4  20  70  36  15  14  7  52  64  31  33  30  5  23  9  68  19  8  38  47  1  49  6  46  26  21  58  39  29  25  53  12  27  35  18  24  60  54  71  63  48  17  61  65  3  22  57  62  10  42  13  37  11  2  44  55  32  45  59  41  66  69  67  28  16  43  50  51  72  34  56  40
   4  20  70  36  51  14  43  52  64  67  69  30  41  59  45  68  55  8  38  11  37  13  6  46  26  57  58  3  65  61  17  12  63  71  18  24  60  54  35  27  48  53  25  29  39  22  21  62  10  42  49  1  47  2  44  19  32  9  23  5  66  33  31  28  16  7  50  15  72  34  56  40
   4  21  19  45  72  13  50  7  55  15  24  53  41  51  67  5  8  42  38  17  71  26  27  14  37  30  48  33  9  29  61  10  16  11  3  34  69  52  54  28  1  60  23  66  18  58  49  20  32  22  6  68  65  31  35  56  2  47  46  59  36  43  25  40  64  44  12  63  57  62  70  39
   4  22  48  45  65  29  50  56  16  15  46  34  41  43  54  5  64  60  38  63  18  26  70  20  37  21  6  33  72  31  61  7  2  11  24  59  69  51  25  28  8  44  23  17  57  58  27  39  32  30  19  68  9  13  35  10  55  47  3  53  36  52  67  40  1  42  12  66  71  62  49  14
   4  29  46  5  18  21  61  59  8  58  19  10  36  42  49  45  16  43  38  20  72  11  25  17  32  13  3  40  71  22  50  34  64  26  6  7  69  44  27  68  55  52  12  14  65  15  54  63  37  31  24  28  57  30  35  53  1  62  48  56  41  60  70  33  2  51  23  39  9  47  67  66
   4  30  6  45  9  31  50  10  2  15  3  59  41  52  25  5  1  44  38  66  57  26  49  39  37  22  19  33  65  13  61  56  55  11  46  53  69  43  67  28  64  42  23  63  71  58  70  14  32  21  48  68  72  29  35  7  16  47  24  34  36  51  54  40  8  60  12  17  18  62  27  20
   4  43  6  28  9  42  50  63  2  58  3  14  41  21  25  68  1  29  38  7  57  47  49  34  37  51  19  40  65  60  61  17  55  62  46  20  69  30  67  45  64  31  23  10  71  15  70  59  32  52  48  5  72  44  35  66  16  26  24  39  36  22  54  33  8  13  12  56  18  11  27  53
   4  44  34  12  9  2  25  52  64  49  63  42  11  65  39  20  37  32  26  17  55  31  18  10  14  51  22  33  35  7  59  60  21  5  30  72  36  66  41  57  24  23  43  71  69  58  15  50  46  54  67  19  53  62  68  1  56  3  29  47  6  27  13  28  16  61  38  45  48  70  8  40
   4  44  34  12  45  2  61  52  64  13  27  42  47  29  3  20  1  32  26  53  19  67  18  10  14  15  22  69  71  43  23  60  57  41  30  72  36  66  5  21  24  59  7  35  33  58  51  50  46  54  31  55  17  62  68  37  56  39  65  11  6  63  49  28  16  25  38  9  48  70  8  40
   4  44  46  68  18  52  61  14  8  15  19  63  36  31  49  28  16  30  38  53  72  62  25  56  32  60  3  33  71  51  50  39  64  47  6  66  69  29  27  5  55  21  12  59  65  58  54  10  37  42  24  45  57  43  35  20  1  11  48  17  41  13  70  40  2  22  23  34  9  26  67  7
   4  44  70  12  27  38  43  52  64  67  45  6  65  11  21  20  55  32  62  35  37  13  54  46  50  33  58  51  17  61  41  60  39  23  66  72  36  30  59  3  24  5  25  53  15  22  69  14  10  18  49  1  71  26  68  19  56  57  47  29  42  9  31  28  16  7  2  63  48  34  8  40
   4  44  70  12  63  38  7  52  64  31  9  6  29  47  57  20  19  32  62  71  1  49  54  46  50  69  58  15  53  25  5  60  3  59  66  72  36  30  23  39  24  41  61  17  51  22  33  14  10  18  13  37  35  26  68  55  56  21  11  65  42  45  67  28  16  43  2  27  48  34  8  40
   4  51  48  28  65  44  50  17  16  58  46  39  41  30  54  68  64  13  38  10  18  47  70  53  37  52  6  40  72  42  61  66  2  62  24  14  69  22  25  45  8  29  23  56  57  15  27  34  32  43  19  5  9  60  35  63  55  26  3  20  36  21  67  33  1  31  12  7  71  11  49  59
   4  52  19  28  72  60  50  66  55  58  24  20  41  22  67  68  8  31  38  56  71  47  27  59  37  43  48  40  9  44  61  63  16  62  3  39  69  21  54  45  1  13  23  7  18  15  49  53  32  51  6  5  65  42  35  17  2  26  46  14  36  30  25  33  64  29  12  10  57  11  70  34
   4  53  27  11  18  56  12  13  8  33  54  22  36  39  24  26  16  66  35  44  72  5  48  52  32  59  70  15  71  10  23  31  64  45  67  30  69  20  46  62  55  17  61  60  65  40  19  51  37  34  49  47  57  7  38  29  1  68  25  21  41  14  3  58  2  63  50  42  9  28  6  43
   4  56  54  26  72  59  23  30  55  40  49  29  41  63  6  11  8  39  35  52  71  45  46  60  37  7  25  58  9  53  12  22  16  5  70  31  69  17  19  47  1  14  50  43  18  33  24  44  32  10  67  62  65  34  38  21  2  28  27  13  36  66  48  15  64  20  61  51  57  68  3  42
   4  59  49  11  71  7  12  31  1  33  67  21  36  20  3  26  55  63  35  60  9  5  19  43  32  34  27  15  57  56  23  29  8  45  25  22  69  14  24  62  2  66  61  42  72  40  6  52  37  53  70  47  18  10  38  13  64  68  54  30  41  39  46  58  16  17  50  44  65  28  48  51
   4  60  10  44  29  66  37  28  16  13  11  50  39  21  35  12  25  72  42  69  43  67  2  34  54  23  22  5  15  19  63  68  17  9  62  56  20  26  45  53  32  27  55  51  41  58  59  18  70  38  31  7  33  6  36  61  48  71  57  3  14  47  49  52  64  1  30  65  8  46  24  40
   4  60  10  44  65  66  1  28  16  49  47  50  3  57  71  12  61  72  42  33  7  31  2  34  54  59  22  41  51  55  27  68  53  45  62  56  20  26  9  17  32  63  19  15  5  58  23  18  70  38  67  43  69  6  36  25  48  35  21  39  14  11  13  52  64  37  30  29  8  46  24  40
   4  60  24  68  71  43  61  39  1  15  6  17  36  29  70  28  55  22  38  59  9  62  54  7  32  42  46  33  57  52  50  20  8  47  48  63  69  13  49  5  2  30  12  34  72  58  67  56  37  44  3  45  18  51  35  14  64  11  19  66  41  31  27  40  16  21  23  53  65  26  25  10
   4  60  46  44  11  30  19  28  16  67  29  14  57  3  53  12  7  72  6  51  61  13  38  70  18  41  58  59  33  37  9  68  71  63  26  56  20  62  27  35  32  45  1  69  23  22  5  54  34  2  49  25  15  42  36  43  48  17  39  21  50  65  31  52  64  55  66  47  8  10  24  40
   4  60  46  44  47  30  55  28  16  31  65  14  21  39  17  12  43  72  6  15  25  49  38  70  18  5  58  23  69  1  45  68  35  27  26  56  20  62  63  71  32  9  37  33  59  22  41  54  34  2  13  61  51  42  36  7  48  53  3  57  50  29  67  52  64  19  66  11  8  10  24  40
   4  63  25  47  65  20  23  52  16  33  27  42  41  7  19  62  64  59  35  22  18  28  3  29  37  17  67  15  72  39  12  43  2  68  49  60  69  10  48  26  8  53  50  21  57  40  46  31  32  66  54  11  9  14  38  51  55  45  70  44  36  56  6  58  1  34  61  30  71  5  24  13
   4  66  67  47  9  39  23  51  2  33  70  60  41  56  48  62  1  53  35  30  57  28  24  31  37  63  54  15  65  14  12  52  55  68  27  44  69  7  6  26  64  34  50  22  71  40  3  13  32  17  25  11  72  20  38  43  16  45  49  42  36  10  19  58  8  59  61  21  18  5  46  29
   4  68  34  60  21  26  61  52  64  13  3  18  71  53  51  44  1  56  50  5  19  67  66  10  38  63  22  45  23  43  47  36  33  65  6  48  12  42  29  69  72  11  7  59  9  58  27  2  46  30  31  55  41  14  20  37  8  15  17  35  54  39  49  28  16  25  62  57  24  70  32  40
   4  68  34  60  57  26  25  52  64  49  39  18  35  17  15  44  37  56  50  41  55  31  66  10  38  27  22  9  59  7  11  36  69  29  6  48  12  42  65  33  72  47  43  23  45  58  63  2  46  30  67  19  5  14  20  1  8  51  53  71  54  3  13  28  16  61  62  21  24  70  32  40
   4  68  70  60  3  62  43  52  64  67  21  54  17  35  69  44  55  56  14  59  37  13  30  46  2  9  58  27  41  61  65  36  15  47  42  48  12  6  11  51  72  29  25  5  63  22  45  38  10  66  49  1  23  50  20  19  8  33  71  53  18  57  31  28  16  7  26  39  24  34  32  40
   4  68  70  60  39  62  7  52  64  31  57  54  53  71  33  44  19  56  14  23  1  49  30  46  2  45  58  63  5  25  29  36  51  11  42  48  12  6  47  15  72  65  61  41  27  22  9  38  10  66  13  37  59  50  20  55  8  69  35  17  18  21  67  28  16  43  26  3  24  34  32  40
   5  2  30  12  34  72  58  67  56  37  44  3  45  18  51  35  14  64  11  19  66  41  31  27  40  16  21  23  53  65  26  25  10  4  60  24  68  71  43  61  39  1  15  6  17  36  29  70  28  55  22  38  59  9  62  54  7  32  42  46  33  57  52  50  20  8  47  48  63  69  13  49
   5  3  31  4  17  54  47  72  14  23  43  55  33  49  44  41  10  6  62  8  34  35  21  71  28  46  13  37  66  25  15  9  20  12  51  16  68  70  42  69  56  19  26  1  59  50  30  18  40  24  29  32  63  67  11  65  39  38  52  2  45  27  60  36  7  48  58  64  53  61  22  57
   5  6  51  32  53  49  15  18  7  23  13  1  45  54  21  69  39  3  62  16  63  61  44  9  40  48  43  37  59  27  47  71  56  38  31  8  68  67  22  41  20  24  58  55  66  50  60  72  28  19  52  4  34  70  11  57  10  12  29  64  33  25  30  36  14  46  26  2  17  35  42  65
   5  8  42  38  17  71  26  27  14  37  30  48  33  9  29  61  10  16  11  3  34  69  52  54  28  1  60  23  66  18  58  49  20  32  22  6  68  65  31  35  56  2  47  46  59  36  43  25  40  64  44  12  63  57  62  70  39  4  21  19  45  72  13  50  7  55  15  24  53  41  51  67
   5  9  60  35  63  55  26  3  20  36  21  67  33  1  31  12  7  71  11  49  59  4  51  48  28  65  44  50  17  16  58  46  39  41  30  54  68  64  13  38  10  18  47  70  53  37  52  6  40  72  42  61  66  2  62  24  14  69  22  25  45  8  29  23  56  57  15  27  34  32  43  19
   5  13  11  21  6  19  38  29  17  14  60  27  64  46  12  37  26  25  67  22  44  68  51  35  7  72  23  54  40  20  16  45  66  34  39  33  69  3  70  30  9  52  56  4  18  59  36  43  71  15  32  8  58  31  61  62  1  48  10  28  63  24  50  53  65  2  55  42  57  47  49  41
   5  13  11  21  42  19  2  29  17  50  24  27  28  10  48  37  62  25  67  58  8  32  51  35  7  36  23  18  4  56  52  45  30  70  39  33  69  3  34  66  9  16  20  40  54  59  72  43  71  15  68  44  22  31  61  26  1  12  46  64  63  60  14  53  65  38  55  6  57  47  49  41
   5  13  47  21  24  55  56  29  17  32  42  63  46  64  66  37  44  25  31  40  26  50  15  71  43  54  59  72  22  2  70  45  12  52  3  33  69  39  16  48  9  34  38  58  36  23  18  7  35  51  14  62  4  67  61  8  1  30  28  10  27  6  68  53  65  20  19  60  57  11  49  41
   5  13  47  21  60  55  20  29  17  68  6  63  10  28  30  37  8  25  31  4  62  14  15  71  43  18  59  36  58  38  34  45  48  16  3  33  69  39  52  12  9  70  2  22  72  23  54  7  35  51  50  26  40  67  61  44  1  66  64  46  27  42  32  53  65  56  19  24  57  11  49  41
   5  18  21  61  59  8  58  19  10  36  42  49  45  16  43  38  20  72  11  25  17  32  13  3  40  71  22  50  34  64  26  6  7  69  44  27  68  55  52  12  14  65  15  54  63  37  31  24  28  57  30  35  53  1  62  48  56  41  60  70  33  2  51  23  39  9  47  67  66  4  29  46
   5  19  43  32  34  27  15  57  56  23  29  8  45  25  22  69  14  24  62  2  66  61  42  72  40  6  52  37  53  70  47  18  10  38  13  64  68  54  30  41  39  46  58  16  17  50  44  65  28  48  51  4  59  49  11  71  7  12  31  1  33  67  21  36  20  3  26  55  63  35  60  9
   5  27  29  69  66  6  47  64  39  50  51  71  33  3  60  32  56  25  62  72  53  38  30  16  28  49  31  36  63  19  15  8  14  61  52  18  68  46  44  4  7  67  26  9  34  23  22  2  40  70  13  41  17  48  11  1  20  35  43  57  45  24  42  37  10  54  58  65  59  12  21  55
   5  45  35  13  10  3  26  53  65  50  64  43  12  66  40  21  38  33  27  18  56  32  19  11  15  52  23  34  36  8  60  61  22  6  31  1  37  67  42  58  25  24  44  72  70  59  16  51  47  55  68  20  54  63  69  2  57  4  30  48  7  28  14  29  17  62  39  46  49  71  9  41
   5  45  35  13  46  3  62  53  65  14  28  43  48  30  4  21  2  33  27  54  20  68  19  11  15  16  23  70  72  44  24  61  58  42  31  1  37  67  6  22  25  60  8  36  34  59  52  51  47  55  32  56  18  63  69  38  57  40  66  12  7  64  50  29  17  26  39  10  49  71  9  41
   5  45  71  13  28  39  44  53  65  68  46  7  66  12  22  21  56  33  63  36  38  14  55  47  51  34  59  52  18  62  42  61  40  24  67  1  37  31  60  4  25  6  26  54  16  23  70  15  11  19  50  2  72  27  69  20  57  58  48  30  43  10  32  29  17  8  3  64  49  35  9  41
   5  45  71  13  64  39  8  53  65  32  10  7  30  48  58  21  20  33  63  72  2  50  55  47  51  70  59  16  54  26  6  61  4  60  67  1  37  31  24  40  25  42  62  18  52  23  34  15  11  19  14  38  36  27  69  56  57  22  12  66  43  46  68  29  17  44  3  28  49  35  9  41
   5  46  29  4  66  67  47  9  39  23  51  2  33  70  60  41  56  48  62  1  53  35  30  57  28  24  31  37  63  54  15  65  14  12  52  55  68  27  44  69  7  6  26  64  34  50  22  71  40  3  13  32  17  25  11  72  20  38  43  16  45  49  42  36  10  19  58  8  59  61  21  18
   5  54  43  41  34  46  15  16  56  50  29  65  45  48  22  4  14  49  62  71  66  12  42  1  40  67  52  36  53  3  47  55  10  35  13  9  68  19  30  32  39  27  58  57  17  23  44  8  28  25  51  69  59  24  11  2  7  61  31  72  33  6  21  37  20  70  26  18  63  38  60  64
   5  55  21  12  59  65  58  54  10  37  42  24  45  57  43  35  20  1  11  48  17  41  13  70  40  2  22  23  34  9  26  67  7  4  44  46  68  18  52  61  14  8  15  19  63  36  31  49  28  16  30  38  53  72  62  25  56  32  60  3  33  71  51  50  39  64  47  6  66  69  29  27
   5  61  11  45  30  67  38  29  17  14  12  51  40  22  36  13  26  1  43  70  44  68  3  35  55  24  23  6  16  20  64  69  18  10  63  57  21  27  46  54  33  28  56  52  42  59  60  19  71  39  32  8  34  7  37  62  49  72  58  4  15  48  50  53  65  2  31  66  9  47  25  41
   5  61  11  45  66  67  2  29  17  50  48  51  4  58  72  13  62  1  43  34  8  32  3  35  55  60  23  42  52  56  28  69  54  46  63  57  21  27  10  18  33  64  20  16  6  59  24  19  71  39  68  44  70  7  37  26  49  36  22  40  15  12  14  53  65  38  31  30  9  47  25  41
   5  61  47  45  12  31  20  29  17  68  30  15  58  4  54  13  8  1  7  52  62  14  39  71  19  42  59  60  34  38  10  69  72  64  27  57  21  63  28  36  33  46  2  70  24  23  6  55  35  3  50  26  16  43  37  44  49  18  40  22  51  66  32  53  65  56  67  48  9  11  25  41
   5  61  47  45  48  31  56  29  17  32  66  15  22  40  18  13  44  1  7  16  26  50  39  71  19  6  59  24  70  2  46  69  36  28  27  57  21  63  64  72  33  10  38  34  60  23  42  55  35  3  14  62  52  43  37  8  49  54  4  58  51  30  68  53  65  20  67  12  9  11  25  41
   5  64  60  38  63  18  26  70  20  37  21  6  33  72  31  61  7  2  11  24  59  69  51  25  28  8  44  23  17  57  58  27  39  32  30  19  68  9  13  35  10  55  47  3  53  36  52  67  40  1  42  12  66  71  62  49  14  4  22  48  45  65  29  50  56  16  15  46  34  41  43  54
   5  65  42  35  17  2  26  46  14  36  30  25  33  64  29  12  10  57  11  70  34  4  52  19  28  72  60  50  66  55  58  24  20  41  22  67  68  8  31  38  56  71  47  27  59  37  43  48  40  9  44  61  63  16  62  3  39  69  21  54  45  1  13  23  7  18  15  49  53  32  51  6
   5  67  51  41  53  24  15  55  7  50  13  72  45  19  21  4  39  70  62  57  63  12  44  64  40  25  43  36  59  46  47  2  56  35  31  65  68  6  22  32  20  49  58  18  66  23  60  1  28  54  52  69  34  3  11  16  10  61  29  9  33  48  30  37  14  27  26  71  17  38  42  8
   5  69  35  61  22  27  62  53  65  14  4  19  72  54  52  45  2  57  51  6  20  68  67  11  39  64  23  46  24  44  48  37  34  66  7  49  13  43  30  70  1  12  8  60  10  59  28  3  47  31  32  56  42  15  21  38  9  16  18  36  55  40  50  29  17  26  63  58  25  71  33  41
   5  69  35  61  58  27  26  53  65  50  40  19  36  18  16  45  38  57  51  42  56  32  67  11  39  28  23  10  60  8  12  37  70  30  7  49  13  43  66  34  1  48  44  24  46  59  64  3  47  31  68  20  6  15  21  2  9  52  54  72  55  4  14  29  17  62  63  22  25  71  33  41
   5  69  71  61  4  63  44  53  65  68  22  55  18  36  70  45  56  57  15  60  38  14  31  47  3  10  59  28  42  62  66  37  16  48  43  49  13  7  12  52  1  30  26  6  64  23  46  39  11  67  50  2  24  51  21  20  9  34  72  54  19  58  32  29  17  8  27  40  25  35  33  41
   5  69  71  61  40  63  8  53  65  32  58  55  54  72  34  45  20  57  15  24  2  50  31  47  3  46  59  64  6  26  30  37  52  12  43  49  13  7  48  16  1  66  62  42  28  23  10  39  11  67  14  38  60  51  21  56  9  70  36  18  19  22  68  29  17  44  27  4  25  35  33  41
   5  70  31  69  17  19  47  1  14  50  43  18  33  24  44  32  10  67  62  65  34  38  21  2  28  27  13  36  66  48  15  64  20  61  51  57  68  3  42  4  56  54  26  72  59  23  30  55  40  49  29  41  63  6  11  8  39  35  52  71  45  46  60  37  7  25  58  9  53  12  22  16
   5  71  30  61  34  1  58  6  56  36  44  70  45  55  51  38  14  9  11  54  66  32  31  46  40  57  21  50  53  8  26  48  10  69  60  49  68  2  43  12  39  72  15  67  17  37  29  3  28  18  22  35  59  64  62  19  7  41  42  27  33  16  52  23  20  65  47  25  63  4  13  24
   6  5  65  42  35  17  2  26  46  14  36  30  25  33  64  29  12  10  57  11  70  34  4  52  19  28  72  60  50  66  55  58  24  20  41  22  67  68  8  31  38  56  71  47  27  59  37  43  48  40  9  44  61  63  16  62  3  39  69  21  54  45  1  13  23  7  18  15  49  53  32  51
   6  7  69  44  27  68  55  52  12  14  65  15  54  63  37  31  24  28  57  30  35  53  1  62  48  56  41  60  70  33  2  51  23  39  9  47  67  66  4  29  46  5  18  21  61  59  8  58  19  10  36  42  49  45  16  43  38  20  72  11  25  17  32  13  3  40  71  22  50  34  64  26
   6  10  41  44  49  33  55  43  23  14  72  47  54  17  4  31  3  5  57  22  61  53  64  58  48  7  36  60  27  45  2  52  38  39  65  11  67  63  32  29  24  40  18  30  50  59  1  26  19  56  69  42  70  68  16  51  12  20  9  15  25  66  37  13  46  28  71  21  35  34  8  62
   6  11  8  39  35  52  71  45  46  60  37  7  25  58  9  53  12  22  16  5  70  31  69  17  19  47  1  14  50  43  18  33  24  44  32  10  67  62  65  34  38  21  2  28  27  13  36  66  48  15  64  20  61  51  57  68  3  42  4  56  54  26  72  59  23  30  55  40  49  29  41  63
   6  14  12  22  7  20  39  30  18  15  61  28  65  47  13  38  27  26  68  23  45  69  52  36  8  1  24  55  41  21  17  46  67  35  40  34  70  4  71  31  10  53  57  5  19  60  37  44  72  16  33  9  59  32  62  63  2  49  11  29  64  25  51  54  66  3  56  43  58  48  50  42
   6  14  12  22  43  20  3  30  18  51  25  28  29  11  49  38  63  26  68  59  9  33  52  36  8  37  24  19  5  57  53  46  31  71  40  34  70  4  35  67  10  17  21  41  55  60  1  44  72  16  69  45  23  32  62  27  2  13  47  65  64  61  15  54  66  39  56  7  58  48  50  42
   6  14  48  22  25  56  57  30  18  33  43  64  47  65  67  38  45  26  32  41  27  51  16  72  44  55  60  1  23  3  71  46  13  53  4  34  70  40  17  49  10  35  39  59  37  24  19  8  36  52  15  63  5  68  62  9  2  31  29  11  28  7  69  54  66  21  20  61  58  12  50  42
   6  14  48  22  61  56  21  30  18  69  7  64  11  29  31  38  9  26  32  5  63  15  16  72  44  19  60  37  59  39  35  46  49  17  4  34  70  40  53  13  10  71  3  23  1  24  55  8  36  52  51  27  41  68  62  45  2  67  65  47  28  43  33  54  66  57  20  25  58  12  50  42
   6  26  64  34  50  22  71  40  3  13  32  17  25  11  72  20  38  43  16  45  49  42  36  10  19  58  8  59  61  21  18  5  46  29  4  66  67  47  9  39  23  51  2  33  70  60  41  56  48  62  1  53  35  30  57  28  24  31  37  63  54  15  65  14  12  52  55  68  27  44  69  7
   6  28  9  42  50  63  2  58  3  14  41  21  25  68  1  29  38  7  57  47  49  34  37  51  19  40  65  60  61  17  55  62  46  20  69  30  67  45  64  31  23  10  71  15  70  59  32  52  48  5  72  44  35  66  16  26  24  39  36  22  54  33  8  13  12  56  18  11  27  53  4  43
   6  30  4  20  27  62  18  17  12  60  8  40  54  51  36  34  24  47  16  7  35  29  72  68  48  21  32  14  70  58  71  63  23  42  64  28  67  43  69  53  46  11  55  56  61  13  65  33  19  22  37  39  49  26  57  66  38  44  1  5  25  52  41  59  3  15  2  10  50  31  9  45
   6  38  12  70  19  44  3  30  18  51  1  4  53  35  25  62  63  50  20  11  9  33  28  36  32  13  24  67  29  57  5  22  7  23  16  10  46  52  59  43  58  41  21  65  31  60  49  68  72  64  69  45  47  56  14  27  26  61  71  17  40  37  15  54  66  39  8  55  34  48  2  42
   6  38  12  70  55  44  39  30  18  15  37  4  17  71  61  62  27  50  20  47  45  69  28  36  32  49  24  31  65  21  41  22  43  59  16  10  46  52  23  7  58  5  57  29  67  60  13  68  72  64  33  9  11  56  14  63  26  25  35  53  40  1  51  54  66  3  8  19  34  48  2  42
   6  43  4  53  27  11  18  56  12  13  8  33  54  22  36  39  24  26  16  66  35  44  72  5  48  52  32  59  70  15  71  10  23  31  64  45  67  30  69  20  46  62  55  17  61  60  65  40  19  51  37  34  49  47  57  7  38  29  1  68  25  21  41  14  3  58  2  63  50  42  9  28
   6  45  9  31  50  10  2  15  3  59  41  52  25  5  1  44  38  66  57  26  49  39  37  22  19  33  65  13  61  56  55  11  46  53  69  43  67  28  64  42  23  63  71  58  70  14  32  21  48  68  72  29  35  7  16  47  24  34  36  51  54  40  8  60  12  17  18  62  27  20  4  30
   6  47  64  39  50  51  71  33  3  60  32  56  25  62  72  53  38  30  16  28  49  31  36  63  19  15  8  14  61  52  18  68  46  44  4  7  67  26  9  34  23  22  2  40  70  13  41  17  48  11  1  20  35  43  57  45  24  42  37  10  54  58  65  59  12  21  55  5  27  29  69  66
   6  62  8  34  35  21  71  28  46  13  37  66  25  15  9  20  12  51  16  68  70  42  69  56  19  26  1  59  50  30  18  40  24  29  32  63  67  11  65  39  38  52  2  45  27  60  36  7  48  58  64  53  61  22  57  5  3  31  4  17  54  47  72  14  23  43  55  33  49  44  41  10
   6  62  12  46  31  68  39  30  18  15  13  52  41  23  37  14  27  2  44  71  45  69  4  36  56  25  24  7  17  21  65  70  19  11  64  58  22  28  47  55  34  29  57  53  43  60  61  20  72  40  33  9  35  8  38  63  50  1  59  5  16  49  51  54  66  3  32  67  10  48  26  42
   6  62  12  46  67  68  3  30  18  51  49  52  5  59  1  14  63  2  44  35  9  33  4  36  56  61  24  43  53  57  29  70  55  47  64  58  22  28  11  19  34  65  21  17  7  60  25  20  72  40  69  45  71  8  38  27  50  37  23  41  16  13  15  54  66  39  32  31  10  48  26  42
   6  62  48  46  13  32  21  30  18  69  31  16  59  5  55  14  9  2  8  53  63  15  40  72  20  43  60  61  35  39  11  70  1  65  28  58  22  64  29  37  34  47  3  71  25  24  7  56  36  4  51  27  17  44  38  45  50  19  41  23  52  67  33  54  66  57  68  49  10  12  26  42
   6  62  48  46  49  32  57  30  18  33  67  16  23  41  19  14  45  2  8  17  27  51  40  72  20  7  60  25  71  3  47  70  37  29  28  58  22  64  65  1  34  11  39  35  61  24  43  56  36  4  15  63  53  44  38  9  50  55  5  59  52  31  69  54  66  21  68  13  10  12  26  42
   6  63  41  29  49  40  55  30  23  59  72  26  54  56  4  42  3  68  57  51  61  20  64  15  48  66  36  13  27  28  2  21  38  34  65  62  67  10  32  44  24  33  18  43  50  14  1  47  19  17  69  31  70  5  16  22  12  53  9  58  25  7  37  60  46  45  71  52  35  39  8  11
   6  66  69  29  27  5  55  21  12  59  65  58  54  10  37  42  24  45  57  43  35  20  1  11  48  17  41  13  70  40  2  22  23  34  9  26  67  7  4  44  46  68  18  52  61  14  8  15  19  63  36  31  49  28  16  30  38  53  72  62  25  56  32  60  3  33  71  51  50  39  64  47
   6  68  65  31  35  56  2  47  46  59  36  43  25  40  64  44  12  63  57  62  70  39  4  21  19  45  72  13  50  7  55  15  24  53  41  51  67  5  8  42  38  17  71  26  27  14  37  30  48  33  9  29  61  10  16  11  3  34  69  52  54  28  1  60  23  66  18  58  49  20  32  22
   7  15  13  23  8  21  40  31  19  16  62  29  66  48  14  39  28  27  69  24  46  70  53  37  9  2  25  56  42  22  18  47  68  36  41  35  71  5  72  32  11  54  58  6  20  61  38  45  1  17  34  10  60  33  63  64  3  50  12  30  65  26  52  55  67  4  57  44  59  49  51  43
   7  15  13  23  44  21  4  31  19  52  26  29  30  12  50  39  64  27  69  60  10  34  53  37  9  38  25  20  6  58  54  47  32  72  41  35  71  5  36  68  11  18  22  42  56  61  2  45  1  17  70  46  24  33  63  28  3  14  48  66  65  62  16  55  67  40  57  8  59  49  51  43
   7  15  49  23  26  57  58  31  19  34  44  65  48  66  68  39  46  27  33  42  28  52  17  1  45  56  61  2  24  4  72  47  14  54  5  35  71  41  18  50  11  36  40  60  38  25  20  9  37  53  16  64  6  69  63  10  3  32  30  12  29  8  70  55  67  22  21  62  59  13  51  43
   7  15  49  23  62  57  22  31  19  70  8  65  12  30  32  39  10  27  33  6  64  16  17  1  45  20  61  38  60  40  36  47  50  18  5  35  71  41  54  14  11  72  4  24  2  25  56  9  37  53  52  28  42  69  63  46  3  68  66  48  29  44  34  55  67  58  21  26  59  13  51  43
   7  19  62  64  59  35  22  18  28  3  29  37  17  67  15  72  39  12  43  2  68  49  60  69  10  48  26  8  53  50  21  57  40  46  31  32  66  54  11  9  14  38  51  55  45  70  44  36  56  6  58  1  34  61  30  71  5  24  13  4  63  25  47  65  20  23  52  16  33  27  42  41
   7  25  58  9  53  12  22  16  5  70  31  69  17  19  47  1  14  50  43  18  33  24  44  32  10  67  62  65  34  38  21  2  28  27  13  36  66  48  15  64  20  61  51  57  68  3  42  4  56  54  26  72  59  23  30  55  40  49  29  41  63  6  11  8  39  35  52  71  45  46  60  37
   7  32  42  46  33  57  52  50  20  8  47  48  63  69  13  49  5  2  30  12  34  72  58  67  56  37  44  3  45  18  51  35  14  64  11  19  66  41  31  27  40  16  21  23  53  65  26  25  10  4  60  24  68  71  43  61  39  1  15  6  17  36  29  70  28  55  22  38  59  9  62  54
   7  36  60  27  45  2  52  38  39  65  11  67  63  32  29  24  40  18  30  50  59  1  26  19  56  69  42  70  68  16  51  12  20  9  15  25  66  37  13  46  28  71  21  35  34  8  62  6  10  41  44  49  33  55  43  23  14  72  47  54  17  4  31  3  5  57  22  61  53  64  58  48
   7  37  60  46  45  71  52  35  39  8  11  6  63  41  29  49  40  55  30  23  59  72  26  54  56  4  42  3  68  57  51  61  20  64  15  48  66  36  13  27  28  2  21  38  34  65  62  67  10  32  44  24  33  18  43  50  14  1  47  19  17  69  31  70  5  16  22  12  53  9  58  25
   7  39  13  71  20  45  4  31  19  52  2  5  54  36  26  63  64  51  21  12  10  34  29  37  33  14  25  68  30  58  6  23  8  24  17  11  47  53  60  44  59  42  22  66  32  61  50  69  1  65  70  46  48  57  15  28  27  62  72  18  41  38  16  55  67  40  9  56  35  49  3  43
   7  39  13  71  56  45  40  31  19  16  38  5  18  72  62  63  28  51  21  48  46  70  29  37  33  50  25  32  66  22  42  23  44  60  17  11  47  53  24  8  59  6  58  30  68  61  14  69  1  65  34  10  12  57  15  64  27  26  36  54  41  2  52  55  67  4  9  20  35  49  3  43
   7  39  49  71  2  9  58  31  19  34  20  41  72  18  44  63  46  51  57  66  28  52  65  1  69  32  61  50  48  4  24  23  62  6  53  11  47  17  42  26  59  60  40  12  14  25  68  33  37  29  16  64  30  21  15  10  27  8  54  36  5  56  70  55  67  22  45  38  35  13  3  43
   7  39  49  71  38  9  22  31  19  70  56  41  36  54  8  63  10  51  57  30  64  16  65  1  69  68  61  14  12  40  60  23  26  42  53  11  47  17  6  62  59  24  4  48  50  25  32  33  37  29  52  28  66  21  15  46  27  44  18  72  5  20  34  55  67  58  45  2  35  13  3  43
   7  41  42  27  33  16  52  23  20  65  47  25  63  4  13  24  5  71  30  61  34  1  58  6  56  36  44  70  45  55  51  38  14  9  11  54  66  32  31  46  40  57  21  50  53  8  26  48  10  69  60  49  68  2  43  12  39  72  15  67  17  37  29  3  28  18  22  35  59  64  62  19
   7  48  58  64  53  61  22  57  5  3  31  4  17  54  47  72  14  23  43  55  33  49  44  41  10  6  62  8  34  35  21  71  28  46  13  37  66  25  15  9  20  12  51  16  68  70  42  69  56  19  26  1  59  50  30  18  40  24  29  32  63  67  11  65  39  38  52  2  45  27  60  36
   7  54  62  9  59  38  22  55  28  70  29  36  17  6  15  1  39  61  43  71  68  24  60  4  10  25  26  65  53  23  21  16  40  27  31  41  66  19  11  64  14  35  51  18  45  3  44  37  56  67  58  72  34  12  30  2  5  49  13  69  63  48  47  8  20  50  52  57  33  46  42  32
   7  63  13  47  32  69  40  31  19  16  14  53  42  24  38  15  28  3  45  72  46  70  5  37  57  26  25  8  18  22  66  71  20  12  65  59  23  29  48  56  35  30  58  54  44  61  62  21  1  41  34  10  36  9  39  64  51  2  60  6  17  50  52  55  67  4  33  68  11  49  27  43
   7  63  13  47  68  69  4  31  19  52  50  53  6  60  2  15  64  3  45  36  10  34  5  37  57  62  25  44  54  58  30  71  56  48  65  59  23  29  12  20  35  66  22  18  8  61  26  21  1  41  70  46  72  9  39  28  51  38  24  42  17  14  16  55  67  40  33  32  11  49  27  43
   7  63  49  47  14  33  22  31  19  70  32  17  60  6  56  15  10  3  9  54  64  16  41  1  21  44  61  62  36  40  12  71  2  66  29  59  23  65  30  38  35  48  4  72  26  25  8  57  37  5  52  28  18  45  39  46  51  20  42  24  53  68  34  55  67  58  69  50  11  13  27  43
   7  63  49  47  50  33  58  31  19  34  68  17  24  42  20  15  46  3  9  18  28  52  41  1  21  8  61  26  72  4  48  71  38  30  29  59  23  65  66  2  35  12  40  36  62  25  44  57  37  5  16  64  54  45  39  10  51  56  6  60  53  32  70  55  67  22  69  14  11  13  27  43
   8  5  67  51  41  53  24  15  55  7  50  13  72  45  19  21  4  39  70  62  57  63  12  44  64  40  25  43  36  59  46  47  2  56  35  31  65  68  6  22  32  20  49  58  18  66  23  60  1  28  54  52  69  34  3  11  16  10  61  29  9  33  48  30  37  14  27  26  71  17  38  42
   8  11  6  63  41  29  49  40  55  30  23  59  72  26  54  56  4  42  3  68  57  51  61  20  64  15  48  66  36  13  27  28  2  21  38  34  65  62  67  10  32  44  24  33  18  43  50  14  1  47  19  17  69  31  70  5  16  22  12  53  9  58  25  7  37  60  46  45  71  52  35  39
   8  13  12  56  18  11  27  53  4  43  6  28  9  42  50  63  2  58  3  14  41  21  25  68  1  29  38  7  57  47  49  34  37  51  19  40  65  60  61  17  55  62  46  20  69  30  67  45  64  31  23  10  71  15  70  59  32  52  48  5  72  44  35  66  16  26  24  39  36  22  54  33
   8  14  61  52  18  68  46  44  4  7  67  26  9  34  23  22  2  40  70  13  41  17  48  11  1  20  35  43  57  45  24  42  37  10  54  58  65  59  12  21  55  5  27  29  69  66  6  47  64  39  50  51  71  33  3  60  32  56  25  62  72  53  38  30  16  28  49  31  36  63  19  15
   8  15  19  63  36  31  49  28  16  30  38  53  72  62  25  56  32  60  3  33  71  51  50  39  64  47  6  66  69  29  27  5  55  21  12  59  65  58  54  10  37  42  24  45  57  43  35  20  1  11  48  17  41  13  70  40  2  22  23  34  9  26  67  7  4  44  46  68  18  52  61  14
   8  16  14  24  9  22  41  32  20  17  63  30  67  49  15  40  29  28  70  25  47  71  54  38  10  3  26  57  43  23  19  48  69  37  42  36  72  6  1  33  12  55  59  7  21  62  39  46  2  18  35  11  61  34  64  65  4  51  13  31  66  27  53  56  68  5  58  45  60  50  52  44
   8  16  14  24  45  22  5  32  20  53  27  30  31  13  51  40  65  28  70  61  11  35  54  38  10  39  26  21  7  59  55  48  33  1  42  36  72  6  37  69  12  19  23  43  57  62  3  46  2  18  71  47  25  34  64  29  4  15  49  67  66  63  17  56  68  41  58  9  60  50  52  44
   8  16  50  24  27  58  59  32  20  35  45  66  49  67  69  40  47  28  34  43  29  53  18  2  46  57  62  3  25  5  1  48  15  55  6  36  72  42  19  51  12  37  41  61  39  26  21  10  38  54  17  65  7  70  64  11  4  33  31  13  30  9  71  56  68  23  22  63  60  14  52  44
   8  16  50  24  63  58  23  32  20  71  9  66  13  31  33  40  11  28  34  7  65  17  18  2  46  21  62  39  61  41  37  48  51  19  6  36  72  42  55  15  12  1  5  25  3  26  57  10  38  54  53  29  43  70  64  47  4  69  67  49  30  45  35  56  68  59  22  27  60  14  52  44
   8  20  50  52  57  33  46  42  32  7  54  62  9  59  38  22  55  28  70  29  36  17  6  15  1  39  61  43  71  68  24  60  4  10  25  26  65  53  23  21  16  40  27  31  41  66  19  11  64  14  35  51  18  45  3  44  37  56  67  58  72  34  12  30  2  5  49  13  69  63  48  47
   8  24  2  40  19  18  11  56  68  35  37  34  9  27  13  72  23  12  42  51  5  53  10  50  30  25  62  43  33  29  57  16  31  39  22  28  64  58  3  67  52  21  65  69  7  26  61  66  14  46  17  41  15  6  48  59  36  49  63  45  70  1  71  32  20  47  54  55  4  38  60  44
   8  24  2  40  55  18  47  56  68  71  1  34  45  63  49  72  59  12  42  15  41  17  10  50  30  61  62  7  69  65  21  16  67  3  22  28  64  58  39  31  52  57  29  33  43  26  25  66  14  46  53  5  51  6  48  23  36  13  27  9  70  37  35  32  20  11  54  19  4  38  60  44
   8  26  48  10  69  60  49  68  2  43  12  39  72  15  67  17  37  29  3  28  18  22  35  59  64  62  19  7  41  42  27  33  16  52  23  20  65  47  25  63  4  13  24  5  71  30  61  34  1  58  6  56  36  44  70  45  55  51  38  14  9  11  54  66  32  31  46  40  57  21  50  53
   8  28  25  51  69  59  24  11  2  7  61  31  72  33  6  21  37  20  70  26  18  63  38  60  64  5  54  43  41  34  46  15  16  56  50  29  65  45  48  22  4  14  49  62  71  66  12  42  1  40  67  52  36  53  3  47  55  10  35  13  9  68  19  30  32  39  27  58  57  17  23  44
   8  29  23  56  57  15  27  34  32  43  19  5  9  60  35  63  55  26  3  20  36  21  67  33  1  31  12  7  71  11  49  59  4  51  48  28  65  44  50  17  16  58  46  39  41  30  54  68  64  13  38  10  18  47  70  53  37  52  6  40  72  42  61  66  2  62  24  14  69  22  25  45
   8  33  54  22  36  39  24  26  16  66  35  44  72  5  48  52  32  59  70  15  71  10  23  31  64  45  67  30  69  20  46  62  55  17  61  60  65  40  19  51  37  34  49  47  57  7  38  29  1  68  25  21  41  14  3  58  2  63  50  42  9  28  6  43  4  53  27  11  18  56  12  13
   8  34  35  21  71  28  46  13  37  66  25  15  9  20  12  51  16  68  70  42  69  56  19  26  1  59  50  30  18  40  24  29  32  63  67  11  65  39  38  52  2  45  27  60  36  7  48  58  64  53  61  22  57  5  3  31  4  17  54  47  72  14  23  43  55  33  49  44  41  10  6  62
   8  39  35  52  71  45  46  60  37  7  25  58  9  53  12  22  16  5  70  31  69  17  19  47  1  14  50  43  18  33  24  44  32  10  67  62  65  34  38  21  2  28  27  13  36  66  48  15  64  20  61  51  57  68  3  42  4  56  54  26  72  59  23  30  55  40  49  29  41  63  6  11
   8  40  54  51  36  34  24  47  16  7  35  29  72  68  48  21  32  14  70  58  71  63  23  42  64  28  67  43  69  53  46  11  55  56  61  13  65  33  19  22  37  39  49  26  57  66  38  44  1  5  25  52  41  59  3  15  2  10  50  31  9  45  6  30  4  20  27  62  18  17  12  60
   8  44  23  17  57  58  27  39  32  30  19  68  9  13  35  10  55  47  3  53  36  52  67  40  1  42  12  66  71  62  49  14  4  22  48  45  65  29  50  56  16  15  46  34  41  43  54  5  64  60  38  63  18  26  70  20  37  21  6  33  72  31  61  7  2  11  24  59  69  51  25  28
   8  45  25  22  69  14  24  62  2  66  61  42  72  40  6  52  37  53  70  47  18  10  38  13  64  68  54  30  41  39  46  58  16  17  50  44  65  28  48  51  4  59  49  11  71  7  12  31  1  33  67  21  36  20  3  26  55  63  35  60  9  5  19  43  32  34  27  15  57  56  23  29
   8  47  48  63  69  13  49  5  2  30  12  34  72  58  67  56  37  44  3  45  18  51  35  14  64  11  19  66  41  31  27  40  16  21  23  53  65  26  25  10  4  60  24  68  71  43  61  39  1  15  6  17  36  29  70  28  55  22  38  59  9  62  54  7  32  42  46  33  57  52  50  20
   8  48  2  16  31  42  47  56  68  71  49  10  69  15  25  24  59  36  66  39  41  17  58  50  54  37  62  55  21  65  45  64  43  27  70  4  40  34  63  7  28  9  29  57  19  26  1  18  14  22  53  5  3  30  72  23  60  61  51  33  46  13  35  32  20  11  6  67  52  38  12  44
   8  48  2  16  67  42  11  56  68  35  13  10  33  51  61  24  23  36  66  3  5  53  58  50  54  1  62  19  57  29  9  64  7  63  70  4  40  34  27  43  28  45  65  21  55  26  37  18  14  22  17  41  39  30  72  59  60  25  15  69  46  49  71  32  20  47  6  31  52  38  12  44
   8  48  38  16  13  6  29  56  68  53  67  46  15  69  43  24  41  36  30  21  59  35  22  14  18  55  26  37  39  11  63  64  25  9  34  4  40  70  45  61  28  27  47  3  1  62  19  54  50  58  71  23  57  66  72  5  60  7  33  51  10  31  17  32  20  65  42  49  52  2  12  44
   8  48  38  16  49  6  65  56  68  17  31  46  51  33  7  24  5  36  30  57  23  71  22  14  18  19  26  1  3  47  27  64  61  45  34  4  40  70  9  25  28  63  11  39  37  62  55  54  50  58  35  59  21  66  72  41  60  43  69  15  10  67  53  32  20  29  42  13  52  2  12  44
   8  53  50  21  57  40  46  31  32  66  54  11  9  14  38  51  55  45  70  44  36  56  6  58  1  34  61  30  71  5  24  13  4  63  25  47  65  20  23  52  16  33  27  42  41  7  19  62  64  59  35  22  18  28  3  29  37  17  67  15  72  39  12  43  2  68  49  60  69  10  48  26
   8  58  19  10  36  42  49  45  16  43  38  20  72  11  25  17  32  13  3  40  71  22  50  34  64  26  6  7  69  44  27  68  55  52  12  14  65  15  54  63  37  31  24  28  57  30  35  53  1  62  48  56  41  60  70  33  2  51  23  39  9  47  67  66  4  29  46  5  18  21  61  59
   8  59  61  21  18  5  46  29  4  66  67  47  9  39  23  51  2  33  70  60  41  56  48  62  1  53  35  30  57  28  24  31  37  63  54  15  65  14  12  52  55  68  27  44  69  7  6  26  64  34  50  22  71  40  3  13  32  17  25  11  72  20  38  43  16  45  49  42  36  10  19  58
   8  60  12  17  18  62  27  20  4  30  6  45  9  31  50  10  2  15  3  59  41  52  25  5  1  44  38  66  57  26  49  39  37  22  19  33  65  13  61  56  55  11  46  53  69  43  67  28  64  42  23  63  71  58  70  14  32  21  48  68  72  29  35  7  16  47  24  34  36  51  54  40
   8  62  6  10  41  44  49  33  55  43  23  14  72  47  54  17  4  31  3  5  57  22  61  53  64  58  48  7  36  60  27  45  2  52  38  39  65  11  67  63  32  29  24  40  18  30  50  59  1  26  19  56  69  42  70  68  16  51  12  20  9  15  25  66  37  13  46  28  71  21  35  34
   8  64  14  48  33  70  41  32  20  17  15  54  43  25  39  16  29  4  46  1  47  71  6  38  58  27  26  9  19  23  67  72  21  13  66  60  24  30  49  57  36  31  59  55  45  62  63  22  2  42  35  11  37  10  40  65  52  3  61  7  18  51  53  56  68  5  34  69  12  50  28  44
   8  64  14  48  69  70  5  32  20  53  51  54  7  61  3  16  65  4  46  37  11  35  6  38  58  63  26  45  55  59  31  72  57  49  66  60  24  30  13  21  36  67  23  19  9  62  27  22  2  42  71  47  1  10  40  29  52  39  25  43  18  15  17  56  68  41  34  33  12  50  28  44
   8  64  50  48  15  34  23  32  20  71  33  18  61  7  57  16  11  4  10  55  65  17  42  2  22  45  62  63  37  41  13  72  3  67  30  60  24  66  31  39  36  49  5  1  27  26  9  58  38  6  53  29  19  46  40  47  52  21  43  25  54  69  35  56  68  59  70  51  12  14  28  44
   8  64  50  48  51  34  59  32  20  35  69  18  25  43  21  16  47  4  10  19  29  53  42  2  22  9  62  27  1  5  49  72  39  31  30  60  24  66  67  3  36  13  41  37  63  26  45  58  38  6  17  65  55  46  40  11  52  57  7  61  54  33  71  56  68  23  70  15  12  14  28  44
   8  68  67  22  41  20  24  58  55  66  50  60  72  28  19  52  4  34  70  11  57  10  12  29  64  33  25  30  36  14  46  26  2  17  35  42  65  5  6  51  32  53  49  15  18  7  23  13  1  45  54  21  69  39  3  62  16  63  61  44  9  40  48  43  37  59  27  47  71  56  38  31
   9  5  19  43  32  34  27  15  57  56  23  29  8  45  25  22  69  14  24  62  2  66  61  42  72  40  6  52  37  53  70  47  18  10  38  13  64  68  54  30  41  39  46  58  16  17  50  44  65  28  48  51  4  59  49  11  71  7  12  31  1  33  67  21  36  20  3  26  55  63  35  60
   9  11  54  66  32  31  46  40  57  21  50  53  8  26  48  10  69  60  49  68  2  43  12  39  72  15  67  17  37  29  3  28  18  22  35  59  64  62  19  7  41  42  27  33  16  52  23  20  65  47  25  63  4  13  24  5  71  30  61  34  1  58  6  56  36  44  70  45  55  51  38  14
   9  14  38  51  55  45  70  44  36  56  6  58  1  34  61  30  71  5  24  13  4  63  25  47  65  20  23  52  16  33  27  42  41  7  19  62  64  59  35  22  18  28  3  29  37  17  67  15  72  39  12  43  2  68  49  60  69  10  48  26  8  53  50  21  57  40  46  31  32  66  54  11
   9  15  25  66  37  13  46  28  71  21  35  34  8  62  6  10  41  44  49  33  55  43  23  14  72  47  54  17  4  31  3  5  57  22  61  53  64  58  48  7  36  60  27  45  2  52  38  39  65  11  67  63  32  29  24  40  18  30  50  59  1  26  19  56  69  42  70  68  16  51  12  20
   9  17  15  25  10  23  42  33  21  18  64  31  68  50  16  41  30  29  71  26  48  72  55  39  11  4  27  58  44  24  20  49  70  38  43  37  1  7  2  34  13  56  60  8  22  63  40  47  3  19  36  12  62  35  65  66  5  52  14  32  67  28  54  57  69  6  59  46  61  51  53  45
   9  17  15  25  46  23  6  33  21  54  28  31  32  14  52  41  66  29  71  62  12  36  55  39  11  40  27  22  8  60  56  49  34  2  43  37  1  7  38  70  13  20  24  44  58  63  4  47  3  19  72  48  26  35  65  30  5  16  50  68  67  64  18  57  69  42  59  10  61  51  53  45
   9  17  51  25  28  59  60  33  21  36  46  67  50  68  70  41  48  29  35  44  30  54  19  3  47  58  63  4  26  6  2  49  16  56  7  37  1  43  20  52  13  38  42  62  40  27  22  11  39  55  18  66  8  71  65  12  5  34  32  14  31  10  72  57  69  24  23  64  61  15  53  45
   9  17  51  25  64  59  24  33  21  72  10  67  14  32  34  41  12  29  35  8  66  18  19  3  47  22  63  40  62  42  38  49  52  20  7  37  1  43  56  16  13  2  6  26  4  27  58  11  39  55  54  30  44  71  65  48  5  70  68  50  31  46  36  57  69  60  23  28  61  15  53  45
   9  20  12  51  16  68  70  42  69  56  19  26  1  59  50  30  18  40  24  29  32  63  67  11  65  39  38  52  2  45  27  60  36  7  48  58  64  53  61  22  57  5  3  31  4  17  54  47  72  14  23  43  55  33  49  44  41  10  6  62  8  34  35  21  71  28  46  13  37  66  25  15
   9  25  3  41  20  19  12  57  69  36  38  35  10  28  14  1  24  13  43  52  6  54  11  51  31  26  63  44  34  30  58  17  32  40  23  29  65  59  4  68  53  22  66  70  8  27  62  67  15  47  18  42  16  7  49  60  37  50  64  46  71  2  72  33  21  48  55  56  5  39  61  45
   9  25  3  41  56  19  48  57  69  72  2  35  46  64  50  1  60  13  43  16  42  18  11  51  31  62  63  8  70  66  22  17  68  4  23  29  65  59  40  32  53  58  30  34  44  27  26  67  15  47  54  6  52  7  49  24  37  14  28  10  71  38  36  33  21  12  55  20  5  39  61  45
   9  25  39  41  2  55  66  57  69  18  56  71  28  10  32  1  6  13  7  34  24  72  47  15  67  44  27  26  52  48  4  17  14  22  59  29  65  23  58  50  53  40  12  16  62  63  8  31  51  11  36  60  70  43  49  42  37  68  46  64  35  20  54  33  21  30  19  38  5  3  61  45
   9  25  39  41  38  55  30  57  69  54  20  71  64  46  68  1  42  13  7  70  60  36  47  15  67  8  27  62  16  12  40  17  50  58  59  29  65  23  22  14  53  4  48  52  26  63  44  31  51  11  72  24  34  43  49  6  37  32  10  28  35  56  18  33  21  66  19  2  5  3  61  45
   9  26  67  7  4  44  46  68  18  52  61  14  8  15  19  63  36  31  49  28  16  30  38  53  72  62  25  56  32  60  3  33  71  51  50  39  64  47  6  66  69  29  27  5  55  21  12  59  65  58  54  10  37  42  24  45  57  43  35  20  1  11  48  17  41  13  70  40  2  22  23  34
   9  28  6  43  4  53  27  11  18  56  12  13  8  33  54  22  36  39  24  26  16  66  35  44  72  5  48  52  32  59  70  15  71  10  23  31  64  45  67  30  69  20  46  62  55  17  61  60  65  40  19  51  37  34  49  47  57  7  38  29  1  68  25  21  41  14  3  58  2  63  50  42
   9  29  61  10  16  11  3  34  69  52  54  28  1  60  23  66  18  58  49  20  32  22  6  68  65  31  35  56  2  47  46  59  36  43  25  40  64  44  12  63  57  62  70  39  4  21  19  45  72  13  50  7  55  15  24  53  41  51  67  5  8  42  38  17  71  26  27  14  37  30  48  33
   9  31  50  10  2  15  3  59  41  52  25  5  1  44  38  66  57  26  49  39  37  22  19  33  65  13  61  56  55  11  46  53  69  43  67  28  64  42  23  63  71  58  70  14  32  21  48  68  72  29  35  7  16  47  24  34  36  51  54  40  8  60  12  17  18  62  27  20  4  30  6  45
   9  33  48  30  37  14  27  26  71  17  38  42  8  5  67  51  41  53  24  15  55  7  50  13  72  45  19  21  4  39  70  62  57  63  12  44  64  40  25  43  36  59  46  47  2  56  35  31  65  68  6  22  32  20  49  58  18  66  23  60  1  28  54  52  69  34  3  11  16  10  61  29
   9  34  23  22  2  40  70  13  41  17  48  11  1  20  35  43  57  45  24  42  37  10  54  58  65  59  12  21  55  5  27  29  69  66  6  47  64  39  50  51  71  33  3  60  32  56  25  62  72  53  38  30  16  28  49  31  36  63  19  15  8  14  61  52  18  68  46  44  4  7  67  26
   9  39  23  51  2  33  70  60  41  56  48  62  1  53  35  30  57  28  24  31  37  63  54  15  65  14  12  52  55  68  27  44  69  7  6  26  64  34  50  22  71  40  3  13  32  17  25  11  72  20  38  43  16  45  49  42  36  10  19  58  8  59  61  21  18  5  46  29  4  66  67  47
   9  40  48  43  37  59  27  47  71  56  38  31  8  68  67  22  41  20  24  58  55  66  50  60  72  28  19  52  4  34  70  11  57  10  12  29  64  33  25  30  36  14  46  26  2  17  35  42  65  5  6  51  32  53  49  15  18  7  23  13  1  45  54  21  69  39  3  62  16  63  61  44
   9  42  50  63  2  58  3  14  41  21  25  68  1  29  38  7  57  47  49  34  37  51  19  40  65  60  61  17  55  62  46  20  69  30  67  45  64  31  23  10  71  15  70  59  32  52  48  5  72  44  35  66  16  26  24  39  36  22  54  33  8  13  12  56  18  11  27  53  4  43  6  28
   9  44  61  63  16  62  3  39  69  21  54  45  1  13  23  7  18  15  49  53  32  51  6  5  65  42  35  17  2  26  46  14  36  30  25  33  64  29  12  10  57  11  70  34  4  52  19  28  72  60  50  66  55  58  24  20  41  22  67  68  8  31  38  56  71  47  27  59  37  43  48  40
   9  45  6  30  4  20  27  62  18  17  12  60  8  40  54  51  36  34  24  47  16  7  35  29  72  68  48  21  32  14  70  58  71  63  23  42  64  28  67  43  69  53  46  11  55  56  61  13  65  33  19  22  37  39  49  26  57  66  38  44  1  5  25  52  41  59  3  15  2  10  50  31
   9  47  67  66  4  29  46  5  18  21  61  59  8  58  19  10  36  42  49  45  16  43  38  20  72  11  25  17  32  13  3  40  71  22  50  34  64  26  6  7  69  44  27  68  55  52  12  14  65  15  54  63  37  31  24  28  57  30  35  53  1  62  48  56  41  60  70  33  2  51  23  39
   9  49  3  17  32  43  48  57  69  72  50  11  70  16  26  25  60  37  67  40  42  18  59  51  55  38  63  56  22  66  46  65  44  28  71  5  41  35  64  8  29  10  30  58  20  27  2  19  15  23  54  6  4  31  1  24  61  62  52  34  47  14  36  33  21  12  7  68  53  39  13  45
   9  49  3  17  68  43  12  57  69  36  14  11  34  52  62  25  24  37  67  4  6  54  59  51  55  2  63  20  58  30  10  65  8  64  71  5  41  35  28  44  29  46  66  22  56  27  38  19  15  23  18  42  40  31  1  60  61  26  16  70  47  50  72  33  21  48  7  32  53  39  13  45
   9  49  39  17  14  7  30  57  69  54  68  47  16  70  44  25  42  37  31  22  60  36  23  15  19  56  27  38  40  12  64  65  26  10  35  5  41  71  46  62  29  28  48  4  2  63  20  55  51  59  72  24  58  67  1  6  61  8  34  52  11  32  18  33  21  66  43  50  53  3  13  45
   9  49  39  17  50  7  66  57  69  18  32  47  52  34  8  25  6  37  31  58  24  72  23  15  19  20  27  2  4  48  28  65  62  46  35  5  41  71  10  26  29  64  12  40  38  63  56  55  51  59  36  60  22  67  1  42  61  44  70  16  11  68  54  33  21  30  43  14  53  3  13  45
   9  53  12  22  16  5  70  31  69  17  19  47  1  14  50  43  18  33  24  44  32  10  67  62  65  34  38  21  2  28  27  13  36  66  48  15  64  20  61  51  57  68  3  42  4  56  54  26  72  59  23  30  55  40  49  29  41  63  6  11  8  39  35  52  71  45  46  60  37  7  25  58
   9  58  25  7  37  60  46  45  71  52  35  39  8  11  6  63  41  29  49  40  55  30  23  59  72  26  54  56  4  42  3  68  57  51  61  20  64  15  48  66  36  13  27  28  2  21  38  34  65  62  67  10  32  44  24  33  18  43  50  14  1  47  19  17  69  31  70  5  16  22  12  53
   9  59  38  22  55  28  70  29  36  17  6  15  1  39  61  43  71  68  24  60  4  10  25  26  65  53  23  21  16  40  27  31  41  66  19  11  64  14  35  51  18  45  3  44  37  56  67  58  72  34  12  30  2  5  49  13  69  63  48  47  8  20  50  52  57  33  46  42  32  7  54  62
   9  62  54  7  32  42  46  33  57  52  50  20  8  47  48  63  69  13  49  5  2  30  12  34  72  58  67  56  37  44  3  45  18  51  35  14  64  11  19  66  41  31  27  40  16  21  23  53  65  26  25  10  4  60  24  68  71  43  61  39  1  15  6  17  36  29  70  28  55  22  38  59
   9  65  15  49  34  71  42  33  21  18  16  55  44  26  40  17  30  5  47  2  48  72  7  39  59  28  27  10  20  24  68  1  22  14  67  61  25  31  50  58  37  32  60  56  46  63  64  23  3  43  36  12  38  11  41  66  53  4  62  8  19  52  54  57  69  6  35  70  13  51  29  45
   9  65  15  49  70  71  6  33  21  54  52  55  8  62  4  17  66  5  47  38  12  36  7  39  59  64  27  46  56  60  32  1  58  50  67  61  25  31  14  22  37  68  24  20  10  63  28  23  3  43  72  48  2  11  41  30  53  40  26  44  19  16  18  57  69  42  35  34  13  51  29  45
   9  65  51  49  16  35  24  33  21  72  34  19  62  8  58  17  12  5  11  56  66  18  43  3  23  46  63  64  38  42  14  1  4  68  31  61  25  67  32  40  37  50  6  2  28  27  10  59  39  7  54  30  20  47  41  48  53  22  44  26  55  70  36  57  69  60  71  52  13  15  29  45
   9  65  51  49  52  35  60  33  21  36  70  19  26  44  22  17  48  5  11  20  30  54  43  3  23  10  63  28  2  6  50  1  40  32  31  61  25  67  68  4  37  14  42  38  64  27  46  59  39  7  18  66  56  47  41  12  53  58  8  62  55  34  72  57  69  24  71  16  13  15  29  45
   9  68  19  30  32  39  27  58  57  17  23  44  8  28  25  51  69  59  24  11  2  7  61  31  72  33  6  21  37  20  70  26  18  63  38  60  64  5  54  43  41  34  46  15  16  56  50  29  65  45  48  22  4  14  49  62  71  66  12  42  1  40  67  52  36  53  3  47  55  10  35  13
   10  2  4  66  9  68  49  58  70  1  27  60  23  41  3  50  61  62  20  65  43  19  36  52  8  15  64  33  47  67  71  42  21  53  48  54  18  12  17  57  6  35  31  11  69  28  51  44  16  72  55  7  29  56  26  25  14  39  5  59  24  63  37  34  22  13  32  45  30  40  38  46
   10  2  4  66  45  68  13  58  70  37  63  60  59  5  39  50  25  62  20  29  7  55  36  52  8  51  64  69  11  31  35  42  57  17  48  54  18  12  53  21  6  71  67  47  33  28  15  44  16  72  19  43  65  56  26  61  14  3  41  23  24  27  1  34  22  49  32  9  30  40  38  46
   10  2  40  66  27  32  67  58  70  19  9  24  5  59  57  50  7  62  56  11  25  1  72  16  44  69  28  51  29  49  53  42  39  71  12  54  18  48  35  3  6  17  13  65  15  64  33  8  52  36  37  61  47  20  26  43  14  21  23  41  60  45  55  34  22  31  68  63  30  4  38  46
   10  2  40  66  63  32  31  58  70  55  45  24  41  23  21  50  43  62  56  47  61  37  72  16  44  33  28  15  65  13  17  42  3  35  12  54  18  48  71  39  6  53  49  29  51  64  69  8  52  36  1  25  11  20  26  7  14  57  59  5  60  9  19  34  22  67  68  27  30  4  38  46
   10  4  60  24  68  71  43  61  39  1  15  6  17  36  29  70  28  55  22  38  59  9  62  54  7  32  42  46  33  57  52  50  20  8  47  48  63  69  13  49  5  2  30  12  34  72  58  67  56  37  44  3  45  18  51  35  14  64  11  19  66  41  31  27  40  16  21  23  53  65  26  25
   10  16  11  3  34  69  52  54  28  1  60  23  66  18  58  49  20  32  22  6  68  65  31  35  56  2  47  46  59  36  43  25  40  64  44  12  63  57  62  70  39  4  21  19  45  72  13  50  7  55  15  24  53  41  51  67  5  8  42  38  17  71  26  27  14  37  30  48  33  9  29  61
   10  18  16  26  11  24  43  34  22  19  65  32  69  51  17  42  31  30  72  27  49  1  56  40  12  5  28  59  45  25  21  50  71  39  44  38  2  8  3  35  14  57  61  9  23  64  41  48  4  20  37  13  63  36  66  67  6  53  15  33  68  29  55  58  70  7  60  47  62  52  54  46
   10  18  16  26  47  24  7  34  22  55  29  32  33  15  53  42  67  30  72  63  13  37  56  40  12  41  28  23  9  61  57  50  35  3  44  38  2  8  39  71  14  21  25  45  59  64  5  48  4  20  1  49  27  36  66  31  6  17  51  69  68  65  19  58  70  43  60  11  62  52  54  46
   10  18  47  70  53  37  52  6  40  72  42  61  66  2  62  24  14  69  22  25  45  8  29  23  56  57  15  27  34  32  43  19  5  9  60  35  63  55  26  3  20  36  21  67  33  1  31  12  7  71  11  49  59  4  51  48  28  65  44  50  17  16  58  46  39  41  30  54  68  64  13  38
   10  18  52  26  29  60  61  34  22  37  47  68  51  69  71  42  49  30  36  45  31  55  20  4  48  59  64  5  27  7  3  50  17  57  8  38  2  44  21  53  14  39  43  63  41  28  23  12  40  56  19  67  9  72  66  13  6  35  33  15  32  11  1  58  70  25  24  65  62  16  54  46
   10  18  52  26  65  60  25  34  22  1  11  68  15  33  35  42  13  30  36  9  67  19  20  4  48  23  64  41  63  43  39  50  53  21  8  38  2  44  57  17  14  3  7  27  5  28  59  12  40  56  55  31  45  72  66  49  6  71  69  51  32  47  37  58  70  61  24  29  62  16  54  46
   10  26  4  42  21  20  13  58  70  37  39  36  11  29  15  2  25  14  44  53  7  55  12  52  32  27  64  45  35  31  59  18  33  41  24  30  66  60  5  69  54  23  67  71  9  28  63  68  16  48  19  43  17  8  50  61  38  51  65  47  72  3  1  34  22  49  56  57  6  40  62  46
   10  26  40  42  3  56  67  58  70  19  57  72  29  11  33  2  7  14  8  35  25  1  48  16  68  45  28  27  53  49  5  18  15  23  60  30  66  24  59  51  54  41  13  17  63  64  9  32  52  12  37  61  71  44  50  43  38  69  47  65  36  21  55  34  22  31  20  39  6  4  62  46
   10  26  40  42  39  56  31  58  70  55  21  72  65  47  69  2  43  14  8  71  61  37  48  16  68  9  28  63  17  13  41  18  51  59  60  30  66  24  23  15  54  5  49  53  27  64  45  32  52  12  1  25  35  44  50  7  38  33  11  29  36  57  19  34  22  67  20  3  6  4  62  46
   10  42  16  2  23  48  7  34  22  55  5  8  57  39  29  66  67  54  24  15  13  37  32  40  36  17  28  71  33  61  9  26  11  27  20  14  50  56  63  47  62  45  25  69  35  64  53  72  4  68  1  49  51  60  18  31  30  65  3  21  44  41  19  58  70  43  12  59  38  52  6  46
   10  42  16  2  59  48  43  34  22  19  41  8  21  3  65  66  31  54  24  51  49  1  32  40  36  53  28  35  69  25  45  26  47  63  20  14  50  56  27  11  62  9  61  33  71  64  17  72  4  68  37  13  15  60  18  67  30  29  39  57  44  5  55  58  70  7  12  23  38  52  6  46
   10  42  52  2  5  12  61  34  22  37  23  44  3  21  47  66  49  54  60  69  31  55  68  4  72  35  64  53  51  7  27  26  65  9  56  14  50  20  45  29  62  63  43  15  17  28  71  36  40  32  19  67  33  24  18  13  30  11  57  39  8  59  1  58  70  25  48  41  38  16  6  46
   10  50  4  18  33  44  49  58  70  1  51  12  71  17  27  26  61  38  68  41  43  19  60  52  56  39  64  57  23  67  47  66  45  29  72  6  42  36  65  9  30  11  31  59  21  28  3  20  16  24  55  7  5  32  2  25  62  63  53  35  48  15  37  34  22  13  8  69  54  40  14  46
   10  50  40  18  15  8  31  58  70  55  69  48  17  71  45  26  43  38  32  23  61  37  24  16  20  57  28  39  41  13  65  66  27  11  36  6  42  72  47  63  30  29  49  5  3  64  21  56  52  60  1  25  59  68  2  7  62  9  35  53  12  33  19  34  22  67  44  51  54  4  14  46
   10  50  40  18  51  8  67  58  70  19  33  48  53  35  9  26  7  38  32  59  25  1  24  16  20  21  28  3  5  49  29  66  63  47  36  6  42  72  11  27  30  65  13  41  39  64  57  56  52  60  37  61  23  68  2  43  62  45  71  17  12  69  55  34  22  31  44  15  54  4  14  46
   11  3  5  67  10  69  50  59  71  2  28  61  24  42  4  51  62  63  21  66  44  20  37  53  9  16  65  34  48  68  72  43  22  54  49  55  19  13  18  58  7  36  32  12  70  29  52  45  17  1  56  8  30  57  27  26  15  40  6  60  25  64  38  35  23  14  33  46  31  41  39  47
   11  3  5  67  46  69  14  59  71  38  64  61  60  6  40  51  26  63  21  30  8  56  37  53  9  52  65  70  12  32  36  43  58  18  49  55  19  13  54  22  7  72  68  48  34  29  16  45  17  1  20  44  66  57  27  62  15  4  42  24  25  28  2  35  23  50  33  10  31  41  39  47
   11  3  41  67  28  33  68  59  71  20  10  25  6  60  58  51  8  63  57  12  26  2  1  17  45  70  29  52  30  50  54  43  40  72  13  55  19  49  36  4  7  18  14  66  16  65  34  9  53  37  38  62  48  21  27  44  15  22  24  42  61  46  56  35  23  32  69  64  31  5  39  47
   11  3  41  67  64  33  32  59  71  56  46  25  42  24  22  51  44  63  57  48  62  38  1  17  45  34  29  16  66  14  18  43  4  36  13  55  19  49  72  40  7  54  50  30  52  65  70  9  53  37  2  26  12  21  27  8  15  58  60  6  61  10  20  35  23  68  69  28  31  5  39  47
   11  9  14  38  51  55  45  70  44  36  56  6  58  1  34  61  30  71  5  24  13  4  63  25  47  65  20  23  52  16  33  27  42  41  7  19  62  64  59  35  22  18  28  3  29  37  17  67  15  72  39  12  43  2  68  49  60  69  10  48  26  8  53  50  21  57  40  46  31  32  66  54
   11  18  56  12  13  8  33  54  22  36  39  24  26  16  66  35  44  72  5  48  52  32  59  70  15  71  10  23  31  64  45  67  30  69  20  46  62  55  17  61  60  65  40  19  51  37  34  49  47  57  7  38  29  1  68  25  21  41  14  3  58  2  63  50  42  9  28  6  43  4  53  27
   11  19  17  27  12  25  44  35  23  20  66  33  70  52  18  43  32  31  1  28  50  2  57  41  13  6  29  60  46  26  22  51  72  40  45  39  3  9  4  36  15  58  62  10  24  65  42  49  5  21  38  14  64  37  67  68  7  54  16  34  69  30  56  59  71  8  61  48  63  53  55  47
   11  19  17  27  48  25  8  35  23  56  30  33  34  16  54  43  68  31  1  64  14  38  57  41  13  42  29  24  10  62  58  51  36  4  45  39  3  9  40  72  15  22  26  46  60  65  6  49  5  21  2  50  28  37  67  32  7  18  52  70  69  66  20  59  71  44  61  12  63  53  55  47
   11  19  53  27  30  61  62  35  23  38  48  69  52  70  72  43  50  31  37  46  32  56  21  5  49  60  65  6  28  8  4  51  18  58  9  39  3  45  22  54  15  40  44  64  42  29  24  13  41  57  20  68  10  1  67  14  7  36  34  16  33  12  2  59  71  26  25  66  63  17  55  47
   11  19  53  27  66  61  26  35  23  2  12  69  16  34  36  43  14  31  37  10  68  20  21  5  49  24  65  42  64  44  40  51  54  22  9  39  3  45  58  18  15  4  8  28  6  29  60  13  41  57  56  32  46  1  67  50  7  72  70  52  33  48  38  59  71  62  25  30  63  17  55  47
   11  27  5  43  22  21  14  59  71  38  40  37  12  30  16  3  26  15  45  54  8  56  13  53  33  28  65  46  36  32  60  19  34  42  25  31  67  61  6  70  55  24  68  72  10  29  64  69  17  49  20  44  18  9  51  62  39  52  66  48  1  4  2  35  23  50  57  58  7  41  63  47
   11  27  5  43  58  21  50  59  71  2  4  37  48  66  52  3  62  15  45  18  44  20  13  53  33  64  65  10  72  68  24  19  70  6  25  31  67  61  42  34  55  60  32  36  46  29  28  69  17  49  56  8  54  9  51  26  39  16  30  12  1  40  38  35  23  14  57  22  7  41  63  47
   11  27  41  43  4  57  68  59  71  20  58  1  30  12  34  3  8  15  9  36  26  2  49  17  69  46  29  28  54  50  6  19  16  24  61  31  67  25  60  52  55  42  14  18  64  65  10  33  53  13  38  62  72  45  51  44  39  70  48  66  37  22  56  35  23  32  21  40  7  5  63  47
   11  27  41  43  40  57  32  59  71  56  22  1  66  48  70  3  44  15  9  72  62  38  49  17  69  10  29  64  18  14  42  19  52  60  61  31  67  25  24  16  55  6  50  54  28  65  46  33  53  13  2  26  36  45  51  8  39  34  12  30  37  58  20  35  23  68  21  4  7  5  63  47
   11  27  53  4  43  6  28  9  42  50  63  2  58  3  14  41  21  25  68  1  29  38  7  57  47  49  34  37  51  19  40  65  60  61  17  55  62  46  20  69  30  67  45  64  31  23  10  71  15  70  59  32  52  48  5  72  44  35  66  16  26  24  39  36  22  54  33  8  13  12  56  18
   11  43  17  3  24  49  8  35  23  56  6  9  58  40  30  67  68  55  25  16  14  38  33  41  37  18  29  72  34  62  10  27  12  28  21  15  51  57  64  48  63  46  26  70  36  65  54  1  5  69  2  50  52  61  19  32  31  66  4  22  45  42  20  59  71  44  13  60  39  53  7  47
   11  43  17  3  60  49  44  35  23  20  42  9  22  4  66  67  32  55  25  52  50  2  33  41  37  54  29  36  70  26  46  27  48  64  21  15  51  57  28  12  63  10  62  34  72  65  18  1  5  69  38  14  16  61  19  68  31  30  40  58  45  6  56  59  71  8  13  24  39  53  7  47
   11  43  53  3  6  13  62  35  23  38  24  45  4  22  48  67  50  55  61  70  32  56  69  5  1  36  65  54  52  8  28  27  66  10  57  15  51  21  46  30  63  64  44  16  18  29  72  37  41  33  20  68  34  25  19  14  31  12  58  40  9  60  2  59  71  26  49  42  39  17  7  47
   11  43  53  3  42  13  26  35  23  2  60  45  40  58  12  67  14  55  61  34  68  20  69  5  1  72  65  18  16  44  64  27  30  46  57  15  51  21  10  66  63  28  8  52  54  29  36  37  41  33  56  32  70  25  19  50  31  48  22  4  9  24  38  59  71  62  49  6  39  17  7  47
   11  46  53  69  43  67  28  64  42  23  63  71  58  70  14  32  21  48  68  72  29  35  7  16  47  24  34  36  51  54  40  8  60  12  17  18  62  27  20  4  30  6  45  9  31  50  10  2  15  3  59  41  52  25  5  1  44  38  66  57  26  49  39  37  22  19  33  65  13  61  56  55
   11  51  5  19  34  45  50  59  71  2  52  13  72  18  28  27  62  39  69  42  44  20  61  53  57  40  65  58  24  68  48  67  46  30  1  7  43  37  66  10  31  12  32  60  22  29  4  21  17  25  56  8  6  33  3  26  63  64  54  36  49  16  38  35  23  14  9  70  55  41  15  47
   11  51  5  19  70  45  14  59  71  38  16  13  36  54  64  27  26  39  69  6  8  56  61  53  57  4  65  22  60  32  12  67  10  66  1  7  43  37  30  46  31  48  68  24  58  29  40  21  17  25  20  44  42  33  3  62  63  28  18  72  49  52  2  35  23  50  9  34  55  41  15  47
   11  51  41  19  16  9  32  59  71  56  70  49  18  72  46  27  44  39  33  24  62  38  25  17  21  58  29  40  42  14  66  67  28  12  37  7  43  1  48  64  31  30  50  6  4  65  22  57  53  61  2  26  60  69  3  8  63  10  36  54  13  34  20  35  23  68  45  52  55  5  15  47
   11  51  41  19  52  9  68  59  71  20  34  49  54  36  10  27  8  39  33  60  26  2  25  17  21  22  29  4  6  50  30  67  64  48  37  7  43  1  12  28  31  66  14  42  40  65  58  57  53  61  38  62  24  69  3  44  63  46  72  18  13  70  56  35  23  32  45  16  55  5  15  47
   11  55  56  61  13  65  33  19  22  37  39  49  26  57  66  38  44  1  5  25  52  41  59  3  15  2  10  50  31  9  45  6  30  4  20  27  62  18  17  12  60  8  40  54  51  36  34  24  47  16  7  35  29  72  68  48  21  32  14  70  58  71  63  23  42  64  28  67  43  69  53  46
   11  64  14  35  51  18  45  3  44  37  56  67  58  72  34  12  30  2  5  49  13  69  63  48  47  8  20  50  52  57  33  46  42  32  7  54  62  9  59  38  22  55  28  70  29  36  17  6  15  1  39  61  43  71  68  24  60  4  10  25  26  65  53  23  21  16  40  27  31  41  66  19
   12  13  8  33  54  22  36  39  24  26  16  66  35  44  72  5  48  52  32  59  70  15  71  10  23  31  64  45  67  30  69  20  46  62  55  17  61  60  65  40  19  51  37  34  49  47  57  7  38  29  1  68  25  21  41  14  3  58  2  63  50  42  9  28  6  43  4  53  27  11  18  56
   12  14  65  15  54  63  37  31  24  28  57  30  35  53  1  62  48  56  41  60  70  33  2  51  23  39  9  47  67  66  4  29  46  5  18  21  61  59  8  58  19  10  36  42  49  45  16  43  38  20  72  11  25  17  32  13  3  40  71  22  50  34  64  26  6  7  69  44  27  68  55  52
   12  17  18  62  27  20  4  30  6  45  9  31  50  10  2  15  3  59  41  52  25  5  1  44  38  66  57  26  49  39  37  22  19  33  65  13  61  56  55  11  46  53  69  43  67  28  64  42  23  63  71  58  70  14  32  21  48  68  72  29  35  7  16  47  24  34  36  51  54  40  8  60
   12  21  55  5  27  29  69  66  6  47  64  39  50  51  71  33  3  60  32  56  25  62  72  53  38  30  16  28  49  31  36  63  19  15  8  14  61  52  18  68  46  44  4  7  67  26  9  34  23  22  2  40  70  13  41  17  48  11  1  20  35  43  57  45  24  42  37  10  54  58  65  59
   12  52  55  68  27  44  69  7  6  26  64  34  50  22  71  40  3  13  32  17  25  11  72  20  38  43  16  45  49  42  36  10  19  58  8  59  61  21  18  5  46  29  4  66  67  47  9  39  23  51  2  33  70  60  41  56  48  62  1  53  35  30  57  28  24  31  37  63  54  15  65  14
   12  56  18  11  27  53  4  43  6  28  9  42  50  63  2  58  3  14  41  21  25  68  1  29  38  7  57  47  49  34  37  51  19  40  65  60  61  17  55  62  46  20  69  30  67  45  64  31  23  10  71  15  70  59  32  52  48  5  72  44  35  66  16  26  24  39  36  22  54  33  8  13
   12  59  65  58  54  10  37  42  24  45  57  43  35  20  1  11  48  17  41  13  70  40  2  22  23  34  9  26  67  7  4  44  46  68  18  52  61  14  8  15  19  63  36  31  49  28  16  30  38  53  72  62  25  56  32  60  3  33  71  51  50  39  64  47  6  66  69  29  27  5  55  21
   12  60  8  40  54  51  36  34  24  47  16  7  35  29  72  68  48  21  32  14  70  58  71  63  23  42  64  28  67  43  69  53  46  11  55  56  61  13  65  33  19  22  37  39  49  26  57  66  38  44  1  5  25  52  41  59  3  15  2  10  50  31  9  45  6  30  4  20  27  62  18  17
   13  27  28  2  21  38  34  65  62  67  10  32  44  24  33  18  43  50  14  1  47  19  17  69  31  70  5  16  22  12  53  9  58  25  7  37  60  46  45  71  52  35  39  8  11  6  63  41  29  49  40  55  30  23  59  72  26  54  56  4  42  3  68  57  51  61  20  64  15  48  66  36
   13  36  66  48  15  64  20  61  51  57  68  3  42  4  56  54  26  72  59  23  30  55  40  49  29  41  63  6  11  8  39  35  52  71  45  46  60  37  7  25  58  9  53  12  22  16  5  70  31  69  17  19  47  1  14  50  43  18  33  24  44  32  10  67  62  65  34  38  21  2  28  27
   13  37  66  25  15  9  20  12  51  16  68  70  42  69  56  19  26  1  59  50  30  18  40  24  29  32  63  67  11  65  39  38  52  2  45  27  60  36  7  48  58  64  53  61  22  57  5  3  31  4  17  54  47  72  14  23  43  55  33  49  44  41  10  6  62  8  34  35  21  71  28  46
   13  46  28  71  21  35  34  8  62  6  10  41  44  49  33  55  43  23  14  72  47  54  17  4  31  3  5  57  22  61  53  64  58  48  7  36  60  27  45  2  52  38  39  65  11  67  63  32  29  24  40  18  30  50  59  1  26  19  56  69  42  70  68  16  51  12  20  9  15  25  66  37
   14  27  26  71  17  38  42  8  5  67  51  41  53  24  15  55  7  50  13  72  45  19  21  4  39  70  62  57  63  12  44  64  40  25  43  36  59  46  47  2  56  35  31  65  68  6  22  32  20  49  58  18  66  23  60  1  28  54  52  69  34  3  11  16  10  61  29  9  33  48  30  37
   14  30  8  46  25  24  17  62  2  41  43  40  15  33  19  6  29  18  48  57  11  59  16  56  36  31  68  49  39  35  63  22  37  45  28  34  70  64  9  1  58  27  71  3  13  32  67  72  20  52  23  47  21  12  54  65  42  55  69  51  4  7  5  38  26  53  60  61  10  44  66  50
   14  30  8  46  61  24  53  62  2  5  7  40  51  69  55  6  65  18  48  21  47  23  16  56  36  67  68  13  3  71  27  22  1  9  28  34  70  64  45  37  58  63  35  39  49  32  31  72  20  52  59  11  57  12  54  29  42  19  33  15  4  43  41  38  26  17  60  25  10  44  66  50
   14  30  44  46  7  60  71  62  2  23  61  4  33  15  37  6  11  18  12  39  29  5  52  20  72  49  32  31  57  53  9  22  19  27  64  34  70  28  63  55  58  45  17  21  67  68  13  36  56  16  41  65  3  48  54  47  42  1  51  69  40  25  59  38  26  35  24  43  10  8  66  50
   14  30  44  46  43  60  35  62  2  59  25  4  69  51  1  6  47  18  12  3  65  41  52  20  72  13  32  67  21  17  45  22  55  63  64  34  70  28  27  19  58  9  53  57  31  68  49  36  56  16  5  29  39  48  54  11  42  37  15  33  40  61  23  38  26  71  24  7  10  8  66  50
   14  36  30  25  33  64  29  12  10  57  11  70  34  4  52  19  28  72  60  50  66  55  58  24  20  41  22  67  68  8  31  38  56  71  47  27  59  37  43  48  40  9  44  61  63  16  62  3  39  69  21  54  45  1  13  23  7  18  15  49  53  32  51  6  5  65  42  35  17  2  26  46
   14  37  30  48  33  9  29  61  10  16  11  3  34  69  52  54  28  1  60  23  66  18  58  49  20  32  22  6  68  65  31  35  56  2  47  46  59  36  43  25  40  64  44  12  63  57  62  70  39  4  21  19  45  72  13  50  7  55  15  24  53  41  51  67  5  8  42  38  17  71  26  27
   14  46  20  6  27  52  11  38  26  59  9  12  61  43  33  70  71  58  28  19  17  41  36  44  40  21  32  3  37  65  13  30  15  31  24  18  54  60  67  51  66  49  29  1  39  68  57  4  8  72  5  53  55  64  22  35  34  69  7  25  48  45  23  62  2  47  16  63  42  56  10  50
   14  46  20  6  63  52  47  38  26  23  45  12  25  7  69  70  35  58  28  55  53  5  36  44  40  57  32  39  1  29  49  30  51  67  24  18  54  60  31  15  66  13  65  37  3  68  21  4  8  72  41  17  19  64  22  71  34  33  43  61  48  9  59  62  2  11  16  27  42  56  10  50
   14  46  26  2  17  35  42  65  5  6  51  32  53  49  15  18  7  23  13  1  45  54  21  69  39  3  62  16  63  61  44  9  40  48  43  37  59  27  47  71  56  38  31  8  68  67  22  41  20  24  58  55  66  50  60  72  28  19  52  4  34  70  11  57  10  12  29  64  33  25  30  36
   14  46  56  6  9  16  65  38  26  41  27  48  7  25  51  70  53  58  64  1  35  59  72  8  4  39  68  57  55  11  31  30  69  13  60  18  54  24  49  33  66  67  47  19  21  32  3  40  44  36  23  71  37  28  22  17  34  15  61  43  12  63  5  62  2  29  52  45  42  20  10  50
   14  46  56  6  45  16  29  38  26  5  63  48  43  61  15  70  17  58  64  37  71  23  72  8  4  3  68  21  19  47  67  30  33  49  60  18  54  24  13  69  66  31  11  55  57  32  39  40  44  36  59  35  1  28  22  53  34  51  25  7  12  27  41  62  2  65  52  9  42  20  10  50
   14  70  20  54  3  4  11  38  26  59  57  60  13  67  9  22  71  10  52  43  17  41  12  44  64  69  32  51  61  65  37  6  63  55  72  66  30  36  19  27  42  1  29  25  15  68  33  28  8  48  5  53  7  16  46  35  58  45  31  49  24  21  23  62  2  47  40  39  18  56  34  50
   14  70  20  54  39  4  47  38  26  23  21  60  49  31  45  22  35  10  52  7  53  5  12  44  64  33  32  15  25  29  1  6  27  19  72  66  30  36  55  63  42  37  65  61  51  68  69  28  8  48  41  17  43  16  46  71  58  9  67  13  24  57  59  62  2  11  40  3  18  56  34  50
   14  70  56  54  21  40  29  38  26  5  39  24  67  13  63  22  17  10  16  61  71  23  48  8  28  51  68  69  43  47  19  6  9  1  36  66  30  72  37  45  42  55  11  7  33  32  15  64  44  12  59  35  25  52  46  53  58  27  49  31  60  3  41  62  2  65  4  57  18  20  34  50
   14  70  56  54  57  40  65  38  26  41  3  24  31  49  27  22  53  10  16  25  35  59  48  8  28  15  68  33  7  11  55  6  45  37  36  66  30  72  1  9  42  19  47  43  69  32  51  64  44  12  23  71  61  52  46  17  58  63  13  67  60  39  5  62  2  29  4  21  18  20  34  50
   15  16  56  50  29  65  45  48  22  4  14  49  62  71  66  12  42  1  40  67  52  36  53  3  47  55  10  35  13  9  68  19  30  32  39  27  58  57  17  23  44  8  28  25  51  69  59  24  11  2  7  61  31  72  33  6  21  37  20  70  26  18  63  38  60  64  5  54  43  41  34  46
   15  27  34  32  43  19  5  9  60  35  63  55  26  3  20  36  21  67  33  1  31  12  7  71  11  49  59  4  51  48  28  65  44  50  17  16  58  46  39  41  30  54  68  64  13  38  10  18  47  70  53  37  52  6  40  72  42  61  66  2  62  24  14  69  22  25  45  8  29  23  56  57
   15  31  9  47  26  25  18  63  3  42  44  41  16  34  20  7  30  19  49  58  12  60  17  57  37  32  69  50  40  36  64  23  38  46  29  35  71  65  10  2  59  28  72  4  14  33  68  1  21  53  24  48  22  13  55  66  43  56  70  52  5  8  6  39  27  54  61  62  11  45  67  51
   15  31  9  47  62  25  54  63  3  6  8  41  52  70  56  7  66  19  49  22  48  24  17  57  37  68  69  14  4  72  28  23  2  10  29  35  71  65  46  38  59  64  36  40  50  33  32  1  21  53  60  12  58  13  55  30  43  20  34  16  5  44  42  39  27  18  61  26  11  45  67  51
   15  46  34  41  43  54  5  64  60  38  63  18  26  70  20  37  21  6  33  72  31  61  7  2  11  24  59  69  51  25  28  8  44  23  17  57  58  27  39  32  30  19  68  9  13  35  10  55  47  3  53  36  52  67  40  1  42  12  66  71  62  49  14  4  22  48  45  65  29  50  56  16
   15  47  21  7  28  53  12  39  27  60  10  13  62  44  34  71  72  59  29  20  18  42  37  45  41  22  33  4  38  66  14  31  16  32  25  19  55  61  68  52  67  50  30  2  40  69  58  5  9  1  6  54  56  65  23  36  35  70  8  26  49  46  24  63  3  48  17  64  43  57  11  51
   15  47  21  7  64  53  48  39  27  24  46  13  26  8  70  71  36  59  29  56  54  6  37  45  41  58  33  40  2  30  50  31  52  68  25  19  55  61  32  16  67  14  66  38  4  69  22  5  9  1  42  18  20  65  23  72  35  34  44  62  49  10  60  63  3  12  17  28  43  57  11  51
   15  47  57  7  10  17  66  39  27  42  28  49  8  26  52  71  54  59  65  2  36  60  1  9  5  40  69  58  56  12  32  31  70  14  61  19  55  25  50  34  67  68  48  20  22  33  4  41  45  37  24  72  38  29  23  18  35  16  62  44  13  64  6  63  3  30  53  46  43  21  11  51
   15  47  57  7  46  17  30  39  27  6  64  49  44  62  16  71  18  59  65  38  72  24  1  9  5  4  69  22  20  48  68  31  34  50  61  19  55  25  14  70  67  32  12  56  58  33  40  41  45  37  60  36  2  29  23  54  35  52  26  8  13  28  42  63  3  66  53  10  43  21  11  51
   15  55  9  23  2  49  18  63  3  42  20  17  40  58  68  31  30  43  1  10  12  60  65  57  61  8  69  26  64  36  16  71  14  70  5  11  47  41  34  50  35  52  72  28  62  33  44  25  21  29  24  48  46  37  7  66  67  32  22  4  53  56  6  39  27  54  13  38  59  45  19  51
   15  55  9  23  38  49  54  63  3  6  56  17  4  22  32  31  66  43  1  46  48  24  65  57  61  44  69  62  28  72  52  71  50  34  5  11  47  41  70  14  35  16  36  64  26  33  8  25  21  29  60  12  10  37  7  30  67  68  58  40  53  20  42  39  27  18  13  2  59  45  19  51
   15  57  56  23  29  8  45  25  22  69  14  24  62  2  66  61  42  72  40  6  52  37  53  70  47  18  10  38  13  64  68  54  30  41  39  46  58  16  17  50  44  65  28  48  51  4  59  49  11  71  7  12  31  1  33  67  21  36  20  3  26  55  63  35  60  9  5  19  43  32  34  27
   15  71  21  55  4  5  12  39  27  60  58  61  14  68  10  23  72  11  53  44  18  42  13  45  65  70  33  52  62  66  38  7  64  56  1  67  31  37  20  28  43  2  30  26  16  69  34  29  9  49  6  54  8  17  47  36  59  46  32  50  25  22  24  63  3  48  41  40  19  57  35  51
   15  71  21  55  40  5  48  39  27  24  22  61  50  32  46  23  36  11  53  8  54  6  13  45  65  34  33  16  26  30  2  7  28  20  1  67  31  37  56  64  43  38  66  62  52  69  70  29  9  49  42  18  44  17  47  72  59  10  68  14  25  58  60  63  3  12  41  4  19  57  35  51
   15  71  57  55  22  41  30  39  27  6  40  25  68  14  64  23  18  11  17  62  72  24  49  9  29  52  69  70  44  48  20  7  10  2  37  67  31  1  38  46  43  56  12  8  34  33  16  65  45  13  60  36  26  53  47  54  59  28  50  32  61  4  42  63  3  66  5  58  19  21  35  51
   15  71  57  55  58  41  66  39  27  42  4  25  32  50  28  23  54  11  17  26  36  60  49  9  29  16  69  34  8  12  56  7  46  38  37  67  31  1  2  10  43  20  48  44  70  33  52  65  45  13  24  72  62  53  47  18  59  64  14  68  61  40  6  63  3  30  5  22  19  21  35  51
   16  15  46  34  41  43  54  5  64  60  38  63  18  26  70  20  37  21  6  33  72  31  61  7  2  11  24  59  69  51  25  28  8  44  23  17  57  58  27  39  32  30  19  68  9  13  35  10  55  47  3  53  36  52  67  40  1  42  12  66  71  62  49  14  4  22  48  45  65  29  50  56
   16  21  23  53  65  26  25  10  4  60  24  68  71  43  61  39  1  15  6  17  36  29  70  28  55  22  38  59  9  62  54  7  32  42  46  33  57  52  50  20  8  47  48  63  69  13  49  5  2  30  12  34  72  58  67  56  37  44  3  45  18  51  35  14  64  11  19  66  41  31  27  40
   16  24  22  32  17  30  49  40  28  25  71  38  3  57  23  48  37  36  6  33  55  7  62  46  18  11  34  65  51  31  27  56  5  45  50  44  8  14  9  41  20  63  67  15  29  70  47  54  10  26  43  19  69  42  72  1  12  59  21  39  2  35  61  64  4  13  66  53  68  58  60  52
   16  24  22  32  53  30  13  40  28  61  35  38  39  21  59  48  1  36  6  69  19  43  62  46  18  47  34  29  15  67  63  56  41  9  50  44  8  14  45  5  20  27  31  51  65  70  11  54  10  26  7  55  33  42  72  37  12  23  57  3  2  71  25  64  4  49  66  17  68  58  60  52
   16  24  58  32  35  66  67  40  28  43  53  2  57  3  5  48  55  36  42  51  37  61  26  10  54  65  70  11  33  13  9  56  23  63  14  44  8  50  27  59  20  45  49  69  47  34  29  18  46  62  25  1  15  6  72  19  12  41  39  21  38  17  7  64  4  31  30  71  68  22  60  52
   16  24  58  32  71  66  31  40  28  7  17  2  21  39  41  48  19  36  42  15  1  25  26  10  54  29  70  47  69  49  45  56  59  27  14  44  8  50  63  23  20  9  13  33  11  34  65  18  46  62  61  37  51  6  72  55  12  5  3  57  38  53  43  64  4  67  30  35  68  22  60  52
   16  32  10  48  27  26  19  64  4  43  45  42  17  35  21  8  31  20  50  59  13  61  18  58  38  33  70  51  41  37  65  24  39  47  30  36  72  66  11  3  60  29  1  5  15  34  69  2  22  54  25  49  23  14  56  67  44  57  71  53  6  9  7  40  28  55  62  63  12  46  68  52
   16  32  10  48  63  26  55  64  4  7  9  42  53  71  57  8  67  20  50  23  49  25  18  58  38  69  70  15  5  1  29  24  3  11  30  36  72  66  47  39  60  65  37  41  51  34  33  2  22  54  61  13  59  14  56  31  44  21  35  17  6  45  43  40  28  19  62  27  12  46  68  52
   16  33  27  42  41  7  19  62  64  59  35  22  18  28  3  29  37  17  67  15  72  39  12  43  2  68  49  60  69  10  48  26  8  53  50  21  57  40  46  31  32  66  54  11  9  14  38  51  55  45  70  44  36  56  6  58  1  34  61  30  71  5  24  13  4  63  25  47  65  20  23  52
   16  40  27  31  41  66  19  11  64  14  35  51  18  45  3  44  37  56  67  58  72  34  12  30  2  5  49  13  69  63  48  47  8  20  50  52  57  33  46  42  32  7  54  62  9  59  38  22  55  28  70  29  36  17  6  15  1  39  61  43  71  68  24  60  4  10  25  26  65  53  23  21
   16  48  22  8  29  54  13  40  28  61  11  14  63  45  35  72  1  60  30  21  19  43  38  46  42  23  34  5  39  67  15  32  17  33  26  20  56  62  69  53  68  51  31  3  41  70  59  6  10  2  7  55  57  66  24  37  36  71  9  27  50  47  25  64  4  49  18  65  44  58  12  52
   16  52  23  20  65  47  25  63  4  13  24  5  71  30  61  34  1  58  6  56  36  44  70  45  55  51  38  14  9  11  54  66  32  31  46  40  57  21  50  53  8  26  48  10  69  60  49  68  2  43  12  39  72  15  67  17  37  29  3  28  18  22  35  59  64  62  19  7  41  42  27  33
   16  56  10  24  3  50  19  64  4  43  21  18  41  59  69  32  31  44  2  11  13  61  66  58  62  9  70  27  65  37  17  72  15  71  6  12  48  42  35  51  36  53  1  29  63  34  45  26  22  30  25  49  47  38  8  67  68  33  23  5  54  57  7  40  28  55  14  39  60  46  20  52
   16  56  10  24  39  50  55  64  4  7  57  18  5  23  33  32  67  44  2  47  49  25  66  58  62  45  70  63  29  1  53  72  51  35  6  12  48  42  71  15  36  17  37  65  27  34  9  26  22  30  61  13  11  38  8  31  68  69  59  41  54  21  43  40  28  19  14  3  60  46  20  52
   17  57  11  25  4  51  20  65  5  44  22  19  42  60  70  33  32  45  3  12  14  62  67  59  63  10  71  28  66  38  18  1  16  72  7  13  49  43  36  52  37  54  2  30  64  35  46  27  23  31  26  50  48  39  9  68  69  34  24  6  55  58  8  41  29  56  15  40  61  47  21  53
   17  57  11  25  40  51  56  65  5  8  58  19  6  24  34  33  68  45  3  48  50  26  67  59  63  46  71  64  30  2  54  1  52  36  7  13  49  43  72  16  37  18  38  66  28  35  10  27  23  31  62  14  12  39  9  32  69  70  60  42  55  22  44  41  29  20  15  4  61  47  21  53
   17  57  47  25  22  15  38  65  5  62  4  55  24  6  52  33  50  45  39  30  68  44  31  23  27  64  35  46  48  20  72  1  34  18  43  13  49  7  54  70  37  36  56  12  10  71  28  63  59  67  8  32  66  3  9  14  69  16  42  60  19  40  26  41  29  2  51  58  61  11  21  53
   17  57  47  25  58  15  2  65  5  26  40  55  60  42  16  33  14  45  39  66  32  8  31  23  27  28  35  10  12  56  36  1  70  54  43  13  49  7  18  34  37  72  20  48  46  71  64  63  59  67  44  68  30  3  9  50  69  52  6  24  19  4  62  41  29  38  51  22  61  11  21  53
   18  2  24  58  7  8  15  42  30  63  61  64  17  71  13  26  3  14  56  47  21  45  16  48  68  1  36  55  65  69  41  10  67  59  4  70  34  40  23  31  46  5  33  29  19  72  37  32  12  52  9  57  11  20  50  39  62  49  35  53  28  25  27  66  6  51  44  43  22  60  38  54
   18  2  24  58  43  8  51  42  30  27  25  64  53  35  49  26  39  14  56  11  57  9  16  48  68  37  36  19  29  33  5  10  31  23  4  70  34  40  59  67  46  41  69  65  55  72  1  32  12  52  45  21  47  20  50  3  62  13  71  17  28  61  63  66  6  15  44  7  22  60  38  54
   18  2  60  58  25  44  33  42  30  9  43  28  71  17  67  26  21  14  20  65  3  27  52  12  32  55  72  1  47  51  23  10  13  5  40  70  34  4  41  49  46  59  15  11  37  36  19  68  48  16  63  39  29  56  50  57  62  31  53  35  64  7  45  66  6  69  8  61  22  24  38  54
   18  2  60  58  61  44  69  42  30  45  7  28  35  53  31  26  57  14  20  29  39  63  52  12  32  19  72  37  11  15  59  10  49  41  40  70  34  4  5  13  46  23  51  47  1  36  55  68  48  16  27  3  65  56  50  21  62  67  17  71  64  43  9  66  6  33  8  25  22  24  38  54
   18  10  12  2  17  4  57  66  6  9  35  68  31  49  11  58  69  70  28  1  51  27  44  60  16  23  72  41  55  3  7  50  29  61  56  62  26  20  25  65  14  43  39  19  5  36  59  52  24  8  63  15  37  64  34  33  22  47  13  67  32  71  45  42  30  21  40  53  38  48  46  54
   18  10  12  2  53  4  21  66  6  45  71  68  67  13  47  58  33  70  28  37  15  63  44  60  16  59  72  5  19  39  43  50  65  25  56  62  26  20  61  29  14  7  3  55  41  36  23  52  24  8  27  51  1  64  34  69  22  11  49  31  32  35  9  42  30  57  40  17  38  48  46  54
   18  10  48  2  35  40  3  66  6  27  17  32  13  67  65  58  15  70  64  19  33  9  8  24  52  5  36  59  37  57  61  50  47  7  20  62  26  56  43  11  14  25  21  1  23  72  41  16  60  44  45  69  55  28  34  51  22  29  31  49  68  53  63  42  30  39  4  71  38  12  46  54
   18  10  48  2  71  40  39  66  6  63  53  32  49  31  29  58  51  70  64  55  69  45  8  24  52  41  36  23  1  21  25  50  11  43  20  62  26  56  7  47  14  61  57  37  59  72  5  16  60  44  9  33  19  28  34  15  22  65  67  13  68  17  27  42  30  3  4  35  38  12  46  54
   18  50  60  10  13  20  69  42  30  45  31  52  11  29  55  2  57  62  68  5  39  63  4  12  8  43  72  61  59  15  35  34  1  17  64  22  58  28  53  37  70  71  51  23  25  36  7  44  48  40  27  3  41  32  26  21  38  19  65  47  16  67  9  66  6  33  56  49  46  24  14  54
   18  50  60  10  49  20  33  42  30  9  67  52  47  65  19  2  21  62  68  41  3  27  4  12  8  7  72  25  23  51  71  34  37  53  64  22  58  28  17  1  70  35  15  59  61  36  43  44  48  40  63  39  5  32  26  57  38  55  29  11  16  31  45  66  6  69  56  13  46  24  14  54
   18  58  12  26  5  52  21  66  6  45  23  20  43  61  71  34  33  46  4  13  15  63  68  60  64  11  72  29  67  39  19  2  17  1  8  14  50  44  37  53  38  55  3  31  65  36  47  28  24  32  27  51  49  40  10  69  70  35  25  7  56  59  9  42  30  57  16  41  62  48  22  54
   18  58  12  26  41  52  57  66  6  9  59  20  7  25  35  34  69  46  4  49  51  27  68  60  64  47  72  65  31  3  55  2  53  37  8  14  50  44  1  17  38  19  39  67  29  36  11  28  24  32  63  15  13  40  10  33  70  71  61  43  56  23  45  42  30  21  16  5  62  48  22  54
   18  58  48  26  23  16  39  66  6  63  5  56  25  7  53  34  51  46  40  31  69  45  32  24  28  65  36  47  49  21  1  2  35  19  44  14  50  8  55  71  38  37  57  13  11  72  29  64  60  68  9  33  67  4  10  15  70  17  43  61  20  41  27  42  30  3  52  59  62  12  22  54
   18  58  48  26  59  16  3  66  6  27  41  56  61  43  17  34  15  46  40  67  33  9  32  24  28  29  36  11  13  57  37  2  71  55  44  14  50  8  19  35  38  1  21  49  47  72  65  64  60  68  45  69  31  4  10  51  70  53  7  25  20  5  63  42  30  39  52  23  62  12  22  54
