   1  2  4  8  16  32  64  27  54  7  14  28  56  11  22  44  88  75  49  98  95  89  77  53  5  10  20  40  80  59  17  34  68  35  70  39  78  55  9  18  36  72  43  86  71  41  82  63  25  50  100  99  97  93  85  69  37  74  47  94  87  73  45  90  79  57  13  26  52  3  6  12  24  48  96  91  81  61  21  42  84  67  33  66  31  62  23  46  92  83  65  29  58  15  30  60  19  38  76  51
   1  3  9  27  81  41  22  66  97  89  65  94  80  38  13  39  16  48  43  28  84  50  49  46  37  10  30  90  68  2  6  18  54  61  82  44  31  93  77  29  87  59  76  26  78  32  96  86  56  67  100  98  92  74  20  60  79  35  4  12  36  7  21  63  88  62  85  53  58  73  17  51  52  55  64  91  71  11  33  99  95  83  47  40  19  57  70  8  24  72  14  42  25  75  23  69  5  15  45  34
   1  4  8  7  73  11  28  10  15  76  40  14  99  31  80  13  91  18  89  79  35  43  59  17  45  2  22  34  74  83  53  16  47  94  100  21  69  92  6  82  36  38  27  46  87  62  75  20  55  48  98  5  70  25  12  37  96  77  88  86  32  56  42  19  71  50  44  97  66  3  33  24  84  72  52  95  67  9  93  85  29  39  68  41  63  30  81  49  64  90  26  65  60  78  61  23  57  58  54  51
   1  7  49  40  78  41  85  90  24  67  65  51  54  75  20  39  71  93  45  12  84  83  76  27  88  10  70  86  97  73  6  42  92  38  64  44  5  35  43  99  87  3  21  46  19  32  22  53  68  72  100  94  52  61  23  60  16  11  77  34  36  50  47  26  81  62  30  8  56  89  17  18  25  74  13  91  31  15  4  28  95  59  9  63  37  57  96  66  58  2  14  98  80  55  82  69  79  48  33  29
   1  8  64  7  56  44  49  89  5  40  17  35  78  18  43  41  25  99  85  74  87  90  13  3  24  91  21  67  31  46  65  15  19  51  4  32  54  28  22  75  95  53  20  59  68  39  9  72  71  63  100  93  37  94  45  57  52  12  96  61  84  66  23  83  58  60  76  2  16  27  14  11  88  98  77  10  80  34  70  55  36  86  82  50  97  69  47  73  79  26  6  48  81  42  33  62  92  29  30  38
   1  8  84  15  69  91  64  22  67  76  92  98  63  71  52  29  11  74  73  83  47  99  3  5  37  70  50  78  38  59  89  36  75  18  32  81  93  80  46  90  16  54  95  6  35  10  7  12  27  44  94  77  62  57  60  85  56  45  4  66  40  96  30  43  31  82  68  25  86  39  9  88  28  100  20  87  55  53  49  97  33  23  24  61  79  2  21  13  48  42  26  17  72  14  41  19  65  34  58  51
   1  10  22  19  17  31  82  28  43  26  18  40  95  91  38  37  71  52  65  35  3  27  75  49  33  4  64  100  20  47  57  46  39  80  98  61  5  74  16  44  6  12  79  36  59  84  23  58  63  42  92  13  8  73  34  9  86  29  62  56  94  66  24  55  11  48  30  89  96  7  97  70  50  14  54  83  99  25  77  53  85  15  2  21  87  88  41  45  90  68  76  93  78  32  81  67  69  72  60  51
   1  11  20  18  97  57  21  29  16  75  17  86  37  3  33  60  54  89  70  63  87  48  23  51  56  10  9  99  79  61  65  8  88  59  43  69  52  67  30  27  95  35  82  94  24  62  76  28  5  55  100  90  81  83  4  44  80  72  85  26  84  15  64  98  68  41  47  12  31  38  14  53  78  50  45  91  92  2  22  40  36  93  13  42  58  32  49  34  71  74  6  66  19  7  77  39  25  73  96  46
   1  12  43  11  31  69  20  38  52  18  14  67  97  53  30  57  78  27  21  50  95  29  45  35  16  91  82  75  92  94  17  2  24  86  22  62  37  40  76  3  36  28  33  93  5  60  13  55  54  42  100  89  58  90  70  32  81  63  49  83  87  34  4  48  71  44  23  74  80  51  6  72  56  66  85  10  19  26  9  7  84  99  77  15  79  39  64  61  25  98  65  73  68  8  96  41  88  46  47  59
   1  12  60  23  65  71  100  34  19  76  44  82  27  11  24  45  31  30  57  87  59  55  47  93  29  38  78  22  2  35  25  56  3  42  64  41  17  68  86  98  96  70  63  66  83  58  39  4  99  40  90  49  54  89  8  33  16  13  20  46  48  36  18  67  91  14  92  53  6  75  85  52  72  28  88  79  43  97  5  9  37  7  80  81  95  74  61  77  32  94  26  69  84  50  21  15  73  10  62  51
   1  14  98  27  13  11  18  40  95  26  70  24  59  31  10  53  91  8  49  39  15  83  19  37  25  72  92  44  84  23  93  66  67  4  30  21  29  62  56  52  86  28  47  96  7  32  55  50  35  38  88  85  100  5  82  57  46  97  78  36  2  6  12  79  71  80  54  17  16  43  73  34  94  42  22  75  87  69  33  65  89  99  58  41  3  60  81  9  74  20  76  45  90  68  61  63  77  48  64  51
   1  15  23  42  24  57  47  99  71  55  17  53  88  7  4  60  92  67  96  26  87  93  82  18  68  10  49  28  16  38  65  66  81  3  45  69  25  72  70  40  95  11  64  51  58  62  21  12  79  74  100  86  78  59  77  44  54  2  30  46  84  48  13  94  97  41  9  34  5  75  14  8  19  83  33  91  52  73  85  63  36  35  20  98  56  32  76  29  31  61  6  90  37  50  43  39  80  89  22  27
   1  18  21  75  37  60  70  48  56  99  65  59  52  27  82  62  5  90  4  72  84  98  47  38  78  91  22  93  58  34  6  7  25  46  20  57  16  86  33  89  87  51  9  61  88  69  30  35  24  28  100  83  80  26  64  41  31  53  45  2  36  42  49  74  19  39  96  11  97  29  17  3  54  63  23  10  79  8  43  67  95  94  76  55  81  44  85  15  68  12  14  50  92  40  13  32  71  66  77  73
   1  18  74  35  9  91  54  52  47  26  22  8  23  71  82  69  11  64  33  43  27  39  63  25  17  40  20  88  48  99  29  86  95  28  62  81  53  50  96  60  66  44  15  56  55  80  87  42  7  34  84  57  92  37  30  5  6  65  94  16  10  46  100  3  31  12  78  45  36  79  49  98  38  70  90  67  75  13  89  77  93  83  14  61  19  32  21  73  58  72  76  97  2  4  41  59  85  24  68  51
   1  20  12  39  57  31  72  58  23  76  48  50  55  91  68  77  71  42  25  95  83  67  35  69  13  74  34  10  30  87  97  96  59  90  28  61  65  44  66  14  56  2  99  86  79  54  3  88  43  32  82  93  38  53  4  29  36  49  52  6  64  16  94  15  11  78  40  9  46  47  37  80  60  84  24  63  19  85  17  33  45  75  92  21  27  18  41  5  100  98  26  73  8  22  81  7  89  62  70  51
   1  22  50  43  5  71  90  64  99  26  74  92  87  11  54  85  31  20  17  47  39  95  7  13  9  8  48  32  12  75  65  6  23  52  94  41  77  38  36  68  46  60  83  16  3  28  19  34  79  30  80  29  84  69  78  53  66  33  10  96  18  86  88  27  91  44  2  73  56  15  25  62  82  98  58  59  63  57  45  89  97  67  70  81  35  4  61  37  42  24  76  49  14  40  21  55  93  100  72  51
   1  24  88  47  53  11  8  70  75  76  100  34  19  31  40  93  91  98  9  99  95  23  79  57  5  42  62  54  94  63  33  16  87  14  60  21  89  32  6  22  36  18  67  46  27  2  35  80  15  28  78  65  30  85  52  77  96  17  68  86  72  56  82  39  71  10  64  37  66  83  13  44  4  12  92  55  7  29  73  45  49  59  48  41  43  90  81  69  84  50  26  25  20  58  61  3  97  38  74  51
   1  27  22  89  80  39  43  50  37  90  6  61  31  29  76  32  56  98  20  35  36  63  85  73  52  91  33  83  19  8  14  75  5  34  9  41  97  94  13  48  84  46  30  2  54  44  77  59  78  86  100  74  79  12  21  62  58  51  64  11  95  40  70  72  25  69  45  3  81  66  65  38  16  28  49  10  68  18  82  93  87  26  96  67  92  60  4  7  88  53  17  55  71  99  47  57  24  42  23  15
   1  28  64  55  49  91  44  82  27  76  52  18  83  71  12  9  11  54  93  3  7  79  23  45  97  10  90  98  58  39  69  36  15  38  92  81  13  20  46  30  16  34  35  6  75  50  67  72  87  24  74  37  22  17  100  25  56  85  84  66  80  96  70  63  31  42  88  65  86  19  89  8  48  40  60  47  95  73  29  57  53  43  4  61  59  62  21  33  68  2  26  77  32  94  41  99  5  14  78  51
   1  28  77  35  71  69  13  61  92  51  14  89  68  86  85  57  81  46  76  7  95  34  43  93  79  91  23  38  54  98  17  72  97  90  96  62  19  27  49  59  36  99  45  48  31  60  64  75  80  18  100  73  24  66  30  32  88  40  9  50  87  12  33  15  16  44  20  55  25  94  6  67  58  8  22  10  78  63  47  3  84  29  4  11  5  39  82  74  52  42  65  2  56  53  70  41  37  26  21  83
   1  34  45  15  5  69  23  75  25  42  14  72  24  8  70  57  19  40  47  83  95  99  33  11  71  91  64  55  52  51  17  73  58  53  85  62  88  63  21  7  36  12  4  35  79  60  20  74  92  98  100  67  56  86  96  32  78  26  76  59  87  29  77  93  31  44  82  61  54  18  6  2  68  90  30  10  37  46  49  50  84  28  43  48  16  39  13  38  80  94  65  89  97  66  22  41  81  27  9  3
   1  34  78  67  93  11  98  100  55  26  30  44  79  31  70  33  91  88  69  59  75  63  39  77  85  12  32  64  4  3  73  66  7  24  90  21  49  2  56  92  86  8  87  96  47  72  15  10  95  18  68  45  60  65  22  97  46  37  58  36  42  6  52  99  71  40  74  57  16  23  53  54  14  82  62  35  27  89  13  25  9  19  38  41  83  20  81  29  94  80  76  5  50  48  61  43  17  28  84  51
   1  35  13  51  68  57  76  34  79  38  17  90  19  59  45  60  80  73  30  40  87  15  20  94  58  10  47  29  5  74  65  53  37  83  77  69  92  89  85  46  95  93  23  98  97  62  49  99  31  75  100  66  88  50  33  44  25  67  22  63  84  11  82  42  56  41  21  28  71  61  14  86  81  7  43  91  54  72  96  27  36  48  64  18  24  32  9  12  16  55  6  8  78  3  4  39  52  2  70  26
   1  38  54  75  89  91  34  12  7  26  82  28  43  71  42  49  11  44  53  63  87  19  83  65  77  80  60  8  68  79  9  86  35  48  22  81  73  90  96  100  66  24  55  56  95  20  47  2  67  14  64  17  52  97  70  45  6  5  74  16  50  46  40  23  31  72  98  85  36  59  29  18  58  10  30  27  15  33  69  37  13  3  94  61  99  92  21  93  78  32  76  57  62  84  41  39  25  4  88  51
   1  40  85  67  54  39  45  83  88  86  6  38  5  99  21  32  68  94  23  11  36  26  30  89  25  91  4  59  37  66  14  55  79  29  49  41  24  51  20  93  84  27  70  73  92  44  43  3  19  53  100  61  16  34  47  62  56  18  13  15  95  63  96  2  80  69  33  7  78  90  65  75  71  12  76  10  97  42  64  35  87  46  22  72  52  60  77  50  81  8  17  74  31  28  9  57  58  98  82  48
   1  40  92  79  37  31  52  18  83  76  8  70  75  91  28  57  71  22  45  15  43  47  55  9  73  14  74  30  50  67  77  96  99  10  88  61  85  84  66  54  56  82  39  86  19  94  63  48  3  12  62  53  98  13  44  69  36  89  32  6  4  16  34  35  11  38  60  49  46  27  17  100  80  24  64  23  59  5  97  93  65  95  72  21  7  78  41  25  20  58  26  33  68  2  81  87  29  42  90  51
   1  42  30  83  85  71  70  24  59  26  34  12  7  11  14  65  31  100  37  67  99  75  27  53  69  48  88  52  32  55  45  6  63  72  54  41  97  78  36  8  46  40  23  16  43  68  79  94  39  10  60  89  44  29  18  93  66  73  90  96  58  86  28  47  91  4  22  13  56  95  5  82  2  38  98  19  3  77  25  49  17  87  50  81  15  64  61  57  62  84  76  9  74  20  21  35  33  80  92  51
   1  48  44  95  29  91  24  42  87  76  12  38  3  71  72  89  11  34  13  23  67  59  43  85  57  50  30  18  78  19  49  36  55  58  52  81  33  60  46  70  16  14  75  6  15  90  27  32  47  4  54  97  82  77  40  65  56  25  64  66  20  96  10  83  31  2  8  5  86  99  69  28  68  80  100  7  35  93  9  17  73  63  84  61  39  22  21  53  88  62  26  37  92  74  41  79  45  94  98  51
   1  50  76  63  19  41  30  86  58  72  65  18  92  55  23  39  31  35  33  34  84  59  21  40  81  10  96  53  24  89  6  98  52  75  13  44  79  11  45  28  87  7  47  27  37  32  85  8  97  2  100  51  25  38  82  60  71  15  43  29  36  83  9  46  78  62  70  66  68  67  17  42  80  61  20  91  5  48  77  12  95  3  49  26  88  57  22  90  56  73  14  94  54  74  64  69  16  93  4  99
   1  51  76  38  19  60  30  15  58  29  65  83  92  46  23  62  31  66  33  67  84  42  21  61  81  91  96  48  24  12  6  3  52  26  13  57  79  90  45  73  87  94  47  74  37  69  85  93  97  99  100  50  25  63  82  41  71  86  43  72  36  18  9  55  78  39  70  35  68  34  17  59  80  40  20  10  5  53  77  89  95  98  49  75  88  44  22  11  56  28  14  7  54  27  64  32  16  8  4  2
   1  52  20  3  25  71  60  54  39  76  64  22  67  11  44  5  31  90  97  27  79  15  87  73  49  18  58  62  42  95  85  56  83  82  84  41  57  48  86  78  96  30  43  66  63  38  59  24  19  100  50  69  74  9  88  13  16  93  80  46  28  36  98  7  91  34  32  33  6  35  45  92  12  8  68  99  23  37  65  29  77  47  40  81  55  94  61  17  72  14  26  89  4  10  21  75  53  70  2  51
   1  53  82  3  58  44  9  73  31  27  17  93  81  51  77  41  52  29  22  55  87  66  64  59  97  91  76  89  71  26  65  11  78  94  33  32  80  99  96  38  95  86  13  83  56  39  47  67  16  40  100  48  19  98  43  57  92  28  70  74  84  8  20  50  24  60  49  72  79  46  14  35  37  42  4  10  25  12  30  75  36  90  23  7  68  69  21  2  5  63  6  15  88  18  45  62  54  34  85  61
   1  54  58  7  73  11  78  60  15  26  90  64  99  31  30  13  91  68  89  79  35  43  59  17  45  52  72  84  24  83  53  66  47  44  50  21  69  42  56  32  86  88  27  96  87  12  75  70  55  98  48  5  20  25  62  37  46  77  38  36  82  6  92  19  71  100  94  97  16  3  33  74  34  22  2  95  67  9  93  85  29  39  18  41  63  80  81  49  14  40  76  65  10  28  61  23  57  8  4  51
   1  55  96  28  25  62  77  94  19  35  6  27  71  67  49  69  58  59  13  8  36  61  22  99  92  10  45  51  78  48  14  63  31  89  47  60  68  3  64  86  84  75  85  29  80  57  4  18  81  11  100  46  5  73  76  39  24  7  82  66  95  74  30  34  52  32  43  42  88  93  65  40  79  2  9  91  56  50  23  53  87  38  70  12  54  41  33  98  37  15  17  26  16  72  21  44  97  83  20  90
   1  59  47  46  88  41  96  8  68  73  65  98  25  61  64  39  79  15  77  99  84  7  9  26  19  10  85  66  56  72  6  51  80  74  23  44  71  48  4  34  87  83  49  63  81  32  70  90  58  89  100  42  54  55  13  60  5  93  33  28  36  3  76  40  37  62  22  86  24  2  17  94  92  75  82  91  16  35  45  29  95  50  21  27  78  57  30  53  97  67  14  18  52  38  20  69  31  11  43  12
   1  62  10  23  65  71  50  84  19  26  94  32  27  11  74  45  31  80  57  87  59  55  47  93  29  88  28  72  52  35  25  6  3  92  14  41  17  18  36  48  46  20  63  16  83  8  39  54  99  90  40  49  4  89  58  33  66  13  70  96  98  86  68  67  91  64  42  53  56  75  85  2  22  78  38  79  43  97  5  9  37  7  30  81  95  24  61  77  82  44  76  69  34  100  21  15  73  60  12  51
   1  63  30  72  92  39  33  59  81  53  6  75  79  28  47  32  97  51  82  15  36  46  70  67  80  91  77  3  88  90  14  74  16  99  76  41  58  18  23  35  84  40  96  89  52  44  45  7  37  8  100  38  71  29  9  62  68  42  20  48  95  26  22  73  54  69  4  50  19  86  65  55  31  34  21  10  24  98  13  11  87  27  85  2  25  60  43  83  78  66  17  61  5  12  49  57  56  94  64  93
   1  74  22  12  80  62  43  51  37  11  6  40  31  72  76  69  56  3  20  66  36  38  85  28  52  10  33  18  19  93  14  26  5  67  9  60  97  7  13  53  84  55  30  99  54  57  77  42  78  15  100  27  79  89  21  39  58  50  64  90  95  61  70  29  25  32  45  98  81  35  65  63  16  73  49  91  68  83  82  8  87  75  96  34  92  41  4  94  88  48  17  46  71  2  47  44  24  59  23  86
   1  80  52  59  97  31  12  38  3  76  28  10  15  91  48  17  71  82  85  55  63  7  95  89  93  94  54  70  90  27  37  96  79  50  8  61  25  64  66  34  56  42  19  86  99  74  83  68  23  72  22  73  18  33  24  49  36  69  92  6  84  16  14  75  11  58  100  29  46  87  77  40  20  4  44  43  39  45  57  13  5  35  32  21  67  98  41  65  60  78  26  53  88  62  81  47  9  2  30  51
   1  82  90  63  45  71  30  44  79  26  54  52  47  11  34  25  31  60  77  7  19  35  67  33  89  28  68  92  72  15  5  6  43  12  74  41  37  58  36  88  46  100  3  16  23  48  99  14  59  70  20  9  64  49  98  73  66  53  50  96  38  86  8  87  91  24  62  93  56  55  65  22  42  18  78  39  83  17  85  69  57  27  10  81  75  84  61  97  2  4  76  29  94  80  21  95  13  40  32  51
   2  1  33  100  78  32  93  99  64  77  89  31  36  92  9  98  72  63  6  76  24  88  16  30  54  35  95  91  11  8  18  97  20  71  69  62  46  5  67  75  57  23  60  87  40  15  44  29  84  53  3  34  79  94  65  90  37  10  73  7  25  17  55  96  12  19  21  70  47  68  58  61  41  45  85  4  80  66  38  74  26  56  13  22  48  59  42  86  81  39  27  14  49  43  82  28  50  83  51  52
   2  3  71  4  26  72  11  5  40  27  15  73  68  12  95  6  32  41  98  28  80  16  88  74  50  69  9  13  93  96  86  7  84  33  35  42  58  99  37  29  47  81  44  17  64  89  60  75  20  51  1  70  25  10  39  14  67  94  31  97  79  87  49  8  92  85  83  34  57  36  46  43  63  59  19  100  24  38  66  30  78  48  91  82  56  45  62  18  23  65  77  90  55  61  22  76  54  21  53  52
   2  5  9  8  74  12  29  11  16  77  41  15  100  32  81  14  92  19  90  80  36  44  60  18  46  3  23  35  75  84  54  17  48  95  1  22  70  93  7  83  37  39  28  47  88  63  76  21  56  49  99  6  71  26  13  38  97  78  89  87  33  57  43  20  72  51  45  98  67  4  34  25  85  73  53  96  68  10  94  86  30  40  69  42  64  31  82  50  65  91  27  66  61  79  62  24  58  59  55  52
   2  5  63  6  15  88  18  45  62  54  34  85  61  1  53  82  3  58  44  9  73  31  27  17  93  81  51  77  41  52  29  22  55  87  66  64  59  97  91  76  89  71  26  65  11  78  94  33  32  80  99  96  38  95  86  13  83  56  39  47  67  16  40  100  48  19  98  43  57  92  28  70  74  84  8  20  50  24  60  49  72  79  46  14  35  37  42  4  10  25  12  30  75  36  90  23  7  68  69  21
   2  6  18  54  61  82  44  31  93  77  29  87  59  76  26  78  32  96  86  56  67  100  98  92  74  20  60  79  35  4  12  36  7  21  63  88  62  85  53  58  73  17  51  52  55  64  91  71  11  33  99  95  83  47  40  19  57  70  8  24  72  14  42  25  75  23  69  5  15  45  34  1  3  9  27  81  41  22  66  97  89  65  94  80  38  13  39  16  48  43  28  84  50  49  46  37  10  30  90  68
   2  9  85  16  70  92  65  23  68  77  93  99  64  72  53  30  12  75  74  84  48  100  4  6  38  71  51  79  39  60  90  37  76  19  33  82  94  81  47  91  17  55  96  7  36  11  8  13  28  45  95  78  63  58  61  86  57  46  5  67  41  97  31  44  32  83  69  26  87  40  10  89  29  1  21  88  56  54  50  98  34  24  25  62  80  3  22  14  49  43  27  18  73  15  42  20  66  35  59  52
   2  9  91  56  50  23  53  87  38  70  12  54  41  33  98  37  15  17  26  16  72  21  44  97  83  20  90  1  55  96  28  25  62  77  94  19  35  6  27  71  67  49  69  58  59  13  8  36  61  22  99  92  10  45  51  78  48  14  63  31  89  47  60  68  3  64  86  84  75  85  29  80  57  4  18  81  11  100  46  5  73  76  39  24  7  82  66  95  74  30  34  52  32  43  42  88  93  65  40  79
   2  11  23  20  18  32  83  29  44  27  19  41  96  92  39  38  72  53  66  36  4  28  76  50  34  5  65  1  21  48  58  47  40  81  99  62  6  75  17  45  7  13  80  37  60  85  24  59  64  43  93  14  9  74  35  10  87  30  63  57  95  67  25  56  12  49  31  90  97  8  98  71  51  15  55  84  100  26  78  54  86  16  3  22  88  89  42  46  91  69  77  94  79  33  82  68  70  73  61  52
   2  13  61  24  66  72  1  35  20  77  45  83  28  12  25  46  32  31  58  88  60  56  48  94  30  39  79  23  3  36  26  57  4  43  65  42  18  69  87  99  97  71  64  67  84  59  40  5  100  41  91  50  55  90  9  34  17  14  21  47  49  37  19  68  92  15  93  54  7  76  86  53  73  29  89  80  44  98  6  10  38  8  81  82  96  75  62  78  33  95  27  70  85  51  22  16  74  11  63  52
   2  14  98  80  55  82  69  79  48  33  29  1  7  49  40  78  41  85  90  24  67  65  51  54  75  20  39  71  93  45  12  84  83  76  27  88  10  70  86  97  73  6  42  92  38  64  44  5  35  43  99  87  3  21  46  19  32  22  53  68  72  100  94  52  61  23  60  16  11  77  34  36  50  47  26  81  62  30  8  56  89  17  18  25  74  13  91  31  15  4  28  95  59  9  63  37  57  96  66  58
   2  15  99  28  14  12  19  41  96  27  71  25  60  32  11  54  92  9  50  40  16  84  20  38  26  73  93  45  85  24  94  67  68  5  31  22  30  63  57  53  87  29  48  97  8  33  56  51  36  39  89  86  1  6  83  58  47  98  79  37  3  7  13  80  72  81  55  18  17  44  74  35  95  43  23  76  88  70  34  66  90  100  59  42  4  61  82  10  75  21  77  46  91  69  62  64  78  49  65  52
   2  16  27  14  11  88  98  77  10  80  34  70  55  36  86  82  50  97  69  47  73  79  26  6  48  81  42  33  62  92  29  30  38  1  8  64  7  56  44  49  89  5  40  17  35  78  18  43  41  25  99  85  74  87  90  13  3  24  91  21  67  31  46  65  15  19  51  4  32  54  28  22  75  95  53  20  59  68  39  9  72  71  63  100  93  37  94  45  57  52  12  96  61  84  66  23  83  58  60  76
   2  17  94  92  75  82  91  16  35  45  29  95  50  21  27  78  57  30  53  97  67  14  18  52  38  20  69  31  11  43  12  1  59  47  46  88  41  96  8  68  73  65  98  25  61  64  39  79  15  77  99  84  7  9  26  19  10  85  66  56  72  6  51  80  74  23  44  71  48  4  34  87  83  49  63  81  32  70  90  58  89  100  42  54  55  13  60  5  93  33  28  36  3  76  40  37  62  22  86  24
   2  19  75  36  10  92  55  53  48  27  23  9  24  72  83  70  12  65  34  44  28  40  64  26  18  41  21  89  49  100  30  87  96  29  63  82  54  51  97  61  67  45  16  57  56  81  88  43  8  35  85  58  93  38  31  6  7  66  95  17  11  47  1  4  32  13  79  46  37  80  50  99  39  71  91  68  76  14  90  78  94  84  15  62  20  33  22  74  59  73  77  98  3  5  42  60  86  25  69  52
   2  21  13  40  58  32  73  59  24  77  49  51  56  92  69  78  72  43  26  96  84  68  36  70  14  75  35  11  31  88  98  97  60  91  29  62  66  45  67  15  57  3  100  87  80  55  4  89  44  33  83  94  39  54  5  30  37  50  53  7  65  17  95  16  12  79  41  10  47  48  38  81  61  85  25  64  20  86  18  34  46  76  93  22  28  19  42  6  1  99  27  74  9  23  82  8  90  63  71  52
   2  21  69  68  7  23  90  36  75  30  12  25  10  4  42  37  35  14  46  79  72  49  60  24  50  20  8  84  74  70  28  92  57  43  98  19  48  100  40  16  67  47  39  56  83  13  86  95  38  96  99  80  32  33  94  78  11  65  26  71  89  76  91  97  59  64  66  87  55  22  29  52  41  77  51  81  93  17  27  31  73  9  44  58  3  82  53  1  61  85  34  54  62  45  18  88  15  6  63  5
   2  22  40  36  93  13  42  58  32  49  34  71  74  6  66  19  7  77  39  25  73  96  46  1  11  20  18  97  57  21  29  16  75  17  86  37  3  33  60  54  89  70  63  87  48  23  51  56  10  9  99  79  61  65  8  88  59  43  69  52  67  30  27  95  35  82  94  24  62  76  28  5  55  100  90  81  83  4  44  80  72  85  26  84  15  64  98  68  41  47  12  31  38  14  53  78  50  45  91  92
   2  23  51  44  6  72  91  65  100  27  75  93  88  12  55  86  32  21  18  48  40  96  8  14  10  9  49  33  13  76  66  7  24  53  95  42  78  39  37  69  47  61  84  17  4  29  20  35  80  31  81  30  85  70  79  54  67  34  11  97  19  87  89  28  92  45  3  74  57  16  26  63  83  99  59  60  64  58  46  90  98  68  71  82  36  5  62  38  43  25  77  50  15  41  22  56  94  1  73  52
   2  24  86  22  62  37  40  76  3  36  28  33  93  5  60  13  55  54  42  100  89  58  90  70  32  81  63  49  83  87  34  4  48  71  44  23  74  80  51  6  72  56  66  85  10  19  26  9  7  84  99  77  15  79  39  64  61  25  98  65  73  68  8  96  41  88  46  47  59  1  12  43  11  31  69  20  38  52  18  14  67  97  53  30  57  78  27  21  50  95  29  45  35  16  91  82  75  92  94  17
   2  25  60  43  83  78  66  17  61  5  12  49  57  56  94  64  93  1  63  30  72  92  39  33  59  81  53  6  75  79  28  47  32  97  51  82  15  36  46  70  67  80  91  77  3  88  90  14  74  16  99  76  41  58  18  23  35  84  40  96  89  52  44  45  7  37  8  100  38  71  29  9  62  68  42  20  48  95  26  22  73  54  69  4  50  19  86  65  55  31  34  21  10  24  98  13  11  87  27  85
   2  25  89  48  54  12  9  71  76  77  1  35  20  32  41  94  92  99  10  100  96  24  80  58  6  43  63  55  95  64  34  17  88  15  61  22  90  33  7  23  37  19  68  47  28  3  36  81  16  29  79  66  31  86  53  78  97  18  69  87  73  57  83  40  72  11  65  38  67  84  14  45  5  13  93  56  8  30  74  46  50  60  49  42  44  91  82  70  85  51  27  26  21  59  62  4  98  39  75  52
   2  29  65  56  50  92  45  83  28  77  53  19  84  72  13  10  12  55  94  4  8  80  24  46  98  11  91  99  59  40  70  37  16  39  93  82  14  21  47  31  17  35  36  7  76  51  68  73  88  25  75  38  23  18  1  26  57  86  85  67  81  97  71  64  32  43  89  66  87  20  90  9  49  41  61  48  96  74  30  58  54  44  5  62  60  63  22  34  69  3  27  78  33  95  42  100  6  15  79  52
   2  30  46  84  48  13  94  97  41  9  34  5  75  14  8  19  83  33  91  52  73  85  63  36  35  20  98  56  32  76  29  31  61  6  90  37  50  43  39  80  89  22  27  1  15  23  42  24  57  47  99  71  55  17  53  88  7  4  60  92  67  96  26  87  93  82  18  68  10  49  28  16  38  65  66  81  3  45  69  25  72  70  40  95  11  64  51  58  62  21  12  79  74  100  86  78  59  77  44  54
   2  31  3  60  98  32  63  89  4  27  79  61  16  92  99  18  72  33  86  56  64  8  96  90  94  45  5  21  41  28  38  47  80  1  59  62  26  15  17  85  7  93  20  37  100  25  84  19  24  23  73  74  69  34  75  50  87  70  43  57  35  67  65  76  12  9  51  30  97  88  78  91  71  55  95  44  40  46  58  14  6  36  83  22  68  49  42  66  11  29  77  54  39  13  82  48  10  53  81  52
   2  31  26  100  35  88  51  33  57  25  34  22  38  84  90  82  59  56  60  21  73  71  40  14  15  81  94  43  10  54  29  96  74  36  53  64  83  24  69  9  89  16  46  6  93  78  98  4  62  52  99  70  75  1  66  13  50  68  44  76  67  79  63  17  11  19  42  45  41  80  28  30  61  87  86  20  7  58  91  47  72  5  27  65  48  37  18  77  32  92  12  85  55  95  8  23  3  97  39  49
   2  33  41  64  46  72  81  95  80  77  5  3  48  12  85  26  32  11  78  8  20  36  68  34  90  79  19  43  23  16  6  57  44  63  25  42  38  9  87  39  97  51  4  67  24  99  100  65  60  21  71  10  15  50  49  74  17  54  1  47  89  37  59  88  92  75  13  94  7  56  66  73  93  69  29  40  84  18  86  70  58  28  61  82  76  35  62  98  53  55  27  30  45  31  22  96  14  91  83  52
   2  33  90  71  10  64  46  52  50  17  28  58  48  85  39  88  38  21  94  36  89  4  66  79  41  20  27  92  3  100  34  56  15  96  69  78  75  76  42  87  72  77  8  31  57  82  40  54  83  6  99  68  11  30  91  37  55  49  51  84  73  43  53  16  62  13  63  80  7  65  12  97  35  22  60  81  74  9  98  1  67  45  86  5  32  23  26  25  59  14  29  24  93  70  44  19  61  47  18  95
   2  35  79  68  94  12  99  1  56  27  31  45  80  32  71  34  92  89  70  60  76  64  40  78  86  13  33  65  5  4  74  67  8  25  91  22  50  3  57  93  87  9  88  97  48  73  16  11  96  19  69  46  61  66  23  98  47  38  59  37  43  7  53  100  72  41  75  58  17  24  54  55  15  83  63  36  28  90  14  26  10  20  39  42  84  21  82  30  95  81  77  6  51  49  62  44  18  29  85  52
   2  36  42  49  74  19  39  96  11  97  29  17  3  54  63  23  10  79  8  43  67  95  94  76  55  81  44  85  15  68  12  14  50  92  40  13  32  71  66  77  73  1  18  21  75  37  60  70  48  56  99  65  59  52  27  82  62  5  90  4  72  84  98  47  38  78  91  22  93  58  34  6  7  25  46  20  57  16  86  33  89  87  51  9  61  88  69  30  35  24  28  100  83  80  26  64  41  31  53  45
   2  39  55  76  90  92  35  13  8  27  83  29  44  72  43  50  12  45  54  64  88  20  84  66  78  81  61  9  69  80  10  87  36  49  23  82  74  91  97  1  67  25  56  57  96  21  48  3  68  15  65  18  53  98  71  46  7  6  75  17  51  47  41  24  32  73  99  86  37  60  30  19  59  11  31  28  16  34  70  38  14  4  95  62  100  93  22  94  79  33  77  58  63  85  42  40  26  5  89  52
   2  41  93  80  38  32  53  19  84  77  9  71  76  92  29  58  72  23  46  16  44  48  56  10  74  15  75  31  51  68  78  97  100  11  89  62  86  85  67  55  57  83  40  87  20  95  64  49  4  13  63  54  99  14  45  70  37  90  33  7  5  17  35  36  12  39  61  50  47  28  18  1  81  25  65  24  60  6  98  94  66  96  73  22  8  79  42  26  21  59  27  34  69  3  82  88  30  43  91  52
   2  43  31  84  86  72  71  25  60  27  35  13  8  12  15  66  32  1  38  68  100  76  28  54  70  49  89  53  33  56  46  7  64  73  55  42  98  79  37  9  47  41  24  17  44  69  80  95  40  11  61  90  45  30  19  94  67  74  91  97  59  87  29  48  92  5  23  14  57  96  6  83  3  39  99  20  4  78  26  50  18  88  51  82  16  65  62  58  63  85  77  10  75  21  22  36  34  81  93  52
   2  43  66  5  57  64  63  92  59  6  28  97  15  70  91  88  74  76  18  84  89  45  8  71  62  20  26  54  50  65  34  24  11  85  60  78  61  49  94  1  72  33  53  79  32  82  46  80  3  14  99  58  35  96  44  37  38  9  42  95  73  4  86  31  10  13  27  25  83  17  12  56  93  30  39  81  75  47  51  36  67  77  90  16  41  23  40  52  7  100  29  68  48  22  69  19  55  21  98  87
   2  45  53  31  41  64  26  80  83  100  28  24  35  30  69  88  61  9  51  87  89  33  86  16  57  20  46  25  7  6  34  58  93  22  91  78  38  47  98  84  72  4  90  5  62  82  27  52  59  65  99  56  48  70  60  37  75  21  18  1  73  77  66  71  32  13  40  92  50  14  12  68  15  85  44  81  55  76  94  95  67  43  8  79  10  23  63  54  3  17  29  97  11  96  39  19  74  49  42  36
   2  45  69  88  34  12  89  31  36  77  61  55  40  32  1  74  92  79  30  20  56  4  100  98  66  83  3  75  15  44  14  17  28  35  21  22  10  73  7  63  37  99  8  47  68  43  96  41  76  9  59  26  91  46  93  18  97  58  49  87  13  57  23  60  72  71  85  78  67  64  94  65  25  53  33  16  48  50  54  6  70  80  29  42  24  51  82  90  5  11  27  86  81  39  62  84  38  19  95  52
   2  47  44  24  59  23  86  1  74  22  12  80  62  43  51  37  11  6  40  31  72  76  69  56  3  20  66  36  38  85  28  52  10  33  18  19  93  14  26  5  67  9  60  97  7  13  53  84  55  30  99  54  57  77  42  78  15  100  27  79  89  21  39  58  50  64  90  95  61  70  29  25  32  45  98  81  35  65  63  16  73  49  91  68  83  82  8  87  75  96  34  92  41  4  94  88  48  17  46  71
   2  49  39  97  3  23  8  95  55  85  12  92  32  77  18  37  48  65  27  5  72  47  91  58  7  20  86  87  61  30  28  80  41  45  42  19  11  17  63  79  67  76  44  68  50  13  66  1  75  70  99  52  62  4  98  78  93  6  46  16  89  9  69  24  83  64  53  36  74  96  29  54  10  43  94  81  15  14  40  71  73  21  60  56  59  82  90  84  38  22  34  25  57  33  51  88  35  100  26  31
   2  49  45  96  30  92  25  43  88  77  13  39  4  72  73  90  12  35  14  24  68  60  44  86  58  51  31  19  79  20  50  37  56  59  53  82  34  61  47  71  17  15  76  7  16  91  28  33  48  5  55  98  83  78  41  66  57  26  65  67  21  97  11  84  32  3  9  6  87  100  70  29  69  81  1  8  36  94  10  18  74  64  85  62  40  23  22  54  89  63  27  38  93  75  42  80  46  95  99  52
   2  51  83  100  78  32  43  49  64  27  39  81  36  92  59  98  72  13  6  76  24  88  16  30  54  85  45  41  61  8  18  47  20  21  19  62  46  55  17  25  7  73  60  37  40  65  44  79  84  3  53  34  29  94  15  90  87  10  23  57  75  67  5  96  12  69  71  70  97  68  58  11  91  95  35  4  80  66  38  74  26  56  63  22  48  9  42  86  31  89  77  14  99  93  82  28  50  33  1  52
   2  52  39  4  3  78  8  6  55  16  12  9  32  24  18  64  48  36  27  96  72  54  91  43  7  81  86  14  61  71  28  21  41  56  42  82  11  84  63  22  67  25  44  33  50  88  66  100  75  31  99  49  62  97  98  23  93  95  46  85  89  92  69  77  83  37  53  65  74  5  29  47  10  58  94  20  15  87  40  30  73  80  60  45  59  19  90  17  38  79  34  76  57  68  51  13  35  1  26  70
   2  53  21  4  26  72  61  55  40  77  65  23  68  12  45  6  32  91  98  28  80  16  88  74  50  19  59  63  43  96  86  57  84  83  85  42  58  49  87  79  97  31  44  67  64  39  60  25  20  1  51  70  75  10  89  14  17  94  81  47  29  37  99  8  92  35  33  34  7  36  46  93  13  9  69  100  24  38  66  30  78  48  41  82  56  95  62  18  73  15  27  90  5  11  22  76  54  71  3  52
   2  54  44  77  59  78  86  100  74  79  12  21  62  58  51  64  11  95  40  70  72  25  69  45  3  81  66  65  38  16  28  49  10  68  18  82  93  87  26  96  67  92  60  4  7  88  53  17  55  71  99  47  57  24  42  23  15  1  27  22  89  80  39  43  50  37  90  6  61  31  29  76  32  56  98  20  35  36  63  85  73  52  91  33  83  19  8  14  75  5  34  9  41  97  94  13  48  84  46  30
   2  55  59  8  74  12  79  61  16  27  91  65  100  32  31  14  92  69  90  80  36  44  60  18  46  53  73  85  25  84  54  67  48  45  51  22  70  43  57  33  87  89  28  97  88  13  76  71  56  99  49  6  21  26  63  38  47  78  39  37  83  7  93  20  72  1  95  98  17  4  34  75  35  23  3  96  68  10  94  86  30  40  19  42  64  81  82  50  15  41  77  66  11  29  62  24  58  9  5  52
   2  56  53  70  41  37  26  21  83  1  28  77  35  71  69  13  61  92  51  14  89  68  86  85  57  81  46  76  7  95  34  43  93  79  91  23  38  54  98  17  72  97  90  96  62  19  27  49  59  36  99  45  48  31  60  64  75  80  18  100  73  24  66  30  32  88  40  9  50  87  12  33  15  16  44  20  55  25  94  6  67  58  8  22  10  78  63  47  3  84  29  4  11  5  39  82  74  52  42  65
   2  58  66  96  57  37  63  9  59  95  28  4  15  31  91  13  74  25  18  17  89  56  8  30  62  81  26  47  50  36  34  77  11  16  60  23  61  52  94  100  72  68  53  22  32  19  46  21  3  87  99  43  35  5  44  64  38  92  42  6  73  97  86  70  10  88  27  76  83  84  12  45  93  71  39  20  75  54  51  65  67  24  90  85  41  78  40  49  7  1  29  33  48  79  69  82  55  80  98  14
   2  59  35  16  70  92  15  73  68  27  43  49  64  72  3  30  12  25  74  84  48  100  4  6  38  21  1  29  89  60  90  87  76  69  83  82  94  31  97  41  67  5  96  57  36  61  8  63  28  95  45  78  13  58  11  86  7  46  55  17  91  47  81  44  32  33  19  26  37  40  10  39  79  51  71  88  56  54  50  98  34  24  75  62  80  53  22  14  99  93  77  18  23  65  42  20  66  85  9  52
   2  61  73  20  18  32  33  79  44  77  69  91  96  92  89  38  72  3  66  36  4  28  76  50  34  55  15  51  71  48  58  97  40  31  49  62  6  25  67  95  57  63  80  87  60  35  24  9  64  93  43  14  59  74  85  10  37  30  13  7  45  17  75  56  12  99  81  90  47  8  98  21  1  65  5  84  100  26  78  54  86  16  53  22  88  39  42  46  41  19  27  94  29  83  82  68  70  23  11  52
   2  63  11  24  66  72  51  85  20  27  95  33  28  12  75  46  32  81  58  88  60  56  48  94  30  89  29  73  53  36  26  7  4  93  15  42  18  19  37  49  47  21  64  17  84  9  40  55  100  91  41  50  5  90  59  34  67  14  71  97  99  87  69  68  92  65  43  54  57  76  86  3  23  79  39  80  44  98  6  10  38  8  31  82  96  25  62  78  83  45  77  70  35  1  22  16  74  61  13  52
   2  65  42  52  74  82  39  5  11  4  29  84  3  47  63  78  10  22  8  58  67  6  94  25  55  20  44  16  15  33  12  87  50  9  40  88  32  30  66  24  73  100  18  80  75  64  60  31  48  45  99  36  59  49  27  19  62  96  90  97  72  17  98  54  38  23  91  79  93  43  34  95  7  76  46  81  57  85  86  68  89  14  51  92  61  13  69  71  35  77  28  1  83  21  26  37  41  70  53  56
   2  65  49  28  14  12  69  91  96  77  21  75  60  32  61  54  92  59  50  40  16  84  20  38  26  23  43  95  35  24  94  17  68  55  81  22  30  13  7  3  37  79  48  47  8  83  56  1  36  89  39  86  51  6  33  58  97  98  29  87  53  57  63  80  72  31  5  18  67  44  74  85  45  93  73  76  88  70  34  66  90  100  9  42  4  11  82  10  25  71  27  46  41  19  62  64  78  99  15  52
   2  68  90  30  10  37  46  49  50  84  28  43  48  16  39  13  38  80  94  65  89  97  66  22  41  81  27  9  3  1  34  45  15  5  69  23  75  25  42  14  72  24  8  70  57  19  40  47  83  95  99  33  11  71  91  64  55  52  51  17  73  58  53  85  62  88  63  21  7  36  12  4  35  79  60  20  74  92  98  100  67  56  86  96  32  78  26  76  59  87  29  77  93  31  44  82  61  54  18  6
   2  69  25  36  10  92  5  3  48  77  73  59  24  72  33  70  12  15  34  44  28  40  64  26  18  91  71  39  99  100  30  37  96  79  13  82  54  1  47  11  17  95  16  7  56  31  88  93  8  85  35  58  43  38  81  6  57  66  45  67  61  97  51  4  32  63  29  46  87  80  50  49  89  21  41  68  76  14  90  78  94  84  65  62  20  83  22  74  9  23  27  98  53  55  42  60  86  75  19  52
   2  70  26  1  35  13  51  68  57  76  34  79  38  17  90  19  59  45  60  80  73  30  40  87  15  20  94  58  10  47  29  5  74  65  53  37  83  77  69  92  89  85  46  95  93  23  98  97  62  49  99  31  75  100  66  88  50  33  44  25  67  22  63  84  11  82  42  56  41  21  28  71  61  14  86  81  7  43  91  54  72  96  27  36  48  64  18  24  32  9  12  16  55  6  8  78  3  4  39  52
   2  71  46  17  48  88  94  4  41  92  34  96  75  87  8  82  83  68  91  49  73  16  63  65  35  81  98  45  32  25  29  70  61  95  90  64  50  58  39  21  89  79  27  100  15  78  42  77  57  54  99  30  55  84  53  13  7  97  60  9  67  5  26  14  93  19  18  33  10  52  28  85  38  36  66  20  3  56  69  76  72  31  40  6  11  37  51  43  62  80  12  22  74  1  86  23  59  24  44  47
   2  71  63  40  58  32  23  9  24  27  99  1  56  92  19  78  72  93  26  96  84  68  36  70  14  25  85  61  81  88  98  47  60  41  79  62  66  95  17  65  7  53  100  37  80  5  4  39  44  83  33  94  89  54  55  30  87  50  3  57  15  67  45  16  12  29  91  10  97  48  38  31  11  35  75  64  20  86  18  34  46  76  43  22  28  69  42  6  51  49  77  74  59  73  82  8  90  13  21  52
   2  73  1  44  6  72  41  15  100  77  25  43  88  12  5  86  32  71  18  48  40  96  8  14  10  59  99  83  63  76  66  57  24  3  45  42  78  89  87  19  97  11  84  67  4  79  20  85  80  81  31  30  35  70  29  54  17  34  61  47  69  37  39  28  92  95  53  74  7  16  26  13  33  49  9  60  64  58  46  90  98  68  21  82  36  55  62  38  93  75  27  50  65  91  22  56  94  51  23  52
   2  75  39  48  54  12  59  21  76  27  51  85  20  32  91  94  92  49  10  100  96  24  80  58  6  93  13  5  45  64  34  67  88  65  11  22  90  83  57  73  87  69  68  97  28  53  36  31  16  79  29  66  81  86  3  78  47  18  19  37  23  7  33  40  72  61  15  38  17  84  14  95  55  63  43  56  8  30  74  46  50  60  99  42  44  41  82  70  35  1  77  26  71  9  62  4  98  89  25  52
   2  76  60  58  83  23  66  84  61  96  12  52  57  45  94  37  93  100  63  71  72  9  39  68  59  20  53  95  75  22  28  54  32  4  51  19  15  65  46  31  67  21  91  24  3  13  90  87  74  85  99  25  41  43  18  78  35  17  40  5  89  49  44  56  7  64  8  1  38  30  29  92  62  33  42  81  48  6  26  79  73  47  69  97  50  82  86  36  55  70  34  80  10  77  98  88  11  14  27  16
   2  77  86  79  62  64  40  25  3  65  28  68  93  96  60  88  55  47  42  1  89  43  90  31  32  20  63  52  83  14  34  97  48  30  44  78  74  21  51  95  72  45  66  16  10  82  26  92  7  17  99  24  15  22  39  37  61  76  98  36  73  33  8  5  41  13  46  54  59  100  12  58  11  70  69  81  38  49  18  87  67  4  53  71  57  23  27  80  50  6  29  56  35  85  91  19  75  9  94  84
   2  79  15  56  50  92  95  33  28  27  3  69  84  72  63  10  12  5  94  4  8  80  24  46  98  61  41  49  9  40  70  87  16  89  43  82  14  71  97  81  67  85  36  57  76  1  68  23  88  75  25  38  73  18  51  26  7  86  35  17  31  47  21  64  32  93  39  66  37  20  90  59  99  91  11  48  96  74  30  58  54  44  55  62  60  13  22  34  19  53  77  78  83  45  42  100  6  65  29  52
   2  79  40  65  93  88  42  43  32  52  34  30  74  95  66  82  7  24  39  76  73  5  46  100  11  81  18  4  57  80  29  85  75  84  86  64  3  68  60  47  89  31  63  14  48  78  51  45  10  92  99  22  61  36  8  13  59  58  69  49  67  71  27  6  35  19  94  77  62  25  28  96  55  1  90  20  83  97  44  21  72  16  26  17  15  37  98  33  41  54  12  70  38  87  53  23  50  56  91  9
   2  80  69  33  7  78  90  65  75  71  12  76  10  97  42  64  35  87  46  22  72  52  60  77  50  81  8  17  74  31  28  9  57  58  98  82  48  1  40  85  67  54  39  45  83  88  86  6  38  5  99  21  32  68  94  23  11  36  26  30  89  25  91  4  59  37  66  14  55  79  29  49  41  24  51  20  93  84  27  70  73  92  44  43  3  19  53  100  61  16  34  47  62  56  18  13  15  95  63  96
   2  81  53  60  98  32  13  39  4  77  29  11  16  92  49  18  72  83  86  56  64  8  96  90  94  95  55  71  91  28  38  97  80  51  9  62  26  65  67  35  57  43  20  87  100  75  84  69  24  73  23  74  19  34  25  50  37  70  93  7  85  17  15  76  12  59  1  30  47  88  78  41  21  5  45  44  40  46  58  14  6  36  33  22  68  99  42  66  61  79  27  54  89  63  82  48  10  3  31  52
   2  83  91  64  46  72  31  45  80  27  55  53  48  12  35  26  32  61  78  8  20  36  68  34  90  29  69  93  73  16  6  7  44  13  75  42  38  59  37  89  47  1  4  17  24  49  100  15  60  71  21  10  65  50  99  74  67  54  51  97  39  87  9  88  92  25  63  94  57  56  66  23  43  19  79  40  84  18  86  70  58  28  11  82  76  85  62  98  3  5  77  30  95  81  22  96  14  41  33  52
   2  84  94  9  75  19  91  85  35  56  29  6  50  80  27  23  57  71  53  4  67  87  18  49  38  81  69  70  11  58  12  100  59  54  46  13  41  5  8  33  73  36  98  76  61  37  39  22  15  24  99  17  7  92  26  82  10  16  66  45  72  95  51  21  74  78  44  30  48  97  34  14  83  52  63  20  32  31  90  43  89  1  42  47  55  88  60  96  93  68  28  65  3  25  40  64  62  79  86  77
   2  85  27  87  11  13  98  24  10  21  34  31  55  65  86  19  50  4  69  54  73  22  26  95  48  20  42  68  62  9  29  71  38  100  8  37  7  45  44  52  89  96  40  84  35  23  18  58  41  76  99  16  74  14  90  88  3  77  91  80  67  70  46  36  15  82  51  97  32  47  28  79  75  6  53  81  59  33  39  92  72  30  63  1  93  64  94  56  57  49  12  5  61  17  66  78  83  43  60  25
   2  85  29  68  94  12  49  51  56  77  81  95  80  32  21  34  92  39  70  60  76  64  40  78  86  63  83  15  55  4  74  17  8  75  41  22  50  53  7  43  37  59  88  47  48  23  16  61  96  69  19  46  11  66  73  98  97  38  9  87  93  57  3  100  72  91  25  58  67  24  54  5  65  33  13  36  28  90  14  26  10  20  89  42  84  71  82  30  45  31  27  6  1  99  62  44  18  79  35  52
   2  87  98  21  55  19  69  22  48  68  29  100  7  52  40  23  41  16  90  77  67  36  51  47  75  81  39  30  93  56  12  17  83  25  27  13  10  31  86  4  73  95  42  9  38  37  44  96  35  58  99  14  3  80  46  82  32  79  53  33  72  1  94  49  61  78  60  85  11  24  34  65  50  54  26  20  62  71  8  45  89  84  18  76  74  88  91  70  15  97  28  6  59  92  63  64  57  5  66  43
   2  89  5  76  90  92  85  63  8  77  33  79  44  72  93  50  12  95  54  64  88  20  84  66  78  31  11  59  19  80  10  37  36  99  73  82  74  41  47  51  17  75  56  7  96  71  48  53  68  65  15  18  3  98  21  46  57  6  25  67  1  97  91  24  32  23  49  86  87  60  30  69  9  61  81  28  16  34  70  38  14  4  45  62  100  43  22  94  29  83  27  58  13  35  42  40  26  55  39  52
   2  91  43  80  38  32  3  69  84  27  59  21  76  92  79  58  72  73  46  16  44  48  56  10  74  65  25  81  1  68  78  47  100  61  39  62  86  35  17  5  7  33  40  37  20  45  64  99  4  63  13  54  49  14  95  70  87  90  83  57  55  67  85  36  12  89  11  50  97  28  18  51  31  75  15  24  60  6  98  94  66  96  23  22  8  29  42  26  71  9  77  34  19  53  82  88  30  93  41  52
   2  92  91  45  50  78  53  14  38  31  12  47  41  68  98  64  15  84  26  85  72  80  44  4  83  81  90  100  55  5  28  76  62  24  94  82  35  95  27  30  67  52  69  43  59  88  8  65  61  79  99  9  10  56  51  23  48  87  63  70  89  54  60  33  3  37  86  17  75  16  29  21  57  97  18  20  11  1  46  96  73  25  39  77  7  19  66  6  74  71  34  49  32  58  42  13  93  36  40  22
   2  93  81  84  86  72  21  75  60  77  85  63  8  12  65  66  32  51  38  68  100  76  28  54  70  99  39  3  83  56  46  57  64  23  5  42  98  29  87  59  97  91  24  67  44  19  80  45  40  61  11  90  95  30  69  94  17  74  41  47  9  37  79  48  92  55  73  14  7  96  6  33  53  89  49  20  4  78  26  50  18  88  1  82  16  15  62  58  13  35  27  10  25  71  22  36  34  31  43  52
   2  95  18  47  61  19  44  70  93  24  29  14  59  25  26  23  32  5  86  45  67  1  98  9  74  81  60  22  35  97  12  65  7  80  63  13  62  16  53  43  73  84  51  49  55  37  91  30  11  68  99  6  83  54  40  82  57  31  8  77  72  87  42  76  75  78  69  96  15  56  34  100  3  92  27  20  41  79  66  4  89  36  94  21  38  88  39  85  48  58  28  17  50  52  46  64  10  71  90  33
   2  95  19  88  34  12  39  81  36  27  11  5  40  32  51  74  92  29  30  20  56  4  100  98  66  33  53  25  65  44  14  67  28  85  71  22  10  23  57  13  87  49  8  97  68  93  96  91  76  59  9  26  41  46  43  18  47  58  99  37  63  7  73  60  72  21  35  78  17  64  94  15  75  3  83  16  48  50  54  6  70  80  79  42  24  1  82  90  55  61  77  86  31  89  62  84  38  69  45  52
   2  96  63  95  15  13  18  56  62  47  34  16  61  100  53  19  3  43  44  92  73  70  27  84  93  20  51  24  41  49  29  79  55  14  66  37  59  4  91  25  89  30  26  36  11  23  94  68  32  21  99  5  38  6  86  88  83  45  39  54  67  85  40  1  48  82  98  58  57  9  28  31  74  17  8  81  50  77  60  52  72  22  46  87  35  64  42  97  10  76  12  71  75  65  90  78  7  33  69  80
   2  99  95  96  30  92  75  93  88  27  63  89  4  72  23  90  12  85  14  24  68  60  44  86  58  1  81  69  29  20  50  87  56  9  3  82  34  11  97  21  67  65  76  57  16  41  28  83  48  55  5  98  33  78  91  66  7  26  15  17  71  47  61  84  32  53  59  6  37  100  70  79  19  31  51  8  36  94  10  18  74  64  35  62  40  73  22  54  39  13  77  38  43  25  42  80  46  45  49  52
   3  2  34  1  79  33  94  100  65  78  90  32  37  93  10  99  73  64  7  77  25  89  17  31  55  36  96  92  12  9  19  98  21  72  70  63  47  6  68  76  58  24  61  88  41  16  45  30  85  54  4  35  80  95  66  91  38  11  74  8  26  18  56  97  13  20  22  71  48  69  59  62  42  46  86  5  81  67  39  75  27  57  14  23  49  60  43  87  82  40  28  15  50  44  83  29  51  84  52  53
   3  4  39  52  2  70  26  1  35  13  51  68  57  76  34  79  38  17  90  19  59  45  60  80  73  30  40  87  15  20  94  58  10  47  29  5  74  65  53  37  83  77  69  92  89  85  46  95  93  23  98  97  62  49  99  31  75  100  66  88  50  33  44  25  67  22  63  84  11  82  42  56  41  21  28  71  61  14  86  81  7  43  91  54  72  96  27  36  48  64  18  24  32  9  12  16  55  6  8  78
   3  4  72  5  27  73  12  6  41  28  16  74  69  13  96  7  33  42  99  29  81  17  89  75  51  70  10  14  94  97  87  8  85  34  36  43  59  100  38  30  48  82  45  18  65  90  61  76  21  52  2  71  26  11  40  15  68  95  32  98  80  88  50  9  93  86  84  35  58  37  47  44  64  60  20  1  25  39  67  31  79  49  92  83  57  46  63  19  24  66  78  91  56  62  23  77  55  22  54  53
   3  6  10  9  75  13  30  12  17  78  42  16  1  33  82  15  93  20  91  81  37  45  61  19  47  4  24  36  76  85  55  18  49  96  2  23  71  94  8  84  38  40  29  48  89  64  77  22  57  50  100  7  72  27  14  39  98  79  90  88  34  58  44  21  73  52  46  99  68  5  35  26  86  74  54  97  69  11  95  87  31  41  70  43  65  32  83  51  66  92  28  67  62  80  63  25  59  60  56  53
   3  6  12  24  48  96  91  81  61  21  42  84  67  33  66  31  62  23  46  92  83  65  29  58  15  30  60  19  38  76  51  1  2  4  8  16  32  64  27  54  7  14  28  56  11  22  44  88  75  49  98  95  89  77  53  5  10  20  40  80  59  17  34  68  35  70  39  78  55  9  18  36  72  43  86  71  41  82  63  25  50  100  99  97  93  85  69  37  74  47  94  87  73  45  90  79  57  13  26  52
   3  10  86  17  71  93  66  24  69  78  94  100  65  73  54  31  13  76  75  85  49  1  5  7  39  72  52  80  40  61  91  38  77  20  34  83  95  82  48  92  18  56  97  8  37  12  9  14  29  46  96  79  64  59  62  87  58  47  6  68  42  98  32  45  33  84  70  27  88  41  11  90  30  2  22  89  57  55  51  99  35  25  26  63  81  4  23  15  50  44  28  19  74  16  43  21  67  36  60  53
   3  12  24  21  19  33  84  30  45  28  20  42  97  93  40  39  73  54  67  37  5  29  77  51  35  6  66  2  22  49  59  48  41  82  100  63  7  76  18  46  8  14  81  38  61  86  25  60  65  44  94  15  10  75  36  11  88  31  64  58  96  68  26  57  13  50  32  91  98  9  99  72  52  16  56  85  1  27  79  55  87  17  4  23  89  90  43  47  92  70  78  95  80  34  83  69  71  74  62  53
   3  13  90  87  74  85  99  25  41  43  18  78  35  17  40  5  89  49  44  56  7  64  8  1  38  30  29  92  62  33  42  81  48  6  26  79  73  47  69  97  50  82  86  36  55  70  34  80  10  77  98  88  11  14  27  16  2  76  60  58  83  23  66  84  61  96  12  52  57  45  94  37  93  100  63  71  72  9  39  68  59  20  53  95  75  22  28  54  32  4  51  19  15  65  46  31  67  21  91  24
   3  14  62  25  67  73  2  36  21  78  46  84  29  13  26  47  33  32  59  89  61  57  49  95  31  40  80  24  4  37  27  58  5  44  66  43  19  70  88  100  98  72  65  68  85  60  41  6  1  42  92  51  56  91  10  35  18  15  22  48  50  38  20  69  93  16  94  55  8  77  87  54  74  30  90  81  45  99  7  11  39  9  82  83  97  76  63  79  34  96  28  71  86  52  23  17  75  12  64  53
   3  14  99  58  35  96  44  37  38  9  42  95  73  4  86  31  10  13  27  25  83  17  12  56  93  30  39  81  75  47  51  36  67  77  90  16  41  23  40  52  7  100  29  68  48  22  69  19  55  21  98  87  2  43  66  5  57  64  63  92  59  6  28  97  15  70  91  88  74  76  18  84  89  45  8  71  62  20  26  54  50  65  34  24  11  85  60  78  61  49  94  1  72  33  53  79  32  82  46  80
   3  16  100  29  15  13  20  42  97  28  72  26  61  33  12  55  93  10  51  41  17  85  21  39  27  74  94  46  86  25  95  68  69  6  32  23  31  64  58  54  88  30  49  98  9  34  57  52  37  40  90  87  2  7  84  59  48  99  80  38  4  8  14  81  73  82  56  19  18  45  75  36  96  44  24  77  89  71  35  67  91  1  60  43  5  62  83  11  76  22  78  47  92  70  63  65  79  50  66  53
   3  17  29  97  11  96  39  19  74  49  42  36  2  45  53  31  41  64  26  80  83  100  28  24  35  30  69  88  61  9  51  87  89  33  86  16  57  20  46  25  7  6  34  58  93  22  91  78  38  47  98  84  72  4  90  5  62  82  27  52  59  65  99  56  48  70  60  37  75  21  18  1  73  77  66  71  32  13  40  92  50  14  12  68  15  85  44  81  55  76  94  95  67  43  8  79  10  23  63  54
   3  19  53  100  61  16  34  47  62  56  18  13  15  95  63  96  2  80  69  33  7  78  90  65  75  71  12  76  10  97  42  64  35  87  46  22  72  52  60  77  50  81  8  17  74  31  28  9  57  58  98  82  48  1  40  85  67  54  39  45  83  88  86  6  38  5  99  21  32  68  94  23  11  36  26  30  89  25  91  4  59  37  66  14  55  79  29  49  41  24  51  20  93  84  27  70  73  92  44  43
   3  20  66  36  38  85  28  52  10  33  18  19  93  14  26  5  67  9  60  97  7  13  53  84  55  30  99  54  57  77  42  78  15  100  27  79  89  21  39  58  50  64  90  95  61  70  29  25  32  45  98  81  35  65  63  16  73  49  91  68  83  82  8  87  75  96  34  92  41  4  94  88  48  17  46  71  2  47  44  24  59  23  86  1  74  22  12  80  62  43  51  37  11  6  40  31  72  76  69  56
   3  20  76  37  11  93  56  54  49  28  24  10  25  73  84  71  13  66  35  45  29  41  65  27  19  42  22  90  50  1  31  88  97  30  64  83  55  52  98  62  68  46  17  58  57  82  89  44  9  36  86  59  94  39  32  7  8  67  96  18  12  48  2  5  33  14  80  47  38  81  51  100  40  72  92  69  77  15  91  79  95  85  16  63  21  34  23  75  60  74  78  99  4  6  43  61  87  26  70  53
   3  21  46  19  32  22  53  68  72  100  94  52  61  23  60  16  11  77  34  36  50  47  26  81  62  30  8  56  89  17  18  25  74  13  91  31  15  4  28  95  59  9  63  37  57  96  66  58  2  14  98  80  55  82  69  79  48  33  29  1  7  49  40  78  41  85  90  24  67  65  51  54  75  20  39  71  93  45  12  84  83  76  27  88  10  70  86  97  73  6  42  92  38  64  44  5  35  43  99  87
   3  22  14  41  59  33  74  60  25  78  50  52  57  93  70  79  73  44  27  97  85  69  37  71  15  76  36  12  32  89  99  98  61  92  30  63  67  46  68  16  58  4  1  88  81  56  5  90  45  34  84  95  40  55  6  31  38  51  54  8  66  18  96  17  13  80  42  11  48  49  39  82  62  86  26  65  21  87  19  35  47  77  94  23  29  20  43  7  2  100  28  75  10  24  83  9  91  64  72  53
   3  23  8  95  55  85  12  92  32  77  18  37  48  65  27  5  72  47  91  58  7  20  86  87  61  30  28  80  41  45  42  19  11  17  63  79  67  76  44  68  50  13  66  1  75  70  99  52  62  4  98  78  93  6  46  16  89  9  69  24  83  64  53  36  74  96  29  54  10  43  94  81  15  14  40  71  73  21  60  56  59  82  90  84  38  22  34  25  57  33  51  88  35  100  26  31  2  49  39  97
   3  24  52  45  7  73  92  66  1  28  76  94  89  13  56  87  33  22  19  49  41  97  9  15  11  10  50  34  14  77  67  8  25  54  96  43  79  40  38  70  48  62  85  18  5  30  21  36  81  32  82  31  86  71  80  55  68  35  12  98  20  88  90  29  93  46  4  75  58  17  27  64  84  100  60  61  65  59  47  91  99  69  72  83  37  6  63  39  44  26  78  51  16  42  23  57  95  2  74  53
   3  24  91  21  67  31  46  65  15  19  51  4  32  54  28  22  75  95  53  20  59  68  39  9  72  71  63  100  93  37  94  45  57  52  12  96  61  84  66  23  83  58  60  76  2  16  27  14  11  88  98  77  10  80  34  70  55  36  86  82  50  97  69  47  73  79  26  6  48  81  42  33  62  92  29  30  38  1  8  64  7  56  44  49  89  5  40  17  35  78  18  43  41  25  99  85  74  87  90  13
   3  25  40  64  62  79  86  77  2  84  94  9  75  19  91  85  35  56  29  6  50  80  27  23  57  71  53  4  67  87  18  49  38  81  69  70  11  58  12  100  59  54  46  13  41  5  8  33  73  36  98  76  61  37  39  22  15  24  99  17  7  92  26  82  10  16  66  45  72  95  51  21  74  78  44  30  48  97  34  14  83  52  63  20  32  31  90  43  89  1  42  47  55  88  60  96  93  68  28  65
   3  26  90  49  55  13  10  72  77  78  2  36  21  33  42  95  93  100  11  1  97  25  81  59  7  44  64  56  96  65  35  18  89  16  62  23  91  34  8  24  38  20  69  48  29  4  37  82  17  30  80  67  32  87  54  79  98  19  70  88  74  58  84  41  73  12  66  39  68  85  15  46  6  14  94  57  9  31  75  47  51  61  50  43  45  92  83  71  86  52  28  27  22  60  63  5  99  40  76  53
   3  30  66  57  51  93  46  84  29  78  54  20  85  73  14  11  13  56  95  5  9  81  25  47  99  12  92  100  60  41  71  38  17  40  94  83  15  22  48  32  18  36  37  8  77  52  69  74  89  26  76  39  24  19  2  27  58  87  86  68  82  98  72  65  33  44  90  67  88  21  91  10  50  42  62  49  97  75  31  59  55  45  6  63  61  64  23  35  70  4  28  79  34  96  43  1  7  16  80  53
   3  32  4  61  99  33  64  90  5  28  80  62  17  93  100  19  73  34  87  57  65  9  97  91  95  46  6  22  42  29  39  48  81  2  60  63  27  16  18  86  8  94  21  38  1  26  85  20  25  24  74  75  70  35  76  51  88  71  44  58  36  68  66  77  13  10  52  31  98  89  79  92  72  56  96  45  41  47  59  15  7  37  84  23  69  50  43  67  12  30  78  55  40  14  83  49  11  54  82  53
   3  33  60  54  89  70  63  87  48  23  51  56  10  9  99  79  61  65  8  88  59  43  69  52  67  30  27  95  35  82  94  24  62  76  28  5  55  100  90  81  83  4  44  80  72  85  26  84  15  64  98  68  41  47  12  31  38  14  53  78  50  45  91  92  2  22  40  36  93  13  42  58  32  49  34  71  74  6  66  19  7  77  39  25  73  96  46  1  11  20  18  97  57  21  29  16  75  17  86  37
   3  34  42  65  47  73  82  96  81  78  6  4  49  13  86  27  33  12  79  9  21  37  69  35  91  80  20  44  24  17  7  58  45  64  26  43  39  10  88  40  98  52  5  68  25  100  1  66  61  22  72  11  16  51  50  75  18  55  2  48  90  38  60  89  93  76  14  95  8  57  67  74  94  70  30  41  85  19  87  71  59  29  62  83  77  36  63  99  54  56  28  31  46  32  23  97  15  92  84  53
   3  36  28  33  93  5  60  13  55  54  42  100  89  58  90  70  32  81  63  49  83  87  34  4  48  71  44  23  74  80  51  6  72  56  66  85  10  19  26  9  7  84  99  77  15  79  39  64  61  25  98  65  73  68  8  96  41  88  46  47  59  1  12  43  11  31  69  20  38  52  18  14  67  97  53  30  57  78  27  21  50  95  29  45  35  16  91  82  75  92  94  17  2  24  86  22  62  37  40  76
   3  36  80  69  95  13  100  2  57  28  32  46  81  33  72  35  93  90  71  61  77  65  41  79  87  14  34  66  6  5  75  68  9  26  92  23  51  4  58  94  88  10  89  98  49  74  17  12  97  20  70  47  62  67  24  99  48  39  60  38  44  8  54  1  73  42  76  59  18  25  55  56  16  84  64  37  29  91  15  27  11  21  40  43  85  22  83  31  96  82  78  7  52  50  63  45  19  30  86  53
   3  37  86  17  75  16  29  21  57  97  18  20  11  1  46  96  73  25  39  77  7  19  66  6  74  71  34  49  32  58  42  13  93  36  40  22  2  92  91  45  50  78  53  14  38  31  12  47  41  68  98  64  15  84  26  85  72  80  44  4  83  81  90  100  55  5  28  76  62  24  94  82  35  95  27  30  67  52  69  43  59  88  8  65  61  79  99  9  10  56  51  23  48  87  63  70  89  54  60  33
   3  40  56  77  91  93  36  14  9  28  84  30  45  73  44  51  13  46  55  65  89  21  85  67  79  82  62  10  70  81  11  88  37  50  24  83  75  92  98  2  68  26  57  58  97  22  49  4  69  16  66  19  54  99  72  47  8  7  76  18  52  48  42  25  33  74  100  87  38  61  31  20  60  12  32  29  17  35  71  39  15  5  96  63  1  94  23  95  80  34  78  59  64  86  43  41  27  6  90  53
   3  42  94  81  39  33  54  20  85  78  10  72  77  93  30  59  73  24  47  17  45  49  57  11  75  16  76  32  52  69  79  98  1  12  90  63  87  86  68  56  58  84  41  88  21  96  65  50  5  14  64  55  100  15  46  71  38  91  34  8  6  18  36  37  13  40  62  51  48  29  19  2  82  26  66  25  61  7  99  95  67  97  74  23  9  80  43  27  22  60  28  35  70  4  83  89  31  44  92  53
   3  43  44  92  73  70  27  84  93  20  51  24  41  49  29  79  55  14  66  37  59  4  91  25  89  30  26  36  11  23  94  68  32  21  99  5  38  6  86  88  83  45  39  54  67  85  40  1  48  82  98  58  57  9  28  31  74  17  8  81  50  77  60  52  72  22  46  87  35  64  42  97  10  76  12  71  75  65  90  78  7  33  69  80  2  96  63  95  15  13  18  56  62  47  34  16  61  100  53  19
   3  44  32  85  87  73  72  26  61  28  36  14  9  13  16  67  33  2  39  69  1  77  29  55  71  50  90  54  34  57  47  8  65  74  56  43  99  80  38  10  48  42  25  18  45  70  81  96  41  12  62  91  46  31  20  95  68  75  92  98  60  88  30  49  93  6  24  15  58  97  7  84  4  40  100  21  5  79  27  51  19  89  52  83  17  66  63  59  64  86  78  11  76  22  23  37  35  82  94  53
   3  45  69  25  72  70  40  95  11  64  51  58  62  21  12  79  74  100  86  78  59  77  44  54  2  30  46  84  48  13  94  97  41  9  34  5  75  14  8  19  83  33  91  52  73  85  63  36  35  20  98  56  32  76  29  31  61  6  90  37  50  43  39  80  89  22  27  1  15  23  42  24  57  47  99  71  55  17  53  88  7  4  60  92  67  96  26  87  93  82  18  68  10  49  28  16  38  65  66  81
   3  46  70  89  35  13  90  32  37  78  62  56  41  33  2  75  93  80  31  21  57  5  1  99  67  84  4  76  16  45  15  18  29  36  22  23  11  74  8  64  38  100  9  48  69  44  97  42  77  10  60  27  92  47  94  19  98  59  50  88  14  58  24  61  73  72  86  79  68  65  95  66  26  54  34  17  49  51  55  7  71  81  30  43  25  52  83  91  6  12  28  87  82  40  63  85  39  20  96  53
   3  47  63  78  10  22  8  58  67  6  94  25  55  20  44  16  15  33  12  87  50  9  40  88  32  30  66  24  73  100  18  80  75  64  60  31  48  45  99  36  59  49  27  19  62  96  90  97  72  17  98  54  38  23  91  79  93  43  34  95  7  76  46  81  57  85  86  68  89  14  51  92  61  13  69  71  35  77  28  1  83  21  26  37  41  70  53  56  2  65  42  52  74  82  39  5  11  4  29  84
   3  49  26  88  57  22  90  56  73  14  94  54  74  64  69  16  93  4  99  1  50  76  63  19  41  30  86  58  72  65  18  92  55  23  39  31  35  33  34  84  59  21  40  81  10  96  53  24  89  6  98  52  75  13  44  79  11  45  28  87  7  47  27  37  32  85  8  97  2  100  51  25  38  82  60  71  15  43  29  36  83  9  46  78  62  70  66  68  67  17  42  80  61  20  91  5  48  77  12  95
   3  52  26  13  57  79  90  45  73  87  94  47  74  37  69  85  93  97  99  100  50  25  63  82  41  71  86  43  72  36  18  9  55  78  39  70  35  68  34  17  59  80  40  20  10  5  53  77  89  95  98  49  75  88  44  22  11  56  28  14  7  54  27  64  32  16  8  4  2  1  51  76  38  19  60  30  15  58  29  65  83  92  46  23  62  31  66  33  67  84  42  21  61  81  91  96  48  24  12  6
   3  52  84  1  79  33  44  50  65  28  40  82  37  93  60  99  73  14  7  77  25  89  17  31  55  86  46  42  62  9  19  48  21  22  20  63  47  56  18  26  8  74  61  38  41  66  45  80  85  4  54  35  30  95  16  91  88  11  24  58  76  68  6  97  13  70  72  71  98  69  59  12  92  96  36  5  81  67  39  75  27  57  64  23  49  10  43  87  32  90  78  15  100  94  83  29  51  34  2  53
   3  54  22  5  27  73  62  56  41  78  66  24  69  13  46  7  33  92  99  29  81  17  89  75  51  20  60  64  44  97  87  58  85  84  86  43  59  50  88  80  98  32  45  68  65  40  61  26  21  2  52  71  76  11  90  15  18  95  82  48  30  38  100  9  93  36  34  35  8  37  47  94  14  10  70  1  25  39  67  31  79  49  42  83  57  96  63  19  74  16  28  91  6  12  23  77  55  72  4  53
   3  54  63  23  10  79  8  43  67  95  94  76  55  81  44  85  15  68  12  14  50  92  40  13  32  71  66  77  73  1  18  21  75  37  60  70  48  56  99  65  59  52  27  82  62  5  90  4  72  84  98  47  38  78  91  22  93  58  34  6  7  25  46  20  57  16  86  33  89  87  51  9  61  88  69  30  35  24  28  100  83  80  26  64  41  31  53  45  2  36  42  49  74  19  39  96  11  97  29  17
   3  56  60  9  75  13  80  62  17  28  92  66  1  33  32  15  93  70  91  81  37  45  61  19  47  54  74  86  26  85  55  68  49  46  52  23  71  44  58  34  88  90  29  98  89  14  77  72  57  100  50  7  22  27  64  39  48  79  40  38  84  8  94  21  73  2  96  99  18  5  35  76  36  24  4  97  69  11  95  87  31  41  20  43  65  82  83  51  16  42  78  67  12  30  63  25  59  10  6  53
   3  56  69  76  72  31  40  6  11  37  51  43  62  80  12  22  74  1  86  23  59  24  44  47  2  71  46  17  48  88  94  4  41  92  34  96  75  87  8  82  83  68  91  49  73  16  63  65  35  81  98  45  32  25  29  70  61  95  90  64  50  58  39  21  89  79  27  100  15  78  42  77  57  54  99  30  55  84  53  13  7  97  60  9  67  5  26  14  93  19  18  33  10  52  28  85  38  36  66  20
   3  60  36  17  71  93  16  74  69  28  44  50  65  73  4  31  13  26  75  85  49  1  5  7  39  22  2  30  90  61  91  88  77  70  84  83  95  32  98  42  68  6  97  58  37  62  9  64  29  96  46  79  14  59  12  87  8  47  56  18  92  48  82  45  33  34  20  27  38  41  11  40  80  52  72  89  57  55  51  99  35  25  76  63  81  54  23  15  100  94  78  19  24  66  43  21  67  86  10  53
   3  62  74  21  19  33  34  80  45  78  70  92  97  93  90  39  73  4  67  37  5  29  77  51  35  56  16  52  72  49  59  98  41  32  50  63  7  26  68  96  58  64  81  88  61  36  25  10  65  94  44  15  60  75  86  11  38  31  14  8  46  18  76  57  13  100  82  91  48  9  99  22  2  66  6  85  1  27  79  55  87  17  54  23  89  40  43  47  42  20  28  95  30  84  83  69  71  24  12  53
   3  64  12  25  67  73  52  86  21  28  96  34  29  13  76  47  33  82  59  89  61  57  49  95  31  90  30  74  54  37  27  8  5  94  16  43  19  20  38  50  48  22  65  18  85  10  41  56  1  92  42  51  6  91  60  35  68  15  72  98  100  88  70  69  93  66  44  55  58  77  87  4  24  80  40  81  45  99  7  11  39  9  32  83  97  26  63  79  84  46  78  71  36  2  23  17  75  62  14  53
   3  64  86  84  75  85  29  80  57  4  18  81  11  100  46  5  73  76  39  24  7  82  66  95  74  30  34  52  32  43  42  88  93  65  40  79  2  9  91  56  50  23  53  87  38  70  12  54  41  33  98  37  15  17  26  16  72  21  44  97  83  20  90  1  55  96  28  25  62  77  94  19  35  6  27  71  67  49  69  58  59  13  8  36  61  22  99  92  10  45  51  78  48  14  63  31  89  47  60  68
   3  65  28  68  93  96  60  88  55  47  42  1  89  43  90  31  32  20  63  52  83  14  34  97  48  30  44  78  74  21  51  95  72  45  66  16  10  82  26  92  7  17  99  24  15  22  39  37  61  76  98  36  73  33  8  5  41  13  46  54  59  100  12  58  11  70  69  81  38  49  18  87  67  4  53  71  57  23  27  80  50  6  29  56  35  85  91  19  75  9  94  84  2  77  86  79  62  64  40  25
   3  68  60  47  89  31  63  14  48  78  51  45  10  92  99  22  61  36  8  13  59  58  69  49  67  71  27  6  35  19  94  77  62  25  28  96  55  1  90  20  83  97  44  21  72  16  26  17  15  37  98  33  41  54  12  70  38  87  53  23  50  56  91  9  2  79  40  65  93  88  42  43  32  52  34  30  74  95  66  82  7  24  39  76  73  5  46  100  11  81  18  4  57  80  29  85  75  84  86  64
   3  70  26  37  11  93  6  4  49  78  74  60  25  73  34  71  13  16  35  45  29  41  65  27  19  92  72  40  100  1  31  38  97  80  14  83  55  2  48  12  18  96  17  8  57  32  89  94  9  86  36  59  44  39  82  7  58  67  46  68  62  98  52  5  33  64  30  47  88  81  51  50  90  22  42  69  77  15  91  79  95  85  66  63  21  84  23  75  10  24  28  99  54  56  43  61  87  76  20  53
   3  72  64  41  59  33  24  10  25  28  100  2  57  93  20  79  73  94  27  97  85  69  37  71  15  26  86  62  82  89  99  48  61  42  80  63  67  96  18  66  8  54  1  38  81  6  5  40  45  84  34  95  90  55  56  31  88  51  4  58  16  68  46  17  13  30  92  11  98  49  39  32  12  36  76  65  21  87  19  35  47  77  44  23  29  70  43  7  52  50  78  75  60  74  83  9  91  14  22  53
   3  74  2  45  7  73  42  16  1  78  26  44  89  13  6  87  33  72  19  49  41  97  9  15  11  60  100  84  64  77  67  58  25  4  46  43  79  90  88  20  98  12  85  68  5  80  21  86  81  82  32  31  36  71  30  55  18  35  62  48  70  38  40  29  93  96  54  75  8  17  27  14  34  50  10  61  65  59  47  91  99  69  22  83  37  56  63  39  94  76  28  51  66  92  23  57  95  52  24  53
   3  76  40  37  62  22  86  24  2  17  94  92  75  82  91  16  35  45  29  95  50  21  27  78  57  30  53  97  67  14  18  52  38  20  69  31  11  43  12  1  59  47  46  88  41  96  8  68  73  65  98  25  61  64  39  79  15  77  99  84  7  9  26  19  10  85  66  56  72  6  51  80  74  23  44  71  48  4  34  87  83  49  63  81  32  70  90  58  89  100  42  54  55  13  60  5  93  33  28  36
   3  76  40  49  55  13  60  22  77  28  52  86  21  33  92  95  93  50  11  1  97  25  81  59  7  94  14  6  46  65  35  68  89  66  12  23  91  84  58  74  88  70  69  98  29  54  37  32  17  80  30  67  82  87  4  79  48  19  20  38  24  8  34  41  73  62  16  39  18  85  15  96  56  64  44  57  9  31  75  47  51  61  100  43  45  42  83  71  36  2  78  27  72  10  63  5  99  90  26  53
   3  77  91  80  67  70  46  36  15  82  51  97  32  47  28  79  75  6  53  81  59  33  39  92  72  30  63  1  93  64  94  56  57  49  12  5  61  17  66  78  83  43  60  25  2  85  27  87  11  13  98  24  10  21  34  31  55  65  86  19  50  4  69  54  73  22  26  95  48  20  42  68  62  9  29  71  38  100  8  37  7  45  44  52  89  96  40  84  35  23  18  58  41  76  99  16  74  14  90  88
   3  78  8  6  55  16  12  9  32  24  18  64  48  36  27  96  72  54  91  43  7  81  86  14  61  71  28  21  41  56  42  82  11  84  63  22  67  25  44  33  50  88  66  100  75  31  99  49  62  97  98  23  93  95  46  85  89  92  69  77  83  37  53  65  74  5  29  47  10  58  94  20  15  87  40  30  73  80  60  45  59  19  90  17  38  79  34  76  57  68  51  13  35  1  26  70  2  52  39  4
   3  80  16  57  51  93  96  34  29  28  4  70  85  73  64  11  13  6  95  5  9  81  25  47  99  62  42  50  10  41  71  88  17  90  44  83  15  72  98  82  68  86  37  58  77  2  69  24  89  76  26  39  74  19  52  27  8  87  36  18  32  48  22  65  33  94  40  67  38  21  91  60  100  92  12  49  97  75  31  59  55  45  56  63  61  14  23  35  20  54  78  79  84  46  43  1  7  66  30  53
   3  80  46  82  32  79  53  33  72  1  94  49  61  78  60  85  11  24  34  65  50  54  26  20  62  71  8  45  89  84  18  76  74  88  91  70  15  97  28  6  59  92  63  64  57  5  66  43  2  87  98  21  55  19  69  22  48  68  29  100  7  52  40  23  41  16  90  77  67  36  51  47  75  81  39  30  93  56  12  17  83  25  27  13  10  31  86  4  73  95  42  9  38  37  44  96  35  58  99  14
   3  81  66  65  38  16  28  49  10  68  18  82  93  87  26  96  67  92  60  4  7  88  53  17  55  71  99  47  57  24  42  23  15  1  27  22  89  80  39  43  50  37  90  6  61  31  29  76  32  56  98  20  35  36  63  85  73  52  91  33  83  19  8  14  75  5  34  9  41  97  94  13  48  84  46  30  2  54  44  77  59  78  86  100  74  79  12  21  62  58  51  64  11  95  40  70  72  25  69  45
   3  82  53  1  61  85  34  54  62  45  18  88  15  6  63  5  2  21  69  68  7  23  90  36  75  30  12  25  10  4  42  37  35  14  46  79  72  49  60  24  50  20  8  84  74  70  28  92  57  43  98  19  48  100  40  16  67  47  39  56  83  13  86  95  38  96  99  80  32  33  94  78  11  65  26  71  89  76  91  97  59  64  66  87  55  22  29  52  41  77  51  81  93  17  27  31  73  9  44  58
   3  82  54  61  99  33  14  40  5  78  30  12  17  93  50  19  73  84  87  57  65  9  97  91  95  96  56  72  92  29  39  98  81  52  10  63  27  66  68  36  58  44  21  88  1  76  85  70  25  74  24  75  20  35  26  51  38  71  94  8  86  18  16  77  13  60  2  31  48  89  79  42  22  6  46  45  41  47  59  15  7  37  34  23  69  100  43  67  62  80  28  55  90  64  83  49  11  4  32  53
   3  84  29  4  11  5  39  82  74  52  42  65  2  56  53  70  41  37  26  21  83  1  28  77  35  71  69  13  61  92  51  14  89  68  86  85  57  81  46  76  7  95  34  43  93  79  91  23  38  54  98  17  72  97  90  96  62  19  27  49  59  36  99  45  48  31  60  64  75  80  18  100  73  24  66  30  32  88  40  9  50  87  12  33  15  16  44  20  55  25  94  6  67  58  8  22  10  78  63  47
   3  84  92  65  47  73  32  46  81  28  56  54  49  13  36  27  33  62  79  9  21  37  69  35  91  30  70  94  74  17  7  8  45  14  76  43  39  60  38  90  48  2  5  18  25  50  1  16  61  72  22  11  66  51  100  75  68  55  52  98  40  88  10  89  93  26  64  95  58  57  67  24  44  20  80  41  85  19  87  71  59  29  12  83  77  86  63  99  4  6  78  31  96  82  23  97  15  42  34  53
   3  86  30  69  95  13  50  52  57  78  82  96  81  33  22  35  93  40  71  61  77  65  41  79  87  64  84  16  56  5  75  18  9  76  42  23  51  54  8  44  38  60  89  48  49  24  17  62  97  70  20  47  12  67  74  99  98  39  10  88  94  58  4  1  73  92  26  59  68  25  55  6  66  34  14  37  29  91  15  27  11  21  90  43  85  72  83  31  46  32  28  7  2  100  63  45  19  80  36  53
   3  87  99  43  35  5  44  64  38  92  42  6  73  97  86  70  10  88  27  76  83  84  12  45  93  71  39  20  75  54  51  65  67  24  90  85  41  78  40  49  7  1  29  33  48  79  69  82  55  80  98  14  2  58  66  96  57  37  63  9  59  95  28  4  15  31  91  13  74  25  18  17  89  56  8  30  62  81  26  47  50  36  34  77  11  16  60  23  61  52  94  100  72  68  53  22  32  19  46  21
   3  88  90  14  74  16  99  76  41  58  18  23  35  84  40  96  89  52  44  45  7  37  8  100  38  71  29  9  62  68  42  20  48  95  26  22  73  54  69  4  50  19  86  65  55  31  34  21  10  24  98  13  11  87  27  85  2  25  60  43  83  78  66  17  61  5  12  49  57  56  94  64  93  1  63  30  72  92  39  33  59  81  53  6  75  79  28  47  32  97  51  82  15  36  46  70  67  80  91  77
   3  90  6  77  91  93  86  64  9  78  34  80  45  73  94  51  13  96  55  65  89  21  85  67  79  32  12  60  20  81  11  38  37  100  74  83  75  42  48  52  18  76  57  8  97  72  49  54  69  66  16  19  4  99  22  47  58  7  26  68  2  98  92  25  33  24  50  87  88  61  31  70  10  62  82  29  17  35  71  39  15  5  46  63  1  44  23  95  30  84  28  59  14  36  43  41  27  56  40  53
   3  92  44  81  39  33  4  70  85  28  60  22  77  93  80  59  73  74  47  17  45  49  57  11  75  66  26  82  2  69  79  48  1  62  40  63  87  36  18  6  8  34  41  38  21  46  65  100  5  64  14  55  50  15  96  71  88  91  84  58  56  68  86  37  13  90  12  51  98  29  19  52  32  76  16  25  61  7  99  95  67  97  24  23  9  30  43  27  72  10  78  35  20  54  83  89  31  94  42  53
   3  94  82  85  87  73  22  76  61  78  86  64  9  13  66  67  33  52  39  69  1  77  29  55  71  100  40  4  84  57  47  58  65  24  6  43  99  30  88  60  98  92  25  68  45  20  81  46  41  62  12  91  96  31  70  95  18  75  42  48  10  38  80  49  93  56  74  15  8  97  7  34  54  90  50  21  5  79  27  51  19  89  2  83  17  16  63  59  14  36  28  11  26  72  23  37  35  32  44  53
   3  95  12  77  48  5  91  20  61  80  42  17  67  68  66  70  62  78  46  9  83  36  29  43  15  71  60  82  38  25  51  100  2  97  8  85  32  37  27  47  7  87  28  45  11  79  44  13  75  52  98  6  89  24  53  96  10  81  40  21  59  84  34  33  35  31  39  23  55  92  18  65  72  58  86  30  41  19  63  76  50  1  99  4  93  16  69  64  74  54  94  14  73  56  90  22  57  88  26  49
   3  96  20  89  35  13  40  82  37  28  12  6  41  33  52  75  93  30  31  21  57  5  1  99  67  34  54  26  66  45  15  68  29  86  72  23  11  24  58  14  88  50  9  98  69  94  97  92  77  60  10  27  42  47  44  19  48  59  100  38  64  8  74  61  73  22  36  79  18  65  95  16  76  4  84  17  49  51  55  7  71  81  80  43  25  2  83  91  56  62  78  87  32  90  63  85  39  70  46  53
   3  97  39  49  2  31  26  100  35  88  51  33  57  25  34  22  38  84  90  82  59  56  60  21  73  71  40  14  15  81  94  43  10  54  29  96  74  36  53  64  83  24  69  9  89  16  46  6  93  78  98  4  62  52  99  70  75  1  66  13  50  68  44  76  67  79  63  17  11  19  42  45  41  80  28  30  61  87  86  20  7  58  91  47  72  5  27  65  48  37  18  77  32  92  12  85  55  95  8  23
   4  3  35  2  80  34  95  1  66  79  91  33  38  94  11  100  74  65  8  78  26  90  18  32  56  37  97  93  13  10  20  99  22  73  71  64  48  7  69  77  59  25  62  89  42  17  46  31  86  55  5  36  81  96  67  92  39  12  75  9  27  19  57  98  14  21  23  72  49  70  60  63  43  47  87  6  82  68  40  76  28  58  15  24  50  61  44  88  83  41  29  16  51  45  84  30  52  85  53  54
   4  3  78  8  6  55  16  12  9  32  24  18  64  48  36  27  96  72  54  91  43  7  81  86  14  61  71  28  21  41  56  42  82  11  84  63  22  67  25  44  33  50  88  66  100  75  31  99  49  62  97  98  23  93  95  46  85  89  92  69  77  83  37  53  65  74  5  29  47  10  58  94  20  15  87  40  30  73  80  60  45  59  19  90  17  38  79  34  76  57  68  51  13  35  1  26  70  2  52  39
   4  5  73  6  28  74  13  7  42  29  17  75  70  14  97  8  34  43  100  30  82  18  90  76  52  71  11  15  95  98  88  9  86  35  37  44  60  1  39  31  49  83  46  19  66  91  62  77  22  53  3  72  27  12  41  16  69  96  33  99  81  89  51  10  94  87  85  36  59  38  48  45  65  61  21  2  26  40  68  32  80  50  93  84  58  47  64  20  25  67  79  92  57  63  24  78  56  23  55  54
   4  7  11  10  76  14  31  13  18  79  43  17  2  34  83  16  94  21  92  82  38  46  62  20  48  5  25  37  77  86  56  19  50  97  3  24  72  95  9  85  39  41  30  49  90  65  78  23  58  51  1  8  73  28  15  40  99  80  91  89  35  59  45  22  74  53  47  100  69  6  36  27  87  75  55  98  70  12  96  88  32  42  71  44  66  33  84  52  67  93  29  68  63  81  64  26  60  61  57  54
   4  7  88  53  17  55  71  99  47  57  24  42  23  15  1  27  22  89  80  39  43  50  37  90  6  61  31  29  76  32  56  98  20  35  36  63  85  73  52  91  33  83  19  8  14  75  5  34  9  41  97  94  13  48  84  46  30  2  54  44  77  59  78  86  100  74  79  12  21  62  58  51  64  11  95  40  70  72  25  69  45  3  81  66  65  38  16  28  49  10  68  18  82  93  87  26  96  67  92  60
   4  10  25  12  30  75  36  90  23  7  68  69  21  2  5  63  6  15  88  18  45  62  54  34  85  61  1  53  82  3  58  44  9  73  31  27  17  93  81  51  77  41  52  29  22  55  87  66  64  59  97  91  76  89  71  26  65  11  78  94  33  32  80  99  96  38  95  86  13  83  56  39  47  67  16  40  100  48  19  98  43  57  92  28  70  74  84  8  20  50  24  60  49  72  79  46  14  35  37  42
   4  11  5  39  82  74  52  42  65  2  56  53  70  41  37  26  21  83  1  28  77  35  71  69  13  61  92  51  14  89  68  86  85  57  81  46  76  7  95  34  43  93  79  91  23  38  54  98  17  72  97  90  96  62  19  27  49  59  36  99  45  48  31  60  64  75  80  18  100  73  24  66  30  32  88  40  9  50  87  12  33  15  16  44  20  55  25  94  6  67  58  8  22  10  78  63  47  3  84  29
   4  11  87  18  72  94  67  25  70  79  95  1  66  74  55  32  14  77  76  86  50  2  6  8  40  73  53  81  41  62  92  39  78  21  35  84  96  83  49  93  19  57  98  9  38  13  10  15  30  47  97  80  65  60  63  88  59  48  7  69  43  99  33  46  34  85  71  28  89  42  12  91  31  3  23  90  58  56  52  100  36  26  27  64  82  5  24  16  51  45  29  20  75  17  44  22  68  37  61  54
   4  12  36  7  21  63  88  62  85  53  58  73  17  51  52  55  64  91  71  11  33  99  95  83  47  40  19  57  70  8  24  72  14  42  25  75  23  69  5  15  45  34  1  3  9  27  81  41  22  66  97  89  65  94  80  38  13  39  16  48  43  28  84  50  49  46  37  10  30  90  68  2  6  18  54  61  82  44  31  93  77  29  87  59  76  26  78  32  96  86  56  67  100  98  92  74  20  60  79  35
   4  13  25  22  20  34  85  31  46  29  21  43  98  94  41  40  74  55  68  38  6  30  78  52  36  7  67  3  23  50  60  49  42  83  1  64  8  77  19  47  9  15  82  39  62  87  26  61  66  45  95  16  11  76  37  12  89  32  65  59  97  69  27  58  14  51  33  92  99  10  100  73  53  17  57  86  2  28  80  56  88  18  5  24  90  91  44  48  93  71  79  96  81  35  84  70  72  75  63  54
   4  15  31  91  13  74  25  18  17  89  56  8  30  62  81  26  47  50  36  34  77  11  16  60  23  61  52  94  100  72  68  53  22  32  19  46  21  3  87  99  43  35  5  44  64  38  92  42  6  73  97  86  70  10  88  27  76  83  84  12  45  93  71  39  20  75  54  51  65  67  24  90  85  41  78  40  49  7  1  29  33  48  79  69  82  55  80  98  14  2  58  66  96  57  37  63  9  59  95  28
   4  15  63  26  68  74  3  37  22  79  47  85  30  14  27  48  34  33  60  90  62  58  50  96  32  41  81  25  5  38  28  59  6  45  67  44  20  71  89  1  99  73  66  69  86  61  42  7  2  43  93  52  57  92  11  36  19  16  23  49  51  39  21  70  94  17  95  56  9  78  88  55  75  31  91  82  46  100  8  12  40  10  83  84  98  77  64  80  35  97  29  72  87  53  24  18  76  13  65  54
   4  18  81  11  100  46  5  73  76  39  24  7  82  66  95  74  30  34  52  32  43  42  88  93  65  40  79  2  9  91  56  50  23  53  87  38  70  12  54  41  33  98  37  15  17  26  16  72  21  44  97  83  20  90  1  55  96  28  25  62  77  94  19  35  6  27  71  67  49  69  58  59  13  8  36  61  22  99  92  10  45  51  78  48  14  63  31  89  47  60  68  3  64  86  84  75  85  29  80  57
   4  21  77  38  12  94  57  55  50  29  25  11  26  74  85  72  14  67  36  46  30  42  66  28  20  43  23  91  51  2  32  89  98  31  65  84  56  53  99  63  69  47  18  59  58  83  90  45  10  37  87  60  95  40  33  8  9  68  97  19  13  49  3  6  34  15  81  48  39  82  52  1  41  73  93  70  78  16  92  80  96  86  17  64  22  35  24  76  61  75  79  100  5  7  44  62  88  27  71  54
   4  23  15  42  60  34  75  61  26  79  51  53  58  94  71  80  74  45  28  98  86  70  38  72  16  77  37  13  33  90  100  99  62  93  31  64  68  47  69  17  59  5  2  89  82  57  6  91  46  35  85  96  41  56  7  32  39  52  55  9  67  19  97  18  14  81  43  12  49  50  40  83  63  87  27  66  22  88  20  36  48  78  95  24  30  21  44  8  3  1  29  76  11  25  84  10  92  65  73  54
   4  25  53  46  8  74  93  67  2  29  77  95  90  14  57  88  34  23  20  50  42  98  10  16  12  11  51  35  15  78  68  9  26  55  97  44  80  41  39  71  49  63  86  19  6  31  22  37  82  33  83  32  87  72  81  56  69  36  13  99  21  89  91  30  94  47  5  76  59  18  28  65  85  1  61  62  66  60  48  92  100  70  73  84  38  7  64  40  45  27  79  52  17  43  24  58  96  3  75  54
   4  27  91  50  56  14  11  73  78  79  3  37  22  34  43  96  94  1  12  2  98  26  82  60  8  45  65  57  97  66  36  19  90  17  63  24  92  35  9  25  39  21  70  49  30  5  38  83  18  31  81  68  33  88  55  80  99  20  71  89  75  59  85  42  74  13  67  40  69  86  16  47  7  15  95  58  10  32  76  48  52  62  51  44  46  93  84  72  87  53  29  28  23  61  64  6  100  41  77  54
   4  28  95  59  9  63  37  57  96  66  58  2  14  98  80  55  82  69  79  48  33  29  1  7  49  40  78  41  85  90  24  67  65  51  54  75  20  39  71  93  45  12  84  83  76  27  88  10  70  86  97  73  6  42  92  38  64  44  5  35  43  99  87  3  21  46  19  32  22  53  68  72  100  94  52  61  23  60  16  11  77  34  36  50  47  26  81  62  30  8  56  89  17  18  25  74  13  91  31  15
   4  29  84  3  47  63  78  10  22  8  58  67  6  94  25  55  20  44  16  15  33  12  87  50  9  40  88  32  30  66  24  73  100  18  80  75  64  60  31  48  45  99  36  59  49  27  19  62  96  90  97  72  17  98  54  38  23  91  79  93  43  34  95  7  76  46  81  57  85  86  68  89  14  51  92  61  13  69  71  35  77  28  1  83  21  26  37  41  70  53  56  2  65  42  52  74  82  39  5  11
   4  31  67  58  52  94  47  85  30  79  55  21  86  74  15  12  14  57  96  6  10  82  26  48  100  13  93  1  61  42  72  39  18  41  95  84  16  23  49  33  19  37  38  9  78  53  70  75  90  27  77  40  25  20  3  28  59  88  87  69  83  99  73  66  34  45  91  68  89  22  92  11  51  43  63  50  98  76  32  60  56  46  7  64  62  65  24  36  71  5  29  80  35  97  44  2  8  17  81  54
   4  32  54  28  22  75  95  53  20  59  68  39  9  72  71  63  100  93  37  94  45  57  52  12  96  61  84  66  23  83  58  60  76  2  16  27  14  11  88  98  77  10  80  34  70  55  36  86  82  50  97  69  47  73  79  26  6  48  81  42  33  62  92  29  30  38  1  8  64  7  56  44  49  89  5  40  17  35  78  18  43  41  25  99  85  74  87  90  13  3  24  91  21  67  31  46  65  15  19  51
   4  33  5  62  100  34  65  91  6  29  81  63  18  94  1  20  74  35  88  58  66  10  98  92  96  47  7  23  43  30  40  49  82  3  61  64  28  17  19  87  9  95  22  39  2  27  86  21  26  25  75  76  71  36  77  52  89  72  45  59  37  69  67  78  14  11  53  32  99  90  80  93  73  57  97  46  42  48  60  16  8  38  85  24  70  51  44  68  13  31  79  56  41  15  84  50  12  55  83  54
   4  34  87  83  49  63  81  32  70  90  58  89  100  42  54  55  13  60  5  93  33  28  36  3  76  40  37  62  22  86  24  2  17  94  92  75  82  91  16  35  45  29  95  50  21  27  78  57  30  53  97  67  14  18  52  38  20  69  31  11  43  12  1  59  47  46  88  41  96  8  68  73  65  98  25  61  64  39  79  15  77  99  84  7  9  26  19  10  85  66  56  72  6  51  80  74  23  44  71  48
   4  35  43  66  48  74  83  97  82  79  7  5  50  14  87  28  34  13  80  10  22  38  70  36  92  81  21  45  25  18  8  59  46  65  27  44  40  11  89  41  99  53  6  69  26  1  2  67  62  23  73  12  17  52  51  76  19  56  3  49  91  39  61  90  94  77  15  96  9  58  68  75  95  71  31  42  86  20  88  72  60  30  63  84  78  37  64  100  55  57  29  32  47  33  24  98  16  93  85  54
   4  35  79  60  20  74  92  98  100  67  56  86  96  32  78  26  76  59  87  29  77  93  31  44  82  61  54  18  6  2  68  90  30  10  37  46  49  50  84  28  43  48  16  39  13  38  80  94  65  89  97  66  22  41  81  27  9  3  1  34  45  15  5  69  23  75  25  42  14  72  24  8  70  57  19  40  47  83  95  99  33  11  71  91  64  55  52  51  17  73  58  53  85  62  88  63  21  7  36  12
   4  37  81  70  96  14  1  3  58  29  33  47  82  34  73  36  94  91  72  62  78  66  42  80  88  15  35  67  7  6  76  69  10  27  93  24  52  5  59  95  89  11  90  99  50  75  18  13  98  21  71  48  63  68  25  100  49  40  61  39  45  9  55  2  74  43  77  60  19  26  56  57  17  85  65  38  30  92  16  28  12  22  41  44  86  23  84  32  97  83  79  8  53  51  64  46  20  31  87  54
   4  41  57  78  92  94  37  15  10  29  85  31  46  74  45  52  14  47  56  66  90  22  86  68  80  83  63  11  71  82  12  89  38  51  25  84  76  93  99  3  69  27  58  59  98  23  50  5  70  17  67  20  55  100  73  48  9  8  77  19  53  49  43  26  34  75  1  88  39  62  32  21  61  13  33  30  18  36  72  40  16  6  97  64  2  95  24  96  81  35  79  60  65  87  44  42  28  7  91  54
   4  41  92  34  96  75  87  8  82  83  68  91  49  73  16  63  65  35  81  98  45  32  25  29  70  61  95  90  64  50  58  39  21  89  79  27  100  15  78  42  77  57  54  99  30  55  84  53  13  7  97  60  9  67  5  26  14  93  19  18  33  10  52  28  85  38  36  66  20  3  56  69  76  72  31  40  6  11  37  51  43  62  80  12  22  74  1  86  23  59  24  44  47  2  71  46  17  48  88  94
   4  42  37  35  14  46  79  72  49  60  24  50  20  8  84  74  70  28  92  57  43  98  19  48  100  40  16  67  47  39  56  83  13  86  95  38  96  99  80  32  33  94  78  11  65  26  71  89  76  91  97  59  64  66  87  55  22  29  52  41  77  51  81  93  17  27  31  73  9  44  58  3  82  53  1  61  85  34  54  62  45  18  88  15  6  63  5  2  21  69  68  7  23  90  36  75  30  12  25  10
   4  43  95  82  40  34  55  21  86  79  11  73  78  94  31  60  74  25  48  18  46  50  58  12  76  17  77  33  53  70  80  99  2  13  91  64  88  87  69  57  59  85  42  89  22  97  66  51  6  15  65  56  1  16  47  72  39  92  35  9  7  19  37  38  14  41  63  52  49  30  20  3  83  27  67  26  62  8  100  96  68  98  75  24  10  81  44  28  23  61  29  36  71  5  84  90  32  45  93  54
   4  45  33  86  88  74  73  27  62  29  37  15  10  14  17  68  34  3  40  70  2  78  30  56  72  51  91  55  35  58  48  9  66  75  57  44  100  81  39  11  49  43  26  19  46  71  82  97  42  13  63  92  47  32  21  96  69  76  93  99  61  89  31  50  94  7  25  16  59  98  8  85  5  41  1  22  6  80  28  52  20  90  53  84  18  67  64  60  65  87  79  12  77  23  24  38  36  83  95  54
   4  47  71  90  36  14  91  33  38  79  63  57  42  34  3  76  94  81  32  22  58  6  2  100  68  85  5  77  17  46  16  19  30  37  23  24  12  75  9  65  39  1  10  49  70  45  98  43  78  11  61  28  93  48  95  20  99  60  51  89  15  59  25  62  74  73  87  80  69  66  96  67  27  55  35  18  50  52  56  8  72  82  31  44  26  53  84  92  7  13  29  88  83  41  64  86  40  21  97  54
   4  48  71  44  23  74  80  51  6  72  56  66  85  10  19  26  9  7  84  99  77  15  79  39  64  61  25  98  65  73  68  8  96  41  88  46  47  59  1  12  43  11  31  69  20  38  52  18  14  67  97  53  30  57  78  27  21  50  95  29  45  35  16  91  82  75  92  94  17  2  24  86  22  62  37  40  76  3  36  28  33  93  5  60  13  55  54  42  100  89  58  90  70  32  81  63  49  83  87  34
   4  50  19  86  65  55  31  34  21  10  24  98  13  11  87  27  85  2  25  60  43  83  78  66  17  61  5  12  49  57  56  94  64  93  1  63  30  72  92  39  33  59  81  53  6  75  79  28  47  32  97  51  82  15  36  46  70  67  80  91  77  3  88  90  14  74  16  99  76  41  58  18  23  35  84  40  96  89  52  44  45  7  37  8  100  38  71  29  9  62  68  42  20  48  95  26  22  73  54  69
   4  51  19  15  65  46  31  67  21  91  24  3  13  90  87  74  85  99  25  41  43  18  78  35  17  40  5  89  49  44  56  7  64  8  1  38  30  29  92  62  33  42  81  48  6  26  79  73  47  69  97  50  82  86  36  55  70  34  80  10  77  98  88  11  14  27  16  2  76  60  58  83  23  66  84  61  96  12  52  57  45  94  37  93  100  63  71  72  9  39  68  59  20  53  95  75  22  28  54  32
   4  53  71  57  23  27  80  50  6  29  56  35  85  91  19  75  9  94  84  2  77  86  79  62  64  40  25  3  65  28  68  93  96  60  88  55  47  42  1  89  43  90  31  32  20  63  52  83  14  34  97  48  30  44  78  74  21  51  95  72  45  66  16  10  82  26  92  7  17  99  24  15  22  39  37  61  76  98  36  73  33  8  5  41  13  46  54  59  100  12  58  11  70  69  81  38  49  18  87  67
   4  53  85  2  80  34  45  51  66  29  41  83  38  94  61  100  74  15  8  78  26  90  18  32  56  87  47  43  63  10  20  49  22  23  21  64  48  57  19  27  9  75  62  39  42  67  46  81  86  5  55  36  31  96  17  92  89  12  25  59  77  69  7  98  14  71  73  72  99  70  60  13  93  97  37  6  82  68  40  76  28  58  65  24  50  11  44  88  33  91  79  16  1  95  84  30  52  35  3  54
   4  55  23  6  28  74  63  57  42  79  67  25  70  14  47  8  34  93  100  30  82  18  90  76  52  21  61  65  45  98  88  59  86  85  87  44  60  51  89  81  99  33  46  69  66  41  62  27  22  3  53  72  77  12  91  16  19  96  83  49  31  39  1  10  94  37  35  36  9  38  48  95  15  11  71  2  26  40  68  32  80  50  43  84  58  97  64  20  75  17  29  92  7  13  24  78  56  73  5  54
   4  57  61  10  76  14  81  63  18  29  93  67  2  34  33  16  94  71  92  82  38  46  62  20  48  55  75  87  27  86  56  69  50  47  53  24  72  45  59  35  89  91  30  99  90  15  78  73  58  1  51  8  23  28  65  40  49  80  41  39  85  9  95  22  74  3  97  100  19  6  36  77  37  25  5  98  70  12  96  88  32  42  21  44  66  83  84  52  17  43  79  68  13  31  64  26  60  11  7  54
   4  57  80  29  85  75  84  86  64  3  68  60  47  89  31  63  14  48  78  51  45  10  92  99  22  61  36  8  13  59  58  69  49  67  71  27  6  35  19  94  77  62  25  28  96  55  1  90  20  83  97  44  21  72  16  26  17  15  37  98  33  41  54  12  70  38  87  53  23  50  56  91  9  2  79  40  65  93  88  42  43  32  52  34  30  74  95  66  82  7  24  39  76  73  5  46  100  11  81  18
   4  59  37  66  14  55  79  29  49  41  24  51  20  93  84  27  70  73  92  44  43  3  19  53  100  61  16  34  47  62  56  18  13  15  95  63  96  2  80  69  33  7  78  90  65  75  71  12  76  10  97  42  64  35  87  46  22  72  52  60  77  50  81  8  17  74  31  28  9  57  58  98  82  48  1  40  85  67  54  39  45  83  88  86  6  38  5  99  21  32  68  94  23  11  36  26  30  89  25  91
   4  60  92  67  96  26  87  93  82  18  68  10  49  28  16  38  65  66  81  3  45  69  25  72  70  40  95  11  64  51  58  62  21  12  79  74  100  86  78  59  77  44  54  2  30  46  84  48  13  94  97  41  9  34  5  75  14  8  19  83  33  91  52  73  85  63  36  35  20  98  56  32  76  29  31  61  6  90  37  50  43  39  80  89  22  27  1  15  23  42  24  57  47  99  71  55  17  53  88  7
   4  61  37  18  72  94  17  75  70  29  45  51  66  74  5  32  14  27  76  86  50  2  6  8  40  23  3  31  91  62  92  89  78  71  85  84  96  33  99  43  69  7  98  59  38  63  10  65  30  97  47  80  15  60  13  88  9  48  57  19  93  49  83  46  34  35  21  28  39  42  12  41  81  53  73  90  58  56  52  100  36  26  77  64  82  55  24  16  1  95  79  20  25  67  44  22  68  87  11  54
   4  63  75  22  20  34  35  81  46  79  71  93  98  94  91  40  74  5  68  38  6  30  78  52  36  57  17  53  73  50  60  99  42  33  51  64  8  27  69  97  59  65  82  89  62  37  26  11  66  95  45  16  61  76  87  12  39  32  15  9  47  19  77  58  14  1  83  92  49  10  100  23  3  67  7  86  2  28  80  56  88  18  55  24  90  41  44  48  43  21  29  96  31  85  84  70  72  25  13  54
   4  65  13  26  68  74  53  87  22  29  97  35  30  14  77  48  34  83  60  90  62  58  50  96  32  91  31  75  55  38  28  9  6  95  17  44  20  21  39  51  49  23  66  19  86  11  42  57  2  93  43  52  7  92  61  36  69  16  73  99  1  89  71  70  94  67  45  56  59  78  88  5  25  81  41  82  46  100  8  12  40  10  33  84  98  27  64  80  85  47  79  72  37  3  24  18  76  63  15  54
   4  66  79  41  20  27  92  3  100  34  56  15  96  69  78  75  76  42  87  72  77  8  31  57  82  40  54  83  6  99  68  11  30  91  37  55  49  51  84  73  43  53  16  62  13  63  80  7  65  12  97  35  22  60  81  74  9  98  1  67  45  86  5  32  23  26  25  59  14  29  24  93  70  44  19  61  47  18  95  2  33  90  71  10  64  46  52  50  17  28  58  48  85  39  88  38  21  94  36  89
   4  67  87  18  49  38  81  69  70  11  58  12  100  59  54  46  13  41  5  8  33  73  36  98  76  61  37  39  22  15  24  99  17  7  92  26  82  10  16  66  45  72  95  51  21  74  78  44  30  48  97  34  14  83  52  63  20  32  31  90  43  89  1  42  47  55  88  60  96  93  68  28  65  3  25  40  64  62  79  86  77  2  84  94  9  75  19  91  85  35  56  29  6  50  80  27  23  57  71  53
   4  69  54  73  22  26  95  48  20  42  68  62  9  29  71  38  100  8  37  7  45  44  52  89  96  40  84  35  23  18  58  41  76  99  16  74  14  90  88  3  77  91  80  67  70  46  36  15  82  51  97  32  47  28  79  75  6  53  81  59  33  39  92  72  30  63  1  93  64  94  56  57  49  12  5  61  17  66  78  83  43  60  25  2  85  27  87  11  13  98  24  10  21  34  31  55  65  86  19  50
   4  71  27  38  12  94  7  5  50  79  75  61  26  74  35  72  14  17  36  46  30  42  66  28  20  93  73  41  1  2  32  39  98  81  15  84  56  3  49  13  19  97  18  9  58  33  90  95  10  87  37  60  45  40  83  8  59  68  47  69  63  99  53  6  34  65  31  48  89  82  52  51  91  23  43  70  78  16  92  80  96  86  67  64  22  85  24  76  11  25  29  100  55  57  44  62  88  77  21  54
   4  72  84  98  47  38  78  91  22  93  58  34  6  7  25  46  20  57  16  86  33  89  87  51  9  61  88  69  30  35  24  28  100  83  80  26  64  41  31  53  45  2  36  42  49  74  19  39  96  11  97  29  17  3  54  63  23  10  79  8  43  67  95  94  76  55  81  44  85  15  68  12  14  50  92  40  13  32  71  66  77  73  1  18  21  75  37  60  70  48  56  99  65  59  52  27  82  62  5  90
   4  73  65  42  60  34  25  11  26  29  1  3  58  94  21  80  74  95  28  98  86  70  38  72  16  27  87  63  83  90  100  49  62  43  81  64  68  97  19  67  9  55  2  39  82  7  6  41  46  85  35  96  91  56  57  32  89  52  5  59  17  69  47  18  14  31  93  12  99  50  40  33  13  37  77  66  22  88  20  36  48  78  45  24  30  71  44  8  53  51  79  76  61  75  84  10  92  15  23  54
   4  73  95  42  9  38  37  44  96  35  58  99  14  3  80  46  82  32  79  53  33  72  1  94  49  61  78  60  85  11  24  34  65  50  54  26  20  62  71  8  45  89  84  18  76  74  88  91  70  15  97  28  6  59  92  63  64  57  5  66  43  2  87  98  21  55  19  69  22  48  68  29  100  7  52  40  23  41  16  90  77  67  36  51  47  75  81  39  30  93  56  12  17  83  25  27  13  10  31  86
   4  75  3  46  8  74  43  17  2  79  27  45  90  14  7  88  34  73  20  50  42  98  10  16  12  61  1  85  65  78  68  59  26  5  47  44  80  91  89  21  99  13  86  69  6  81  22  87  82  83  33  32  37  72  31  56  19  36  63  49  71  39  41  30  94  97  55  76  9  18  28  15  35  51  11  62  66  60  48  92  100  70  23  84  38  57  64  40  95  77  29  52  67  93  24  58  96  53  25  54
   4  81  17  58  52  94  97  35  30  29  5  71  86  74  65  12  14  7  96  6  10  82  26  48  100  63  43  51  11  42  72  89  18  91  45  84  16  73  99  83  69  87  38  59  78  3  70  25  90  77  27  40  75  20  53  28  9  88  37  19  33  49  23  66  34  95  41  68  39  22  92  61  1  93  13  50  98  76  32  60  56  46  57  64  62  15  24  36  21  55  79  80  85  47  44  2  8  67  31  54
   4  83  55  62  100  34  15  41  6  79  31  13  18  94  51  20  74  85  88  58  66  10  98  92  96  97  57  73  93  30  40  99  82  53  11  64  28  67  69  37  59  45  22  89  2  77  86  71  26  75  25  76  21  36  27  52  39  72  95  9  87  19  17  78  14  61  3  32  49  90  80  43  23  7  47  46  42  48  60  16  8  38  35  24  70  1  44  68  63  81  29  56  91  65  84  50  12  5  33  54
   4  83  81  90  100  55  5  28  76  62  24  94  82  35  95  27  30  67  52  69  43  59  88  8  65  61  79  99  9  10  56  51  23  48  87  63  70  89  54  60  33  3  37  86  17  75  16  29  21  57  97  18  20  11  1  46  96  73  25  39  77  7  19  66  6  74  71  34  49  32  58  42  13  93  36  40  22  2  92  91  45  50  78  53  14  38  31  12  47  41  68  98  64  15  84  26  85  72  80  44
   4  85  93  66  48  74  33  47  82  29  57  55  50  14  37  28  34  63  80  10  22  38  70  36  92  31  71  95  75  18  8  9  46  15  77  44  40  61  39  91  49  3  6  19  26  51  2  17  62  73  23  12  67  52  1  76  69  56  53  99  41  89  11  90  94  27  65  96  59  58  68  25  45  21  81  42  86  20  88  72  60  30  13  84  78  87  64  100  5  7  79  32  97  83  24  98  16  43  35  54
   4  86  31  10  13  27  25  83  17  12  56  93  30  39  81  75  47  51  36  67  77  90  16  41  23  40  52  7  100  29  68  48  22  69  19  55  21  98  87  2  43  66  5  57  64  63  92  59  6  28  97  15  70  91  88  74  76  18  84  89  45  8  71  62  20  26  54  50  65  34  24  11  85  60  78  61  49  94  1  72  33  53  79  32  82  46  80  3  14  99  58  35  96  44  37  38  9  42  95  73
   4  87  31  70  96  14  51  53  58  79  83  97  82  34  23  36  94  41  72  62  78  66  42  80  88  65  85  17  57  6  76  19  10  77  43  24  52  55  9  45  39  61  90  49  50  25  18  63  98  71  21  48  13  68  75  100  99  40  11  89  95  59  5  2  74  93  27  60  69  26  56  7  67  35  15  38  30  92  16  28  12  22  91  44  86  73  84  32  47  33  29  8  3  1  64  46  20  81  37  54
   4  89  36  94  21  38  88  39  85  48  58  28  17  50  52  46  64  10  71  90  33  2  95  18  47  61  19  44  70  93  24  29  14  59  25  26  23  32  5  86  45  67  1  98  9  74  81  60  22  35  97  12  65  7  80  63  13  62  16  53  43  73  84  51  49  55  37  91  30  11  68  99  6  83  54  40  82  57  31  8  77  72  87  42  76  75  78  69  96  15  56  34  100  3  92  27  20  41  79  66
   4  90  5  62  82  27  52  59  65  99  56  48  70  60  37  75  21  18  1  73  77  66  71  32  13  40  92  50  14  12  68  15  85  44  81  55  76  94  95  67  43  8  79  10  23  63  54  3  17  29  97  11  96  39  19  74  49  42  36  2  45  53  31  41  64  26  80  83  100  28  24  35  30  69  88  61  9  51  87  89  33  86  16  57  20  46  25  7  6  34  58  93  22  91  78  38  47  98  84  72
   4  91  7  78  92  94  87  65  10  79  35  81  46  74  95  52  14  97  56  66  90  22  86  68  80  33  13  61  21  82  12  39  38  1  75  84  76  43  49  53  19  77  58  9  98  73  50  55  70  67  17  20  5  100  23  48  59  8  27  69  3  99  93  26  34  25  51  88  89  62  32  71  11  63  83  30  18  36  72  40  16  6  47  64  2  45  24  96  31  85  29  60  15  37  44  42  28  57  41  54
   4  91  25  89  30  26  36  11  23  94  68  32  21  99  5  38  6  86  88  83  45  39  54  67  85  40  1  48  82  98  58  57  9  28  31  74  17  8  81  50  77  60  52  72  22  46  87  35  64  42  97  10  76  12  71  75  65  90  78  7  33  69  80  2  96  63  95  15  13  18  56  62  47  34  16  61  100  53  19  3  43  44  92  73  70  27  84  93  20  51  24  41  49  29  79  55  14  66  37  59
   4  93  45  82  40  34  5  71  86  29  61  23  78  94  81  60  74  75  48  18  46  50  58  12  76  67  27  83  3  70  80  49  2  63  41  64  88  37  19  7  9  35  42  39  22  47  66  1  6  65  15  56  51  16  97  72  89  92  85  59  57  69  87  38  14  91  13  52  99  30  20  53  33  77  17  26  62  8  100  96  68  98  25  24  10  31  44  28  73  11  79  36  21  55  84  90  32  95  43  54
   4  94  88  48  17  46  71  2  47  44  24  59  23  86  1  74  22  12  80  62  43  51  37  11  6  40  31  72  76  69  56  3  20  66  36  38  85  28  52  10  33  18  19  93  14  26  5  67  9  60  97  7  13  53  84  55  30  99  54  57  77  42  78  15  100  27  79  89  21  39  58  50  64  90  95  61  70  29  25  32  45  98  81  35  65  63  16  73  49  91  68  83  82  8  87  75  96  34  92  41
   4  95  83  86  88  74  23  77  62  79  87  65  10  14  67  68  34  53  40  70  2  78  30  56  72  1  41  5  85  58  48  59  66  25  7  44  100  31  89  61  99  93  26  69  46  21  82  47  42  63  13  92  97  32  71  96  19  76  43  49  11  39  81  50  94  57  75  16  9  98  8  35  55  91  51  22  6  80  28  52  20  90  3  84  18  17  64  60  15  37  29  12  27  73  24  38  36  33  45  54
   4  97  21  90  36  14  41  83  38  29  13  7  42  34  53  76  94  31  32  22  58  6  2  100  68  35  55  27  67  46  16  69  30  87  73  24  12  25  59  15  89  51  10  99  70  95  98  93  78  61  11  28  43  48  45  20  49  60  1  39  65  9  75  62  74  23  37  80  19  66  96  17  77  5  85  18  50  52  56  8  72  82  81  44  26  3  84  92  57  63  79  88  33  91  64  86  40  71  47  54
   4  98  78  93  6  46  16  89  9  69  24  83  64  53  36  74  96  29  54  10  43  94  81  15  14  40  71  73  21  60  56  59  82  90  84  38  22  34  25  57  33  51  88  35  100  26  31  2  49  39  97  3  23  8  95  55  85  12  92  32  77  18  37  48  65  27  5  72  47  91  58  7  20  86  87  61  30  28  80  41  45  42  19  11  17  63  79  67  76  44  68  50  13  66  1  75  70  99  52  62
   5  2  21  69  68  7  23  90  36  75  30  12  25  10  4  42  37  35  14  46  79  72  49  60  24  50  20  8  84  74  70  28  92  57  43  98  19  48  100  40  16  67  47  39  56  83  13  86  95  38  96  99  80  32  33  94  78  11  65  26  71  89  76  91  97  59  64  66  87  55  22  29  52  41  77  51  81  93  17  27  31  73  9  44  58  3  82  53  1  61  85  34  54  62  45  18  88  15  6  63
   5  2  98  99  33  95  78  96  91  30  66  92  7  75  26  93  15  88  17  27  71  63  47  89  61  4  84  72  32  23  53  90  59  12  6  85  37  14  100  24  70  68  79  60  19  44  31  86  51  58  8  1  36  81  94  69  10  29  18  20  74  50  64  87  35  56  62  9  40  3  73  82  22  34  54  11  39  97  13  21  77  67  38  65  43  76  25  57  42  16  80  41  46  28  45  83  49  48  52  55
   5  4  36  3  81  35  96  2  67  80  92  34  39  95  12  1  75  66  9  79  27  91  19  33  57  38  98  94  14  11  21  100  23  74  72  65  49  8  70  78  60  26  63  90  43  18  47  32  87  56  6  37  82  97  68  93  40  13  76  10  28  20  58  99  15  22  24  73  50  71  61  64  44  48  88  7  83  69  41  77  29  59  16  25  51  62  45  89  84  42  30  17  52  46  85  31  53  86  54  55
   5  6  74  7  29  75  14  8  43  30  18  76  71  15  98  9  35  44  1  31  83  19  91  77  53  72  12  16  96  99  89  10  87  36  38  45  61  2  40  32  50  84  47  20  67  92  63  78  23  54  4  73  28  13  42  17  70  97  34  100  82  90  52  11  95  88  86  37  60  39  49  46  66  62  22  3  27  41  69  33  81  51  94  85  59  48  65  21  26  68  80  93  58  64  25  79  57  24  56  55
   5  8  12  11  77  15  32  14  19  80  44  18  3  35  84  17  95  22  93  83  39  47  63  21  49  6  26  38  78  87  57  20  51  98  4  25  73  96  10  86  40  42  31  50  91  66  79  24  59  52  2  9  74  29  16  41  100  81  92  90  36  60  46  23  75  54  48  1  70  7  37  28  88  76  56  99  71  13  97  89  33  43  72  45  67  34  85  53  68  94  30  69  64  82  65  27  61  62  58  55
   5  8  33  73  36  98  76  61  37  39  22  15  24  99  17  7  92  26  82  10  16  66  45  72  95  51  21  74  78  44  30  48  97  34  14  83  52  63  20  32  31  90  43  89  1  42  47  55  88  60  96  93  68  28  65  3  25  40  64  62  79  86  77  2  84  94  9  75  19  91  85  35  56  29  6  50  80  27  23  57  71  53  4  67  87  18  49  38  81  69  70  11  58  12  100  59  54  46  13  41
   5  10  20  40  80  59  17  34  68  35  70  39  78  55  9  18  36  72  43  86  71  41  82  63  25  50  100  99  97  93  85  69  37  74  47  94  87  73  45  90  79  57  13  26  52  3  6  12  24  48  96  91  81  61  21  42  84  67  33  66  31  62  23  46  92  83  65  29  58  15  30  60  19  38  76  51  1  2  4  8  16  32  64  27  54  7  14  28  56  11  22  44  88  75  49  98  95  89  77  53
   5  11  4  29  84  3  47  63  78  10  22  8  58  67  6  94  25  55  20  44  16  15  33  12  87  50  9  40  88  32  30  66  24  73  100  18  80  75  64  60  31  48  45  99  36  59  49  27  19  62  96  90  97  72  17  98  54  38  23  91  79  93  43  34  95  7  76  46  81  57  85  86  68  89  14  51  92  61  13  69  71  35  77  28  1  83  21  26  37  41  70  53  56  2  65  42  52  74  82  39
   5  12  49  57  56  94  64  93  1  63  30  72  92  39  33  59  81  53  6  75  79  28  47  32  97  51  82  15  36  46  70  67  80  91  77  3  88  90  14  74  16  99  76  41  58  18  23  35  84  40  96  89  52  44  45  7  37  8  100  38  71  29  9  62  68  42  20  48  95  26  22  73  54  69  4  50  19  86  65  55  31  34  21  10  24  98  13  11  87  27  85  2  25  60  43  83  78  66  17  61
   5  12  88  19  73  95  68  26  71  80  96  2  67  75  56  33  15  78  77  87  51  3  7  9  41  74  54  82  42  63  93  40  79  22  36  85  97  84  50  94  20  58  99  10  39  14  11  16  31  48  98  81  66  61  64  89  60  49  8  70  44  100  34  47  35  86  72  29  90  43  13  92  32  4  24  91  59  57  53  1  37  27  28  65  83  6  25  17  52  46  30  21  76  18  45  23  69  38  62  55
   5  14  26  23  21  35  86  32  47  30  22  44  99  95  42  41  75  56  69  39  7  31  79  53  37  8  68  4  24  51  61  50  43  84  2  65  9  78  20  48  10  16  83  40  63  88  27  62  67  46  96  17  12  77  38  13  90  33  66  60  98  70  28  59  15  52  34  93  100  11  1  74  54  18  58  87  3  29  81  57  89  19  6  25  91  92  45  49  94  72  80  97  82  36  85  71  73  76  64  55
   5  15  45  34  1  3  9  27  81  41  22  66  97  89  65  94  80  38  13  39  16  48  43  28  84  50  49  46  37  10  30  90  68  2  6  18  54  61  82  44  31  93  77  29  87  59  76  26  78  32  96  86  56  67  100  98  92  74  20  60  79  35  4  12  36  7  21  63  88  62  85  53  58  73  17  51  52  55  64  91  71  11  33  99  95  83  47  40  19  57  70  8  24  72  14  42  25  75  23  69
   5  16  64  27  69  75  4  38  23  80  48  86  31  15  28  49  35  34  61  91  63  59  51  97  33  42  82  26  6  39  29  60  7  46  68  45  21  72  90  2  100  74  67  70  87  62  43  8  3  44  94  53  58  93  12  37  20  17  24  50  52  40  22  71  95  18  96  57  10  79  89  56  76  32  92  83  47  1  9  13  41  11  84  85  99  78  65  81  36  98  30  73  88  54  25  19  77  14  66  55
   5  18  2  31  17  15  22  44  99  30  74  28  63  35  14  57  95  12  53  43  19  87  23  41  29  76  96  48  88  27  97  70  71  8  34  25  33  66  60  56  90  32  51  100  11  36  59  54  39  42  92  89  4  9  86  61  50  1  82  40  6  10  16  83  75  84  58  21  20  47  77  38  98  46  26  79  91  73  37  69  93  3  62  45  7  64  85  13  78  24  80  49  94  72  65  67  81  52  68  55
   5  22  78  39  13  95  58  56  51  30  26  12  27  75  86  73  15  68  37  47  31  43  67  29  21  44  24  92  52  3  33  90  99  32  66  85  57  54  100  64  70  48  19  60  59  84  91  46  11  38  88  61  96  41  34  9  10  69  98  20  14  50  4  7  35  16  82  49  40  83  53  2  42  74  94  71  79  17  93  81  97  87  18  65  23  36  25  77  62  76  80  1  6  8  45  63  89  28  72  55
   5  24  16  43  61  35  76  62  27  80  52  54  59  95  72  81  75  46  29  99  87  71  39  73  17  78  38  14  34  91  1  100  63  94  32  65  69  48  70  18  60  6  3  90  83  58  7  92  47  36  86  97  42  57  8  33  40  53  56  10  68  20  98  19  15  82  44  13  50  51  41  84  64  88  28  67  23  89  21  37  49  79  96  25  31  22  45  9  4  2  30  77  12  26  85  11  93  66  74  55
   5  26  14  93  19  18  33  10  52  28  85  38  36  66  20  3  56  69  76  72  31  40  6  11  37  51  43  62  80  12  22  74  1  86  23  59  24  44  47  2  71  46  17  48  88  94  4  41  92  34  96  75  87  8  82  83  68  91  49  73  16  63  65  35  81  98  45  32  25  29  70  61  95  90  64  50  58  39  21  89  79  27  100  15  78  42  77  57  54  99  30  55  84  53  13  7  97  60  9  67
   5  26  54  47  9  75  94  68  3  30  78  96  91  15  58  89  35  24  21  51  43  99  11  17  13  12  52  36  16  79  69  10  27  56  98  45  81  42  40  72  50  64  87  20  7  32  23  38  83  34  84  33  88  73  82  57  70  37  14  100  22  90  92  31  95  48  6  77  60  19  29  66  86  2  62  63  67  61  49  93  1  71  74  85  39  8  65  41  46  28  80  53  18  44  25  59  97  4  76  55
   5  27  65  48  37  18  77  32  92  12  85  55  95  8  23  3  97  39  49  2  31  26  100  35  88  51  33  57  25  34  22  38  84  90  82  59  56  60  21  73  71  40  14  15  81  94  43  10  54  29  96  74  36  53  64  83  24  69  9  89  16  46  6  93  78  98  4  62  52  99  70  75  1  66  13  50  68  44  76  67  79  63  17  11  19  42  45  41  80  28  30  61  87  86  20  7  58  91  47  72
   5  29  47  10  58  94  20  15  87  40  30  73  80  60  45  59  19  90  17  38  79  34  76  57  68  51  13  35  1  26  70  2  52  39  4  3  78  8  6  55  16  12  9  32  24  18  64  48  36  27  96  72  54  91  43  7  81  86  14  61  71  28  21  41  56  42  82  11  84  63  22  67  25  44  33  50  88  66  100  75  31  99  49  62  97  98  23  93  95  46  85  89  92  69  77  83  37  53  65  74
   5  32  68  59  53  95  48  86  31  80  56  22  87  75  16  13  15  58  97  7  11  83  27  49  1  14  94  2  62  43  73  40  19  42  96  85  17  24  50  34  20  38  39  10  79  54  71  76  91  28  78  41  26  21  4  29  60  89  88  70  84  100  74  67  35  46  92  69  90  23  93  12  52  44  64  51  99  77  33  61  57  47  8  65  63  66  25  37  72  6  30  81  36  98  45  3  9  18  82  55
   5  34  9  41  97  94  13  48  84  46  30  2  54  44  77  59  78  86  100  74  79  12  21  62  58  51  64  11  95  40  70  72  25  69  45  3  81  66  65  38  16  28  49  10  68  18  82  93  87  26  96  67  92  60  4  7  88  53  17  55  71  99  47  57  24  42  23  15  1  27  22  89  80  39  43  50  37  90  6  61  31  29  76  32  56  98  20  35  36  63  85  73  52  91  33  83  19  8  14  75
   5  35  43  99  87  3  21  46  19  32  22  53  68  72  100  94  52  61  23  60  16  11  77  34  36  50  47  26  81  62  30  8  56  89  17  18  25  74  13  91  31  15  4  28  95  59  9  63  37  57  96  66  58  2  14  98  80  55  82  69  79  48  33  29  1  7  49  40  78  41  85  90  24  67  65  51  54  75  20  39  71  93  45  12  84  83  76  27  88  10  70  86  97  73  6  42  92  38  64  44
   5  36  44  67  49  75  84  98  83  80  8  6  51  15  88  29  35  14  81  11  23  39  71  37  93  82  22  46  26  19  9  60  47  66  28  45  41  12  90  42  100  54  7  70  27  2  3  68  63  24  74  13  18  53  52  77  20  57  4  50  92  40  62  91  95  78  16  97  10  59  69  76  96  72  32  43  87  21  89  73  61  31  64  85  79  38  65  1  56  58  30  33  48  34  25  99  17  94  86  55
   5  38  82  71  97  15  2  4  59  30  34  48  83  35  74  37  95  92  73  63  79  67  43  81  89  16  36  68  8  7  77  70  11  28  94  25  53  6  60  96  90  12  91  100  51  76  19  14  99  22  72  49  64  69  26  1  50  41  62  40  46  10  56  3  75  44  78  61  20  27  57  58  18  86  66  39  31  93  17  29  13  23  42  45  87  24  85  33  98  84  80  9  54  52  65  47  21  32  88  55
   5  39  82  74  52  42  65  2  56  53  70  41  37  26  21  83  1  28  77  35  71  69  13  61  92  51  14  89  68  86  85  57  81  46  76  7  95  34  43  93  79  91  23  38  54  98  17  72  97  90  96  62  19  27  49  59  36  99  45  48  31  60  64  75  80  18  100  73  24  66  30  32  88  40  9  50  87  12  33  15  16  44  20  55  25  94  6  67  58  8  22  10  78  63  47  3  84  29  4  11
   5  40  17  35  78  18  43  41  25  99  85  74  87  90  13  3  24  91  21  67  31  46  65  15  19  51  4  32  54  28  22  75  95  53  20  59  68  39  9  72  71  63  100  93  37  94  45  57  52  12  96  61  84  66  23  83  58  60  76  2  16  27  14  11  88  98  77  10  80  34  70  55  36  86  82  50  97  69  47  73  79  26  6  48  81  42  33  62  92  29  30  38  1  8  64  7  56  44  49  89
   5  41  13  46  54  59  100  12  58  11  70  69  81  38  49  18  87  67  4  53  71  57  23  27  80  50  6  29  56  35  85  91  19  75  9  94  84  2  77  86  79  62  64  40  25  3  65  28  68  93  96  60  88  55  47  42  1  89  43  90  31  32  20  63  52  83  14  34  97  48  30  44  78  74  21  51  95  72  45  66  16  10  82  26  92  7  17  99  24  15  22  39  37  61  76  98  36  73  33  8
   5  42  58  79  93  95  38  16  11  30  86  32  47  75  46  53  15  48  57  67  91  23  87  69  81  84  64  12  72  83  13  90  39  52  26  85  77  94  100  4  70  28  59  60  99  24  51  6  71  18  68  21  56  1  74  49  10  9  78  20  54  50  44  27  35  76  2  89  40  63  33  22  62  14  34  31  19  37  73  41  17  7  98  65  3  96  25  97  82  36  80  61  66  88  45  43  29  8  92  55
   5  44  64  38  92  42  6  73  97  86  70  10  88  27  76  83  84  12  45  93  71  39  20  75  54  51  65  67  24  90  85  41  78  40  49  7  1  29  33  48  79  69  82  55  80  98  14  2  58  66  96  57  37  63  9  59  95  28  4  15  31  91  13  74  25  18  17  89  56  8  30  62  81  26  47  50  36  34  77  11  16  60  23  61  52  94  100  72  68  53  22  32  19  46  21  3  87  99  43  35
   5  44  96  83  41  35  56  22  87  80  12  74  79  95  32  61  75  26  49  19  47  51  59  13  77  18  78  34  54  71  81  100  3  14  92  65  89  88  70  58  60  86  43  90  23  98  67  52  7  16  66  57  2  17  48  73  40  93  36  10  8  20  38  39  15  42  64  53  50  31  21  4  84  28  68  27  63  9  1  97  69  99  76  25  11  82  45  29  24  62  30  37  72  6  85  91  33  46  94  55
   5  46  34  87  89  75  74  28  63  30  38  16  11  15  18  69  35  4  41  71  3  79  31  57  73  52  92  56  36  59  49  10  67  76  58  45  1  82  40  12  50  44  27  20  47  72  83  98  43  14  64  93  48  33  22  97  70  77  94  100  62  90  32  51  95  8  26  17  60  99  9  86  6  42  2  23  7  81  29  53  21  91  54  85  19  68  65  61  66  88  80  13  78  24  25  39  37  84  96  55
   5  48  72  91  37  15  92  34  39  80  64  58  43  35  4  77  95  82  33  23  59  7  3  1  69  86  6  78  18  47  17  20  31  38  24  25  13  76  10  66  40  2  11  50  71  46  99  44  79  12  62  29  94  49  96  21  100  61  52  90  16  60  26  63  75  74  88  81  70  67  97  68  28  56  36  19  51  53  57  9  73  83  32  45  27  54  85  93  8  14  30  89  84  42  65  87  41  22  98  55
   5  48  77  12  95  3  49  26  88  57  22  90  56  73  14  94  54  74  64  69  16  93  4  99  1  50  76  63  19  41  30  86  58  72  65  18  92  55  23  39  31  35  33  34  84  59  21  40  81  10  96  53  24  89  6  98  52  75  13  44  79  11  45  28  87  7  47  27  37  32  85  8  97  2  100  51  25  38  82  60  71  15  43  29  36  83  9  46  78  62  70  66  68  67  17  42  80  61  20  91
   5  52  48  99  33  95  28  46  91  80  16  42  7  75  76  93  15  38  17  27  71  63  47  89  61  54  34  22  82  23  53  40  59  62  56  85  37  64  50  74  20  18  79  10  19  94  31  36  51  8  58  1  86  81  44  69  60  29  68  70  24  100  14  87  35  6  12  9  90  3  73  32  72  84  4  11  39  97  13  21  77  67  88  65  43  26  25  57  92  66  30  41  96  78  45  83  49  98  2  55
   5  53  77  89  95  98  49  75  88  44  22  11  56  28  14  7  54  27  64  32  16  8  4  2  1  51  76  38  19  60  30  15  58  29  65  83  92  46  23  62  31  66  33  67  84  42  21  61  81  91  96  48  24  12  6  3  52  26  13  57  79  90  45  73  87  94  47  74  37  69  85  93  97  99  100  50  25  63  82  41  71  86  43  72  36  18  9  55  78  39  70  35  68  34  17  59  80  40  20  10
   5  54  86  3  81  35  46  52  67  30  42  84  39  95  62  1  75  16  9  79  27  91  19  33  57  88  48  44  64  11  21  50  23  24  22  65  49  58  20  28  10  76  63  40  43  68  47  82  87  6  56  37  32  97  18  93  90  13  26  60  78  70  8  99  15  72  74  73  100  71  61  14  94  98  38  7  83  69  41  77  29  59  66  25  51  12  45  89  34  92  80  17  2  96  85  31  53  36  4  55
   5  56  24  7  29  75  64  58  43  80  68  26  71  15  48  9  35  94  1  31  83  19  91  77  53  22  62  66  46  99  89  60  87  86  88  45  61  52  90  82  100  34  47  70  67  42  63  28  23  4  54  73  78  13  92  17  20  97  84  50  32  40  2  11  95  38  36  37  10  39  49  96  16  12  72  3  27  41  69  33  81  51  44  85  59  98  65  21  76  18  30  93  8  14  25  79  57  74  6  55
   5  57  64  63  92  59  6  28  97  15  70  91  88  74  76  18  84  89  45  8  71  62  20  26  54  50  65  34  24  11  85  60  78  61  49  94  1  72  33  53  79  32  82  46  80  3  14  99  58  35  96  44  37  38  9  42  95  73  4  86  31  10  13  27  25  83  17  12  56  93  30  39  81  75  47  51  36  67  77  90  16  41  23  40  52  7  100  29  68  48  22  69  19  55  21  98  87  2  43  66
   5  58  62  11  77  15  82  64  19  30  94  68  3  35  34  17  95  72  93  83  39  47  63  21  49  56  76  88  28  87  57  70  51  48  54  25  73  46  60  36  90  92  31  100  91  16  79  74  59  2  52  9  24  29  66  41  50  81  42  40  86  10  96  23  75  4  98  1  20  7  37  78  38  26  6  99  71  13  97  89  33  43  22  45  67  84  85  53  18  44  80  69  14  32  65  27  61  12  8  55
   5  60  13  55  54  42  100  89  58  90  70  32  81  63  49  83  87  34  4  48  71  44  23  74  80  51  6  72  56  66  85  10  19  26  9  7  84  99  77  15  79  39  64  61  25  98  65  73  68  8  96  41  88  46  47  59  1  12  43  11  31  69  20  38  52  18  14  67  97  53  30  57  78  27  21  50  95  29  45  35  16  91  82  75  92  94  17  2  24  86  22  62  37  40  76  3  36  28  33  93
   5  61  17  66  78  83  43  60  25  2  85  27  87  11  13  98  24  10  21  34  31  55  65  86  19  50  4  69  54  73  22  26  95  48  20  42  68  62  9  29  71  38  100  8  37  7  45  44  52  89  96  40  84  35  23  18  58  41  76  99  16  74  14  90  88  3  77  91  80  67  70  46  36  15  82  51  97  32  47  28  79  75  6  53  81  59  33  39  92  72  30  63  1  93  64  94  56  57  49  12
   5  62  38  19  73  95  18  76  71  30  46  52  67  75  6  33  15  28  77  87  51  3  7  9  41  24  4  32  92  63  93  90  79  72  86  85  97  34  100  44  70  8  99  60  39  64  11  66  31  98  48  81  16  61  14  89  10  49  58  20  94  50  84  47  35  36  22  29  40  43  13  42  82  54  74  91  59  57  53  1  37  27  78  65  83  56  25  17  2  96  80  21  26  68  45  23  69  88  12  55
   5  62  82  27  52  59  65  99  56  48  70  60  37  75  21  18  1  73  77  66  71  32  13  40  92  50  14  12  68  15  85  44  81  55  76  94  95  67  43  8  79  10  23  63  54  3  17  29  97  11  96  39  19  74  49  42  36  2  45  53  31  41  64  26  80  83  100  28  24  35  30  69  88  61  9  51  87  89  33  86  16  57  20  46  25  7  6  34  58  93  22  91  78  38  47  98  84  72  4  90
   5  64  76  23  21  35  36  82  47  80  72  94  99  95  92  41  75  6  69  39  7  31  79  53  37  58  18  54  74  51  61  100  43  34  52  65  9  28  70  98  60  66  83  90  63  38  27  12  67  96  46  17  62  77  88  13  40  33  16  10  48  20  78  59  15  2  84  93  50  11  1  24  4  68  8  87  3  29  81  57  89  19  56  25  91  42  45  49  44  22  30  97  32  86  85  71  73  26  14  55
   5  66  14  27  69  75  54  88  23  30  98  36  31  15  78  49  35  84  61  91  63  59  51  97  33  92  32  76  56  39  29  10  7  96  18  45  21  22  40  52  50  24  67  20  87  12  43  58  3  94  44  53  8  93  62  37  70  17  74  100  2  90  72  71  95  68  46  57  60  79  89  6  26  82  42  83  47  1  9  13  41  11  34  85  99  28  65  81  86  48  80  73  38  4  25  19  77  64  16  55
   5  66  37  94  29  67  40  6  76  41  56  23  11  100  58  84  79  85  96  8  70  34  82  43  42  74  50  89  87  68  80  65  7  95  49  90  59  55  47  27  69  3  20  92  36  46  97  53  15  99  4  31  64  2  83  26  45  17  72  19  28  25  18  38  88  21  24  71  75  52  60  51  1  14  73  63  91  32  57  86  61  39  22  16  81  10  12  13  35  9  33  54  77  93  44  98  30  48  78  62
   5  66  43  2  87  98  21  55  19  69  22  48  68  29  100  7  52  40  23  41  16  90  77  67  36  51  47  75  81  39  30  93  56  12  17  83  25  27  13  10  31  86  4  73  95  42  9  38  37  44  96  35  58  99  14  3  80  46  82  32  79  53  33  72  1  94  49  61  78  60  85  11  24  34  65  50  54  26  20  62  71  8  45  89  84  18  76  74  88  91  70  15  97  28  6  59  92  63  64  57
   5  67  9  60  97  7  13  53  84  55  30  99  54  57  77  42  78  15  100  27  79  89  21  39  58  50  64  90  95  61  70  29  25  32  45  98  81  35  65  63  16  73  49  91  68  83  82  8  87  75  96  34  92  41  4  94  88  48  17  46  71  2  47  44  24  59  23  86  1  74  22  12  80  62  43  51  37  11  6  40  31  72  76  69  56  3  20  66  36  38  85  28  52  10  33  18  19  93  14  26
   5  68  52  31  17  15  72  94  99  80  24  78  63  35  64  57  95  62  53  43  19  87  23  41  29  26  46  98  38  27  97  20  71  58  84  25  33  16  10  6  40  82  51  50  11  86  59  4  39  92  42  89  54  9  36  61  100  1  32  90  56  60  66  83  75  34  8  21  70  47  77  88  48  96  76  79  91  73  37  69  93  3  12  45  7  14  85  13  28  74  30  49  44  22  65  67  81  2  18  55
   5  72  28  39  13  95  8  6  51  80  76  62  27  75  36  73  15  18  37  47  31  43  67  29  21  94  74  42  2  3  33  40  99  82  16  85  57  4  50  14  20  98  19  10  59  34  91  96  11  88  38  61  46  41  84  9  60  69  48  70  64  100  54  7  35  66  32  49  90  83  53  52  92  24  44  71  79  17  93  81  97  87  68  65  23  86  25  77  12  26  30  1  56  58  45  63  89  78  22  55
   5  72  47  91  58  7  20  86  87  61  30  28  80  41  45  42  19  11  17  63  79  67  76  44  68  50  13  66  1  75  70  99  52  62  4  98  78  93  6  46  16  89  9  69  24  83  64  53  36  74  96  29  54  10  43  94  81  15  14  40  71  73  21  60  56  59  82  90  84  38  22  34  25  57  33  51  88  35  100  26  31  2  49  39  97  3  23  8  95  55  85  12  92  32  77  18  37  48  65  27
   5  74  65  53  37  83  77  69  92  89  85  46  95  93  23  98  97  62  49  99  31  75  100  66  88  50  33  44  25  67  22  63  84  11  82  42  56  41  21  28  71  61  14  86  81  7  43  91  54  72  96  27  36  48  64  18  24  32  9  12  16  55  6  8  78  3  4  39  52  2  70  26  1  35  13  51  68  57  76  34  79  38  17  90  19  59  45  60  80  73  30  40  87  15  20  94  58  10  47  29
   5  74  66  43  61  35  26  12  27  30  2  4  59  95  22  81  75  96  29  99  87  71  39  73  17  28  88  64  84  91  1  50  63  44  82  65  69  98  20  68  10  56  3  40  83  8  7  42  47  86  36  97  92  57  58  33  90  53  6  60  18  70  48  19  15  32  94  13  100  51  41  34  14  38  78  67  23  89  21  37  49  79  46  25  31  72  45  9  54  52  80  77  62  76  85  11  93  16  24  55
   5  75  14  8  19  83  33  91  52  73  85  63  36  35  20  98  56  32  76  29  31  61  6  90  37  50  43  39  80  89  22  27  1  15  23  42  24  57  47  99  71  55  17  53  88  7  4  60  92  67  96  26  87  93  82  18  68  10  49  28  16  38  65  66  81  3  45  69  25  72  70  40  95  11  64  51  58  62  21  12  79  74  100  86  78  59  77  44  54  2  30  46  84  48  13  94  97  41  9  34
   5  76  4  47  9  75  44  18  3  80  28  46  91  15  8  89  35  74  21  51  43  99  11  17  13  62  2  86  66  79  69  60  27  6  48  45  81  92  90  22  100  14  87  70  7  82  23  88  83  84  34  33  38  73  32  57  20  37  64  50  72  40  42  31  95  98  56  77  10  19  29  16  36  52  12  63  67  61  49  93  1  71  24  85  39  58  65  41  96  78  30  53  68  94  25  59  97  54  26  55
   5  82  18  59  53  95  98  36  31  30  6  72  87  75  66  13  15  8  97  7  11  83  27  49  1  64  44  52  12  43  73  90  19  92  46  85  17  74  100  84  70  88  39  60  79  4  71  26  91  78  28  41  76  21  54  29  10  89  38  20  34  50  24  67  35  96  42  69  40  23  93  62  2  94  14  51  99  77  33  61  57  47  58  65  63  16  25  37  22  56  80  81  86  48  45  3  9  68  32  55
   5  84  56  63  1  35  16  42  7  80  32  14  19  95  52  21  75  86  89  59  67  11  99  93  97  98  58  74  94  31  41  100  83  54  12  65  29  68  70  38  60  46  23  90  3  78  87  72  27  76  26  77  22  37  28  53  40  73  96  10  88  20  18  79  15  62  4  33  50  91  81  44  24  8  48  47  43  49  61  17  9  39  36  25  71  2  45  69  64  82  30  57  92  66  85  51  13  6  34  55
   5  86  94  67  49  75  34  48  83  30  58  56  51  15  38  29  35  64  81  11  23  39  71  37  93  32  72  96  76  19  9  10  47  16  78  45  41  62  40  92  50  4  7  20  27  52  3  18  63  74  24  13  68  53  2  77  70  57  54  100  42  90  12  91  95  28  66  97  60  59  69  26  46  22  82  43  87  21  89  73  61  31  14  85  79  88  65  1  6  8  80  33  98  84  25  99  17  44  36  55
   5  87  55  20  27  54  31  12  30  33  72  98  28  100  35  84  79  85  96  83  47  45  17  93  94  14  67  40  6  53  57  86  82  95  70  90  36  76  32  73  63  91  50  8  64  19  74  71  15  25  4  49  41  77  9  44  75  3  66  65  13  46  97  38  7  21  99  92  52  37  81  2  18  56  23  11  26  43  34  59  61  39  22  16  58  10  29  88  51  1  89  60  68  80  42  24  48  69  78  62
   5  88  32  71  97  15  52  54  59  80  84  98  83  35  24  37  95  42  73  63  79  67  43  81  89  66  86  18  58  7  77  20  11  78  44  25  53  56  10  46  40  62  91  50  51  26  19  64  99  72  22  49  14  69  76  1  100  41  12  90  96  60  6  3  75  94  28  61  70  27  57  8  68  36  16  39  31  93  17  29  13  23  92  45  87  74  85  33  48  34  30  9  4  2  65  47  21  82  38  55
   5  89  49  44  56  7  64  8  1  38  30  29  92  62  33  42  81  48  6  26  79  73  47  69  97  50  82  86  36  55  70  34  80  10  77  98  88  11  14  27  16  2  76  60  58  83  23  66  84  61  96  12  52  57  45  94  37  93  100  63  71  72  9  39  68  59  20  53  95  75  22  28  54  32  4  51  19  15  65  46  31  67  21  91  24  3  13  90  87  74  85  99  25  41  43  18  78  35  17  40
   5  90  4  72  84  98  47  38  78  91  22  93  58  34  6  7  25  46  20  57  16  86  33  89  87  51  9  61  88  69  30  35  24  28  100  83  80  26  64  41  31  53  45  2  36  42  49  74  19  39  96  11  97  29  17  3  54  63  23  10  79  8  43  67  95  94  76  55  81  44  85  15  68  12  14  50  92  40  13  32  71  66  77  73  1  18  21  75  37  60  70  48  56  99  65  59  52  27  82  62
   5  91  20  61  80  42  17  67  68  66  70  62  78  46  9  83  36  29  43  15  71  60  82  38  25  51  100  2  97  8  85  32  37  27  47  7  87  28  45  11  79  44  13  75  52  98  6  89  24  53  96  10  81  40  21  59  84  34  33  35  31  39  23  55  92  18  65  72  58  86  30  41  19  63  76  50  1  99  4  93  16  69  64  74  54  94  14  73  56  90  22  57  88  26  49  3  95  12  77  48
   5  92  8  79  93  95  88  66  11  80  36  82  47  75  96  53  15  98  57  67  91  23  87  69  81  34  14  62  22  83  13  40  39  2  76  85  77  44  50  54  20  78  59  10  99  74  51  56  71  68  18  21  6  1  24  49  60  9  28  70  4  100  94  27  35  26  52  89  90  63  33  72  12  64  84  31  19  37  73  41  17  7  48  65  3  46  25  97  32  86  30  61  16  38  45  43  29  58  42  55
   5  93  33  28  36  3  76  40  37  62  22  86  24  2  17  94  92  75  82  91  16  35  45  29  95  50  21  27  78  57  30  53  97  67  14  18  52  38  20  69  31  11  43  12  1  59  47  46  88  41  96  8  68  73  65  98  25  61  64  39  79  15  77  99  84  7  9  26  19  10  85  66  56  72  6  51  80  74  23  44  71  48  4  34  87  83  49  63  81  32  70  90  58  89  100  42  54  55  13  60
   5  94  46  83  41  35  6  72  87  30  62  24  79  95  82  61  75  76  49  19  47  51  59  13  77  68  28  84  4  71  81  50  3  64  42  65  89  38  20  8  10  36  43  40  23  48  67  2  7  66  16  57  52  17  98  73  90  93  86  60  58  70  88  39  15  92  14  53  100  31  21  54  34  78  18  27  63  9  1  97  69  99  26  25  11  32  45  29  74  12  80  37  22  56  85  91  33  96  44  55
   5  96  84  87  89  75  24  78  63  80  88  66  11  15  68  69  35  54  41  71  3  79  31  57  73  2  42  6  86  59  49  60  67  26  8  45  1  32  90  62  100  94  27  70  47  22  83  48  43  64  14  93  98  33  72  97  20  77  44  50  12  40  82  51  95  58  76  17  10  99  9  36  56  92  52  23  7  81  29  53  21  91  4  85  19  18  65  61  16  38  30  13  28  74  25  39  37  34  46  55
   5  98  22  91  37  15  42  84  39  30  14  8  43  35  54  77  95  32  33  23  59  7  3  1  69  36  56  28  68  47  17  70  31  88  74  25  13  26  60  16  90  52  11  100  71  96  99  94  79  62  12  29  44  49  46  21  50  61  2  40  66  10  76  63  75  24  38  81  20  67  97  18  78  6  86  19  51  53  57  9  73  83  82  45  27  4  85  93  58  64  80  89  34  92  65  87  41  72  48  55
   5  99  21  32  68  94  23  11  36  26  30  89  25  91  4  59  37  66  14  55  79  29  49  41  24  51  20  93  84  27  70  73  92  44  43  3  19  53  100  61  16  34  47  62  56  18  13  15  95  63  96  2  80  69  33  7  78  90  65  75  71  12  76  10  97  42  64  35  87  46  22  72  52  60  77  50  81  8  17  74  31  28  9  57  58  98  82  48  1  40  85  67  54  39  45  83  88  86  6  38
   6  2  68  90  30  10  37  46  49  50  84  28  43  48  16  39  13  38  80  94  65  89  97  66  22  41  81  27  9  3  1  34  45  15  5  69  23  75  25  42  14  72  24  8  70  57  19  40  47  83  95  99  33  11  71  91  64  55  52  51  17  73  58  53  85  62  88  63  21  7  36  12  4  35  79  60  20  74  92  98  100  67  56  86  96  32  78  26  76  59  87  29  77  93  31  44  82  61  54  18
   6  3  52  26  13  57  79  90  45  73  87  94  47  74  37  69  85  93  97  99  100  50  25  63  82  41  71  86  43  72  36  18  9  55  78  39  70  35  68  34  17  59  80  40  20  10  5  53  77  89  95  98  49  75  88  44  22  11  56  28  14  7  54  27  64  32  16  8  4  2  1  51  76  38  19  60  30  15  58  29  65  83  92  46  23  62  31  66  33  67  84  42  21  61  81  91  96  48  24  12
   6  5  37  4  82  36  97  3  68  81  93  35  40  96  13  2  76  67  10  80  28  92  20  34  58  39  99  95  15  12  22  1  24  75  73  66  50  9  71  79  61  27  64  91  44  19  48  33  88  57  7  38  83  98  69  94  41  14  77  11  29  21  59  100  16  23  25  74  51  72  62  65  45  49  89  8  84  70  42  78  30  60  17  26  52  63  46  90  85  43  31  18  53  47  86  32  54  87  55  56
   6  7  25  46  20  57  16  86  33  89  87  51  9  61  88  69  30  35  24  28  100  83  80  26  64  41  31  53  45  2  36  42  49  74  19  39  96  11  97  29  17  3  54  63  23  10  79  8  43  67  95  94  76  55  81  44  85  15  68  12  14  50  92  40  13  32  71  66  77  73  1  18  21  75  37  60  70  48  56  99  65  59  52  27  82  62  5  90  4  72  84  98  47  38  78  91  22  93  58  34
   6  7  75  8  30  76  15  9  44  31  19  77  72  16  99  10  36  45  2  32  84  20  92  78  54  73  13  17  97  100  90  11  88  37  39  46  62  3  41  33  51  85  48  21  68  93  64  79  24  55  5  74  29  14  43  18  71  98  35  1  83  91  53  12  96  89  87  38  61  40  50  47  67  63  23  4  28  42  70  34  82  52  95  86  60  49  66  22  27  69  81  94  59  65  26  80  58  25  57  56
   6  8  78  3  4  39  52  2  70  26  1  35  13  51  68  57  76  34  79  38  17  90  19  59  45  60  80  73  30  40  87  15  20  94  58  10  47  29  5  74  65  53  37  83  77  69  92  89  85  46  95  93  23  98  97  62  49  99  31  75  100  66  88  50  33  44  25  67  22  63  84  11  82  42  56  41  21  28  71  61  14  86  81  7  43  91  54  72  96  27  36  48  64  18  24  32  9  12  16  55
   6  9  13  12  78  16  33  15  20  81  45  19  4  36  85  18  96  23  94  84  40  48  64  22  50  7  27  39  79  88  58  21  52  99  5  26  74  97  11  87  41  43  32  51  92  67  80  25  60  53  3  10  75  30  17  42  1  82  93  91  37  61  47  24  76  55  49  2  71  8  38  29  89  77  57  100  72  14  98  90  34  44  73  46  68  35  86  54  69  95  31  70  65  83  66  28  62  63  59  56
   6  11  37  51  43  62  80  12  22  74  1  86  23  59  24  44  47  2  71  46  17  48  88  94  4  41  92  34  96  75  87  8  82  83  68  91  49  73  16  63  65  35  81  98  45  32  25  29  70  61  95  90  64  50  58  39  21  89  79  27  100  15  78  42  77  57  54  99  30  55  84  53  13  7  97  60  9  67  5  26  14  93  19  18  33  10  52  28  85  38  36  66  20  3  56  69  76  72  31  40
   6  13  89  20  74  96  69  27  72  81  97  3  68  76  57  34  16  79  78  88  52  4  8  10  42  75  55  83  43  64  94  41  80  23  37  86  98  85  51  95  21  59  100  11  40  15  12  17  32  49  99  82  67  62  65  90  61  50  9  71  45  1  35  48  36  87  73  30  91  44  14  93  33  5  25  92  60  58  54  2  38  28  29  66  84  7  26  18  53  47  31  22  77  19  46  24  70  39  63  56
   6  15  27  24  22  36  87  33  48  31  23  45  100  96  43  42  76  57  70  40  8  32  80  54  38  9  69  5  25  52  62  51  44  85  3  66  10  79  21  49  11  17  84  41  64  89  28  63  68  47  97  18  13  78  39  14  91  34  67  61  99  71  29  60  16  53  35  94  1  12  2  75  55  19  59  88  4  30  82  58  90  20  7  26  92  93  46  50  95  73  81  98  83  37  86  72  74  77  65  56
   6  15  88  18  45  62  54  34  85  61  1  53  82  3  58  44  9  73  31  27  17  93  81  51  77  41  52  29  22  55  87  66  64  59  97  91  76  89  71  26  65  11  78  94  33  32  80  99  96  38  95  86  13  83  56  39  47  67  16  40  100  48  19  98  43  57  92  28  70  74  84  8  20  50  24  60  49  72  79  46  14  35  37  42  4  10  25  12  30  75  36  90  23  7  68  69  21  2  5  63
   6  17  65  28  70  76  5  39  24  81  49  87  32  16  29  50  36  35  62  92  64  60  52  98  34  43  83  27  7  40  30  61  8  47  69  46  22  73  91  3  1  75  68  71  88  63  44  9  4  45  95  54  59  94  13  38  21  18  25  51  53  41  23  72  96  19  97  58  11  80  90  57  77  33  93  84  48  2  10  14  42  12  85  86  100  79  66  82  37  99  31  74  89  55  26  20  78  15  67  56
   6  19  3  32  18  16  23  45  100  31  75  29  64  36  15  58  96  13  54  44  20  88  24  42  30  77  97  49  89  28  98  71  72  9  35  26  34  67  61  57  91  33  52  1  12  37  60  55  40  43  93  90  5  10  87  62  51  2  83  41  7  11  17  84  76  85  59  22  21  48  78  39  99  47  27  80  92  74  38  70  94  4  63  46  8  65  86  14  79  25  81  50  95  73  66  68  82  53  69  56
   6  23  79  40  14  96  59  57  52  31  27  13  28  76  87  74  16  69  38  48  32  44  68  30  22  45  25  93  53  4  34  91  100  33  67  86  58  55  1  65  71  49  20  61  60  85  92  47  12  39  89  62  97  42  35  10  11  70  99  21  15  51  5  8  36  17  83  50  41  84  54  3  43  75  95  72  80  18  94  82  98  88  19  66  24  37  26  78  63  77  81  2  7  9  46  64  90  29  73  56
   6  25  17  44  62  36  77  63  28  81  53  55  60  96  73  82  76  47  30  100  88  72  40  74  18  79  39  15  35  92  2  1  64  95  33  66  70  49  71  19  61  7  4  91  84  59  8  93  48  37  87  98  43  58  9  34  41  54  57  11  69  21  99  20  16  83  45  14  51  52  42  85  65  89  29  68  24  90  22  38  50  80  97  26  32  23  46  10  5  3  31  78  13  27  86  12  94  67  75  56
   6  26  79  73  47  69  97  50  82  86  36  55  70  34  80  10  77  98  88  11  14  27  16  2  76  60  58  83  23  66  84  61  96  12  52  57  45  94  37  93  100  63  71  72  9  39  68  59  20  53  95  75  22  28  54  32  4  51  19  15  65  46  31  67  21  91  24  3  13  90  87  74  85  99  25  41  43  18  78  35  17  40  5  89  49  44  56  7  64  8  1  38  30  29  92  62  33  42  81  48
   6  27  55  48  10  76  95  69  4  31  79  97  92  16  59  90  36  25  22  52  44  100  12  18  14  13  53  37  17  80  70  11  28  57  99  46  82  43  41  73  51  65  88  21  8  33  24  39  84  35  85  34  89  74  83  58  71  38  15  1  23  91  93  32  96  49  7  78  61  20  30  67  87  3  63  64  68  62  50  94  2  72  75  86  40  9  66  42  47  29  81  54  19  45  26  60  98  5  77  56
   6  27  71  67  49  69  58  59  13  8  36  61  22  99  92  10  45  51  78  48  14  63  31  89  47  60  68  3  64  86  84  75  85  29  80  57  4  18  81  11  100  46  5  73  76  39  24  7  82  66  95  74  30  34  52  32  43  42  88  93  65  40  79  2  9  91  56  50  23  53  87  38  70  12  54  41  33  98  37  15  17  26  16  72  21  44  97  83  20  90  1  55  96  28  25  62  77  94  19  35
   6  28  97  15  70  91  88  74  76  18  84  89  45  8  71  62  20  26  54  50  65  34  24  11  85  60  78  61  49  94  1  72  33  53  79  32  82  46  80  3  14  99  58  35  96  44  37  38  9  42  95  73  4  86  31  10  13  27  25  83  17  12  56  93  30  39  81  75  47  51  36  67  77  90  16  41  23  40  52  7  100  29  68  48  22  69  19  55  21  98  87  2  43  66  5  57  64  63  92  59
   6  29  56  35  85  91  19  75  9  94  84  2  77  86  79  62  64  40  25  3  65  28  68  93  96  60  88  55  47  42  1  89  43  90  31  32  20  63  52  83  14  34  97  48  30  44  78  74  21  51  95  72  45  66  16  10  82  26  92  7  17  99  24  15  22  39  37  61  76  98  36  73  33  8  5  41  13  46  54  59  100  12  58  11  70  69  81  38  49  18  87  67  4  53  71  57  23  27  80  50
   6  29  93  52  58  16  13  75  80  81  5  39  24  36  45  98  96  3  14  4  100  28  84  62  10  47  67  59  99  68  38  21  92  19  65  26  94  37  11  27  41  23  72  51  32  7  40  85  20  33  83  70  35  90  57  82  1  22  73  91  77  61  87  44  76  15  69  42  71  88  18  49  9  17  97  60  12  34  78  50  54  64  53  46  48  95  86  74  89  55  31  30  25  63  66  8  2  43  79  56
   6  33  69  60  54  96  49  87  32  81  57  23  88  76  17  14  16  59  98  8  12  84  28  50  2  15  95  3  63  44  74  41  20  43  97  86  18  25  51  35  21  39  40  11  80  55  72  77  92  29  79  42  27  22  5  30  61  90  89  71  85  1  75  68  36  47  93  70  91  24  94  13  53  45  65  52  100  78  34  62  58  48  9  66  64  67  26  38  73  7  31  82  37  99  46  4  10  19  83  56
   6  34  58  93  22  91  78  38  47  98  84  72  4  90  5  62  82  27  52  59  65  99  56  48  70  60  37  75  21  18  1  73  77  66  71  32  13  40  92  50  14  12  68  15  85  44  81  55  76  94  95  67  43  8  79  10  23  63  54  3  17  29  97  11  96  39  19  74  49  42  36  2  45  53  31  41  64  26  80  83  100  28  24  35  30  69  88  61  9  51  87  89  33  86  16  57  20  46  25  7
   6  35  7  64  2  36  67  93  8  31  83  65  20  96  3  22  76  37  90  60  68  12  100  94  98  49  9  25  45  32  42  51  84  5  63  66  30  19  21  89  11  97  24  41  4  29  88  23  28  27  77  78  73  38  79  54  91  74  47  61  39  71  69  80  16  13  55  34  1  92  82  95  75  59  99  48  44  50  62  18  10  40  87  26  72  53  46  70  15  33  81  58  43  17  86  52  14  57  85  56
   6  35  19  94  77  62  25  28  96  55  1  90  20  83  97  44  21  72  16  26  17  15  37  98  33  41  54  12  70  38  87  53  23  50  56  91  9  2  79  40  65  93  88  42  43  32  52  34  30  74  95  66  82  7  24  39  76  73  5  46  100  11  81  18  4  57  80  29  85  75  84  86  64  3  68  60  47  89  31  63  14  48  78  51  45  10  92  99  22  61  36  8  13  59  58  69  49  67  71  27
   6  38  5  99  21  32  68  94  23  11  36  26  30  89  25  91  4  59  37  66  14  55  79  29  49  41  24  51  20  93  84  27  70  73  92  44  43  3  19  53  100  61  16  34  47  62  56  18  13  15  95  63  96  2  80  69  33  7  78  90  65  75  71  12  76  10  97  42  64  35  87  46  22  72  52  60  77  50  81  8  17  74  31  28  9  57  58  98  82  48  1  40  85  67  54  39  45  83  88  86
   6  39  83  72  98  16  3  5  60  31  35  49  84  36  75  38  96  93  74  64  80  68  44  82  90  17  37  69  9  8  78  71  12  29  95  26  54  7  61  97  91  13  92  1  52  77  20  15  100  23  73  50  65  70  27  2  51  42  63  41  47  11  57  4  76  45  79  62  21  28  58  59  19  87  67  40  32  94  18  30  14  24  43  46  88  25  86  34  99  85  81  10  55  53  66  48  22  33  89  56
   6  40  31  72  76  69  56  3  20  66  36  38  85  28  52  10  33  18  19  93  14  26  5  67  9  60  97  7  13  53  84  55  30  99  54  57  77  42  78  15  100  27  79  89  21  39  58  50  64  90  95  61  70  29  25  32  45  98  81  35  65  63  16  73  49  91  68  83  82  8  87  75  96  34  92  41  4  94  88  48  17  46  71  2  47  44  24  59  23  86  1  74  22  12  80  62  43  51  37  11
   6  42  92  38  64  44  5  35  43  99  87  3  21  46  19  32  22  53  68  72  100  94  52  61  23  60  16  11  77  34  36  50  47  26  81  62  30  8  56  89  17  18  25  74  13  91  31  15  4  28  95  59  9  63  37  57  96  66  58  2  14  98  80  55  82  69  79  48  33  29  1  7  49  40  78  41  85  90  24  67  65  51  54  75  20  39  71  93  45  12  84  83  76  27  88  10  70  86  97  73
   6  43  59  80  94  96  39  17  12  31  87  33  48  76  47  54  16  49  58  68  92  24  88  70  82  85  65  13  73  84  14  91  40  53  27  86  78  95  1  5  71  29  60  61  100  25  52  7  72  19  69  22  57  2  75  50  11  10  79  21  55  51  45  28  36  77  3  90  41  64  34  23  63  15  35  32  20  38  74  42  18  8  99  66  4  97  26  98  83  37  81  62  67  89  46  44  30  9  93  56
   6  45  97  84  42  36  57  23  88  81  13  75  80  96  33  62  76  27  50  20  48  52  60  14  78  19  79  35  55  72  82  1  4  15  93  66  90  89  71  59  61  87  44  91  24  99  68  53  8  17  67  58  3  18  49  74  41  94  37  11  9  21  39  40  16  43  65  54  51  32  22  5  85  29  69  28  64  10  2  98  70  100  77  26  12  83  46  30  25  63  31  38  73  7  86  92  34  47  95  56
   6  46  16  89  9  69  24  83  64  53  36  74  96  29  54  10  43  94  81  15  14  40  71  73  21  60  56  59  82  90  84  38  22  34  25  57  33  51  88  35  100  26  31  2  49  39  97  3  23  8  95  55  85  12  92  32  77  18  37  48  65  27  5  72  47  91  58  7  20  86  87  61  30  28  80  41  45  42  19  11  17  63  79  67  76  44  68  50  13  66  1  75  70  99  52  62  4  98  78  93
   6  47  35  88  90  76  75  29  64  31  39  17  12  16  19  70  36  5  42  72  4  80  32  58  74  53  93  57  37  60  50  11  68  77  59  46  2  83  41  13  51  45  28  21  48  73  84  99  44  15  65  94  49  34  23  98  71  78  95  1  63  91  33  52  96  9  27  18  61  100  10  87  7  43  3  24  8  82  30  54  22  92  55  86  20  69  66  62  67  89  81  14  79  25  26  40  38  85  97  56
   6  48  81  42  33  62  92  29  30  38  1  8  64  7  56  44  49  89  5  40  17  35  78  18  43  41  25  99  85  74  87  90  13  3  24  91  21  67  31  46  65  15  19  51  4  32  54  28  22  75  95  53  20  59  68  39  9  72  71  63  100  93  37  94  45  57  52  12  96  61  84  66  23  83  58  60  76  2  16  27  14  11  88  98  77  10  80  34  70  55  36  86  82  50  97  69  47  73  79  26
   6  49  73  92  38  16  93  35  40  81  65  59  44  36  5  78  96  83  34  24  60  8  4  2  70  87  7  79  19  48  18  21  32  39  25  26  14  77  11  67  41  3  12  51  72  47  100  45  80  13  63  30  95  50  97  22  1  62  53  91  17  61  27  64  76  75  89  82  71  68  98  69  29  57  37  20  52  54  58  10  74  84  33  46  28  55  86  94  9  15  31  90  85  43  66  88  42  23  99  56
   6  50  80  27  23  57  71  53  4  67  87  18  49  38  81  69  70  11  58  12  100  59  54  46  13  41  5  8  33  73  36  98  76  61  37  39  22  15  24  99  17  7  92  26  82  10  16  66  45  72  95  51  21  74  78  44  30  48  97  34  14  83  52  63  20  32  31  90  43  89  1  42  47  55  88  60  96  93  68  28  65  3  25  40  64  62  79  86  77  2  84  94  9  75  19  91  85  35  56  29
   6  51  80  74  23  44  71  48  4  34  87  83  49  63  81  32  70  90  58  89  100  42  54  55  13  60  5  93  33  28  36  3  76  40  37  62  22  86  24  2  17  94  92  75  82  91  16  35  45  29  95  50  21  27  78  57  30  53  97  67  14  18  52  38  20  69  31  11  43  12  1  59  47  46  88  41  96  8  68  73  65  98  25  61  64  39  79  15  77  99  84  7  9  26  19  10  85  66  56  72
   6  53  81  59  33  39  92  72  30  63  1  93  64  94  56  57  49  12  5  61  17  66  78  83  43  60  25  2  85  27  87  11  13  98  24  10  21  34  31  55  65  86  19  50  4  69  54  73  22  26  95  48  20  42  68  62  9  29  71  38  100  8  37  7  45  44  52  89  96  40  84  35  23  18  58  41  76  99  16  74  14  90  88  3  77  91  80  67  70  46  36  15  82  51  97  32  47  28  79  75
   6  55  16  12  9  32  24  18  64  48  36  27  96  72  54  91  43  7  81  86  14  61  71  28  21  41  56  42  82  11  84  63  22  67  25  44  33  50  88  66  100  75  31  99  49  62  97  98  23  93  95  46  85  89  92  69  77  83  37  53  65  74  5  29  47  10  58  94  20  15  87  40  30  73  80  60  45  59  19  90  17  38  79  34  76  57  68  51  13  35  1  26  70  2  52  39  4  3  78  8
   6  55  87  4  82  36  47  53  68  31  43  85  40  96  63  2  76  17  10  80  28  92  20  34  58  89  49  45  65  12  22  51  24  25  23  66  50  59  21  29  11  77  64  41  44  69  48  83  88  7  57  38  33  98  19  94  91  14  27  61  79  71  9  100  16  73  75  74  1  72  62  15  95  99  39  8  84  70  42  78  30  60  67  26  52  13  46  90  35  93  81  18  3  97  86  32  54  37  5  56
   6  57  25  8  30  76  65  59  44  81  69  27  72  16  49  10  36  95  2  32  84  20  92  78  54  23  63  67  47  100  90  61  88  87  89  46  62  53  91  83  1  35  48  71  68  43  64  29  24  5  55  74  79  14  93  18  21  98  85  51  33  41  3  12  96  39  37  38  11  40  50  97  17  13  73  4  28  42  70  34  82  52  45  86  60  99  66  22  77  19  31  94  9  15  26  80  58  75  7  56
   6  59  63  12  78  16  83  65  20  31  95  69  4  36  35  18  96  73  94  84  40  48  64  22  50  57  77  89  29  88  58  71  52  49  55  26  74  47  61  37  91  93  32  1  92  17  80  75  60  3  53  10  25  30  67  42  51  82  43  41  87  11  97  24  76  5  99  2  21  8  38  79  39  27  7  100  72  14  98  90  34  44  23  46  68  85  86  54  19  45  81  70  15  33  66  28  62  13  9  56
   6  59  92  63  64  57  5  66  43  2  87  98  21  55  19  69  22  48  68  29  100  7  52  40  23  41  16  90  77  67  36  51  47  75  81  39  30  93  56  12  17  83  25  27  13  10  31  86  4  73  95  42  9  38  37  44  96  35  58  99  14  3  80  46  82  32  79  53  33  72  1  94  49  61  78  60  85  11  24  34  65  50  54  26  20  62  71  8  45  89  84  18  76  74  88  91  70  15  97  28
   6  61  31  29  76  32  56  98  20  35  36  63  85  73  52  91  33  83  19  8  14  75  5  34  9  41  97  94  13  48  84  46  30  2  54  44  77  59  78  86  100  74  79  12  21  62  58  51  64  11  95  40  70  72  25  69  45  3  81  66  65  38  16  28  49  10  68  18  82  93  87  26  96  67  92  60  4  7  88  53  17  55  71  99  47  57  24  42  23  15  1  27  22  89  80  39  43  50  37  90
   6  63  5  2  21  69  68  7  23  90  36  75  30  12  25  10  4  42  37  35  14  46  79  72  49  60  24  50  20  8  84  74  70  28  92  57  43  98  19  48  100  40  16  67  47  39  56  83  13  86  95  38  96  99  80  32  33  94  78  11  65  26  71  89  76  91  97  59  64  66  87  55  22  29  52  41  77  51  81  93  17  27  31  73  9  44  58  3  82  53  1  61  85  34  54  62  45  18  88  15
   6  63  39  20  74  96  19  77  72  31  47  53  68  76  7  34  16  29  78  88  52  4  8  10  42  25  5  33  93  64  94  91  80  73  87  86  98  35  1  45  71  9  100  61  40  65  12  67  32  99  49  82  17  62  15  90  11  50  59  21  95  51  85  48  36  37  23  30  41  44  14  43  83  55  75  92  60  58  54  2  38  28  79  66  84  57  26  18  3  97  81  22  27  69  46  24  70  89  13  56
   6  65  77  24  22  36  37  83  48  81  73  95  100  96  93  42  76  7  70  40  8  32  80  54  38  59  19  55  75  52  62  1  44  35  53  66  10  29  71  99  61  67  84  91  64  39  28  13  68  97  47  18  63  78  89  14  41  34  17  11  49  21  79  60  16  3  85  94  51  12  2  25  5  69  9  88  4  30  82  58  90  20  57  26  92  43  46  50  45  23  31  98  33  87  86  72  74  27  15  56
   6  66  19  7  77  39  25  73  96  46  1  11  20  18  97  57  21  29  16  75  17  86  37  3  33  60  54  89  70  63  87  48  23  51  56  10  9  99  79  61  65  8  88  59  43  69  52  67  30  27  95  35  82  94  24  62  76  28  5  55  100  90  81  83  4  44  80  72  85  26  84  15  64  98  68  41  47  12  31  38  14  53  78  50  45  91  92  2  22  40  36  93  13  42  58  32  49  34  71  74
   6  67  15  28  70  76  55  89  24  31  99  37  32  16  79  50  36  85  62  92  64  60  52  98  34  93  33  77  57  40  30  11  8  97  19  46  22  23  41  53  51  25  68  21  88  13  44  59  4  95  45  54  9  94  63  38  71  18  75  1  3  91  73  72  96  69  47  58  61  80  90  7  27  83  43  84  48  2  10  14  42  12  35  86  100  29  66  82  87  49  81  74  39  5  26  20  78  65  17  56
   6  67  58  8  22  10  78  63  47  3  84  29  4  11  5  39  82  74  52  42  65  2  56  53  70  41  37  26  21  83  1  28  77  35  71  69  13  61  92  51  14  89  68  86  85  57  81  46  76  7  95  34  43  93  79  91  23  38  54  98  17  72  97  90  96  62  19  27  49  59  36  99  45  48  31  60  64  75  80  18  100  73  24  66  30  32  88  40  9  50  87  12  33  15  16  44  20  55  25  94
   6  69  53  32  18  16  73  95  100  81  25  79  64  36  65  58  96  63  54  44  20  88  24  42  30  27  47  99  39  28  98  21  72  59  85  26  34  17  11  7  41  83  52  51  12  87  60  5  40  93  43  90  55  10  37  62  1  2  33  91  57  61  67  84  76  35  9  22  71  48  78  89  49  97  77  80  92  74  38  70  94  4  13  46  8  15  86  14  29  75  31  50  45  23  66  68  82  3  19  56
   6  72  56  66  85  10  19  26  9  7  84  99  77  15  79  39  64  61  25  98  65  73  68  8  96  41  88  46  47  59  1  12  43  11  31  69  20  38  52  18  14  67  97  53  30  57  78  27  21  50  95  29  45  35  16  91  82  75  92  94  17  2  24  86  22  62  37  40  76  3  36  28  33  93  5  60  13  55  54  42  100  89  58  90  70  32  81  63  49  83  87  34  4  48  71  44  23  74  80  51
   6  73  29  40  14  96  9  7  52  81  77  63  28  76  37  74  16  19  38  48  32  44  68  30  22  95  75  43  3  4  34  41  100  83  17  86  58  5  51  15  21  99  20  11  60  35  92  97  12  89  39  62  47  42  85  10  61  70  49  71  65  1  55  8  36  67  33  50  91  84  54  53  93  25  45  72  80  18  94  82  98  88  69  66  24  87  26  78  13  27  31  2  57  59  46  64  90  79  23  56
   6  73  97  86  70  10  88  27  76  83  84  12  45  93  71  39  20  75  54  51  65  67  24  90  85  41  78  40  49  7  1  29  33  48  79  69  82  55  80  98  14  2  58  66  96  57  37  63  9  59  95  28  4  15  31  91  13  74  25  18  17  89  56  8  30  62  81  26  47  50  36  34  77  11  16  60  23  61  52  94  100  72  68  53  22  32  19  46  21  3  87  99  43  35  5  44  64  38  92  42
   6  74  71  34  49  32  58  42  13  93  36  40  22  2  92  91  45  50  78  53  14  38  31  12  47  41  68  98  64  15  84  26  85  72  80  44  4  83  81  90  100  55  5  28  76  62  24  94  82  35  95  27  30  67  52  69  43  59  88  8  65  61  79  99  9  10  56  51  23  48  87  63  70  89  54  60  33  3  37  86  17  75  16  29  21  57  97  18  20  11  1  46  96  73  25  39  77  7  19  66
   6  75  67  44  62  36  27  13  28  31  3  5  60  96  23  82  76  97  30  100  88  72  40  74  18  29  89  65  85  92  2  51  64  45  83  66  70  99  21  69  11  57  4  41  84  9  8  43  48  87  37  98  93  58  59  34  91  54  7  61  19  71  49  20  16  33  95  14  1  52  42  35  15  39  79  68  24  90  22  38  50  80  47  26  32  73  46  10  55  53  81  78  63  77  86  12  94  17  25  56
   6  75  79  28  47  32  97  51  82  15  36  46  70  67  80  91  77  3  88  90  14  74  16  99  76  41  58  18  23  35  84  40  96  89  52  44  45  7  37  8  100  38  71  29  9  62  68  42  20  48  95  26  22  73  54  69  4  50  19  86  65  55  31  34  21  10  24  98  13  11  87  27  85  2  25  60  43  83  78  66  17  61  5  12  49  57  56  94  64  93  1  63  30  72  92  39  33  59  81  53
   6  77  5  48  10  76  45  19  4  81  29  47  92  16  9  90  36  75  22  52  44  100  12  18  14  63  3  87  67  80  70  61  28  7  49  46  82  93  91  23  1  15  88  71  8  83  24  89  84  85  35  34  39  74  33  58  21  38  65  51  73  41  43  32  96  99  57  78  11  20  30  17  37  53  13  64  68  62  50  94  2  72  25  86  40  59  66  42  97  79  31  54  69  95  26  60  98  55  27  56
   6  79  43  52  58  16  63  25  80  31  55  89  24  36  95  98  96  53  14  4  100  28  84  62  10  97  17  9  49  68  38  71  92  69  15  26  94  87  61  77  91  73  72  1  32  57  40  35  20  83  33  70  85  90  7  82  51  22  23  41  27  11  37  44  76  65  19  42  21  88  18  99  59  67  47  60  12  34  78  50  54  64  3  46  48  45  86  74  39  5  81  30  75  13  66  8  2  93  29  56
   6  83  19  60  54  96  99  37  32  31  7  73  88  76  67  14  16  9  98  8  12  84  28  50  2  65  45  53  13  44  74  91  20  93  47  86  18  75  1  85  71  89  40  61  80  5  72  27  92  79  29  42  77  22  55  30  11  90  39  21  35  51  25  68  36  97  43  70  41  24  94  63  3  95  15  52  100  78  34  62  58  48  59  66  64  17  26  38  23  57  81  82  87  49  46  4  10  69  33  56
   6  85  57  64  2  36  17  43  8  81  33  15  20  96  53  22  76  87  90  60  68  12  100  94  98  99  59  75  95  32  42  1  84  55  13  66  30  69  71  39  61  47  24  91  4  79  88  73  28  77  27  78  23  38  29  54  41  74  97  11  89  21  19  80  16  63  5  34  51  92  82  45  25  9  49  48  44  50  62  18  10  40  37  26  72  3  46  70  65  83  31  58  93  67  86  52  14  7  35  56
   6  86  88  83  45  39  54  67  85  40  1  48  82  98  58  57  9  28  31  74  17  8  81  50  77  60  52  72  22  46  87  35  64  42  97  10  76  12  71  75  65  90  78  7  33  69  80  2  96  63  95  15  13  18  56  62  47  34  16  61  100  53  19  3  43  44  92  73  70  27  84  93  20  51  24  41  49  29  79  55  14  66  37  59  4  91  25  89  30  26  36  11  23  94  68  32  21  99  5  38
   6  89  33  72  98  16  53  55  60  81  85  99  84  36  25  38  96  43  74  64  80  68  44  82  90  67  87  19  59  8  78  21  12  79  45  26  54  57  11  47  41  63  92  51  52  27  20  65  100  73  23  50  15  70  77  2  1  42  13  91  97  61  7  4  76  95  29  62  71  28  58  9  69  37  17  40  32  94  18  30  14  24  93  46  88  75  86  34  49  35  31  10  5  3  66  48  22  83  39  56
   6  90  37  50  43  39  80  89  22  27  1  15  23  42  24  57  47  99  71  55  17  53  88  7  4  60  92  67  96  26  87  93  82  18  68  10  49  28  16  38  65  66  81  3  45  69  25  72  70  40  95  11  64  51  58  62  21  12  79  74  100  86  78  59  77  44  54  2  30  46  84  48  13  94  97  41  9  34  5  75  14  8  19  83  33  91  52  73  85  63  36  35  20  98  56  32  76  29  31  61
   6  93  9  80  94  96  89  67  12  81  37  83  48  76  97  54  16  99  58  68  92  24  88  70  82  35  15  63  23  84  14  41  40  3  77  86  78  45  51  55  21  79  60  11  100  75  52  57  72  69  19  22  7  2  25  50  61  10  29  71  5  1  95  28  36  27  53  90  91  64  34  73  13  65  85  32  20  38  74  42  18  8  49  66  4  47  26  98  33  87  31  62  17  39  46  44  30  59  43  56
   6  93  78  98  4  62  52  99  70  75  1  66  13  50  68  44  76  67  79  63  17  11  19  42  45  41  80  28  30  61  87  86  20  7  58  91  47  72  5  27  65  48  37  18  77  32  92  12  85  55  95  8  23  3  97  39  49  2  31  26  100  35  88  51  33  57  25  34  22  38  84  90  82  59  56  60  21  73  71  40  14  15  81  94  43  10  54  29  96  74  36  53  64  83  24  69  9  89  16  46
   6  94  25  55  20  44  16  15  33  12  87  50  9  40  88  32  30  66  24  73  100  18  80  75  64  60  31  48  45  99  36  59  49  27  19  62  96  90  97  72  17  98  54  38  23  91  79  93  43  34  95  7  76  46  81  57  85  86  68  89  14  51  92  61  13  69  71  35  77  28  1  83  21  26  37  41  70  53  56  2  65  42  52  74  82  39  5  11  4  29  84  3  47  63  78  10  22  8  58  67
   6  95  47  84  42  36  7  73  88  31  63  25  80  96  83  62  76  77  50  20  48  52  60  14  78  69  29  85  5  72  82  51  4  65  43  66  90  39  21  9  11  37  44  41  24  49  68  3  8  67  17  58  53  18  99  74  91  94  87  61  59  71  89  40  16  93  15  54  1  32  22  55  35  79  19  28  64  10  2  98  70  100  27  26  12  33  46  30  75  13  81  38  23  57  86  92  34  97  45  56
   6  97  85  88  90  76  25  79  64  81  89  67  12  16  69  70  36  55  42  72  4  80  32  58  74  3  43  7  87  60  50  61  68  27  9  46  2  33  91  63  1  95  28  71  48  23  84  49  44  65  15  94  99  34  73  98  21  78  45  51  13  41  83  52  96  59  77  18  11  100  10  37  57  93  53  24  8  82  30  54  22  92  5  86  20  19  66  62  17  39  31  14  29  75  26  40  38  35  47  56
   6  98  52  75  13  44  79  11  45  28  87  7  47  27  37  32  85  8  97  2  100  51  25  38  82  60  71  15  43  29  36  83  9  46  78  62  70  66  68  67  17  42  80  61  20  91  5  48  77  12  95  3  49  26  88  57  22  90  56  73  14  94  54  74  64  69  16  93  4  99  1  50  76  63  19  41  30  86  58  72  65  18  92  55  23  39  31  35  33  34  84  59  21  40  81  10  96  53  24  89
   6  99  23  92  38  16  43  85  40  31  15  9  44  36  55  78  96  33  34  24  60  8  4  2  70  37  57  29  69  48  18  71  32  89  75  26  14  27  61  17  91  53  12  1  72  97  100  95  80  63  13  30  45  50  47  22  51  62  3  41  67  11  77  64  76  25  39  82  21  68  98  19  79  7  87  20  52  54  58  10  74  84  83  46  28  5  86  94  59  65  81  90  35  93  66  88  42  73  49  56
   6  99  68  11  30  91  37  55  49  51  84  73  43  53  16  62  13  63  80  7  65  12  97  35  22  60  81  74  9  98  1  67  45  86  5  32  23  26  25  59  14  29  24  93  70  44  19  61  47  18  95  2  33  90  71  10  64  46  52  50  17  28  58  48  85  39  88  38  21  94  36  89  4  66  79  41  20  27  92  3  100  34  56  15  96  69  78  75  76  42  87  72  77  8  31  57  82  40  54  83
   7  4  60  92  67  96  26  87  93  82  18  68  10  49  28  16  38  65  66  81  3  45  69  25  72  70  40  95  11  64  51  58  62  21  12  79  74  100  86  78  59  77  44  54  2  30  46  84  48  13  94  97  41  9  34  5  75  14  8  19  83  33  91  52  73  85  63  36  35  20  98  56  32  76  29  31  61  6  90  37  50  43  39  80  89  22  27  1  15  23  42  24  57  47  99  71  55  17  53  88
   7  6  34  58  93  22  91  78  38  47  98  84  72  4  90  5  62  82  27  52  59  65  99  56  48  70  60  37  75  21  18  1  73  77  66  71  32  13  40  92  50  14  12  68  15  85  44  81  55  76  94  95  67  43  8  79  10  23  63  54  3  17  29  97  11  96  39  19  74  49  42  36  2  45  53  31  41  64  26  80  83  100  28  24  35  30  69  88  61  9  51  87  89  33  86  16  57  20  46  25
   7  6  38  5  83  37  98  4  69  82  94  36  41  97  14  3  77  68  11  81  29  93  21  35  59  40  100  96  16  13  23  2  25  76  74  67  51  10  72  80  62  28  65  92  45  20  49  34  89  58  8  39  84  99  70  95  42  15  78  12  30  22  60  1  17  24  26  75  52  73  63  66  46  50  90  9  85  71  43  79  31  61  18  27  53  64  47  91  86  44  32  19  54  48  87  33  55  88  56  57
   7  8  76  9  31  77  16  10  45  32  20  78  73  17  100  11  37  46  3  33  85  21  93  79  55  74  14  18  98  1  91  12  89  38  40  47  63  4  42  34  52  86  49  22  69  94  65  80  25  56  6  75  30  15  44  19  72  99  36  2  84  92  54  13  97  90  88  39  62  41  51  48  68  64  24  5  29  43  71  35  83  53  96  87  61  50  67  23  28  70  82  95  60  66  27  81  59  26  58  57
   7  9  26  19  10  85  66  56  72  6  51  80  74  23  44  71  48  4  34  87  83  49  63  81  32  70  90  58  89  100  42  54  55  13  60  5  93  33  28  36  3  76  40  37  62  22  86  24  2  17  94  92  75  82  91  16  35  45  29  95  50  21  27  78  57  30  53  97  67  14  18  52  38  20  69  31  11  43  12  1  59  47  46  88  41  96  8  68  73  65  98  25  61  64  39  79  15  77  99  84
   7  10  14  13  79  17  34  16  21  82  46  20  5  37  86  19  97  24  95  85  41  49  65  23  51  8  28  40  80  89  59  22  53  100  6  27  75  98  12  88  42  44  33  52  93  68  81  26  61  54  4  11  76  31  18  43  2  83  94  92  38  62  48  25  77  56  50  3  72  9  39  30  90  78  58  1  73  15  99  91  35  45  74  47  69  36  87  55  70  96  32  71  66  84  67  29  63  64  60  57
   7  14  28  56  11  22  44  88  75  49  98  95  89  77  53  5  10  20  40  80  59  17  34  68  35  70  39  78  55  9  18  36  72  43  86  71  41  82  63  25  50  100  99  97  93  85  69  37  74  47  94  87  73  45  90  79  57  13  26  52  3  6  12  24  48  96  91  81  61  21  42  84  67  33  66  31  62  23  46  92  83  65  29  58  15  30  60  19  38  76  51  1  2  4  8  16  32  64  27  54
   7  14  90  21  75  97  70  28  73  82  98  4  69  77  58  35  17  80  79  89  53  5  9  11  43  76  56  84  44  65  95  42  81  24  38  87  99  86  52  96  22  60  1  12  41  16  13  18  33  50  100  83  68  63  66  91  62  51  10  72  46  2  36  49  37  88  74  31  92  45  15  94  34  6  26  93  61  59  55  3  39  29  30  67  85  8  27  19  54  48  32  23  78  20  47  25  71  40  64  57
   7  16  28  25  23  37  88  34  49  32  24  46  1  97  44  43  77  58  71  41  9  33  81  55  39  10  70  6  26  53  63  52  45  86  4  67  11  80  22  50  12  18  85  42  65  90  29  64  69  48  98  19  14  79  40  15  92  35  68  62  100  72  30  61  17  54  36  95  2  13  3  76  56  20  60  89  5  31  83  59  91  21  8  27  93  94  47  51  96  74  82  99  84  38  87  73  75  78  66  57
   7  17  99  24  15  22  39  37  61  76  98  36  73  33  8  5  41  13  46  54  59  100  12  58  11  70  69  81  38  49  18  87  67  4  53  71  57  23  27  80  50  6  29  56  35  85  91  19  75  9  94  84  2  77  86  79  62  64  40  25  3  65  28  68  93  96  60  88  55  47  42  1  89  43  90  31  32  20  63  52  83  14  34  97  48  30  44  78  74  21  51  95  72  45  66  16  10  82  26  92
   7  18  66  29  71  77  6  40  25  82  50  88  33  17  30  51  37  36  63  93  65  61  53  99  35  44  84  28  8  41  31  62  9  48  70  47  23  74  92  4  2  76  69  72  89  64  45  10  5  46  96  55  60  95  14  39  22  19  26  52  54  42  24  73  97  20  98  59  12  81  91  58  78  34  94  85  49  3  11  15  43  13  86  87  1  80  67  83  38  100  32  75  90  56  27  21  79  16  68  57
   7  19  66  6  74  71  34  49  32  58  42  13  93  36  40  22  2  92  91  45  50  78  53  14  38  31  12  47  41  68  98  64  15  84  26  85  72  80  44  4  83  81  90  100  55  5  28  76  62  24  94  82  35  95  27  30  67  52  69  43  59  88  8  65  61  79  99  9  10  56  51  23  48  87  63  70  89  54  60  33  3  37  86  17  75  16  29  21  57  97  18  20  11  1  46  96  73  25  39  77
   7  20  4  33  19  17  24  46  1  32  76  30  65  37  16  59  97  14  55  45  21  89  25  43  31  78  98  50  90  29  99  72  73  10  36  27  35  68  62  58  92  34  53  2  13  38  61  56  41  44  94  91  6  11  88  63  52  3  84  42  8  12  18  85  77  86  60  23  22  49  79  40  100  48  28  81  93  75  39  71  95  5  64  47  9  66  87  15  80  26  82  51  96  74  67  69  83  54  70  57
   7  20  86  87  61  30  28  80  41  45  42  19  11  17  63  79  67  76  44  68  50  13  66  1  75  70  99  52  62  4  98  78  93  6  46  16  89  9  69  24  83  64  53  36  74  96  29  54  10  43  94  81  15  14  40  71  73  21  60  56  59  82  90  84  38  22  34  25  57  33  51  88  35  100  26  31  2  49  39  97  3  23  8  95  55  85  12  92  32  77  18  37  48  65  27  5  72  47  91  58
   7  21  63  88  62  85  53  58  73  17  51  52  55  64  91  71  11  33  99  95  83  47  40  19  57  70  8  24  72  14  42  25  75  23  69  5  15  45  34  1  3  9  27  81  41  22  66  97  89  65  94  80  38  13  39  16  48  43  28  84  50  49  46  37  10  30  90  68  2  6  18  54  61  82  44  31  93  77  29  87  59  76  26  78  32  96  86  56  67  100  98  92  74  20  60  79  35  4  12  36
   7  23  90  36  75  30  12  25  10  4  42  37  35  14  46  79  72  49  60  24  50  20  8  84  74  70  28  92  57  43  98  19  48  100  40  16  67  47  39  56  83  13  86  95  38  96  99  80  32  33  94  78  11  65  26  71  89  76  91  97  59  64  66  87  55  22  29  52  41  77  51  81  93  17  27  31  73  9  44  58  3  82  53  1  61  85  34  54  62  45  18  88  15  6  63  5  2  21  69  68
   7  24  39  76  73  5  46  100  11  81  18  4  57  80  29  85  75  84  86  64  3  68  60  47  89  31  63  14  48  78  51  45  10  92  99  22  61  36  8  13  59  58  69  49  67  71  27  6  35  19  94  77  62  25  28  96  55  1  90  20  83  97  44  21  72  16  26  17  15  37  98  33  41  54  12  70  38  87  53  23  50  56  91  9  2  79  40  65  93  88  42  43  32  52  34  30  74  95  66  82
   7  24  80  41  15  97  60  58  53  32  28  14  29  77  88  75  17  70  39  49  33  45  69  31  23  46  26  94  54  5  35  92  1  34  68  87  59  56  2  66  72  50  21  62  61  86  93  48  13  40  90  63  98  43  36  11  12  71  100  22  16  52  6  9  37  18  84  51  42  85  55  4  44  76  96  73  81  19  95  83  99  89  20  67  25  38  27  79  64  78  82  3  8  10  47  65  91  30  74  57
   7  26  18  45  63  37  78  64  29  82  54  56  61  97  74  83  77  48  31  1  89  73  41  75  19  80  40  16  36  93  3  2  65  96  34  67  71  50  72  20  62  8  5  92  85  60  9  94  49  38  88  99  44  59  10  35  42  55  58  12  70  22  100  21  17  84  46  15  52  53  43  86  66  90  30  69  25  91  23  39  51  81  98  27  33  24  47  11  6  4  32  79  14  28  87  13  95  68  76  57
   7  28  56  49  11  77  96  70  5  32  80  98  93  17  60  91  37  26  23  53  45  1  13  19  15  14  54  38  18  81  71  12  29  58  100  47  83  44  42  74  52  66  89  22  9  34  25  40  85  36  86  35  90  75  84  59  72  39  16  2  24  92  94  33  97  50  8  79  62  21  31  68  88  4  64  65  69  63  51  95  3  73  76  87  41  10  67  43  48  30  82  55  20  46  27  61  99  6  78  57
   7  30  94  53  59  17  14  76  81  82  6  40  25  37  46  99  97  4  15  5  1  29  85  63  11  48  68  60  100  69  39  22  93  20  66  27  95  38  12  28  42  24  73  52  33  8  41  86  21  34  84  71  36  91  58  83  2  23  74  92  78  62  88  45  77  16  70  43  72  89  19  50  10  18  98  61  13  35  79  51  55  65  54  47  49  96  87  75  90  56  32  31  26  64  67  9  3  44  80  57
   7  33  69  80  2  96  63  95  15  13  18  56  62  47  34  16  61  100  53  19  3  43  44  92  73  70  27  84  93  20  51  24  41  49  29  79  55  14  66  37  59  4  91  25  89  30  26  36  11  23  94  68  32  21  99  5  38  6  86  88  83  45  39  54  67  85  40  1  48  82  98  58  57  9  28  31  74  17  8  81  50  77  60  52  72  22  46  87  35  64  42  97  10  76  12  71  75  65  90  78
   7  34  70  61  55  97  50  88  33  82  58  24  89  77  18  15  17  60  99  9  13  85  29  51  3  16  96  4  64  45  75  42  21  44  98  87  19  26  52  36  22  40  41  12  81  56  73  78  93  30  80  43  28  23  6  31  62  91  90  72  86  2  76  69  37  48  94  71  92  25  95  14  54  46  66  53  1  79  35  63  59  49  10  67  65  68  27  39  74  8  32  83  38  100  47  5  11  20  84  57
   7  36  8  65  3  37  68  94  9  32  84  66  21  97  4  23  77  38  91  61  69  13  1  95  99  50  10  26  46  33  43  52  85  6  64  67  31  20  22  90  12  98  25  42  5  30  89  24  29  28  78  79  74  39  80  55  92  75  48  62  40  72  70  81  17  14  56  35  2  93  83  96  76  60  100  49  45  51  63  19  11  41  88  27  73  54  47  71  16  34  82  59  44  18  87  53  15  58  86  57
   7  36  12  4  35  79  60  20  74  92  98  100  67  56  86  96  32  78  26  76  59  87  29  77  93  31  44  82  61  54  18  6  2  68  90  30  10  37  46  49  50  84  28  43  48  16  39  13  38  80  94  65  89  97  66  22  41  81  27  9  3  1  34  45  15  5  69  23  75  25  42  14  72  24  8  70  57  19  40  47  83  95  99  33  11  71  91  64  55  52  51  17  73  58  53  85  62  88  63  21
   7  40  84  73  99  17  4  6  61  32  36  50  85  37  76  39  97  94  75  65  81  69  45  83  91  18  38  70  10  9  79  72  13  30  96  27  55  8  62  98  92  14  93  2  53  78  21  16  1  24  74  51  66  71  28  3  52  43  64  42  48  12  58  5  77  46  80  63  22  29  59  60  20  88  68  41  33  95  19  31  15  25  44  47  89  26  87  35  100  86  82  11  56  54  67  49  23  34  90  57
   7  43  91  54  72  96  27  36  48  64  18  24  32  9  12  16  55  6  8  78  3  4  39  52  2  70  26  1  35  13  51  68  57  76  34  79  38  17  90  19  59  45  60  80  73  30  40  87  15  20  94  58  10  47  29  5  74  65  53  37  83  77  69  92  89  85  46  95  93  23  98  97  62  49  99  31  75  100  66  88  50  33  44  25  67  22  63  84  11  82  42  56  41  21  28  71  61  14  86  81
   7  44  60  81  95  97  40  18  13  32  88  34  49  77  48  55  17  50  59  69  93  25  89  71  83  86  66  14  74  85  15  92  41  54  28  87  79  96  2  6  72  30  61  62  1  26  53  8  73  20  70  23  58  3  76  51  12  11  80  22  56  52  46  29  37  78  4  91  42  65  35  24  64  16  36  33  21  39  75  43  19  9  100  67  5  98  27  99  84  38  82  63  68  90  47  45  31  10  94  57
   7  46  98  85  43  37  58  24  89  82  14  76  81  97  34  63  77  28  51  21  49  53  61  15  79  20  80  36  56  73  83  2  5  16  94  67  91  90  72  60  62  88  45  92  25  100  69  54  9  18  68  59  4  19  50  75  42  95  38  12  10  22  40  41  17  44  66  55  52  33  23  6  86  30  70  29  65  11  3  99  71  1  78  27  13  84  47  31  26  64  32  39  74  8  87  93  35  48  96  57
   7  47  27  37  32  85  8  97  2  100  51  25  38  82  60  71  15  43  29  36  83  9  46  78  62  70  66  68  67  17  42  80  61  20  91  5  48  77  12  95  3  49  26  88  57  22  90  56  73  14  94  54  74  64  69  16  93  4  99  1  50  76  63  19  41  30  86  58  72  65  18  92  55  23  39  31  35  33  34  84  59  21  40  81  10  96  53  24  89  6  98  52  75  13  44  79  11  45  28  87
   7  48  36  89  91  77  76  30  65  32  40  18  13  17  20  71  37  6  43  73  5  81  33  59  75  54  94  58  38  61  51  12  69  78  60  47  3  84  42  14  52  46  29  22  49  74  85  100  45  16  66  95  50  35  24  99  72  79  96  2  64  92  34  53  97  10  28  19  62  1  11  88  8  44  4  25  9  83  31  55  23  93  56  87  21  70  67  63  68  90  82  15  80  26  27  41  39  86  98  57
   7  54  27  64  32  16  8  4  2  1  51  76  38  19  60  30  15  58  29  65  83  92  46  23  62  31  66  33  67  84  42  21  61  81  91  96  48  24  12  6  3  52  26  13  57  79  90  45  73  87  94  47  74  37  69  85  93  97  99  100  50  25  63  82  41  71  86  43  72  36  18  9  55  78  39  70  35  68  34  17  59  80  40  20  10  5  53  77  89  95  98  49  75  88  44  22  11  56  28  14
   7  56  88  5  83  37  48  54  69  32  44  86  41  97  64  3  77  18  11  81  29  93  21  35  59  90  50  46  66  13  23  52  25  26  24  67  51  60  22  30  12  78  65  42  45  70  49  84  89  8  58  39  34  99  20  95  92  15  28  62  80  72  10  1  17  74  76  75  2  73  63  16  96  100  40  9  85  71  43  79  31  61  68  27  53  14  47  91  36  94  82  19  4  98  87  33  55  38  6  57
   7  58  26  9  31  77  66  60  45  82  70  28  73  17  50  11  37  96  3  33  85  21  93  79  55  24  64  68  48  1  91  62  89  88  90  47  63  54  92  84  2  36  49  72  69  44  65  30  25  6  56  75  80  15  94  19  22  99  86  52  34  42  4  13  97  40  38  39  12  41  51  98  18  14  74  5  29  43  71  35  83  53  46  87  61  100  67  23  78  20  32  95  10  16  27  81  59  76  8  57
   7  58  91  47  72  5  27  65  48  37  18  77  32  92  12  85  55  95  8  23  3  97  39  49  2  31  26  100  35  88  51  33  57  25  34  22  38  84  90  82  59  56  60  21  73  71  40  14  15  81  94  43  10  54  29  96  74  36  53  64  83  24  69  9  89  16  46  6  93  78  98  4  62  52  99  70  75  1  66  13  50  68  44  76  67  79  63  17  11  19  42  45  41  80  28  30  61  87  86  20
   7  60  64  13  79  17  84  66  21  32  96  70  5  37  36  19  97  74  95  85  41  49  65  23  51  58  78  90  30  89  59  72  53  50  56  27  75  48  62  38  92  94  33  2  93  18  81  76  61  4  54  11  26  31  68  43  52  83  44  42  88  12  98  25  77  6  100  3  22  9  39  80  40  28  8  1  73  15  99  91  35  45  24  47  69  86  87  55  20  46  82  71  16  34  67  29  63  14  10  57
   7  64  40  21  75  97  20  78  73  32  48  54  69  77  8  35  17  30  79  89  53  5  9  11  43  26  6  34  94  65  95  92  81  74  88  87  99  36  2  46  72  10  1  62  41  66  13  68  33  100  50  83  18  63  16  91  12  51  60  22  96  52  86  49  37  38  24  31  42  45  15  44  84  56  76  93  61  59  55  3  39  29  80  67  85  58  27  19  4  98  82  23  28  70  47  25  71  90  14  57
   7  65  12  97  35  22  60  81  74  9  98  1  67  45  86  5  32  23  26  25  59  14  29  24  93  70  44  19  61  47  18  95  2  33  90  71  10  64  46  52  50  17  28  58  48  85  39  88  38  21  94  36  89  4  66  79  41  20  27  92  3  100  34  56  15  96  69  78  75  76  42  87  72  77  8  31  57  82  40  54  83  6  99  68  11  30  91  37  55  49  51  84  73  43  53  16  62  13  63  80
   7  66  78  25  23  37  38  84  49  82  74  96  1  97  94  43  77  8  71  41  9  33  81  55  39  60  20  56  76  53  63  2  45  36  54  67  11  30  72  100  62  68  85  92  65  40  29  14  69  98  48  19  64  79  90  15  42  35  18  12  50  22  80  61  17  4  86  95  52  13  3  26  6  70  10  89  5  31  83  59  91  21  58  27  93  44  47  51  46  24  32  99  34  88  87  73  75  28  16  57
   7  68  16  29  71  77  56  90  25  32  100  38  33  17  80  51  37  86  63  93  65  61  53  99  35  94  34  78  58  41  31  12  9  98  20  47  23  24  42  54  52  26  69  22  89  14  45  60  5  96  46  55  10  95  64  39  72  19  76  2  4  92  74  73  97  70  48  59  62  81  91  8  28  84  44  85  49  3  11  15  43  13  36  87  1  30  67  83  88  50  82  75  40  6  27  21  79  66  18  57
   7  68  69  21  2  5  63  6  15  88  18  45  62  54  34  85  61  1  53  82  3  58  44  9  73  31  27  17  93  81  51  77  41  52  29  22  55  87  66  64  59  97  91  76  89  71  26  65  11  78  94  33  32  80  99  96  38  95  86  13  83  56  39  47  67  16  40  100  48  19  98  43  57  92  28  70  74  84  8  20  50  24  60  49  72  79  46  14  35  37  42  4  10  25  12  30  75  36  90  23
   7  70  54  33  19  17  74  96  1  82  26  80  65  37  66  59  97  64  55  45  21  89  25  43  31  28  48  100  40  29  99  22  73  60  86  27  35  18  12  8  42  84  53  52  13  88  61  6  41  94  44  91  56  11  38  63  2  3  34  92  58  62  68  85  77  36  10  23  72  49  79  90  50  98  78  81  93  75  39  71  95  5  14  47  9  16  87  15  30  76  32  51  46  24  67  69  83  4  20  57
   7  74  30  41  15  97  10  8  53  82  78  64  29  77  38  75  17  20  39  49  33  45  69  31  23  96  76  44  4  5  35  42  1  84  18  87  59  6  52  16  22  100  21  12  61  36  93  98  13  90  40  63  48  43  86  11  62  71  50  72  66  2  56  9  37  68  34  51  92  85  55  54  94  26  46  73  81  19  95  83  99  89  70  67  25  88  27  79  14  28  32  3  58  60  47  65  91  80  24  57
   7  76  68  45  63  37  28  14  29  32  4  6  61  97  24  83  77  98  31  1  89  73  41  75  19  30  90  66  86  93  3  52  65  46  84  67  71  100  22  70  12  58  5  42  85  10  9  44  49  88  38  99  94  59  60  35  92  55  8  62  20  72  50  21  17  34  96  15  2  53  43  36  16  40  80  69  25  91  23  39  51  81  48  27  33  74  47  11  56  54  82  79  64  78  87  13  95  18  26  57
   7  77  39  25  73  96  46  1  11  20  18  97  57  21  29  16  75  17  86  37  3  33  60  54  89  70  63  87  48  23  51  56  10  9  99  79  61  65  8  88  59  43  69  52  67  30  27  95  35  82  94  24  62  76  28  5  55  100  90  81  83  4  44  80  72  85  26  84  15  64  98  68  41  47  12  31  38  14  53  78  50  45  91  92  2  22  40  36  93  13  42  58  32  49  34  71  74  6  66  19
   7  78  6  49  11  77  46  20  5  82  30  48  93  17  10  91  37  76  23  53  45  1  13  19  15  64  4  88  68  81  71  62  29  8  50  47  83  94  92  24  2  16  89  72  9  84  25  90  85  86  36  35  40  75  34  59  22  39  66  52  74  42  44  33  97  100  58  79  12  21  31  18  38  54  14  65  69  63  51  95  3  73  26  87  41  60  67  43  98  80  32  55  70  96  27  61  99  56  28  57
   7  78  90  65  75  71  12  76  10  97  42  64  35  87  46  22  72  52  60  77  50  81  8  17  74  31  28  9  57  58  98  82  48  1  40  85  67  54  39  45  83  88  86  6  38  5  99  21  32  68  94  23  11  36  26  30  89  25  91  4  59  37  66  14  55  79  29  49  41  24  51  20  93  84  27  70  73  92  44  43  3  19  53  100  61  16  34  47  62  56  18  13  15  95  63  96  2  80  69  33
   7  80  44  53  59  17  64  26  81  32  56  90  25  37  96  99  97  54  15  5  1  29  85  63  11  98  18  10  50  69  39  72  93  70  16  27  95  88  62  78  92  74  73  2  33  58  41  36  21  84  34  71  86  91  8  83  52  23  24  42  28  12  38  45  77  66  20  43  22  89  19  100  60  68  48  61  13  35  79  51  55  65  4  47  49  46  87  75  40  6  82  31  76  14  67  9  3  94  30  57
   7  80  63  13  62  16  53  43  73  84  51  49  55  37  91  30  11  68  99  6  83  54  40  82  57  31  8  77  72  87  42  76  75  78  69  96  15  56  34  100  3  92  27  20  41  79  66  4  89  36  94  21  38  88  39  85  48  58  28  17  50  52  46  64  10  71  90  33  2  95  18  47  61  19  44  70  93  24  29  14  59  25  26  23  32  5  86  45  67  1  98  9  74  81  60  22  35  97  12  65
   7  81  86  14  61  71  28  21  41  56  42  82  11  84  63  22  67  25  44  33  50  88  66  100  75  31  99  49  62  97  98  23  93  95  46  85  89  92  69  77  83  37  53  65  74  5  29  47  10  58  94  20  15  87  40  30  73  80  60  45  59  19  90  17  38  79  34  76  57  68  51  13  35  1  26  70  2  52  39  4  3  78  8  6  55  16  12  9  32  24  18  64  48  36  27  96  72  54  91  43
   7  84  99  77  15  79  39  64  61  25  98  65  73  68  8  96  41  88  46  47  59  1  12  43  11  31  69  20  38  52  18  14  67  97  53  30  57  78  27  21  50  95  29  45  35  16  91  82  75  92  94  17  2  24  86  22  62  37  40  76  3  36  28  33  93  5  60  13  55  54  42  100  89  58  90  70  32  81  63  49  83  87  34  4  48  71  44  23  74  80  51  6  72  56  66  85  10  19  26  9
   7  86  58  65  3  37  18  44  9  82  34  16  21  97  54  23  77  88  91  61  69  13  1  95  99  100  60  76  96  33  43  2  85  56  14  67  31  70  72  40  62  48  25  92  5  80  89  74  29  78  28  79  24  39  30  55  42  75  98  12  90  22  20  81  17  64  6  35  52  93  83  46  26  10  50  49  45  51  63  19  11  41  38  27  73  4  47  71  66  84  32  59  94  68  87  53  15  8  36  57
   7  87  28  45  11  79  44  13  75  52  98  6  89  24  53  96  10  81  40  21  59  84  34  33  35  31  39  23  55  92  18  65  72  58  86  30  41  19  63  76  50  1  99  4  93  16  69  64  74  54  94  14  73  56  90  22  57  88  26  49  3  95  12  77  48  5  91  20  61  80  42  17  67  68  66  70  62  78  46  9  83  36  29  43  15  71  60  82  38  25  51  100  2  97  8  85  32  37  27  47
   7  90  34  73  99  17  54  56  61  82  86  100  85  37  26  39  97  44  75  65  81  69  45  83  91  68  88  20  60  9  79  22  13  80  46  27  55  58  12  48  42  64  93  52  53  28  21  66  1  74  24  51  16  71  78  3  2  43  14  92  98  62  8  5  77  96  30  63  72  29  59  10  70  38  18  41  33  95  19  31  15  25  94  47  89  76  87  35  50  36  32  11  6  4  67  49  23  84  40  57
   7  92  26  82  10  16  66  45  72  95  51  21  74  78  44  30  48  97  34  14  83  52  63  20  32  31  90  43  89  1  42  47  55  88  60  96  93  68  28  65  3  25  40  64  62  79  86  77  2  84  94  9  75  19  91  85  35  56  29  6  50  80  27  23  57  71  53  4  67  87  18  49  38  81  69  70  11  58  12  100  59  54  46  13  41  5  8  33  73  36  98  76  61  37  39  22  15  24  99  17
   7  94  10  81  95  97  90  68  13  82  38  84  49  77  98  55  17  100  59  69  93  25  89  71  83  36  16  64  24  85  15  42  41  4  78  87  79  46  52  56  22  80  61  12  1  76  53  58  73  70  20  23  8  3  26  51  62  11  30  72  6  2  96  29  37  28  54  91  92  65  35  74  14  66  86  33  21  39  75  43  19  9  50  67  5  48  27  99  34  88  32  63  18  40  47  45  31  60  44  57
   7  95  34  43  93  79  91  23  38  54  98  17  72  97  90  96  62  19  27  49  59  36  99  45  48  31  60  64  75  80  18  100  73  24  66  30  32  88  40  9  50  87  12  33  15  16  44  20  55  25  94  6  67  58  8  22  10  78  63  47  3  84  29  4  11  5  39  82  74  52  42  65  2  56  53  70  41  37  26  21  83  1  28  77  35  71  69  13  61  92  51  14  89  68  86  85  57  81  46  76
   7  96  48  85  43  37  8  74  89  32  64  26  81  97  84  63  77  78  51  21  49  53  61  15  79  70  30  86  6  73  83  52  5  66  44  67  91  40  22  10  12  38  45  42  25  50  69  4  9  68  18  59  54  19  100  75  92  95  88  62  60  72  90  41  17  94  16  55  2  33  23  56  36  80  20  29  65  11  3  99  71  1  28  27  13  34  47  31  76  14  82  39  24  58  87  93  35  98  46  57
   7  97  60  9  67  5  26  14  93  19  18  33  10  52  28  85  38  36  66  20  3  56  69  76  72  31  40  6  11  37  51  43  62  80  12  22  74  1  86  23  59  24  44  47  2  71  46  17  48  88  94  4  41  92  34  96  75  87  8  82  83  68  91  49  73  16  63  65  35  81  98  45  32  25  29  70  61  95  90  64  50  58  39  21  89  79  27  100  15  78  42  77  57  54  99  30  55  84  53  13
   7  98  86  89  91  77  26  80  65  82  90  68  13  17  70  71  37  56  43  73  5  81  33  59  75  4  44  8  88  61  51  62  69  28  10  47  3  34  92  64  2  96  29  72  49  24  85  50  45  66  16  95  100  35  74  99  22  79  46  52  14  42  84  53  97  60  78  19  12  1  11  38  58  94  54  25  9  83  31  55  23  93  6  87  21  20  67  63  18  40  32  15  30  76  27  41  39  36  48  57
   8  5  41  13  46  54  59  100  12  58  11  70  69  81  38  49  18  87  67  4  53  71  57  23  27  80  50  6  29  56  35  85  91  19  75  9  94  84  2  77  86  79  62  64  40  25  3  65  28  68  93  96  60  88  55  47  42  1  89  43  90  31  32  20  63  52  83  14  34  97  48  30  44  78  74  21  51  95  72  45  66  16  10  82  26  92  7  17  99  24  15  22  39  37  61  76  98  36  73  33
   8  6  55  16  12  9  32  24  18  64  48  36  27  96  72  54  91  43  7  81  86  14  61  71  28  21  41  56  42  82  11  84  63  22  67  25  44  33  50  88  66  100  75  31  99  49  62  97  98  23  93  95  46  85  89  92  69  77  83  37  53  65  74  5  29  47  10  58  94  20  15  87  40  30  73  80  60  45  59  19  90  17  38  79  34  76  57  68  51  13  35  1  26  70  2  52  39  4  3  78
   8  7  39  6  84  38  99  5  70  83  95  37  42  98  15  4  78  69  12  82  30  94  22  36  60  41  1  97  17  14  24  3  26  77  75  68  52  11  73  81  63  29  66  93  46  21  50  35  90  59  9  40  85  100  71  96  43  16  79  13  31  23  61  2  18  25  27  76  53  74  64  67  47  51  91  10  86  72  44  80  32  62  19  28  54  65  48  92  87  45  33  20  55  49  88  34  56  89  57  58
   8  9  77  10  32  78  17  11  46  33  21  79  74  18  1  12  38  47  4  34  86  22  94  80  56  75  15  19  99  2  92  13  90  39  41  48  64  5  43  35  53  87  50  23  70  95  66  81  26  57  7  76  31  16  45  20  73  100  37  3  85  93  55  14  98  91  89  40  63  42  52  49  69  65  25  6  30  44  72  36  84  54  97  88  62  51  68  24  29  71  83  96  61  67  28  82  60  27  59  58
   8  11  15  14  80  18  35  17  22  83  47  21  6  38  87  20  98  25  96  86  42  50  66  24  52  9  29  41  81  90  60  23  54  1  7  28  76  99  13  89  43  45  34  53  94  69  82  27  62  55  5  12  77  32  19  44  3  84  95  93  39  63  49  26  78  57  51  4  73  10  40  31  91  79  59  2  74  16  100  92  36  46  75  48  70  37  88  56  71  97  33  72  67  85  68  30  64  65  61  58
   8  13  59  58  69  49  67  71  27  6  35  19  94  77  62  25  28  96  55  1  90  20  83  97  44  21  72  16  26  17  15  37  98  33  41  54  12  70  38  87  53  23  50  56  91  9  2  79  40  65  93  88  42  43  32  52  34  30  74  95  66  82  7  24  39  76  73  5  46  100  11  81  18  4  57  80  29  85  75  84  86  64  3  68  60  47  89  31  63  14  48  78  51  45  10  92  99  22  61  36
   8  14  75  5  34  9  41  97  94  13  48  84  46  30  2  54  44  77  59  78  86  100  74  79  12  21  62  58  51  64  11  95  40  70  72  25  69  45  3  81  66  65  38  16  28  49  10  68  18  82  93  87  26  96  67  92  60  4  7  88  53  17  55  71  99  47  57  24  42  23  15  1  27  22  89  80  39  43  50  37  90  6  61  31  29  76  32  56  98  20  35  36  63  85  73  52  91  33  83  19
   8  15  91  22  76  98  71  29  74  83  99  5  70  78  59  36  18  81  80  90  54  6  10  12  44  77  57  85  45  66  96  43  82  25  39  88  100  87  53  97  23  61  2  13  42  17  14  19  34  51  1  84  69  64  67  92  63  52  11  73  47  3  37  50  38  89  75  32  93  46  16  95  35  7  27  94  62  60  56  4  40  30  31  68  86  9  28  20  55  49  33  24  79  21  48  26  72  41  65  58
   8  17  29  26  24  38  89  35  50  33  25  47  2  98  45  44  78  59  72  42  10  34  82  56  40  11  71  7  27  54  64  53  46  87  5  68  12  81  23  51  13  19  86  43  66  91  30  65  70  49  99  20  15  80  41  16  93  36  69  63  1  73  31  62  18  55  37  96  3  14  4  77  57  21  61  90  6  32  84  60  92  22  9  28  94  95  48  52  97  75  83  100  85  39  88  74  76  79  67  58
   8  17  74  31  28  9  57  58  98  82  48  1  40  85  67  54  39  45  83  88  86  6  38  5  99  21  32  68  94  23  11  36  26  30  89  25  91  4  59  37  66  14  55  79  29  49  41  24  51  20  93  84  27  70  73  92  44  43  3  19  53  100  61  16  34  47  62  56  18  13  15  95  63  96  2  80  69  33  7  78  90  65  75  71  12  76  10  97  42  64  35  87  46  22  72  52  60  77  50  81
   8  19  67  30  72  78  7  41  26  83  51  89  34  18  31  52  38  37  64  94  66  62  54  100  36  45  85  29  9  42  32  63  10  49  71  48  24  75  93  5  3  77  70  73  90  65  46  11  6  47  97  56  61  96  15  40  23  20  27  53  55  43  25  74  98  21  99  60  13  82  92  59  79  35  95  86  50  4  12  16  44  14  87  88  2  81  68  84  39  1  33  76  91  57  28  22  80  17  69  58
   8  19  83  33  91  52  73  85  63  36  35  20  98  56  32  76  29  31  61  6  90  37  50  43  39  80  89  22  27  1  15  23  42  24  57  47  99  71  55  17  53  88  7  4  60  92  67  96  26  87  93  82  18  68  10  49  28  16  38  65  66  81  3  45  69  25  72  70  40  95  11  64  51  58  62  21  12  79  74  100  86  78  59  77  44  54  2  30  46  84  48  13  94  97  41  9  34  5  75  14
   8  20  50  24  60  49  72  79  46  14  35  37  42  4  10  25  12  30  75  36  90  23  7  68  69  21  2  5  63  6  15  88  18  45  62  54  34  85  61  1  53  82  3  58  44  9  73  31  27  17  93  81  51  77  41  52  29  22  55  87  66  64  59  97  91  76  89  71  26  65  11  78  94  33  32  80  99  96  38  95  86  13  83  56  39  47  67  16  40  100  48  19  98  43  57  92  28  70  74  84
   8  21  5  34  20  18  25  47  2  33  77  31  66  38  17  60  98  15  56  46  22  90  26  44  32  79  99  51  91  30  100  73  74  11  37  28  36  69  63  59  93  35  54  3  14  39  62  57  42  45  95  92  7  12  89  64  53  4  85  43  9  13  19  86  78  87  61  24  23  50  80  41  1  49  29  82  94  76  40  72  96  6  65  48  10  67  88  16  81  27  83  52  97  75  68  70  84  55  71  58
   8  22  10  78  63  47  3  84  29  4  11  5  39  82  74  52  42  65  2  56  53  70  41  37  26  21  83  1  28  77  35  71  69  13  61  92  51  14  89  68  86  85  57  81  46  76  7  95  34  43  93  79  91  23  38  54  98  17  72  97  90  96  62  19  27  49  59  36  99  45  48  31  60  64  75  80  18  100  73  24  66  30  32  88  40  9  50  87  12  33  15  16  44  20  55  25  94  6  67  58
   8  24  72  14  42  25  75  23  69  5  15  45  34  1  3  9  27  81  41  22  66  97  89  65  94  80  38  13  39  16  48  43  28  84  50  49  46  37  10  30  90  68  2  6  18  54  61  82  44  31  93  77  29  87  59  76  26  78  32  96  86  56  67  100  98  92  74  20  60  79  35  4  12  36  7  21  63  88  62  85  53  58  73  17  51  52  55  64  91  71  11  33  99  95  83  47  40  19  57  70
   8  25  81  42  16  98  61  59  54  33  29  15  30  78  89  76  18  71  40  50  34  46  70  32  24  47  27  95  55  6  36  93  2  35  69  88  60  57  3  67  73  51  22  63  62  87  94  49  14  41  91  64  99  44  37  12  13  72  1  23  17  53  7  10  38  19  85  52  43  86  56  5  45  77  97  74  82  20  96  84  100  90  21  68  26  39  28  80  65  79  83  4  9  11  48  66  92  31  75  58
   8  27  19  46  64  38  79  65  30  83  55  57  62  98  75  84  78  49  32  2  90  74  42  76  20  81  41  17  37  94  4  3  66  97  35  68  72  51  73  21  63  9  6  93  86  61  10  95  50  39  89  100  45  60  11  36  43  56  59  13  71  23  1  22  18  85  47  16  53  54  44  87  67  91  31  70  26  92  24  40  52  82  99  28  34  25  48  12  7  5  33  80  15  29  88  14  96  69  77  58
   8  30  62  81  26  47  50  36  34  77  11  16  60  23  61  52  94  100  72  68  53  22  32  19  46  21  3  87  99  43  35  5  44  64  38  92  42  6  73  97  86  70  10  88  27  76  83  84  12  45  93  71  39  20  75  54  51  65  67  24  90  85  41  78  40  49  7  1  29  33  48  79  69  82  55  80  98  14  2  58  66  96  57  37  63  9  59  95  28  4  15  31  91  13  74  25  18  17  89  56
   8  31  57  82  40  54  83  6  99  68  11  30  91  37  55  49  51  84  73  43  53  16  62  13  63  80  7  65  12  97  35  22  60  81  74  9  98  1  67  45  86  5  32  23  26  25  59  14  29  24  93  70  44  19  61  47  18  95  2  33  90  71  10  64  46  52  50  17  28  58  48  85  39  88  38  21  94  36  89  4  66  79  41  20  27  92  3  100  34  56  15  96  69  78  75  76  42  87  72  77
   8  31  95  54  60  18  15  77  82  83  7  41  26  38  47  100  98  5  16  6  2  30  86  64  12  49  69  61  1  70  40  23  94  21  67  28  96  39  13  29  43  25  74  53  34  9  42  87  22  35  85  72  37  92  59  84  3  24  75  93  79  63  89  46  78  17  71  44  73  90  20  51  11  19  99  62  14  36  80  52  56  66  55  48  50  97  88  76  91  57  33  32  27  65  68  10  4  45  81  58
   8  36  61  22  99  92  10  45  51  78  48  14  63  31  89  47  60  68  3  64  86  84  75  85  29  80  57  4  18  81  11  100  46  5  73  76  39  24  7  82  66  95  74  30  34  52  32  43  42  88  93  65  40  79  2  9  91  56  50  23  53  87  38  70  12  54  41  33  98  37  15  17  26  16  72  21  44  97  83  20  90  1  55  96  28  25  62  77  94  19  35  6  27  71  67  49  69  58  59  13
   8  37  9  66  4  38  69  95  10  33  85  67  22  98  5  24  78  39  92  62  70  14  2  96  100  51  11  27  47  34  44  53  86  7  65  68  32  21  23  91  13  99  26  43  6  31  90  25  30  29  79  80  75  40  81  56  93  76  49  63  41  73  71  82  18  15  57  36  3  94  84  97  77  61  1  50  46  52  64  20  12  42  89  28  74  55  48  72  17  35  83  60  45  19  88  54  16  59  87  58
   8  39  47  70  52  78  87  1  86  83  11  9  54  18  91  32  38  17  84  14  26  42  74  40  96  85  25  49  29  22  12  63  50  69  31  48  44  15  93  45  3  57  10  73  30  5  6  71  66  27  77  16  21  56  55  80  23  60  7  53  95  43  65  94  98  81  19  100  13  62  72  79  99  75  35  46  90  24  92  76  64  34  67  88  82  41  68  4  59  61  33  36  51  37  28  2  20  97  89  58
   8  43  67  95  94  76  55  81  44  85  15  68  12  14  50  92  40  13  32  71  66  77  73  1  18  21  75  37  60  70  48  56  99  65  59  52  27  82  62  5  90  4  72  84  98  47  38  78  91  22  93  58  34  6  7  25  46  20  57  16  86  33  89  87  51  9  61  88  69  30  35  24  28  100  83  80  26  64  41  31  53  45  2  36  42  49  74  19  39  96  11  97  29  17  3  54  63  23  10  79
   8  45  61  82  96  98  41  19  14  33  89  35  50  78  49  56  18  51  60  70  94  26  90  72  84  87  67  15  75  86  16  93  42  55  29  88  80  97  3  7  73  31  62  63  2  27  54  9  74  21  71  24  59  4  77  52  13  12  81  23  57  53  47  30  38  79  5  92  43  66  36  25  65  17  37  34  22  40  76  44  20  10  1  68  6  99  28  100  85  39  83  64  69  91  48  46  32  11  95  58
   8  45  89  84  18  76  74  88  91  70  15  97  28  6  59  92  63  64  57  5  66  43  2  87  98  21  55  19  69  22  48  68  29  100  7  52  40  23  41  16  90  77  67  36  51  47  75  81  39  30  93  56  12  17  83  25  27  13  10  31  86  4  73  95  42  9  38  37  44  96  35  58  99  14  3  80  46  82  32  79  53  33  72  1  94  49  61  78  60  85  11  24  34  65  50  54  26  20  62  71
   8  47  99  86  44  38  59  25  90  83  15  77  82  98  35  64  78  29  52  22  50  54  62  16  80  21  81  37  57  74  84  3  6  17  95  68  92  91  73  61  63  89  46  93  26  1  70  55  10  19  69  60  5  20  51  76  43  96  39  13  11  23  41  42  18  45  67  56  53  34  24  7  87  31  71  30  66  12  4  100  72  2  79  28  14  85  48  32  27  65  33  40  75  9  88  94  36  49  97  58
   8  49  37  90  92  78  77  31  66  33  41  19  14  18  21  72  38  7  44  74  6  82  34  60  76  55  95  59  39  62  52  13  70  79  61  48  4  85  43  15  53  47  30  23  50  75  86  1  46  17  67  96  51  36  25  100  73  80  97  3  65  93  35  54  98  11  29  20  63  2  12  89  9  45  5  26  10  84  32  56  24  94  57  88  22  71  68  64  69  91  83  16  81  27  28  42  40  87  99  58
   8  56  89  17  18  25  74  13  91  31  15  4  28  95  59  9  63  37  57  96  66  58  2  14  98  80  55  82  69  79  48  33  29  1  7  49  40  78  41  85  90  24  67  65  51  54  75  20  39  71  93  45  12  84  83  76  27  88  10  70  86  97  73  6  42  92  38  64  44  5  35  43  99  87  3  21  46  19  32  22  53  68  72  100  94  52  61  23  60  16  11  77  34  36  50  47  26  81  62  30
   8  57  89  6  84  38  49  55  70  33  45  87  42  98  65  4  78  19  12  82  30  94  22  36  60  91  51  47  67  14  24  53  26  27  25  68  52  61  23  31  13  79  66  43  46  71  50  85  90  9  59  40  35  100  21  96  93  16  29  63  81  73  11  2  18  75  77  76  3  74  64  17  97  1  41  10  86  72  44  80  32  62  69  28  54  15  48  92  37  95  83  20  5  99  88  34  56  39  7  58
   8  58  67  6  94  25  55  20  44  16  15  33  12  87  50  9  40  88  32  30  66  24  73  100  18  80  75  64  60  31  48  45  99  36  59  49  27  19  62  96  90  97  72  17  98  54  38  23  91  79  93  43  34  95  7  76  46  81  57  85  86  68  89  14  51  92  61  13  69  71  35  77  28  1  83  21  26  37  41  70  53  56  2  65  42  52  74  82  39  5  11  4  29  84  3  47  63  78  10  22
   8  59  27  10  32  78  67  61  46  83  71  29  74  18  51  12  38  97  4  34  86  22  94  80  56  25  65  69  49  2  92  63  90  89  91  48  64  55  93  85  3  37  50  73  70  45  66  31  26  7  57  76  81  16  95  20  23  100  87  53  35  43  5  14  98  41  39  40  13  42  52  99  19  15  75  6  30  44  72  36  84  54  47  88  62  1  68  24  79  21  33  96  11  17  28  82  60  77  9  58
   8  61  65  14  80  18  85  67  22  33  97  71  6  38  37  20  98  75  96  86  42  50  66  24  52  59  79  91  31  90  60  73  54  51  57  28  76  49  63  39  93  95  34  3  94  19  82  77  62  5  55  12  27  32  69  44  53  84  45  43  89  13  99  26  78  7  1  4  23  10  40  81  41  29  9  2  74  16  100  92  36  46  25  48  70  87  88  56  21  47  83  72  17  35  68  30  64  15  11  58
   8  65  41  22  76  98  21  79  74  33  49  55  70  78  9  36  18  31  80  90  54  6  10  12  44  27  7  35  95  66  96  93  82  75  89  88  100  37  3  47  73  11  2  63  42  67  14  69  34  1  51  84  19  64  17  92  13  52  61  23  97  53  87  50  38  39  25  32  43  46  16  45  85  57  77  94  62  60  56  4  40  30  81  68  86  59  28  20  5  99  83  24  29  71  48  26  72  91  15  58
   8  65  61  79  99  9  10  56  51  23  48  87  63  70  89  54  60  33  3  37  86  17  75  16  29  21  57  97  18  20  11  1  46  96  73  25  39  77  7  19  66  6  74  71  34  49  32  58  42  13  93  36  40  22  2  92  91  45  50  78  53  14  38  31  12  47  41  68  98  64  15  84  26  85  72  80  44  4  83  81  90  100  55  5  28  76  62  24  94  82  35  95  27  30  67  52  69  43  59  88
   8  67  79  26  24  38  39  85  50  83  75  97  2  98  95  44  78  9  72  42  10  34  82  56  40  61  21  57  77  54  64  3  46  37  55  68  12  31  73  1  63  69  86  93  66  41  30  15  70  99  49  20  65  80  91  16  43  36  19  13  51  23  81  62  18  5  87  96  53  14  4  27  7  71  11  90  6  32  84  60  92  22  59  28  94  45  48  52  47  25  33  100  35  89  88  74  76  29  17  58
   8  69  17  30  72  78  57  91  26  33  1  39  34  18  81  52  38  87  64  94  66  62  54  100  36  95  35  79  59  42  32  13  10  99  21  48  24  25  43  55  53  27  70  23  90  15  46  61  6  97  47  56  11  96  65  40  73  20  77  3  5  93  75  74  98  71  49  60  63  82  92  9  29  85  45  86  50  4  12  16  44  14  37  88  2  31  68  84  89  51  83  76  41  7  28  22  80  67  19  58
   8  70  57  19  40  47  83  95  99  33  11  71  91  64  55  52  51  17  73  58  53  85  62  88  63  21  7  36  12  4  35  79  60  20  74  92  98  100  67  56  86  96  32  78  26  76  59  87  29  77  93  31  44  82  61  54  18  6  2  68  90  30  10  37  46  49  50  84  28  43  48  16  39  13  38  80  94  65  89  97  66  22  41  81  27  9  3  1  34  45  15  5  69  23  75  25  42  14  72  24
   8  71  55  34  20  18  75  97  2  83  27  81  66  38  67  60  98  65  56  46  22  90  26  44  32  29  49  1  41  30  100  23  74  61  87  28  36  19  13  9  43  85  54  53  14  89  62  7  42  95  45  92  57  12  39  64  3  4  35  93  59  63  69  86  78  37  11  24  73  50  80  91  51  99  79  82  94  76  40  72  96  6  15  48  10  17  88  16  31  77  33  52  47  25  68  70  84  5  21  58
   8  71  62  20  26  54  50  65  34  24  11  85  60  78  61  49  94  1  72  33  53  79  32  82  46  80  3  14  99  58  35  96  44  37  38  9  42  95  73  4  86  31  10  13  27  25  83  17  12  56  93  30  39  81  75  47  51  36  67  77  90  16  41  23  40  52  7  100  29  68  48  22  69  19  55  21  98  87  2  43  66  5  57  64  63  92  59  6  28  97  15  70  91  88  74  76  18  84  89  45
   8  75  31  42  16  98  11  9  54  83  79  65  30  78  39  76  18  21  40  50  34  46  70  32  24  97  77  45  5  6  36  43  2  85  19  88  60  7  53  17  23  1  22  13  62  37  94  99  14  91  41  64  49  44  87  12  63  72  51  73  67  3  57  10  38  69  35  52  93  86  56  55  95  27  47  74  82  20  96  84  100  90  71  68  26  89  28  80  15  29  33  4  59  61  48  66  92  81  25  58
   8  77  69  46  64  38  29  15  30  33  5  7  62  98  25  84  78  99  32  2  90  74  42  76  20  31  91  67  87  94  4  53  66  47  85  68  72  1  23  71  13  59  6  43  86  11  10  45  50  89  39  100  95  60  61  36  93  56  9  63  21  73  51  22  18  35  97  16  3  54  44  37  17  41  81  70  26  92  24  40  52  82  49  28  34  75  48  12  57  55  83  80  65  79  88  14  96  19  27  58
   8  77  72  87  42  76  75  78  69  96  15  56  34  100  3  92  27  20  41  79  66  4  89  36  94  21  38  88  39  85  48  58  28  17  50  52  46  64  10  71  90  33  2  95  18  47  61  19  44  70  93  24  29  14  59  25  26  23  32  5  86  45  67  1  98  9  74  81  60  22  35  97  12  65  7  80  63  13  62  16  53  43  73  84  51  49  55  37  91  30  11  68  99  6  83  54  40  82  57  31
   8  79  10  23  63  54  3  17  29  97  11  96  39  19  74  49  42  36  2  45  53  31  41  64  26  80  83  100  28  24  35  30  69  88  61  9  51  87  89  33  86  16  57  20  46  25  7  6  34  58  93  22  91  78  38  47  98  84  72  4  90  5  62  82  27  52  59  65  99  56  48  70  60  37  75  21  18  1  73  77  66  71  32  13  40  92  50  14  12  68  15  85  44  81  55  76  94  95  67  43
   8  81  45  54  60  18  65  27  82  33  57  91  26  38  97  100  98  55  16  6  2  30  86  64  12  99  19  11  51  70  40  73  94  71  17  28  96  89  63  79  93  75  74  3  34  59  42  37  22  85  35  72  87  92  9  84  53  24  25  43  29  13  39  46  78  67  21  44  23  90  20  1  61  69  49  62  14  36  80  52  56  66  5  48  50  47  88  76  41  7  83  32  77  15  68  10  4  95  31  58
   8  81  50  77  60  52  72  22  46  87  35  64  42  97  10  76  12  71  75  65  90  78  7  33  69  80  2  96  63  95  15  13  18  56  62  47  34  16  61  100  53  19  3  43  44  92  73  70  27  84  93  20  51  24  41  49  29  79  55  14  66  37  59  4  91  25  89  30  26  36  11  23  94  68  32  21  99  5  38  6  86  88  83  45  39  54  67  85  40  1  48  82  98  58  57  9  28  31  74  17
   8  82  83  68  91  49  73  16  63  65  35  81  98  45  32  25  29  70  61  95  90  64  50  58  39  21  89  79  27  100  15  78  42  77  57  54  99  30  55  84  53  13  7  97  60  9  67  5  26  14  93  19  18  33  10  52  28  85  38  36  66  20  3  56  69  76  72  31  40  6  11  37  51  43  62  80  12  22  74  1  86  23  59  24  44  47  2  71  46  17  48  88  94  4  41  92  34  96  75  87
   8  84  74  70  28  92  57  43  98  19  48  100  40  16  67  47  39  56  83  13  86  95  38  96  99  80  32  33  94  78  11  65  26  71  89  76  91  97  59  64  66  87  55  22  29  52  41  77  51  81  93  17  27  31  73  9  44  58  3  82  53  1  61  85  34  54  62  45  18  88  15  6  63  5  2  21  69  68  7  23  90  36  75  30  12  25  10  4  42  37  35  14  46  79  72  49  60  24  50  20
   8  87  59  66  4  38  19  45  10  83  35  17  22  98  55  24  78  89  92  62  70  14  2  96  100  1  61  77  97  34  44  3  86  57  15  68  32  71  73  41  63  49  26  93  6  81  90  75  30  79  29  80  25  40  31  56  43  76  99  13  91  23  21  82  18  65  7  36  53  94  84  47  27  11  51  50  46  52  64  20  12  42  39  28  74  5  48  72  67  85  33  60  95  69  88  54  16  9  37  58
   8  87  75  96  34  92  41  4  94  88  48  17  46  71  2  47  44  24  59  23  86  1  74  22  12  80  62  43  51  37  11  6  40  31  72  76  69  56  3  20  66  36  38  85  28  52  10  33  18  19  93  14  26  5  67  9  60  97  7  13  53  84  55  30  99  54  57  77  42  78  15  100  27  79  89  21  39  58  50  64  90  95  61  70  29  25  32  45  98  81  35  65  63  16  73  49  91  68  83  82
   8  88  59  43  69  52  67  30  27  95  35  82  94  24  62  76  28  5  55  100  90  81  83  4  44  80  72  85  26  84  15  64  98  68  41  47  12  31  38  14  53  78  50  45  91  92  2  22  40  36  93  13  42  58  32  49  34  71  74  6  66  19  7  77  39  25  73  96  46  1  11  20  18  97  57  21  29  16  75  17  86  37  3  33  60  54  89  70  63  87  48  23  51  56  10  9  99  79  61  65
   8  90  52  60  15  36  11  86  32  69  47  18  74  46  38  82  16  99  92  96  27  37  56  43  9  67  80  78  19  2  1  51  58  3  44  98  21  41  30  54  48  45  33  29  35  64  95  10  55  22  49  81  71  85  25  53  83  34  97  66  26  91  24  94  31  65  70  88  100  50  59  17  93  7  68  12  13  4  76  14  63  89  42  6  84  5  20  87  72  75  61  40  62  73  57  39  77  79  28  23
   8  95  11  82  96  98  91  69  14  83  39  85  50  78  99  56  18  1  60  70  94  26  90  72  84  37  17  65  25  86  16  43  42  5  79  88  80  47  53  57  23  81  62  13  2  77  54  59  74  71  21  24  9  4  27  52  63  12  31  73  7  3  97  30  38  29  55  92  93  66  36  75  15  67  87  34  22  40  76  44  20  10  51  68  6  49  28  100  35  89  33  64  19  41  48  46  32  61  45  58
   8  95  55  85  12  92  32  77  18  37  48  65  27  5  72  47  91  58  7  20  86  87  61  30  28  80  41  45  42  19  11  17  63  79  67  76  44  68  50  13  66  1  75  70  99  52  62  4  98  78  93  6  46  16  89  9  69  24  83  64  53  36  74  96  29  54  10  43  94  81  15  14  40  71  73  21  60  56  59  82  90  84  38  22  34  25  57  33  51  88  35  100  26  31  2  49  39  97  3  23
   8  97  49  86  44  38  9  75  90  33  65  27  82  98  85  64  78  79  52  22  50  54  62  16  80  71  31  87  7  74  84  53  6  67  45  68  92  41  23  11  13  39  46  43  26  51  70  5  10  69  19  60  55  20  1  76  93  96  89  63  61  73  91  42  18  95  17  56  3  34  24  57  37  81  21  30  66  12  4  100  72  2  29  28  14  35  48  32  77  15  83  40  25  59  88  94  36  99  47  58
   8  99  87  90  92  78  27  81  66  83  91  69  14  18  71  72  38  57  44  74  6  82  34  60  76  5  45  9  89  62  52  63  70  29  11  48  4  35  93  65  3  97  30  73  50  25  86  51  46  67  17  96  1  36  75  100  23  80  47  53  15  43  85  54  98  61  79  20  13  2  12  39  59  95  55  26  10  84  32  56  24  94  7  88  22  21  68  64  19  41  33  16  31  77  28  42  40  37  49  58
   9  2  26  95  41  19  46  88  43  34  18  12  47  39  58  81  99  36  37  27  63  11  7  5  73  40  60  32  72  51  21  74  35  92  78  29  17  30  64  20  94  56  15  4  75  100  3  98  83  66  16  33  48  53  50  25  54  65  6  44  70  14  80  67  79  28  42  85  24  71  1  22  82  10  90  23  55  57  61  13  77  87  86  49  31  8  89  97  62  68  84  93  38  96  69  91  45  76  52  59
   9  2  79  40  65  93  88  42  43  32  52  34  30  74  95  66  82  7  24  39  76  73  5  46  100  11  81  18  4  57  80  29  85  75  84  86  64  3  68  60  47  89  31  63  14  48  78  51  45  10  92  99  22  61  36  8  13  59  58  69  49  67  71  27  6  35  19  94  77  62  25  28  96  55  1  90  20  83  97  44  21  72  16  26  17  15  37  98  33  41  54  12  70  38  87  53  23  50  56  91
   9  7  84  99  77  15  79  39  64  61  25  98  65  73  68  8  96  41  88  46  47  59  1  12  43  11  31  69  20  38  52  18  14  67  97  53  30  57  78  27  21  50  95  29  45  35  16  91  82  75  92  94  17  2  24  86  22  62  37  40  76  3  36  28  33  93  5  60  13  55  54  42  100  89  58  90  70  32  81  63  49  83  87  34  4  48  71  44  23  74  80  51  6  72  56  66  85  10  19  26
   9  10  78  11  33  79  18  12  47  34  22  80  75  19  2  13  39  48  5  35  87  23  95  81  57  76  16  20  100  3  93  14  91  40  42  49  65  6  44  36  54  88  51  24  71  96  67  82  27  58  8  77  32  17  46  21  74  1  38  4  86  94  56  15  99  92  90  41  64  43  53  50  70  66  26  7  31  45  73  37  85  55  98  89  63  52  69  25  30  72  84  97  62  68  29  83  61  28  60  59
   9  12  16  15  81  19  36  18  23  84  48  22  7  39  88  21  99  26  97  87  43  51  67  25  53  10  30  42  82  91  61  24  55  2  8  29  77  100  14  90  44  46  35  54  95  70  83  28  63  56  6  13  78  33  20  45  4  85  96  94  40  64  50  27  79  58  52  5  74  11  41  32  92  80  60  3  75  17  1  93  37  47  76  49  71  38  89  57  72  98  34  73  68  86  69  31  65  66  62  59
   9  12  16  55  6  8  78  3  4  39  52  2  70  26  1  35  13  51  68  57  76  34  79  38  17  90  19  59  45  60  80  73  30  40  87  15  20  94  58  10  47  29  5  74  65  53  37  83  77  69  92  89  85  46  95  93  23  98  97  62  49  99  31  75  100  66  88  50  33  44  25  67  22  63  84  11  82  42  56  41  21  28  71  61  14  86  81  7  43  91  54  72  96  27  36  48  64  18  24  32
   9  16  92  23  77  99  72  30  75  84  100  6  71  79  60  37  19  82  81  91  55  7  11  13  45  78  58  86  46  67  97  44  83  26  40  89  1  88  54  98  24  62  3  14  43  18  15  20  35  52  2  85  70  65  68  93  64  53  12  74  48  4  38  51  39  90  76  33  94  47  17  96  36  8  28  95  63  61  57  5  41  31  32  69  87  10  29  21  56  50  34  25  80  22  49  27  73  42  66  59
   9  18  30  27  25  39  90  36  51  34  26  48  3  99  46  45  79  60  73  43  11  35  83  57  41  12  72  8  28  55  65  54  47  88  6  69  13  82  24  52  14  20  87  44  67  92  31  66  71  50  100  21  16  81  42  17  94  37  70  64  2  74  32  63  19  56  38  97  4  15  5  78  58  22  62  91  7  33  85  61  93  23  10  29  95  96  49  53  98  76  84  1  86  40  89  75  77  80  68  59
   9  18  36  72  43  86  71  41  82  63  25  50  100  99  97  93  85  69  37  74  47  94  87  73  45  90  79  57  13  26  52  3  6  12  24  48  96  91  81  61  21  42  84  67  33  66  31  62  23  46  92  83  65  29  58  15  30  60  19  38  76  51  1  2  4  8  16  32  64  27  54  7  14  28  56  11  22  44  88  75  49  98  95  89  77  53  5  10  20  40  80  59  17  34  68  35  70  39  78  55
   9  20  68  31  73  79  8  42  27  84  52  90  35  19  32  53  39  38  65  95  67  63  55  1  37  46  86  30  10  43  33  64  11  50  72  49  25  76  94  6  4  78  71  74  91  66  47  12  7  48  98  57  62  97  16  41  24  21  28  54  56  44  26  75  99  22  100  61  14  83  93  60  80  36  96  87  51  5  13  17  45  15  88  89  3  82  69  85  40  2  34  77  92  58  29  23  81  18  70  59
   9  22  6  35  21  19  26  48  3  34  78  32  67  39  18  61  99  16  57  47  23  91  27  45  33  80  100  52  92  31  1  74  75  12  38  29  37  70  64  60  94  36  55  4  15  40  63  58  43  46  96  93  8  13  90  65  54  5  86  44  10  14  20  87  79  88  62  25  24  51  81  42  2  50  30  83  95  77  41  73  97  7  66  49  11  68  89  17  82  28  84  53  98  76  69  71  85  56  72  59
   9  26  82  43  17  99  62  60  55  34  30  16  31  79  90  77  19  72  41  51  35  47  71  33  25  48  28  96  56  7  37  94  3  36  70  89  61  58  4  68  74  52  23  64  63  88  95  50  15  42  92  65  100  45  38  13  14  73  2  24  18  54  8  11  39  20  86  53  44  87  57  6  46  78  98  75  83  21  97  85  1  91  22  69  27  40  29  81  66  80  84  5  10  12  49  67  93  32  76  59
   9  28  20  47  65  39  80  66  31  84  56  58  63  99  76  85  79  50  33  3  91  75  43  77  21  82  42  18  38  95  5  4  67  98  36  69  73  52  74  22  64  10  7  94  87  62  11  96  51  40  90  1  46  61  12  37  44  57  60  14  72  24  2  23  19  86  48  17  54  55  45  88  68  92  32  71  27  93  25  41  53  83  100  29  35  26  49  13  8  6  34  81  16  30  89  15  97  70  78  59
   9  32  24  18  64  48  36  27  96  72  54  91  43  7  81  86  14  61  71  28  21  41  56  42  82  11  84  63  22  67  25  44  33  50  88  66  100  75  31  99  49  62  97  98  23  93  95  46  85  89  92  69  77  83  37  53  65  74  5  29  47  10  58  94  20  15  87  40  30  73  80  60  45  59  19  90  17  38  79  34  76  57  68  51  13  35  1  26  70  2  52  39  4  3  78  8  6  55  16  12
   9  32  96  55  61  19  16  78  83  84  8  42  27  39  48  1  99  6  17  7  3  31  87  65  13  50  70  62  2  71  41  24  95  22  68  29  97  40  14  30  44  26  75  54  35  10  43  88  23  36  86  73  38  93  60  85  4  25  76  94  80  64  90  47  79  18  72  45  74  91  21  52  12  20  100  63  15  37  81  53  57  67  56  49  51  98  89  77  92  58  34  33  28  66  69  11  5  46  82  59
   9  34  5  75  14  8  19  83  33  91  52  73  85  63  36  35  20  98  56  32  76  29  31  61  6  90  37  50  43  39  80  89  22  27  1  15  23  42  24  57  47  99  71  55  17  53  88  7  4  60  92  67  96  26  87  93  82  18  68  10  49  28  16  38  65  66  81  3  45  69  25  72  70  40  95  11  64  51  58  62  21  12  79  74  100  86  78  59  77  44  54  2  30  46  84  48  13  94  97  41
   9  36  72  63  57  99  52  90  35  84  60  26  91  79  20  17  19  62  1  11  15  87  31  53  5  18  98  6  66  47  77  44  23  46  100  89  21  28  54  38  24  42  43  14  83  58  75  80  95  32  82  45  30  25  8  33  64  93  92  74  88  4  78  71  39  50  96  73  94  27  97  16  56  48  68  55  3  81  37  65  61  51  12  69  67  70  29  41  76  10  34  85  40  2  49  7  13  22  86  59
   9  38  10  67  5  39  70  96  11  34  86  68  23  99  6  25  79  40  93  63  71  15  3  97  1  52  12  28  48  35  45  54  87  8  66  69  33  22  24  92  14  100  27  44  7  32  91  26  31  30  80  81  76  41  82  57  94  77  50  64  42  74  72  83  19  16  58  37  4  95  85  98  78  62  2  51  47  53  65  21  13  43  90  29  75  56  49  73  18  36  84  61  46  20  89  55  17  60  88  59
   9  38  37  44  96  35  58  99  14  3  80  46  82  32  79  53  33  72  1  94  49  61  78  60  85  11  24  34  65  50  54  26  20  62  71  8  45  89  84  18  76  74  88  91  70  15  97  28  6  59  92  63  64  57  5  66  43  2  87  98  21  55  19  69  22  48  68  29  100  7  52  40  23  41  16  90  77  67  36  51  47  75  81  39  30  93  56  12  17  83  25  27  13  10  31  86  4  73  95  42
   9  40  48  71  53  79  88  2  87  84  12  10  55  19  92  33  39  18  85  15  27  43  75  41  97  86  26  50  30  23  13  64  51  70  32  49  45  16  94  46  4  58  11  74  31  6  7  72  67  28  78  17  22  57  56  81  24  61  8  54  96  44  66  95  99  82  20  1  14  63  73  80  100  76  36  47  91  25  93  77  65  35  68  89  83  42  69  5  60  62  34  37  52  38  29  3  21  98  90  59
   9  41  97  94  13  48  84  46  30  2  54  44  77  59  78  86  100  74  79  12  21  62  58  51  64  11  95  40  70  72  25  69  45  3  81  66  65  38  16  28  49  10  68  18  82  93  87  26  96  67  92  60  4  7  88  53  17  55  71  99  47  57  24  42  23  15  1  27  22  89  80  39  43  50  37  90  6  61  31  29  76  32  56  98  20  35  36  63  85  73  52  91  33  83  19  8  14  75  5  34
   9  42  95  73  4  86  31  10  13  27  25  83  17  12  56  93  30  39  81  75  47  51  36  67  77  90  16  41  23  40  52  7  100  29  68  48  22  69  19  55  21  98  87  2  43  66  5  57  64  63  92  59  6  28  97  15  70  91  88  74  76  18  84  89  45  8  71  62  20  26  54  50  65  34  24  11  85  60  78  61  49  94  1  72  33  53  79  32  82  46  80  3  14  99  58  35  96  44  37  38
   9  46  62  83  97  99  42  20  15  34  90  36  51  79  50  57  19  52  61  71  95  27  91  73  85  88  68  16  76  87  17  94  43  56  30  89  81  98  4  8  74  32  63  64  3  28  55  10  75  22  72  25  60  5  78  53  14  13  82  24  58  54  48  31  39  80  6  93  44  67  37  26  66  18  38  35  23  41  77  45  21  11  2  69  7  100  29  1  86  40  84  65  70  92  49  47  33  12  96  59
   9  46  78  62  70  66  68  67  17  42  80  61  20  91  5  48  77  12  95  3  49  26  88  57  22  90  56  73  14  94  54  74  64  69  16  93  4  99  1  50  76  63  19  41  30  86  58  72  65  18  92  55  23  39  31  35  33  34  84  59  21  40  81  10  96  53  24  89  6  98  52  75  13  44  79  11  45  28  87  7  47  27  37  32  85  8  97  2  100  51  25  38  82  60  71  15  43  29  36  83
   9  52  76  95  41  19  96  38  43  84  68  62  47  39  8  81  99  86  37  27  63  11  7  5  73  90  10  82  22  51  21  24  35  42  28  29  17  80  14  70  44  6  15  54  75  50  3  48  83  16  66  33  98  53  100  25  4  65  56  94  20  64  30  67  79  78  92  85  74  71  1  72  32  60  40  23  55  57  61  13  77  87  36  49  31  58  89  97  12  18  34  93  88  46  69  91  45  26  2  59
   9  55  78  39  70  35  68  34  17  59  80  40  20  10  5  53  77  89  95  98  49  75  88  44  22  11  56  28  14  7  54  27  64  32  16  8  4  2  1  51  76  38  19  60  30  15  58  29  65  83  92  46  23  62  31  66  33  67  84  42  21  61  81  91  96  48  24  12  6  3  52  26  13  57  79  90  45  73  87  94  47  74  37  69  85  93  97  99  100  50  25  63  82  41  71  86  43  72  36  18
   9  59  95  28  4  15  31  91  13  74  25  18  17  89  56  8  30  62  81  26  47  50  36  34  77  11  16  60  23  61  52  94  100  72  68  53  22  32  19  46  21  3  87  99  43  35  5  44  64  38  92  42  6  73  97  86  70  10  88  27  76  83  84  12  45  93  71  39  20  75  54  51  65  67  24  90  85  41  78  40  49  7  1  29  33  48  79  69  82  55  80  98  14  2  58  66  96  57  37  63
   9  60  28  11  33  79  68  62  47  84  72  30  75  19  52  13  39  98  5  35  87  23  95  81  57  26  66  70  50  3  93  64  91  90  92  49  65  56  94  86  4  38  51  74  71  46  67  32  27  8  58  77  82  17  96  21  24  1  88  54  36  44  6  15  99  42  40  41  14  43  53  100  20  16  76  7  31  45  73  37  85  55  48  89  63  2  69  25  80  22  34  97  12  18  29  83  61  78  10  59
   9  60  97  7  13  53  84  55  30  99  54  57  77  42  78  15  100  27  79  89  21  39  58  50  64  90  95  61  70  29  25  32  45  98  81  35  65  63  16  73  49  91  68  83  82  8  87  75  96  34  92  41  4  94  88  48  17  46  71  2  47  44  24  59  23  86  1  74  22  12  80  62  43  51  37  11  6  40  31  72  76  69  56  3  20  66  36  38  85  28  52  10  33  18  19  93  14  26  5  67
   9  61  88  69  30  35  24  28  100  83  80  26  64  41  31  53  45  2  36  42  49  74  19  39  96  11  97  29  17  3  54  63  23  10  79  8  43  67  95  94  76  55  81  44  85  15  68  12  14  50  92  40  13  32  71  66  77  73  1  18  21  75  37  60  70  48  56  99  65  59  52  27  82  62  5  90  4  72  84  98  47  38  78  91  22  93  58  34  6  7  25  46  20  57  16  86  33  89  87  51
   9  62  66  15  81  19  86  68  23  34  98  72  7  39  38  21  99  76  97  87  43  51  67  25  53  60  80  92  32  91  61  74  55  52  58  29  77  50  64  40  94  96  35  4  95  20  83  78  63  6  56  13  28  33  70  45  54  85  46  44  90  14  100  27  79  8  2  5  24  11  41  82  42  30  10  3  75  17  1  93  37  47  26  49  71  88  89  57  22  48  84  73  18  36  69  31  65  16  12  59
   9  63  37  57  96  66  58  2  14  98  80  55  82  69  79  48  33  29  1  7  49  40  78  41  85  90  24  67  65  51  54  75  20  39  71  93  45  12  84  83  76  27  88  10  70  86  97  73  6  42  92  38  64  44  5  35  43  99  87  3  21  46  19  32  22  53  68  72  100  94  52  61  23  60  16  11  77  34  36  50  47  26  81  62  30  8  56  89  17  18  25  74  13  91  31  15  4  28  95  59
   9  66  42  23  77  99  22  80  75  34  50  56  71  79  10  37  19  32  81  91  55  7  11  13  45  28  8  36  96  67  97  94  83  76  90  89  1  38  4  48  74  12  3  64  43  68  15  70  35  2  52  85  20  65  18  93  14  53  62  24  98  54  88  51  39  40  26  33  44  47  17  46  86  58  78  95  63  61  57  5  41  31  82  69  87  60  29  21  6  100  84  25  30  72  49  27  73  92  16  59
   9  67  5  26  14  93  19  18  33  10  52  28  85  38  36  66  20  3  56  69  76  72  31  40  6  11  37  51  43  62  80  12  22  74  1  86  23  59  24  44  47  2  71  46  17  48  88  94  4  41  92  34  96  75  87  8  82  83  68  91  49  73  16  63  65  35  81  98  45  32  25  29  70  61  95  90  64  50  58  39  21  89  79  27  100  15  78  42  77  57  54  99  30  55  84  53  13  7  97  60
   9  69  24  83  64  53  36  74  96  29  54  10  43  94  81  15  14  40  71  73  21  60  56  59  82  90  84  38  22  34  25  57  33  51  88  35  100  26  31  2  49  39  97  3  23  8  95  55  85  12  92  32  77  18  37  48  65  27  5  72  47  91  58  7  20  86  87  61  30  28  80  41  45  42  19  11  17  63  79  67  76  44  68  50  13  66  1  75  70  99  52  62  4  98  78  93  6  46  16  89
   9  70  18  31  73  79  58  92  27  34  2  40  35  19  82  53  39  88  65  95  67  63  55  1  37  96  36  80  60  43  33  14  11  100  22  49  25  26  44  56  54  28  71  24  91  16  47  62  7  98  48  57  12  97  66  41  74  21  78  4  6  94  76  75  99  72  50  61  64  83  93  10  30  86  46  87  51  5  13  17  45  15  38  89  3  32  69  85  90  52  84  77  42  8  29  23  81  68  20  59
   9  72  56  35  21  19  76  98  3  84  28  82  67  39  68  61  99  66  57  47  23  91  27  45  33  30  50  2  42  31  1  24  75  62  88  29  37  20  14  10  44  86  55  54  15  90  63  8  43  96  46  93  58  13  40  65  4  5  36  94  60  64  70  87  79  38  12  25  74  51  81  92  52  100  80  83  95  77  41  73  97  7  16  49  11  18  89  17  32  78  34  53  48  26  69  71  85  6  22  59
   9  76  32  43  17  99  12  10  55  84  80  66  31  79  40  77  19  22  41  51  35  47  71  33  25  98  78  46  6  7  37  44  3  86  20  89  61  8  54  18  24  2  23  14  63  38  95  100  15  92  42  65  50  45  88  13  64  73  52  74  68  4  58  11  39  70  36  53  94  87  57  56  96  28  48  75  83  21  97  85  1  91  72  69  27  90  29  81  16  30  34  5  60  62  49  67  93  82  26  59
   9  78  70  47  65  39  30  16  31  34  6  8  63  99  26  85  79  100  33  3  91  75  43  77  21  32  92  68  88  95  5  54  67  48  86  69  73  2  24  72  14  60  7  44  87  12  11  46  51  90  40  1  96  61  62  37  94  57  10  64  22  74  52  23  19  36  98  17  4  55  45  38  18  42  82  71  27  93  25  41  53  83  50  29  35  76  49  13  58  56  84  81  66  80  89  15  97  20  28  59
   9  82  46  55  61  19  66  28  83  34  58  92  27  39  98  1  99  56  17  7  3  31  87  65  13  100  20  12  52  71  41  74  95  72  18  29  97  90  64  80  94  76  75  4  35  60  43  38  23  86  36  73  88  93  10  85  54  25  26  44  30  14  40  47  79  68  22  45  24  91  21  2  62  70  50  63  15  37  81  53  57  67  6  49  51  48  89  77  42  8  84  33  78  16  69  11  5  96  32  59
   9  83  36  29  43  15  71  60  82  38  25  51  100  2  97  8  85  32  37  27  47  7  87  28  45  11  79  44  13  75  52  98  6  89  24  53  96  10  81  40  21  59  84  34  33  35  31  39  23  55  92  18  65  72  58  86  30  41  19  63  76  50  1  99  4  93  16  69  64  74  54  94  14  73  56  90  22  57  88  26  49  3  95  12  77  48  5  91  20  61  80  42  17  67  68  66  70  62  78  46
   9  86  22  63  57  99  2  40  35  34  10  76  91  79  70  17  19  12  1  11  15  87  31  53  5  68  48  56  16  47  77  94  23  96  50  89  21  78  4  88  74  92  43  64  83  8  75  30  95  82  32  45  80  25  58  33  14  93  42  24  38  54  28  71  39  100  46  73  44  27  97  66  6  98  18  55  3  81  37  65  61  51  62  69  67  20  29  41  26  60  84  85  90  52  49  7  13  72  36  59
   9  88  60  67  5  39  20  46  11  84  36  18  23  99  56  25  79  90  93  63  71  15  3  97  1  2  62  78  98  35  45  4  87  58  16  69  33  72  74  42  64  50  27  94  7  82  91  76  31  80  30  81  26  41  32  57  44  77  100  14  92  24  22  83  19  66  8  37  54  95  85  48  28  12  52  51  47  53  65  21  13  43  40  29  75  6  49  73  68  86  34  61  96  70  89  55  17  10  38  59
   9  89  16  46  6  93  78  98  4  62  52  99  70  75  1  66  13  50  68  44  76  67  79  63  17  11  19  42  45  41  80  28  30  61  87  86  20  7  58  91  47  72  5  27  65  48  37  18  77  32  92  12  85  55  95  8  23  3  97  39  49  2  31  26  100  35  88  51  33  57  25  34  22  38  84  90  82  59  56  60  21  73  71  40  14  15  81  94  43  10  54  29  96  74  36  53  64  83  24  69
   9  90  98  71  53  79  38  52  87  34  62  60  55  19  42  33  39  68  85  15  27  43  75  41  97  36  76  100  80  23  13  14  51  20  82  49  45  66  44  96  54  8  11  24  31  56  7  22  67  78  28  17  72  57  6  81  74  61  58  4  46  94  16  95  99  32  70  1  64  63  73  30  50  26  86  47  91  25  93  77  65  35  18  89  83  92  69  5  10  12  84  37  2  88  29  3  21  48  40  59
   9  94  84  2  77  86  79  62  64  40  25  3  65  28  68  93  96  60  88  55  47  42  1  89  43  90  31  32  20  63  52  83  14  34  97  48  30  44  78  74  21  51  95  72  45  66  16  10  82  26  92  7  17  99  24  15  22  39  37  61  76  98  36  73  33  8  5  41  13  46  54  59  100  12  58  11  70  69  81  38  49  18  87  67  4  53  71  57  23  27  80  50  6  29  56  35  85  91  19  75
   9  96  12  83  97  99  92  70  15  84  40  86  51  79  100  57  19  2  61  71  95  27  91  73  85  38  18  66  26  87  17  44  43  6  80  89  81  48  54  58  24  82  63  14  3  78  55  60  75  72  22  25  10  5  28  53  64  13  32  74  8  4  98  31  39  30  56  93  94  67  37  76  16  68  88  35  23  41  77  45  21  11  52  69  7  50  29  1  36  90  34  65  20  42  49  47  33  62  46  59
   9  99  79  61  65  8  88  59  43  69  52  67  30  27  95  35  82  94  24  62  76  28  5  55  100  90  81  83  4  44  80  72  85  26  84  15  64  98  68  41  47  12  31  38  14  53  78  50  45  91  92  2  22  40  36  93  13  42  58  32  49  34  71  74  6  66  19  7  77  39  25  73  96  46  1  11  20  18  97  57  21  29  16  75  17  86  37  3  33  60  54  89  70  63  87  48  23  51  56  10
   10  3  27  96  42  20  47  89  44  35  19  13  48  40  59  82  100  37  38  28  64  12  8  6  74  41  61  33  73  52  22  75  36  93  79  30  18  31  65  21  95  57  16  5  76  1  4  99  84  67  17  34  49  54  51  26  55  66  7  45  71  15  81  68  80  29  43  86  25  72  2  23  83  11  91  24  56  58  62  14  78  88  87  50  32  9  90  98  63  69  85  94  39  97  70  92  46  77  53  60
   10  4  42  37  35  14  46  79  72  49  60  24  50  20  8  84  74  70  28  92  57  43  98  19  48  100  40  16  67  47  39  56  83  13  86  95  38  96  99  80  32  33  94  78  11  65  26  71  89  76  91  97  59  64  66  87  55  22  29  52  41  77  51  81  93  17  27  31  73  9  44  58  3  82  53  1  61  85  34  54  62  45  18  88  15  6  63  5  2  21  69  68  7  23  90  36  75  30  12  25
   10  5  53  77  89  95  98  49  75  88  44  22  11  56  28  14  7  54  27  64  32  16  8  4  2  1  51  76  38  19  60  30  15  58  29  65  83  92  46  23  62  31  66  33  67  84  42  21  61  81  91  96  48  24  12  6  3  52  26  13  57  79  90  45  73  87  94  47  74  37  69  85  93  97  99  100  50  25  63  82  41  71  86  43  72  36  18  9  55  78  39  70  35  68  34  17  59  80  40  20
   10  9  99  79  61  65  8  88  59  43  69  52  67  30  27  95  35  82  94  24  62  76  28  5  55  100  90  81  83  4  44  80  72  85  26  84  15  64  98  68  41  47  12  31  38  14  53  78  50  45  91  92  2  22  40  36  93  13  42  58  32  49  34  71  74  6  66  19  7  77  39  25  73  96  46  1  11  20  18  97  57  21  29  16  75  17  86  37  3  33  60  54  89  70  63  87  48  23  51  56
   10  11  79  12  34  80  19  13  48  35  23  81  76  20  3  14  40  49  6  36  88  24  96  82  58  77  17  21  1  4  94  15  92  41  43  50  66  7  45  37  55  89  52  25  72  97  68  83  28  59  9  78  33  18  47  22  75  2  39  5  87  95  57  16  100  93  91  42  65  44  54  51  71  67  27  8  32  46  74  38  86  56  99  90  64  53  70  26  31  73  85  98  63  69  30  84  62  29  61  60
   10  13  17  16  82  20  37  19  24  85  49  23  8  40  89  22  100  27  98  88  44  52  68  26  54  11  31  43  83  92  62  25  56  3  9  30  78  1  15  91  45  47  36  55  96  71  84  29  64  57  7  14  79  34  21  46  5  86  97  95  41  65  51  28  80  59  53  6  75  12  42  33  93  81  61  4  76  18  2  94  38  48  77  50  72  39  90  58  73  99  35  74  69  87  70  32  66  67  63  60
   10  13  27  25  83  17  12  56  93  30  39  81  75  47  51  36  67  77  90  16  41  23  40  52  7  100  29  68  48  22  69  19  55  21  98  87  2  43  66  5  57  64  63  92  59  6  28  97  15  70  91  88  74  76  18  84  89  45  8  71  62  20  26  54  50  65  34  24  11  85  60  78  61  49  94  1  72  33  53  79  32  82  46  80  3  14  99  58  35  96  44  37  38  9  42  95  73  4  86  31
   10  16  66  45  72  95  51  21  74  78  44  30  48  97  34  14  83  52  63  20  32  31  90  43  89  1  42  47  55  88  60  96  93  68  28  65  3  25  40  64  62  79  86  77  2  84  94  9  75  19  91  85  35  56  29  6  50  80  27  23  57  71  53  4  67  87  18  49  38  81  69  70  11  58  12  100  59  54  46  13  41  5  8  33  73  36  98  76  61  37  39  22  15  24  99  17  7  92  26  82
   10  19  26  9  7  84  99  77  15  79  39  64  61  25  98  65  73  68  8  96  41  88  46  47  59  1  12  43  11  31  69  20  38  52  18  14  67  97  53  30  57  78  27  21  50  95  29  45  35  16  91  82  75  92  94  17  2  24  86  22  62  37  40  76  3  36  28  33  93  5  60  13  55  54  42  100  89  58  90  70  32  81  63  49  83  87  34  4  48  71  44  23  74  80  51  6  72  56  66  85
   10  19  31  28  26  40  91  37  52  35  27  49  4  100  47  46  80  61  74  44  12  36  84  58  42  13  73  9  29  56  66  55  48  89  7  70  14  83  25  53  15  21  88  45  68  93  32  67  72  51  1  22  17  82  43  18  95  38  71  65  3  75  33  64  20  57  39  98  5  16  6  79  59  23  63  92  8  34  86  62  94  24  11  30  96  97  50  54  99  77  85  2  87  41  90  76  78  81  69  60
   10  21  34  31  55  65  86  19  50  4  69  54  73  22  26  95  48  20  42  68  62  9  29  71  38  100  8  37  7  45  44  52  89  96  40  84  35  23  18  58  41  76  99  16  74  14  90  88  3  77  91  80  67  70  46  36  15  82  51  97  32  47  28  79  75  6  53  81  59  33  39  92  72  30  63  1  93  64  94  56  57  49  12  5  61  17  66  78  83  43  60  25  2  85  27  87  11  13  98  24
   10  21  69  32  74  80  9  43  28  85  53  91  36  20  33  54  40  39  66  96  68  64  56  2  38  47  87  31  11  44  34  65  12  51  73  50  26  77  95  7  5  79  72  75  92  67  48  13  8  49  99  58  63  98  17  42  25  22  29  55  57  45  27  76  100  23  1  62  15  84  94  61  81  37  97  88  52  6  14  18  46  16  89  90  4  83  70  86  41  3  35  78  93  59  30  24  82  19  71  60
   10  22  8  58  67  6  94  25  55  20  44  16  15  33  12  87  50  9  40  88  32  30  66  24  73  100  18  80  75  64  60  31  48  45  99  36  59  49  27  19  62  96  90  97  72  17  98  54  38  23  91  79  93  43  34  95  7  76  46  81  57  85  86  68  89  14  51  92  61  13  69  71  35  77  28  1  83  21  26  37  41  70  53  56  2  65  42  52  74  82  39  5  11  4  29  84  3  47  63  78
   10  23  7  36  22  20  27  49  4  35  79  33  68  40  19  62  100  17  58  48  24  92  28  46  34  81  1  53  93  32  2  75  76  13  39  30  38  71  65  61  95  37  56  5  16  41  64  59  44  47  97  94  9  14  91  66  55  6  87  45  11  15  21  88  80  89  63  26  25  52  82  43  3  51  31  84  96  78  42  74  98  8  67  50  12  69  90  18  83  29  85  54  99  77  70  72  86  57  73  60
   10  23  63  54  3  17  29  97  11  96  39  19  74  49  42  36  2  45  53  31  41  64  26  80  83  100  28  24  35  30  69  88  61  9  51  87  89  33  86  16  57  20  46  25  7  6  34  58  93  22  91  78  38  47  98  84  72  4  90  5  62  82  27  52  59  65  99  56  48  70  60  37  75  21  18  1  73  77  66  71  32  13  40  92  50  14  12  68  15  85  44  81  55  76  94  95  67  43  8  79
   10  24  98  13  11  87  27  85  2  25  60  43  83  78  66  17  61  5  12  49  57  56  94  64  93  1  63  30  72  92  39  33  59  81  53  6  75  79  28  47  32  97  51  82  15  36  46  70  67  80  91  77  3  88  90  14  74  16  99  76  41  58  18  23  35  84  40  96  89  52  44  45  7  37  8  100  38  71  29  9  62  68  42  20  48  95  26  22  73  54  69  4  50  19  86  65  55  31  34  21
   10  29  21  48  66  40  81  67  32  85  57  59  64  100  77  86  80  51  34  4  92  76  44  78  22  83  43  19  39  96  6  5  68  99  37  70  74  53  75  23  65  11  8  95  88  63  12  97  52  41  91  2  47  62  13  38  45  58  61  15  73  25  3  24  20  87  49  18  55  56  46  89  69  93  33  72  28  94  26  42  54  84  1  30  36  27  50  14  9  7  35  82  17  31  90  16  98  71  79  60
   10  30  90  68  2  6  18  54  61  82  44  31  93  77  29  87  59  76  26  78  32  96  86  56  67  100  98  92  74  20  60  79  35  4  12  36  7  21  63  88  62  85  53  58  73  17  51  52  55  64  91  71  11  33  99  95  83  47  40  19  57  70  8  24  72  14  42  25  75  23  69  5  15  45  34  1  3  9  27  81  41  22  66  97  89  65  94  80  38  13  39  16  48  43  28  84  50  49  46  37
   10  31  59  52  14  80  99  73  8  35  83  1  96  20  63  94  40  29  26  56  48  4  16  22  18  17  57  41  21  84  74  15  32  61  3  50  86  47  45  77  55  69  92  25  12  37  28  43  88  39  89  38  93  78  87  62  75  42  19  5  27  95  97  36  100  53  11  82  65  24  34  71  91  7  67  68  72  66  54  98  6  76  79  90  44  13  70  46  51  33  85  58  23  49  30  64  2  9  81  60
   10  31  86  4  73  95  42  9  38  37  44  96  35  58  99  14  3  80  46  82  32  79  53  33  72  1  94  49  61  78  60  85  11  24  34  65  50  54  26  20  62  71  8  45  89  84  18  76  74  88  91  70  15  97  28  6  59  92  63  64  57  5  66  43  2  87  98  21  55  19  69  22  48  68  29  100  7  52  40  23  41  16  90  77  67  36  51  47  75  81  39  30  93  56  12  17  83  25  27  13
   10  33  18  19  93  14  26  5  67  9  60  97  7  13  53  84  55  30  99  54  57  77  42  78  15  100  27  79  89  21  39  58  50  64  90  95  61  70  29  25  32  45  98  81  35  65  63  16  73  49  91  68  83  82  8  87  75  96  34  92  41  4  94  88  48  17  46  71  2  47  44  24  59  23  86  1  74  22  12  80  62  43  51  37  11  6  40  31  72  76  69  56  3  20  66  36  38  85  28  52
   10  33  97  56  62  20  17  79  84  85  9  43  28  40  49  2  100  7  18  8  4  32  88  66  14  51  71  63  3  72  42  25  96  23  69  30  98  41  15  31  45  27  76  55  36  11  44  89  24  37  87  74  39  94  61  86  5  26  77  95  81  65  91  48  80  19  73  46  75  92  22  53  13  21  1  64  16  38  82  54  58  68  57  50  52  99  90  78  93  59  35  34  29  67  70  12  6  47  83  60
   10  37  46  49  50  84  28  43  48  16  39  13  38  80  94  65  89  97  66  22  41  81  27  9  3  1  34  45  15  5  69  23  75  25  42  14  72  24  8  70  57  19  40  47  83  95  99  33  11  71  91  64  55  52  51  17  73  58  53  85  62  88  63  21  7  36  12  4  35  79  60  20  74  92  98  100  67  56  86  96  32  78  26  76  59  87  29  77  93  31  44  82  61  54  18  6  2  68  90  30
   10  39  11  68  6  40  71  97  12  35  87  69  24  100  7  26  80  41  94  64  72  16  4  98  2  53  13  29  49  36  46  55  88  9  67  70  34  23  25  93  15  1  28  45  8  33  92  27  32  31  81  82  77  42  83  58  95  78  51  65  43  75  73  84  20  17  59  38  5  96  86  99  79  63  3  52  48  54  66  22  14  44  91  30  76  57  50  74  19  37  85  62  47  21  90  56  18  61  89  60
   10  41  49  72  54  80  89  3  88  85  13  11  56  20  93  34  40  19  86  16  28  44  76  42  98  87  27  51  31  24  14  65  52  71  33  50  46  17  95  47  5  59  12  75  32  7  8  73  68  29  79  18  23  58  57  82  25  62  9  55  97  45  67  96  100  83  21  2  15  64  74  81  1  77  37  48  92  26  94  78  66  36  69  90  84  43  70  6  61  63  35  38  53  39  30  4  22  99  91  60
   10  43  87  76  2  20  7  9  64  35  39  53  88  40  79  42  100  97  78  68  84  72  48  86  94  21  41  73  13  12  82  75  16  33  99  30  58  11  65  1  95  17  96  5  56  81  24  19  4  27  77  54  69  74  31  6  55  46  67  45  51  15  61  8  80  49  83  66  25  32  62  63  23  91  71  44  36  98  22  34  18  28  47  50  92  29  90  38  3  89  85  14  59  57  70  52  26  37  93  60
   10  43  94  81  15  14  40  71  73  21  60  56  59  82  90  84  38  22  34  25  57  33  51  88  35  100  26  31  2  49  39  97  3  23  8  95  55  85  12  92  32  77  18  37  48  65  27  5  72  47  91  58  7  20  86  87  61  30  28  80  41  45  42  19  11  17  63  79  67  76  44  68  50  13  66  1  75  70  99  52  62  4  98  78  93  6  46  16  89  9  69  24  83  64  53  36  74  96  29  54
   10  47  29  5  74  65  53  37  83  77  69  92  89  85  46  95  93  23  98  97  62  49  99  31  75  100  66  88  50  33  44  25  67  22  63  84  11  82  42  56  41  21  28  71  61  14  86  81  7  43  91  54  72  96  27  36  48  64  18  24  32  9  12  16  55  6  8  78  3  4  39  52  2  70  26  1  35  13  51  68  57  76  34  79  38  17  90  19  59  45  60  80  73  30  40  87  15  20  94  58
   10  49  28  16  38  65  66  81  3  45  69  25  72  70  40  95  11  64  51  58  62  21  12  79  74  100  86  78  59  77  44  54  2  30  46  84  48  13  94  97  41  9  34  5  75  14  8  19  83  33  91  52  73  85  63  36  35  20  98  56  32  76  29  31  61  6  90  37  50  43  39  80  89  22  27  1  15  23  42  24  57  47  99  71  55  17  53  88  7  4  60  92  67  96  26  87  93  82  18  68
   10  52  28  85  38  36  66  20  3  56  69  76  72  31  40  6  11  37  51  43  62  80  12  22  74  1  86  23  59  24  44  47  2  71  46  17  48  88  94  4  41  92  34  96  75  87  8  82  83  68  91  49  73  16  63  65  35  81  98  45  32  25  29  70  61  95  90  64  50  58  39  21  89  79  27  100  15  78  42  77  57  54  99  30  55  84  53  13  7  97  60  9  67  5  26  14  93  19  18  33
   10  53  77  96  42  20  97  39  44  85  69  63  48  40  9  82  100  87  38  28  64  12  8  6  74  91  11  83  23  52  22  25  36  43  29  30  18  81  15  71  45  7  16  55  76  51  4  49  84  17  67  34  99  54  1  26  5  66  57  95  21  65  31  68  80  79  93  86  75  72  2  73  33  61  41  24  56  58  62  14  78  88  37  50  32  59  90  98  13  19  35  94  89  47  70  92  46  27  3  60
   10  54  29  96  74  36  53  64  83  24  69  9  89  16  46  6  93  78  98  4  62  52  99  70  75  1  66  13  50  68  44  76  67  79  63  17  11  19  42  45  41  80  28  30  61  87  86  20  7  58  91  47  72  5  27  65  48  37  18  77  32  92  12  85  55  95  8  23  3  97  39  49  2  31  26  100  35  88  51  33  57  25  34  22  38  84  90  82  59  56  60  21  73  71  40  14  15  81  94  43
   10  58  94  20  15  87  40  30  73  80  60  45  59  19  90  17  38  79  34  76  57  68  51  13  35  1  26  70  2  52  39  4  3  78  8  6  55  16  12  9  32  24  18  64  48  36  27  96  72  54  91  43  7  81  86  14  61  71  28  21  41  56  42  82  11  84  63  22  67  25  44  33  50  88  66  100  75  31  99  49  62  97  98  23  93  95  46  85  89  92  69  77  83  37  53  65  74  5  29  47
   10  61  29  12  34  80  69  63  48  85  73  31  76  20  53  14  40  99  6  36  88  24  96  82  58  27  67  71  51  4  94  65  92  91  93  50  66  57  95  87  5  39  52  75  72  47  68  33  28  9  59  78  83  18  97  22  25  2  89  55  37  45  7  16  100  43  41  42  15  44  54  1  21  17  77  8  32  46  74  38  86  56  49  90  64  3  70  26  81  23  35  98  13  19  30  84  62  79  11  60
   10  63  67  16  82  20  87  69  24  35  99  73  8  40  39  22  100  77  98  88  44  52  68  26  54  61  81  93  33  92  62  75  56  53  59  30  78  51  65  41  95  97  36  5  96  21  84  79  64  7  57  14  29  34  71  46  55  86  47  45  91  15  1  28  80  9  3  6  25  12  42  83  43  31  11  4  76  18  2  94  38  48  27  50  72  89  90  58  23  49  85  74  19  37  70  32  66  17  13  60
   10  64  46  52  50  17  28  58  48  85  39  88  38  21  94  36  89  4  66  79  41  20  27  92  3  100  34  56  15  96  69  78  75  76  42  87  72  77  8  31  57  82  40  54  83  6  99  68  11  30  91  37  55  49  51  84  73  43  53  16  62  13  63  80  7  65  12  97  35  22  60  81  74  9  98  1  67  45  86  5  32  23  26  25  59  14  29  24  93  70  44  19  61  47  18  95  2  33  90  71
   10  68  18  82  93  87  26  96  67  92  60  4  7  88  53  17  55  71  99  47  57  24  42  23  15  1  27  22  89  80  39  43  50  37  90  6  61  31  29  76  32  56  98  20  35  36  63  85  73  52  91  33  83  19  8  14  75  5  34  9  41  97  94  13  48  84  46  30  2  54  44  77  59  78  86  100  74  79  12  21  62  58  51  64  11  95  40  70  72  25  69  45  3  81  66  65  38  16  28  49
   10  69  81  28  26  40  41  87  52  85  77  99  4  100  97  46  80  11  74  44  12  36  84  58  42  63  23  59  79  56  66  5  48  39  57  70  14  33  75  3  65  71  88  95  68  43  32  17  72  1  51  22  67  82  93  18  45  38  21  15  53  25  83  64  20  7  89  98  55  16  6  29  9  73  13  92  8  34  86  62  94  24  61  30  96  47  50  54  49  27  35  2  37  91  90  76  78  31  19  60
   10  70  86  97  73  6  42  92  38  64  44  5  35  43  99  87  3  21  46  19  32  22  53  68  72  100  94  52  61  23  60  16  11  77  34  36  50  47  26  81  62  30  8  56  89  17  18  25  74  13  91  31  15  4  28  95  59  9  63  37  57  96  66  58  2  14  98  80  55  82  69  79  48  33  29  1  7  49  40  78  41  85  90  24  67  65  51  54  75  20  39  71  93  45  12  84  83  76  27  88
   10  71  19  32  74  80  59  93  28  35  3  41  36  20  83  54  40  89  66  96  68  64  56  2  38  97  37  81  61  44  34  15  12  1  23  50  26  27  45  57  55  29  72  25  92  17  48  63  8  99  49  58  13  98  67  42  75  22  79  5  7  95  77  76  100  73  51  62  65  84  94  11  31  87  47  88  52  6  14  18  46  16  39  90  4  33  70  86  91  53  85  78  43  9  30  24  82  69  21  60
   10  71  90  33  2  95  18  47  61  19  44  70  93  24  29  14  59  25  26  23  32  5  86  45  67  1  98  9  74  81  60  22  35  97  12  65  7  80  63  13  62  16  53  43  73  84  51  49  55  37  91  30  11  68  99  6  83  54  40  82  57  31  8  77  72  87  42  76  75  78  69  96  15  56  34  100  3  92  27  20  41  79  66  4  89  36  94  21  38  88  39  85  48  58  28  17  50  52  46  64
   10  73  57  36  22  20  77  99  4  85  29  83  68  40  69  62  100  67  58  48  24  92  28  46  34  31  51  3  43  32  2  25  76  63  89  30  38  21  15  11  45  87  56  55  16  91  64  9  44  97  47  94  59  14  41  66  5  6  37  95  61  65  71  88  80  39  13  26  75  52  82  93  53  1  81  84  96  78  42  74  98  8  17  50  12  19  90  18  33  79  35  54  49  27  70  72  86  7  23  60
   10  77  98  88  11  14  27  16  2  76  60  58  83  23  66  84  61  96  12  52  57  45  94  37  93  100  63  71  72  9  39  68  59  20  53  95  75  22  28  54  32  4  51  19  15  65  46  31  67  21  91  24  3  13  90  87  74  85  99  25  41  43  18  78  35  17  40  5  89  49  44  56  7  64  8  1  38  30  29  92  62  33  42  81  48  6  26  79  73  47  69  97  50  82  86  36  55  70  34  80
   10  78  63  47  3  84  29  4  11  5  39  82  74  52  42  65  2  56  53  70  41  37  26  21  83  1  28  77  35  71  69  13  61  92  51  14  89  68  86  85  57  81  46  76  7  95  34  43  93  79  91  23  38  54  98  17  72  97  90  96  62  19  27  49  59  36  99  45  48  31  60  64  75  80  18  100  73  24  66  30  32  88  40  9  50  87  12  33  15  16  44  20  55  25  94  6  67  58  8  22
   10  79  8  43  67  95  94  76  55  81  44  85  15  68  12  14  50  92  40  13  32  71  66  77  73  1  18  21  75  37  60  70  48  56  99  65  59  52  27  82  62  5  90  4  72  84  98  47  38  78  91  22  93  58  34  6  7  25  46  20  57  16  86  33  89  87  51  9  61  88  69  30  35  24  28  100  83  80  26  64  41  31  53  45  2  36  42  49  74  19  39  96  11  97  29  17  3  54  63  23
   10  79  71  48  66  40  31  17  32  35  7  9  64  100  27  86  80  1  34  4  92  76  44  78  22  33  93  69  89  96  6  55  68  49  87  70  74  3  25  73  15  61  8  45  88  13  12  47  52  91  41  2  97  62  63  38  95  58  11  65  23  75  53  24  20  37  99  18  5  56  46  39  19  43  83  72  28  94  26  42  54  84  51  30  36  77  50  14  59  57  85  82  67  81  90  16  98  21  29  60
   10  80  34  70  55  36  86  82  50  97  69  47  73  79  26  6  48  81  42  33  62  92  29  30  38  1  8  64  7  56  44  49  89  5  40  17  35  78  18  43  41  25  99  85  74  87  90  13  3  24  91  21  67  31  46  65  15  19  51  4  32  54  28  22  75  95  53  20  59  68  39  9  72  71  63  100  93  37  94  45  57  52  12  96  61  84  66  23  83  58  60  76  2  16  27  14  11  88  98  77
   10  81  9  52  14  80  49  23  8  85  33  51  96  20  13  94  40  79  26  56  48  4  16  22  18  67  7  91  71  84  74  65  32  11  53  50  86  97  95  27  5  19  92  75  12  87  28  93  88  89  39  38  43  78  37  62  25  42  69  55  77  45  47  36  100  3  61  82  15  24  34  21  41  57  17  68  72  66  54  98  6  76  29  90  44  63  70  46  1  83  35  58  73  99  30  64  2  59  31  60
   10  82  26  92  7  17  99  24  15  22  39  37  61  76  98  36  73  33  8  5  41  13  46  54  59  100  12  58  11  70  69  81  38  49  18  87  67  4  53  71  57  23  27  80  50  6  29  56  35  85  91  19  75  9  94  84  2  77  86  79  62  64  40  25  3  65  28  68  93  96  60  88  55  47  42  1  89  43  90  31  32  20  63  52  83  14  34  97  48  30  44  78  74  21  51  95  72  45  66  16
   10  83  47  56  62  20  67  29  84  35  59  93  28  40  99  2  100  57  18  8  4  32  88  66  14  1  21  13  53  72  42  75  96  73  19  30  98  91  65  81  95  77  76  5  36  61  44  39  24  87  37  74  89  94  11  86  55  26  27  45  31  15  41  48  80  69  23  46  25  92  22  3  63  71  51  64  16  38  82  54  58  68  7  50  52  49  90  78  43  9  85  34  79  17  70  12  6  97  33  60
   10  85  66  56  72  6  51  80  74  23  44  71  48  4  34  87  83  49  63  81  32  70  90  58  89  100  42  54  55  13  60  5  93  33  28  36  3  76  40  37  62  22  86  24  2  17  94  92  75  82  91  16  35  45  29  95  50  21  27  78  57  30  53  97  67  14  18  52  38  20  69  31  11  43  12  1  59  47  46  88  41  96  8  68  73  65  98  25  61  64  39  79  15  77  99  84  7  9  26  19
   10  88  27  76  83  84  12  45  93  71  39  20  75  54  51  65  67  24  90  85  41  78  40  49  7  1  29  33  48  79  69  82  55  80  98  14  2  58  66  96  57  37  63  9  59  95  28  4  15  31  91  13  74  25  18  17  89  56  8  30  62  81  26  47  50  36  34  77  11  16  60  23  61  52  94  100  72  68  53  22  32  19  46  21  3  87  99  43  35  5  44  64  38  92  42  6  73  97  86  70
   10  89  61  68  6  40  21  47  12  85  37  19  24  100  57  26  80  91  94  64  72  16  4  98  2  3  63  79  99  36  46  5  88  59  17  70  34  73  75  43  65  51  28  95  8  83  92  77  32  81  31  82  27  42  33  58  45  78  1  15  93  25  23  84  20  67  9  38  55  96  86  49  29  13  53  52  48  54  66  22  14  44  41  30  76  7  50  74  69  87  35  62  97  71  90  56  18  11  39  60
   10  91  99  72  54  80  39  53  88  35  63  61  56  20  43  34  40  69  86  16  28  44  76  42  98  37  77  1  81  24  14  15  52  21  83  50  46  67  45  97  55  9  12  25  32  57  8  23  68  79  29  18  73  58  7  82  75  62  59  5  47  95  17  96  100  33  71  2  65  64  74  31  51  27  87  48  92  26  94  78  66  36  19  90  84  93  70  6  11  13  85  38  3  89  30  4  22  49  41  60
   10  92  99  22  61  36  8  13  59  58  69  49  67  71  27  6  35  19  94  77  62  25  28  96  55  1  90  20  83  97  44  21  72  16  26  17  15  37  98  33  41  54  12  70  38  87  53  23  50  56  91  9  2  79  40  65  93  88  42  43  32  52  34  30  74  95  66  82  7  24  39  76  73  5  46  100  11  81  18  4  57  80  29  85  75  84  86  64  3  68  60  47  89  31  63  14  48  78  51  45
   10  93  37  76  2  20  57  59  64  85  89  3  88  40  29  42  100  47  78  68  84  72  48  86  94  71  91  23  63  12  82  25  16  83  49  30  58  61  15  51  45  67  96  55  56  31  24  69  4  77  27  54  19  74  81  6  5  46  17  95  1  65  11  8  80  99  33  66  75  32  62  13  73  41  21  44  36  98  22  34  18  28  97  50  92  79  90  38  53  39  35  14  9  7  70  52  26  87  43  60
   10  96  53  24  89  6  98  52  75  13  44  79  11  45  28  87  7  47  27  37  32  85  8  97  2  100  51  25  38  82  60  71  15  43  29  36  83  9  46  78  62  70  66  68  67  17  42  80  61  20  91  5  48  77  12  95  3  49  26  88  57  22  90  56  73  14  94  54  74  64  69  16  93  4  99  1  50  76  63  19  41  30  86  58  72  65  18  92  55  23  39  31  35  33  34  84  59  21  40  81
   10  97  42  64  35  87  46  22  72  52  60  77  50  81  8  17  74  31  28  9  57  58  98  82  48  1  40  85  67  54  39  45  83  88  86  6  38  5  99  21  32  68  94  23  11  36  26  30  89  25  91  4  59  37  66  14  55  79  29  49  41  24  51  20  93  84  27  70  73  92  44  43  3  19  53  100  61  16  34  47  62  56  18  13  15  95  63  96  2  80  69  33  7  78  90  65  75  71  12  76
   11  2  90  93  95  81  30  84  69  86  94  72  17  21  74  75  41  60  47  77  9  85  37  63  79  8  48  12  92  65  55  66  73  32  14  51  7  38  96  68  6  100  33  76  53  28  89  54  49  70  20  99  4  39  78  3  26  83  50  56  18  46  88  57  1  64  82  23  16  5  15  42  62  98  58  29  13  87  35  59  27  97  10  91  25  24  71  67  22  44  36  19  34  80  31  45  43  40  52  61
   11  4  28  97  43  21  48  90  45  36  20  14  49  41  60  83  1  38  39  29  65  13  9  7  75  42  62  34  74  53  23  76  37  94  80  31  19  32  66  22  96  58  17  6  77  2  5  100  85  68  18  35  50  55  52  27  56  67  8  46  72  16  82  69  81  30  44  87  26  73  3  24  84  12  92  25  57  59  63  15  79  89  88  51  33  10  91  99  64  70  86  95  40  98  71  93  47  78  54  61
   11  10  42  9  87  41  2  8  73  86  98  40  45  1  18  7  81  72  15  85  33  97  25  39  63  44  4  100  20  17  27  6  29  80  78  71  55  14  76  84  66  32  69  96  49  24  53  38  93  62  12  43  88  3  74  99  46  19  82  16  34  26  64  5  21  28  30  79  56  77  67  70  50  54  94  13  89  75  47  83  35  65  22  31  57  68  51  95  90  48  36  23  58  52  91  37  59  92  60  61
   11  12  80  13  35  81  20  14  49  36  24  82  77  21  4  15  41  50  7  37  89  25  97  83  59  78  18  22  2  5  95  16  93  42  44  51  67  8  46  38  56  90  53  26  73  98  69  84  29  60  10  79  34  19  48  23  76  3  40  6  88  96  58  17  1  94  92  43  66  45  55  52  72  68  28  9  33  47  75  39  87  57  100  91  65  54  71  27  32  74  86  99  64  70  31  85  63  30  62  61
   11  13  98  24  10  21  34  31  55  65  86  19  50  4  69  54  73  22  26  95  48  20  42  68  62  9  29  71  38  100  8  37  7  45  44  52  89  96  40  84  35  23  18  58  41  76  99  16  74  14  90  88  3  77  91  80  67  70  46  36  15  82  51  97  32  47  28  79  75  6  53  81  59  33  39  92  72  30  63  1  93  64  94  56  57  49  12  5  61  17  66  78  83  43  60  25  2  85  27  87
   11  14  18  17  83  21  38  20  25  86  50  24  9  41  90  23  1  28  99  89  45  53  69  27  55  12  32  44  84  93  63  26  57  4  10  31  79  2  16  92  46  48  37  56  97  72  85  30  65  58  8  15  80  35  22  47  6  87  98  96  42  66  52  29  81  60  54  7  76  13  43  34  94  82  62  5  77  19  3  95  39  49  78  51  73  40  91  59  74  100  36  75  70  88  71  33  67  68  64  61
   11  14  27  16  2  76  60  58  83  23  66  84  61  96  12  52  57  45  94  37  93  100  63  71  72  9  39  68  59  20  53  95  75  22  28  54  32  4  51  19  15  65  46  31  67  21  91  24  3  13  90  87  74  85  99  25  41  43  18  78  35  17  40  5  89  49  44  56  7  64  8  1  38  30  29  92  62  33  42  81  48  6  26  79  73  47  69  97  50  82  86  36  55  70  34  80  10  77  98  88
   11  17  63  79  67  76  44  68  50  13  66  1  75  70  99  52  62  4  98  78  93  6  46  16  89  9  69  24  83  64  53  36  74  96  29  54  10  43  94  81  15  14  40  71  73  21  60  56  59  82  90  84  38  22  34  25  57  33  51  88  35  100  26  31  2  49  39  97  3  23  8  95  55  85  12  92  32  77  18  37  48  65  27  5  72  47  91  58  7  20  86  87  61  30  28  80  41  45  42  19
   11  19  42  45  41  80  28  30  61  87  86  20  7  58  91  47  72  5  27  65  48  37  18  77  32  92  12  85  55  95  8  23  3  97  39  49  2  31  26  100  35  88  51  33  57  25  34  22  38  84  90  82  59  56  60  21  73  71  40  14  15  81  94  43  10  54  29  96  74  36  53  64  83  24  69  9  89  16  46  6  93  78  98  4  62  52  99  70  75  1  66  13  50  68  44  76  67  79  63  17
   11  20  32  29  27  41  92  38  53  36  28  50  5  1  48  47  81  62  75  45  13  37  85  59  43  14  74  10  30  57  67  56  49  90  8  71  15  84  26  54  16  22  89  46  69  94  33  68  73  52  2  23  18  83  44  19  96  39  72  66  4  76  34  65  21  58  40  99  6  17  7  80  60  24  64  93  9  35  87  63  95  25  12  31  97  98  51  55  100  78  86  3  88  42  91  77  79  82  70  61
   11  22  44  88  75  49  98  95  89  77  53  5  10  20  40  80  59  17  34  68  35  70  39  78  55  9  18  36  72  43  86  71  41  82  63  25  50  100  99  97  93  85  69  37  74  47  94  87  73  45  90  79  57  13  26  52  3  6  12  24  48  96  91  81  61  21  42  84  67  33  66  31  62  23  46  92  83  65  29  58  15  30  60  19  38  76  51  1  2  4  8  16  32  64  27  54  7  14  28  56
   11  22  70  33  75  81  10  44  29  86  54  92  37  21  34  55  41  40  67  97  69  65  57  3  39  48  88  32  12  45  35  66  13  52  74  51  27  78  96  8  6  80  73  76  93  68  49  14  9  50  100  59  64  99  18  43  26  23  30  56  58  46  28  77  1  24  2  63  16  85  95  62  82  38  98  89  53  7  15  19  47  17  90  91  5  84  71  87  42  4  36  79  94  60  31  25  83  20  72  61
   11  23  94  68  32  21  99  5  38  6  86  88  83  45  39  54  67  85  40  1  48  82  98  58  57  9  28  31  74  17  8  81  50  77  60  52  72  22  46  87  35  64  42  97  10  76  12  71  75  65  90  78  7  33  69  80  2  96  63  95  15  13  18  56  62  47  34  16  61  100  53  19  3  43  44  92  73  70  27  84  93  20  51  24  41  49  29  79  55  14  66  37  59  4  91  25  89  30  26  36
   11  30  22  49  67  41  82  68  33  86  58  60  65  1  78  87  81  52  35  5  93  77  45  79  23  84  44  20  40  97  7  6  69  100  38  71  75  54  76  24  66  12  9  96  89  64  13  98  53  42  92  3  48  63  14  39  46  59  62  16  74  26  4  25  21  88  50  19  56  57  47  90  70  94  34  73  29  95  27  43  55  85  2  31  37  28  51  15  10  8  36  83  18  32  91  17  99  72  80  61
   11  30  91  37  55  49  51  84  73  43  53  16  62  13  63  80  7  65  12  97  35  22  60  81  74  9  98  1  67  45  86  5  32  23  26  25  59  14  29  24  93  70  44  19  61  47  18  95  2  33  90  71  10  64  46  52  50  17  28  58  48  85  39  88  38  21  94  36  89  4  66  79  41  20  27  92  3  100  34  56  15  96  69  78  75  76  42  87  72  77  8  31  57  82  40  54  83  6  99  68
   11  33  99  95  83  47  40  19  57  70  8  24  72  14  42  25  75  23  69  5  15  45  34  1  3  9  27  81  41  22  66  97  89  65  94  80  38  13  39  16  48  43  28  84  50  49  46  37  10  30  90  68  2  6  18  54  61  82  44  31  93  77  29  87  59  76  26  78  32  96  86  56  67  100  98  92  74  20  60  79  35  4  12  36  7  21  63  88  62  85  53  58  73  17  51  52  55  64  91  71
   11  34  98  57  63  21  18  80  85  86  10  44  29  41  50  3  1  8  19  9  5  33  89  67  15  52  72  64  4  73  43  26  97  24  70  31  99  42  16  32  46  28  77  56  37  12  45  90  25  38  88  75  40  95  62  87  6  27  78  96  82  66  92  49  81  20  74  47  76  93  23  54  14  22  2  65  17  39  83  55  59  69  58  51  53  100  91  79  94  60  36  35  30  68  71  13  7  48  84  61
   11  36  26  30  89  25  91  4  59  37  66  14  55  79  29  49  41  24  51  20  93  84  27  70  73  92  44  43  3  19  53  100  61  16  34  47  62  56  18  13  15  95  63  96  2  80  69  33  7  78  90  65  75  71  12  76  10  97  42  64  35  87  46  22  72  52  60  77  50  81  8  17  74  31  28  9  57  58  98  82  48  1  40  85  67  54  39  45  83  88  86  6  38  5  99  21  32  68  94  23
   11  40  12  69  7  41  72  98  13  36  88  70  25  1  8  27  81  42  95  65  73  17  5  99  3  54  14  30  50  37  47  56  89  10  68  71  35  24  26  94  16  2  29  46  9  34  93  28  33  32  82  83  78  43  84  59  96  79  52  66  44  76  74  85  21  18  60  39  6  97  87  100  80  64  4  53  49  55  67  23  15  45  92  31  77  58  51  75  20  38  86  63  48  22  91  57  19  62  90  61
   11  44  88  77  3  21  8  10  65  36  40  54  89  41  80  43  1  98  79  69  85  73  49  87  95  22  42  74  14  13  83  76  17  34  100  31  59  12  66  2  96  18  97  6  57  82  25  20  5  28  78  55  70  75  32  7  56  47  68  46  52  16  62  9  81  50  84  67  26  33  63  64  24  92  72  45  37  99  23  35  19  29  48  51  93  30  91  39  4  90  86  15  60  58  71  53  27  38  94  61
   11  45  28  87  7  47  27  37  32  85  8  97  2  100  51  25  38  82  60  71  15  43  29  36  83  9  46  78  62  70  66  68  67  17  42  80  61  20  91  5  48  77  12  95  3  49  26  88  57  22  90  56  73  14  94  54  74  64  69  16  93  4  99  1  50  76  63  19  41  30  86  58  72  65  18  92  55  23  39  31  35  33  34  84  59  21  40  81  10  96  53  24  89  6  98  52  75  13  44  79
   11  52  40  93  95  81  80  34  69  36  44  22  17  21  24  75  41  10  47  77  9  85  37  63  79  58  98  62  42  65  55  16  73  82  64  51  7  88  46  18  56  50  33  26  53  78  89  4  49  20  70  99  54  39  28  3  76  83  100  6  68  96  38  57  1  14  32  23  66  5  15  92  12  48  8  29  13  87  35  59  27  97  60  91  25  74  71  67  72  94  86  19  84  30  31  45  43  90  2  61
   11  54  78  97  43  21  98  40  45  86  70  64  49  41  10  83  1  88  39  29  65  13  9  7  75  92  12  84  24  53  23  26  37  44  30  31  19  82  16  72  46  8  17  56  77  52  5  50  85  18  68  35  100  55  2  27  6  67  58  96  22  66  32  69  81  80  94  87  76  73  3  74  34  62  42  25  57  59  63  15  79  89  38  51  33  60  91  99  14  20  36  95  90  48  71  93  47  28  4  61
   11  56  28  14  7  54  27  64  32  16  8  4  2  1  51  76  38  19  60  30  15  58  29  65  83  92  46  23  62  31  66  33  67  84  42  21  61  81  91  96  48  24  12  6  3  52  26  13  57  79  90  45  73  87  94  47  74  37  69  85  93  97  99  100  50  25  63  82  41  71  86  43  72  36  18  9  55  78  39  70  35  68  34  17  59  80  40  20  10  5  53  77  89  95  98  49  75  88  44  22
   11  60  92  9  87  41  52  58  73  36  48  90  45  1  68  7  81  22  15  85  33  97  25  39  63  94  54  50  70  17  27  56  29  30  28  71  55  64  26  34  16  82  69  46  49  74  53  88  93  12  62  43  38  3  24  99  96  19  32  66  84  76  14  5  21  78  80  79  6  77  67  20  100  4  44  13  89  75  47  83  35  65  72  31  57  18  51  95  40  98  86  23  8  2  91  37  59  42  10  61
   11  62  30  13  35  81  70  64  49  86  74  32  77  21  54  15  41  100  7  37  89  25  97  83  59  28  68  72  52  5  95  66  93  92  94  51  67  58  96  88  6  40  53  76  73  48  69  34  29  10  60  79  84  19  98  23  26  3  90  56  38  46  8  17  1  44  42  43  16  45  55  2  22  18  78  9  33  47  75  39  87  57  50  91  65  4  71  27  82  24  36  99  14  20  31  85  63  80  12  61
   11  65  26  71  89  76  91  97  59  64  66  87  55  22  29  52  41  77  51  81  93  17  27  31  73  9  44  58  3  82  53  1  61  85  34  54  62  45  18  88  15  6  63  5  2  21  69  68  7  23  90  36  75  30  12  25  10  4  42  37  35  14  46  79  72  49  60  24  50  20  8  84  74  70  28  92  57  43  98  19  48  100  40  16  67  47  39  56  83  13  86  95  38  96  99  80  32  33  94  78
   11  68  99  6  83  54  40  82  57  31  8  77  72  87  42  76  75  78  69  96  15  56  34  100  3  92  27  20  41  79  66  4  89  36  94  21  38  88  39  85  48  58  28  17  50  52  46  64  10  71  90  33  2  95  18  47  61  19  44  70  93  24  29  14  59  25  26  23  32  5  86  45  67  1  98  9  74  81  60  22  35  97  12  65  7  80  63  13  62  16  53  43  73  84  51  49  55  37  91  30
   11  70  82  29  27  41  42  88  53  86  78  100  5  1  98  47  81  12  75  45  13  37  85  59  43  64  24  60  80  57  67  6  49  40  58  71  15  34  76  4  66  72  89  96  69  44  33  18  73  2  52  23  68  83  94  19  46  39  22  16  54  26  84  65  21  8  90  99  56  17  7  30  10  74  14  93  9  35  87  63  95  25  62  31  97  48  51  55  50  28  36  3  38  92  91  77  79  32  20  61
   11  71  91  64  55  52  51  17  73  58  53  85  62  88  63  21  7  36  12  4  35  79  60  20  74  92  98  100  67  56  86  96  32  78  26  76  59  87  29  77  93  31  44  82  61  54  18  6  2  68  90  30  10  37  46  49  50  84  28  43  48  16  39  13  38  80  94  65  89  97  66  22  41  81  27  9  3  1  34  45  15  5  69  23  75  25  42  14  72  24  8  70  57  19  40  47  83  95  99  33
   11  72  20  33  75  81  60  94  29  36  4  42  37  21  84  55  41  90  67  97  69  65  57  3  39  98  38  82  62  45  35  16  13  2  24  51  27  28  46  58  56  30  73  26  93  18  49  64  9  100  50  59  14  99  68  43  76  23  80  6  8  96  78  77  1  74  52  63  66  85  95  12  32  88  48  89  53  7  15  19  47  17  40  91  5  34  71  87  92  54  86  79  44  10  31  25  83  70  22  61
   11  78  94  33  32  80  99  96  38  95  86  13  83  56  39  47  67  16  40  100  48  19  98  43  57  92  28  70  74  84  8  20  50  24  60  49  72  79  46  14  35  37  42  4  10  25  12  30  75  36  90  23  7  68  69  21  2  5  63  6  15  88  18  45  62  54  34  85  61  1  53  82  3  58  44  9  73  31  27  17  93  81  51  77  41  52  29  22  55  87  66  64  59  97  91  76  89  71  26  65
   11  79  44  13  75  52  98  6  89  24  53  96  10  81  40  21  59  84  34  33  35  31  39  23  55  92  18  65  72  58  86  30  41  19  63  76  50  1  99  4  93  16  69  64  74  54  94  14  73  56  90  22  57  88  26  49  3  95  12  77  48  5  91  20  61  80  42  17  67  68  66  70  62  78  46  9  83  36  29  43  15  71  60  82  38  25  51  100  2  97  8  85  32  37  27  47  7  87  28  45
   11  80  72  49  67  41  32  18  33  36  8  10  65  1  28  87  81  2  35  5  93  77  45  79  23  34  94  70  90  97  7  56  69  50  88  71  75  4  26  74  16  62  9  46  89  14  13  48  53  92  42  3  98  63  64  39  96  59  12  66  24  76  54  25  21  38  100  19  6  57  47  40  20  44  84  73  29  95  27  43  55  85  52  31  37  78  51  15  60  58  86  83  68  82  91  17  99  22  30  61
   11  84  48  57  63  21  68  30  85  36  60  94  29  41  100  3  1  58  19  9  5  33  89  67  15  2  22  14  54  73  43  76  97  74  20  31  99  92  66  82  96  78  77  6  37  62  45  40  25  88  38  75  90  95  12  87  56  27  28  46  32  16  42  49  81  70  24  47  26  93  23  4  64  72  52  65  17  39  83  55  59  69  8  51  53  50  91  79  44  10  86  35  80  18  71  13  7  98  34  61
   11  84  63  22  67  25  44  33  50  88  66  100  75  31  99  49  62  97  98  23  93  95  46  85  89  92  69  77  83  37  53  65  74  5  29  47  10  58  94  20  15  87  40  30  73  80  60  45  59  19  90  17  38  79  34  76  57  68  51  13  35  1  26  70  2  52  39  4  3  78  8  6  55  16  12  9  32  24  18  64  48  36  27  96  72  54  91  43  7  81  86  14  61  71  28  21  41  56  42  82
   11  87  27  85  2  25  60  43  83  78  66  17  61  5  12  49  57  56  94  64  93  1  63  30  72  92  39  33  59  81  53  6  75  79  28  47  32  97  51  82  15  36  46  70  67  80  91  77  3  88  90  14  74  16  99  76  41  58  18  23  35  84  40  96  89  52  44  45  7  37  8  100  38  71  29  9  62  68  42  20  48  95  26  22  73  54  69  4  50  19  86  65  55  31  34  21  10  24  98  13
   11  88  98  77  10  80  34  70  55  36  86  82  50  97  69  47  73  79  26  6  48  81  42  33  62  92  29  30  38  1  8  64  7  56  44  49  89  5  40  17  35  78  18  43  41  25  99  85  74  87  90  13  3  24  91  21  67  31  46  65  15  19  51  4  32  54  28  22  75  95  53  20  59  68  39  9  72  71  63  100  93  37  94  45  57  52  12  96  61  84  66  23  83  58  60  76  2  16  27  14
   11  90  62  69  7  41  22  48  13  86  38  20  25  1  58  27  81  92  95  65  73  17  5  99  3  4  64  80  100  37  47  6  89  60  18  71  35  74  76  44  66  52  29  96  9  84  93  78  33  82  32  83  28  43  34  59  46  79  2  16  94  26  24  85  21  68  10  39  56  97  87  50  30  14  54  53  49  55  67  23  15  45  42  31  77  8  51  75  70  88  36  63  98  72  91  57  19  12  40  61
   11  94  38  77  3  21  58  60  65  86  90  4  89  41  30  43  1  48  79  69  85  73  49  87  95  72  92  24  64  13  83  26  17  84  50  31  59  62  16  52  46  68  97  56  57  32  25  70  5  78  28  55  20  75  82  7  6  47  18  96  2  66  12  9  81  100  34  67  76  33  63  14  74  42  22  45  37  99  23  35  19  29  98  51  93  80  91  39  54  40  36  15  10  8  71  53  27  88  44  61
   12  3  91  94  96  82  31  85  70  87  95  73  18  22  75  76  42  61  48  78  10  86  38  64  80  9  49  13  93  66  56  67  74  33  15  52  8  39  97  69  7  1  34  77  54  29  90  55  50  71  21  100  5  40  79  4  27  84  51  57  19  47  89  58  2  65  83  24  17  6  16  43  63  99  59  30  14  88  36  60  28  98  11  92  26  25  72  68  23  45  37  20  35  81  32  46  44  41  53  62
   12  5  29  98  44  22  49  91  46  37  21  15  50  42  61  84  2  39  40  30  66  14  10  8  76  43  63  35  75  54  24  77  38  95  81  32  20  33  67  23  97  59  18  7  78  3  6  1  86  69  19  36  51  56  53  28  57  68  9  47  73  17  83  70  82  31  45  88  27  74  4  25  85  13  93  26  58  60  64  16  80  90  89  52  34  11  92  100  65  71  87  96  41  99  72  94  48  79  55  62
   12  6  3  52  26  13  57  79  90  45  73  87  94  47  74  37  69  85  93  97  99  100  50  25  63  82  41  71  86  43  72  36  18  9  55  78  39  70  35  68  34  17  59  80  40  20  10  5  53  77  89  95  98  49  75  88  44  22  11  56  28  14  7  54  27  64  32  16  8  4  2  1  51  76  38  19  60  30  15  58  29  65  83  92  46  23  62  31  66  33  67  84  42  21  61  81  91  96  48  24
   12  9  5  6  40  2  85  3  98  37  73  99  14  82  33  100  22  95  24  34  78  70  54  96  68  11  91  79  39  30  60  97  66  19  13  92  44  21  7  31  77  75  86  67  26  51  38  93  58  65  15  8  43  88  1  76  17  36  25  27  81  57  71  94  42  63  69  16  47  10  80  89  29  41  61  18  46  4  20  28  84  74  45  72  50  83  32  64  49  23  87  48  53  35  52  90  56  55  59  62
   12  9  32  24  18  64  48  36  27  96  72  54  91  43  7  81  86  14  61  71  28  21  41  56  42  82  11  84  63  22  67  25  44  33  50  88  66  100  75  31  99  49  62  97  98  23  93  95  46  85  89  92  69  77  83  37  53  65  74  5  29  47  10  58  94  20  15  87  40  30  73  80  60  45  59  19  90  17  38  79  34  76  57  68  51  13  35  1  26  70  2  52  39  4  3  78  8  6  55  16
   12  11  43  10  88  42  3  9  74  87  99  41  46  2  19  8  82  73  16  86  34  98  26  40  64  45  5  1  21  18  28  7  30  81  79  72  56  15  77  85  67  33  70  97  50  25  54  39  94  63  13  44  89  4  75  100  47  20  83  17  35  27  65  6  22  29  31  80  57  78  68  71  51  55  95  14  90  76  48  84  36  66  23  32  58  69  52  96  91  49  37  24  59  53  92  38  60  93  61  62
   12  14  50  92  40  13  32  71  66  77  73  1  18  21  75  37  60  70  48  56  99  65  59  52  27  82  62  5  90  4  72  84  98  47  38  78  91  22  93  58  34  6  7  25  46  20  57  16  86  33  89  87  51  9  61  88  69  30  35  24  28  100  83  80  26  64  41  31  53  45  2  36  42  49  74  19  39  96  11  97  29  17  3  54  63  23  10  79  8  43  67  95  94  76  55  81  44  85  15  68
   12  17  83  25  27  13  10  31  86  4  73  95  42  9  38  37  44  96  35  58  99  14  3  80  46  82  32  79  53  33  72  1  94  49  61  78  60  85  11  24  34  65  50  54  26  20  62  71  8  45  89  84  18  76  74  88  91  70  15  97  28  6  59  92  63  64  57  5  66  43  2  87  98  21  55  19  69  22  48  68  29  100  7  52  40  23  41  16  90  77  67  36  51  47  75  81  39  30  93  56
   12  19  95  26  80  2  75  33  78  87  3  9  74  82  63  40  22  85  84  94  58  10  14  16  48  81  61  89  49  70  100  47  86  29  43  92  4  91  57  1  27  65  6  17  46  21  18  23  38  55  5  88  73  68  71  96  67  56  15  77  51  7  41  54  42  93  79  36  97  50  20  99  39  11  31  98  66  64  60  8  44  34  35  72  90  13  32  24  59  53  37  28  83  25  52  30  76  45  69  62
   12  21  33  30  28  42  93  39  54  37  29  51  6  2  49  48  82  63  76  46  14  38  86  60  44  15  75  11  31  58  68  57  50  91  9  72  16  85  27  55  17  23  90  47  70  95  34  69  74  53  3  24  19  84  45  20  97  40  73  67  5  77  35  66  22  59  41  100  7  18  8  81  61  25  65  94  10  36  88  64  96  26  13  32  98  99  52  56  1  79  87  4  89  43  92  78  80  83  71  62
   12  23  71  34  76  82  11  45  30  87  55  93  38  22  35  56  42  41  68  98  70  66  58  4  40  49  89  33  13  46  36  67  14  53  75  52  28  79  97  9  7  81  74  77  94  69  50  15  10  51  1  60  65  100  19  44  27  24  31  57  59  47  29  78  2  25  3  64  17  86  96  63  83  39  99  90  54  8  16  20  48  18  91  92  6  85  72  88  43  5  37  80  95  61  32  26  84  21  73  62
   12  25  10  4  42  37  35  14  46  79  72  49  60  24  50  20  8  84  74  70  28  92  57  43  98  19  48  100  40  16  67  47  39  56  83  13  86  95  38  96  99  80  32  33  94  78  11  65  26  71  89  76  91  97  59  64  66  87  55  22  29  52  41  77  51  81  93  17  27  31  73  9  44  58  3  82  53  1  61  85  34  54  62  45  18  88  15  6  63  5  2  21  69  68  7  23  90  36  75  30
   12  29  85  46  20  2  65  63  58  37  33  19  34  82  93  80  22  75  44  54  38  50  74  36  28  51  31  99  59  10  40  97  6  39  73  92  64  61  7  71  77  55  26  67  66  91  98  53  18  45  95  68  3  48  41  16  17  76  5  27  21  57  11  14  42  23  89  56  47  90  60  9  49  81  1  78  86  24  100  88  4  94  25  72  30  43  32  84  69  83  87  8  13  15  52  70  96  35  79  62
   12  30  75  36  90  23  7  68  69  21  2  5  63  6  15  88  18  45  62  54  34  85  61  1  53  82  3  58  44  9  73  31  27  17  93  81  51  77  41  52  29  22  55  87  66  64  59  97  91  76  89  71  26  65  11  78  94  33  32  80  99  96  38  95  86  13  83  56  39  47  67  16  40  100  48  19  98  43  57  92  28  70  74  84  8  20  50  24  60  49  72  79  46  14  35  37  42  4  10  25
   12  31  38  14  53  78  50  45  91  92  2  22  40  36  93  13  42  58  32  49  34  71  74  6  66  19  7  77  39  25  73  96  46  1  11  20  18  97  57  21  29  16  75  17  86  37  3  33  60  54  89  70  63  87  48  23  51  56  10  9  99  79  61  65  8  88  59  43  69  52  67  30  27  95  35  82  94  24  62  76  28  5  55  100  90  81  83  4  44  80  72  85  26  84  15  64  98  68  41  47
   12  35  99  58  64  22  19  81  86  87  11  45  30  42  51  4  2  9  20  10  6  34  90  68  16  53  73  65  5  74  44  27  98  25  71  32  100  43  17  33  47  29  78  57  38  13  46  91  26  39  89  76  41  96  63  88  7  28  79  97  83  67  93  50  82  21  75  48  77  94  24  55  15  23  3  66  18  40  84  56  60  70  59  52  54  1  92  80  95  61  37  36  31  69  72  14  8  49  85  62
   12  39  75  66  60  2  55  93  38  87  63  29  94  82  23  20  22  65  4  14  18  90  34  56  8  21  1  9  69  50  80  47  26  49  3  92  24  31  57  41  27  45  46  17  86  61  78  83  98  35  85  48  33  28  11  36  67  96  95  77  91  7  81  74  42  53  99  76  97  30  100  19  59  51  71  58  6  84  40  68  64  54  15  72  70  73  32  44  79  13  37  88  43  5  52  10  16  25  89  62
   12  41  13  70  8  42  73  99  14  37  89  71  26  2  9  28  82  43  96  66  74  18  6  100  4  55  15  31  51  38  48  57  90  11  69  72  36  25  27  95  17  3  30  47  10  35  94  29  34  33  83  84  79  44  85  60  97  80  53  67  45  77  75  86  22  19  61  40  7  98  88  1  81  65  5  54  50  56  68  24  16  46  93  32  78  59  52  76  21  39  87  64  49  23  92  58  20  63  91  62
   12  45  89  78  4  22  9  11  66  37  41  55  90  42  81  44  2  99  80  70  86  74  50  88  96  23  43  75  15  14  84  77  18  35  1  32  60  13  67  3  97  19  98  7  58  83  26  21  6  29  79  56  71  76  33  8  57  48  69  47  53  17  63  10  82  51  85  68  27  34  64  65  25  93  73  46  38  100  24  36  20  30  49  52  94  31  92  40  5  91  87  16  61  59  72  54  28  39  95  62
   12  45  93  71  39  20  75  54  51  65  67  24  90  85  41  78  40  49  7  1  29  33  48  79  69  82  55  80  98  14  2  58  66  96  57  37  63  9  59  95  28  4  15  31  91  13  74  25  18  17  89  56  8  30  62  81  26  47  50  36  34  77  11  16  60  23  61  52  94  100  72  68  53  22  32  19  46  21  3  87  99  43  35  5  44  64  38  92  42  6  73  97  86  70  10  88  27  76  83  84
   12  47  41  68  98  64  15  84  26  85  72  80  44  4  83  81  90  100  55  5  28  76  62  24  94  82  35  95  27  30  67  52  69  43  59  88  8  65  61  79  99  9  10  56  51  23  48  87  63  70  89  54  60  33  3  37  86  17  75  16  29  21  57  97  18  20  11  1  46  96  73  25  39  77  7  19  66  6  74  71  34  49  32  58  42  13  93  36  40  22  2  92  91  45  50  78  53  14  38  31
   12  53  41  94  96  82  81  35  70  37  45  23  18  22  25  76  42  11  48  78  10  86  38  64  80  59  99  63  43  66  56  17  74  83  65  52  8  89  47  19  57  51  34  27  54  79  90  5  50  21  71  100  55  40  29  4  77  84  1  7  69  97  39  58  2  15  33  24  67  6  16  93  13  49  9  30  14  88  36  60  28  98  61  92  26  75  72  68  73  95  87  20  85  31  32  46  44  91  3  62
   12  54  41  33  98  37  15  17  26  16  72  21  44  97  83  20  90  1  55  96  28  25  62  77  94  19  35  6  27  71  67  49  69  58  59  13  8  36  61  22  99  92  10  45  51  78  48  14  63  31  89  47  60  68  3  64  86  84  75  85  29  80  57  4  18  81  11  100  46  5  73  76  39  24  7  82  66  95  74  30  34  52  32  43  42  88  93  65  40  79  2  9  91  56  50  23  53  87  38  70
   12  55  79  98  44  22  99  41  46  87  71  65  50  42  11  84  2  89  40  30  66  14  10  8  76  93  13  85  25  54  24  27  38  45  31  32  20  83  17  73  47  9  18  57  78  53  6  51  86  19  69  36  1  56  3  28  7  68  59  97  23  67  33  70  82  81  95  88  77  74  4  75  35  63  43  26  58  60  64  16  80  90  39  52  34  61  92  100  15  21  37  96  91  49  72  94  48  29  5  62
   12  56  93  30  39  81  75  47  51  36  67  77  90  16  41  23  40  52  7  100  29  68  48  22  69  19  55  21  98  87  2  43  66  5  57  64  63  92  59  6  28  97  15  70  91  88  74  76  18  84  89  45  8  71  62  20  26  54  50  65  34  24  11  85  60  78  61  49  94  1  72  33  53  79  32  82  46  80  3  14  99  58  35  96  44  37  38  9  42  95  73  4  86  31  10  13  27  25  83  17
   12  59  55  6  40  2  35  53  98  87  23  49  14  82  83  100  22  45  24  34  78  70  54  96  68  61  41  29  89  30  60  47  66  69  63  92  44  71  57  81  27  25  86  17  26  1  38  43  58  15  65  8  93  88  51  76  67  36  75  77  31  7  21  94  42  13  19  16  97  10  80  39  79  91  11  18  46  4  20  28  84  74  95  72  50  33  32  64  99  73  37  48  3  85  52  90  56  5  9  62
   12  61  93  10  88  42  53  59  74  37  49  91  46  2  69  8  82  23  16  86  34  98  26  40  64  95  55  51  71  18  28  57  30  31  29  72  56  65  27  35  17  83  70  47  50  75  54  89  94  13  63  44  39  4  25  100  97  20  33  67  85  77  15  6  22  79  81  80  7  78  68  21  1  5  45  14  90  76  48  84  36  66  73  32  58  19  52  96  41  99  87  24  9  3  92  38  60  43  11  62
   12  69  45  26  80  2  25  83  78  37  53  59  74  82  13  40  22  35  84  94  58  10  14  16  48  31  11  39  99  70  100  97  86  79  93  92  4  41  7  51  77  15  6  67  46  71  18  73  38  5  55  88  23  68  21  96  17  56  65  27  1  57  91  54  42  43  29  36  47  50  20  49  89  61  81  98  66  64  60  8  44  34  85  72  90  63  32  24  9  3  87  28  33  75  52  30  76  95  19  62
   12  70  38  87  53  23  50  56  91  9  2  79  40  65  93  88  42  43  32  52  34  30  74  95  66  82  7  24  39  76  73  5  46  100  11  81  18  4  57  80  29  85  75  84  86  64  3  68  60  47  89  31  63  14  48  78  51  45  10  92  99  22  61  36  8  13  59  58  69  49  67  71  27  6  35  19  94  77  62  25  28  96  55  1  90  20  83  97  44  21  72  16  26  17  15  37  98  33  41  54
   12  71  75  65  90  78  7  33  69  80  2  96  63  95  15  13  18  56  62  47  34  16  61  100  53  19  3  43  44  92  73  70  27  84  93  20  51  24  41  49  29  79  55  14  66  37  59  4  91  25  89  30  26  36  11  23  94  68  32  21  99  5  38  6  86  88  83  45  39  54  67  85  40  1  48  82  98  58  57  9  28  31  74  17  8  81  50  77  60  52  72  22  46  87  35  64  42  97  10  76
   12  73  21  34  76  82  61  95  30  37  5  43  38  22  85  56  42  91  68  98  70  66  58  4  40  99  39  83  63  46  36  17  14  3  25  52  28  29  47  59  57  31  74  27  94  19  50  65  10  1  51  60  15  100  69  44  77  24  81  7  9  97  79  78  2  75  53  64  67  86  96  13  33  89  49  90  54  8  16  20  48  18  41  92  6  35  72  88  93  55  87  80  45  11  32  26  84  71  23  62
   12  76  10  97  42  64  35  87  46  22  72  52  60  77  50  81  8  17  74  31  28  9  57  58  98  82  48  1  40  85  67  54  39  45  83  88  86  6  38  5  99  21  32  68  94  23  11  36  26  30  89  25  91  4  59  37  66  14  55  79  29  49  41  24  51  20  93  84  27  70  73  92  44  43  3  19  53  100  61  16  34  47  62  56  18  13  15  95  63  96  2  80  69  33  7  78  90  65  75  71
   12  79  35  46  20  2  15  13  58  87  83  69  34  82  43  80  22  25  44  54  38  50  74  36  28  1  81  49  9  10  40  47  6  89  23  92  64  11  57  21  27  5  26  17  66  41  98  3  18  95  45  68  53  48  91  16  67  76  55  77  71  7  61  14  42  73  39  56  97  90  60  59  99  31  51  78  86  24  100  88  4  94  75  72  30  93  32  84  19  33  37  8  63  65  52  70  96  85  29  62
   12  84  83  76  27  88  10  70  86  97  73  6  42  92  38  64  44  5  35  43  99  87  3  21  46  19  32  22  53  68  72  100  94  52  61  23  60  16  11  77  34  36  50  47  26  81  62  30  8  56  89  17  18  25  74  13  91  31  15  4  28  95  59  9  63  37  57  96  66  58  2  14  98  80  55  82  69  79  48  33  29  1  7  49  40  78  41  85  90  24  67  65  51  54  75  20  39  71  93  45
   12  85  49  58  64  22  69  31  86  37  61  95  30  42  1  4  2  59  20  10  6  34  90  68  16  3  23  15  55  74  44  77  98  75  21  32  100  93  67  83  97  79  78  7  38  63  46  41  26  89  39  76  91  96  13  88  57  28  29  47  33  17  43  50  82  71  25  48  27  94  24  5  65  73  53  66  18  40  84  56  60  70  9  52  54  51  92  80  45  11  87  36  81  19  72  14  8  99  35  62
   12  89  25  66  60  2  5  43  38  37  13  79  94  82  73  20  22  15  4  14  18  90  34  56  8  71  51  59  19  50  80  97  26  99  53  92  24  81  7  91  77  95  46  67  86  11  78  33  98  85  35  48  83  28  61  36  17  96  45  27  41  57  31  74  42  3  49  76  47  30  100  69  9  1  21  58  6  84  40  68  64  54  65  72  70  23  32  44  29  63  87  88  93  55  52  10  16  75  39  62
   12  91  63  70  8  42  23  49  14  87  39  21  26  2  59  28  82  93  96  66  74  18  6  100  4  5  65  81  1  38  48  7  90  61  19  72  36  75  77  45  67  53  30  97  10  85  94  79  34  83  33  84  29  44  35  60  47  80  3  17  95  27  25  86  22  69  11  40  57  98  88  51  31  15  55  54  50  56  68  24  16  46  43  32  78  9  52  76  71  89  37  64  99  73  92  58  20  13  41  62
   12  92  32  77  18  37  48  65  27  5  72  47  91  58  7  20  86  87  61  30  28  80  41  45  42  19  11  17  63  79  67  76  44  68  50  13  66  1  75  70  99  52  62  4  98  78  93  6  46  16  89  9  69  24  83  64  53  36  74  96  29  54  10  43  94  81  15  14  40  71  73  21  60  56  59  82  90  84  38  22  34  25  57  33  51  88  35  100  26  31  2  49  39  97  3  23  8  95  55  85
   12  95  3  49  26  88  57  22  90  56  73  14  94  54  74  64  69  16  93  4  99  1  50  76  63  19  41  30  86  58  72  65  18  92  55  23  39  31  35  33  34  84  59  21  40  81  10  96  53  24  89  6  98  52  75  13  44  79  11  45  28  87  7  47  27  37  32  85  8  97  2  100  51  25  38  82  60  71  15  43  29  36  83  9  46  78  62  70  66  68  67  17  42  80  61  20  91  5  48  77
   12  95  39  78  4  22  59  61  66  87  91  5  90  42  31  44  2  49  80  70  86  74  50  88  96  73  93  25  65  14  84  27  18  85  51  32  60  63  17  53  47  69  98  57  58  33  26  71  6  79  29  56  21  76  83  8  7  48  19  97  3  67  13  10  82  1  35  68  77  34  64  15  75  43  23  46  38  100  24  36  20  30  99  52  94  81  92  40  55  41  37  16  11  9  72  54  28  89  45  62
   13  2  54  91  49  43  14  80  95  38  70  32  87  3  90  69  83  84  57  27  55  59  67  21  85  76  36  92  12  79  89  58  11  72  50  73  97  46  28  16  18  44  51  48  31  56  75  10  15  74  24  65  60  25  6  81  98  1  94  68  66  78  96  47  23  100  22  61  8  39  29  62  42  86  26  35  71  17  9  5  77  7  34  33  19  40  53  37  82  20  88  45  30  64  93  99  41  4  52  63
   13  4  92  95  97  83  32  86  71  88  96  74  19  23  76  77  43  62  49  79  11  87  39  65  81  10  50  14  94  67  57  68  75  34  16  53  9  40  98  70  8  2  35  78  55  30  91  56  51  72  22  1  6  41  80  5  28  85  52  58  20  48  90  59  3  66  84  25  18  7  17  44  64  100  60  31  15  89  37  61  29  99  12  93  27  26  73  69  24  46  38  21  36  82  33  47  45  42  54  63
   13  8  36  61  22  99  92  10  45  51  78  48  14  63  31  89  47  60  68  3  64  86  84  75  85  29  80  57  4  18  81  11  100  46  5  73  76  39  24  7  82  66  95  74  30  34  52  32  43  42  88  93  65  40  79  2  9  91  56  50  23  53  87  38  70  12  54  41  33  98  37  15  17  26  16  72  21  44  97  83  20  90  1  55  96  28  25  62  77  94  19  35  6  27  71  67  49  69  58  59
   13  10  31  86  4  73  95  42  9  38  37  44  96  35  58  99  14  3  80  46  82  32  79  53  33  72  1  94  49  61  78  60  85  11  24  34  65  50  54  26  20  62  71  8  45  89  84  18  76  74  88  91  70  15  97  28  6  59  92  63  64  57  5  66  43  2  87  98  21  55  19  69  22  48  68  29  100  7  52  40  23  41  16  90  77  67  36  51  47  75  81  39  30  93  56  12  17  83  25  27
   13  16  20  19  85  23  40  22  27  88  52  26  11  43  92  25  3  30  1  91  47  55  71  29  57  14  34  46  86  95  65  28  59  6  12  33  81  4  18  94  48  50  39  58  99  74  87  32  67  60  10  17  82  37  24  49  8  89  100  98  44  68  54  31  83  62  56  9  78  15  45  36  96  84  64  7  79  21  5  97  41  51  80  53  75  42  93  61  76  2  38  77  72  90  73  35  69  70  66  63
   13  20  96  27  81  3  76  34  79  88  4  10  75  83  64  41  23  86  85  95  59  11  15  17  49  82  62  90  50  71  1  48  87  30  44  93  5  92  58  2  28  66  7  18  47  22  19  24  39  56  6  89  74  69  72  97  68  57  16  78  52  8  42  55  43  94  80  37  98  51  21  100  40  12  32  99  67  65  61  9  45  35  36  73  91  14  33  25  60  54  38  29  84  26  53  31  77  46  70  63
   13  22  34  31  29  43  94  40  55  38  30  52  7  3  50  49  83  64  77  47  15  39  87  61  45  16  76  12  32  59  69  58  51  92  10  73  17  86  28  56  18  24  91  48  71  96  35  70  75  54  4  25  20  85  46  21  98  41  74  68  6  78  36  67  23  60  42  1  8  19  9  82  62  26  66  95  11  37  89  65  97  27  14  33  99  100  53  57  2  80  88  5  90  44  93  79  81  84  72  63
   13  24  72  35  77  83  12  46  31  88  56  94  39  23  36  57  43  42  69  99  71  67  59  5  41  50  90  34  14  47  37  68  15  54  76  53  29  80  98  10  8  82  75  78  95  70  51  16  11  52  2  61  66  1  20  45  28  25  32  58  60  48  30  79  3  26  4  65  18  87  97  64  84  40  100  91  55  9  17  21  49  19  92  93  7  86  73  89  44  6  38  81  96  62  33  27  85  22  74  63
   13  26  10  39  25  23  30  52  7  38  82  36  71  43  22  65  3  20  61  51  27  95  31  49  37  84  4  56  96  35  5  78  79  16  42  33  41  74  68  64  98  40  59  8  19  44  67  62  47  50  100  97  12  17  94  69  58  9  90  48  14  18  24  91  83  92  66  29  28  55  85  46  6  54  34  87  99  81  45  77  1  11  70  53  15  72  93  21  86  32  88  57  2  80  73  75  89  60  76  63
   13  26  52  3  6  12  24  48  96  91  81  61  21  42  84  67  33  66  31  62  23  46  92  83  65  29  58  15  30  60  19  38  76  51  1  2  4  8  16  32  64  27  54  7  14  28  56  11  22  44  88  75  49  98  95  89  77  53  5  10  20  40  80  59  17  34  68  35  70  39  78  55  9  18  36  72  43  86  71  41  82  63  25  50  100  99  97  93  85  69  37  74  47  94  87  73  45  90  79  57
   13  30  86  47  21  3  66  64  59  38  34  20  35  83  94  81  23  76  45  55  39  51  75  37  29  52  32  100  60  11  41  98  7  40  74  93  65  62  8  72  78  56  27  68  67  92  99  54  19  46  96  69  4  49  42  17  18  77  6  28  22  58  12  15  43  24  90  57  48  91  61  10  50  82  2  79  87  25  1  89  5  95  26  73  31  44  33  85  70  84  88  9  14  16  53  71  97  36  80  63
   13  34  62  55  17  83  2  76  11  38  86  4  99  23  66  97  43  32  29  59  51  7  19  25  21  20  60  44  24  87  77  18  35  64  6  53  89  50  48  80  58  72  95  28  15  40  31  46  91  42  92  41  96  81  90  65  78  45  22  8  30  98  100  39  3  56  14  85  68  27  37  74  94  10  70  71  75  69  57  1  9  79  82  93  47  16  73  49  54  36  88  61  26  52  33  67  5  12  84  63
   13  38  80  94  65  89  97  66  22  41  81  27  9  3  1  34  45  15  5  69  23  75  25  42  14  72  24  8  70  57  19  40  47  83  95  99  33  11  71  91  64  55  52  51  17  73  58  53  85  62  88  63  21  7  36  12  4  35  79  60  20  74  92  98  100  67  56  86  96  32  78  26  76  59  87  29  77  93  31  44  82  61  54  18  6  2  68  90  30  10  37  46  49  50  84  28  43  48  16  39
   13  39  16  48  43  28  84  50  49  46  37  10  30  90  68  2  6  18  54  61  82  44  31  93  77  29  87  59  76  26  78  32  96  86  56  67  100  98  92  74  20  60  79  35  4  12  36  7  21  63  88  62  85  53  58  73  17  51  52  55  64  91  71  11  33  99  95  83  47  40  19  57  70  8  24  72  14  42  25  75  23  69  5  15  45  34  1  3  9  27  81  41  22  66  97  89  65  94  80  38
   13  40  76  67  61  3  56  94  39  88  64  30  95  83  24  21  23  66  5  15  19  91  35  57  9  22  2  10  70  51  81  48  27  50  4  93  25  32  58  42  28  46  47  18  87  62  79  84  99  36  86  49  34  29  12  37  68  97  96  78  92  8  82  75  43  54  100  77  98  31  1  20  60  52  72  59  7  85  41  69  65  55  16  73  71  74  33  45  80  14  38  89  44  6  53  11  17  26  90  63
   13  44  52  75  57  83  92  6  91  88  16  14  59  23  96  37  43  22  89  19  31  47  79  45  1  90  30  54  34  27  17  68  55  74  36  53  49  20  98  50  8  62  15  78  35  10  11  76  71  32  82  21  26  61  60  85  28  65  12  58  100  48  70  99  3  86  24  5  18  67  77  84  4  80  40  51  95  29  97  81  69  39  72  93  87  46  73  9  64  66  38  41  56  42  33  7  25  2  94  63
   13  44  79  11  45  28  87  7  47  27  37  32  85  8  97  2  100  51  25  38  82  60  71  15  43  29  36  83  9  46  78  62  70  66  68  67  17  42  80  61  20  91  5  48  77  12  95  3  49  26  88  57  22  90  56  73  14  94  54  74  64  69  16  93  4  99  1  50  76  63  19  41  30  86  58  72  65  18  92  55  23  39  31  35  33  34  84  59  21  40  81  10  96  53  24  89  6  98  52  75
   13  46  90  79  5  23  10  12  67  38  42  56  91  43  82  45  3  100  81  71  87  75  51  89  97  24  44  76  16  15  85  78  19  36  2  33  61  14  68  4  98  20  99  8  59  84  27  22  7  30  80  57  72  77  34  9  58  49  70  48  54  18  64  11  83  52  86  69  28  35  65  66  26  94  74  47  39  1  25  37  21  31  50  53  95  32  93  41  6  92  88  17  62  60  73  55  29  40  96  63
   13  52  4  91  49  43  64  30  95  88  20  82  87  3  40  69  83  34  57  27  55  59  67  21  85  26  86  42  62  79  89  8  11  22  100  73  97  96  78  66  68  94  51  98  31  6  75  60  15  24  74  65  10  25  56  81  48  1  44  18  16  28  46  47  23  50  72  61  58  39  29  12  92  36  76  35  71  17  9  5  77  7  84  33  19  90  53  37  32  70  38  45  80  14  93  99  41  54  2  63
   13  54  42  95  97  83  82  36  71  38  46  24  19  23  26  77  43  12  49  79  11  87  39  65  81  60  100  64  44  67  57  18  75  84  66  53  9  90  48  20  58  52  35  28  55  80  91  6  51  22  72  1  56  41  30  5  78  85  2  8  70  98  40  59  3  16  34  25  68  7  17  94  14  50  10  31  15  89  37  61  29  99  62  93  27  76  73  69  74  96  88  21  86  32  33  47  45  92  4  63
   13  57  79  90  45  73  87  94  47  74  37  69  85  93  97  99  100  50  25  63  82  41  71  86  43  72  36  18  9  55  78  39  70  35  68  34  17  59  80  40  20  10  5  53  77  89  95  98  49  75  88  44  22  11  56  28  14  7  54  27  64  32  16  8  4  2  1  51  76  38  19  60  30  15  58  29  65  83  92  46  23  62  31  66  33  67  84  42  21  61  81  91  96  48  24  12  6  3  52  26
   13  62  16  53  43  73  84  51  49  55  37  91  30  11  68  99  6  83  54  40  82  57  31  8  77  72  87  42  76  75  78  69  96  15  56  34  100  3  92  27  20  41  79  66  4  89  36  94  21  38  88  39  85  48  58  28  17  50  52  46  64  10  71  90  33  2  95  18  47  61  19  44  70  93  24  29  14  59  25  26  23  32  5  86  45  67  1  98  9  74  81  60  22  35  97  12  65  7  80  63
   13  63  80  7  65  12  97  35  22  60  81  74  9  98  1  67  45  86  5  32  23  26  25  59  14  29  24  93  70  44  19  61  47  18  95  2  33  90  71  10  64  46  52  50  17  28  58  48  85  39  88  38  21  94  36  89  4  66  79  41  20  27  92  3  100  34  56  15  96  69  78  75  76  42  87  72  77  8  31  57  82  40  54  83  6  99  68  11  30  91  37  55  49  51  84  73  43  53  16  62
   13  66  70  19  85  23  90  72  27  38  2  76  11  43  42  25  3  80  1  91  47  55  71  29  57  64  84  96  36  95  65  78  59  56  62  33  81  54  68  44  98  100  39  8  99  24  87  82  67  10  60  17  32  37  74  49  58  89  50  48  94  18  4  31  83  12  6  9  28  15  45  86  46  34  14  7  79  21  5  97  41  51  30  53  75  92  93  61  26  52  88  77  22  40  73  35  69  20  16  63
   13  70  46  27  81  3  26  84  79  38  54  60  75  83  14  41  23  36  85  95  59  11  15  17  49  32  12  40  100  71  1  98  87  80  94  93  5  42  8  52  78  16  7  68  47  72  19  74  39  6  56  89  24  69  22  97  18  57  66  28  2  58  92  55  43  44  30  37  48  51  21  50  90  62  82  99  67  65  61  9  45  35  86  73  91  64  33  25  10  4  88  29  34  76  53  31  77  96  20  63
   13  72  84  31  29  43  44  90  55  88  80  2  7  3  100  49  83  14  77  47  15  39  87  61  45  66  26  62  82  59  69  8  51  42  60  73  17  36  78  6  68  74  91  98  71  46  35  20  75  4  54  25  70  85  96  21  48  41  24  18  56  28  86  67  23  10  92  1  58  19  9  32  12  76  16  95  11  37  89  65  97  27  64  33  99  50  53  57  52  30  38  5  40  94  93  79  81  34  22  63
   13  74  22  35  77  83  62  96  31  38  6  44  39  23  86  57  43  92  69  99  71  67  59  5  41  100  40  84  64  47  37  18  15  4  26  53  29  30  48  60  58  32  75  28  95  20  51  66  11  2  52  61  16  1  70  45  78  25  82  8  10  98  80  79  3  76  54  65  68  87  97  14  34  90  50  91  55  9  17  21  49  19  42  93  7  36  73  89  94  56  88  81  46  12  33  27  85  72  24  63
   13  75  52  98  6  89  24  53  96  10  81  40  21  59  84  34  33  35  31  39  23  55  92  18  65  72  58  86  30  41  19  63  76  50  1  99  4  93  16  69  64  74  54  94  14  73  56  90  22  57  88  26  49  3  95  12  77  48  5  91  20  61  80  42  17  67  68  66  70  62  78  46  9  83  36  29  43  15  71  60  82  38  25  51  100  2  97  8  85  32  37  27  47  7  87  28  45  11  79  44
   13  76  60  39  25  23  80  2  7  88  32  86  71  43  72  65  3  70  61  51  27  95  31  49  37  34  54  6  46  35  5  28  79  66  92  33  41  24  18  14  48  90  59  58  19  94  67  12  47  100  50  97  62  17  44  69  8  9  40  98  64  68  74  91  83  42  16  29  78  55  85  96  56  4  84  87  99  81  45  77  1  11  20  53  15  22  93  21  36  82  38  57  52  30  73  75  89  10  26  63
   13  80  36  47  21  3  16  14  59  88  84  70  35  83  44  81  23  26  45  55  39  51  75  37  29  2  82  50  10  11  41  48  7  90  24  93  65  12  58  22  28  6  27  18  67  42  99  4  19  96  46  69  54  49  92  17  68  77  56  78  72  8  62  15  43  74  40  57  98  91  61  60  100  32  52  79  87  25  1  89  5  95  76  73  31  94  33  85  20  34  38  9  64  66  53  71  97  86  30  63
   13  84  12  55  17  83  52  26  11  88  36  54  99  23  16  97  43  82  29  59  51  7  19  25  21  70  10  94  74  87  77  68  35  14  56  53  89  100  98  30  8  22  95  78  15  90  31  96  91  92  42  41  46  81  40  65  28  45  72  58  80  48  50  39  3  6  64  85  18  27  37  24  44  60  20  71  75  69  57  1  9  79  32  93  47  66  73  49  4  86  38  61  76  2  33  67  5  62  34  63
   13  90  26  67  61  3  6  44  39  38  14  80  95  83  74  21  23  16  5  15  19  91  35  57  9  72  52  60  20  51  81  98  27  100  54  93  25  82  8  92  78  96  47  68  87  12  79  34  99  86  36  49  84  29  62  37  18  97  46  28  42  58  32  75  43  4  50  77  48  31  1  70  10  2  22  59  7  85  41  69  65  55  66  73  71  24  33  45  30  64  88  89  94  56  53  11  17  76  40  63
   13  91  31  15  4  28  95  59  9  63  37  57  96  66  58  2  14  98  80  55  82  69  79  48  33  29  1  7  49  40  78  41  85  90  24  67  65  51  54  75  20  39  71  93  45  12  84  83  76  27  88  10  70  86  97  73  6  42  92  38  64  44  5  35  43  99  87  3  21  46  19  32  22  53  68  72  100  94  52  61  23  60  16  11  77  34  36  50  47  26  81  62  30  8  56  89  17  18  25  74
   13  93  36  40  22  2  92  91  45  50  78  53  14  38  31  12  47  41  68  98  64  15  84  26  85  72  80  44  4  83  81  90  100  55  5  28  76  62  24  94  82  35  95  27  30  67  52  69  43  59  88  8  65  61  79  99  9  10  56  51  23  48  87  63  70  89  54  60  33  3  37  86  17  75  16  29  21  57  97  18  20  11  1  46  96  73  25  39  77  7  19  66  6  74  71  34  49  32  58  42
   13  94  2  75  57  83  42  56  91  38  66  64  59  23  46  37  43  72  89  19  31  47  79  45  1  40  80  4  84  27  17  18  55  24  86  53  49  70  48  100  58  12  15  28  35  60  11  26  71  82  32  21  76  61  10  85  78  65  62  8  50  98  20  99  3  36  74  5  68  67  77  34  54  30  90  51  95  29  97  81  69  39  22  93  87  96  73  9  14  16  88  41  6  92  33  7  25  52  44  63
   13  96  40  79  5  23  60  62  67  88  92  6  91  43  32  45  3  50  81  71  87  75  51  89  97  74  94  26  66  15  85  28  19  86  52  33  61  64  18  54  48  70  99  58  59  34  27  72  7  80  30  57  22  77  84  9  8  49  20  98  4  68  14  11  83  2  36  69  78  35  65  16  76  44  24  47  39  1  25  37  21  31  100  53  95  82  93  41  56  42  38  17  12  10  73  55  29  90  46  63
   14  5  93  96  98  84  33  87  72  89  97  75  20  24  77  78  44  63  50  80  12  88  40  66  82  11  51  15  95  68  58  69  76  35  17  54  10  41  99  71  9  3  36  79  56  31  92  57  52  73  23  2  7  42  81  6  29  86  53  59  21  49  91  60  4  67  85  26  19  8  18  45  65  1  61  32  16  90  38  62  30  100  13  94  28  27  74  70  25  47  39  22  37  83  34  48  46  43  55  64
   14  8  19  83  33  91  52  73  85  63  36  35  20  98  56  32  76  29  31  61  6  90  37  50  43  39  80  89  22  27  1  15  23  42  24  57  47  99  71  55  17  53  88  7  4  60  92  67  96  26  87  93  82  18  68  10  49  28  16  38  65  66  81  3  45  69  25  72  70  40  95  11  64  51  58  62  21  12  79  74  100  86  78  59  77  44  54  2  30  46  84  48  13  94  97  41  9  34  5  75
   14  11  88  98  77  10  80  34  70  55  36  86  82  50  97  69  47  73  79  26  6  48  81  42  33  62  92  29  30  38  1  8  64  7  56  44  49  89  5  40  17  35  78  18  43  41  25  99  85  74  87  90  13  3  24  91  21  67  31  46  65  15  19  51  4  32  54  28  22  75  95  53  20  59  68  39  9  72  71  63  100  93  37  94  45  57  52  12  96  61  84  66  23  83  58  60  76  2  16  27
   14  15  81  94  43  10  54  29  96  74  36  53  64  83  24  69  9  89  16  46  6  93  78  98  4  62  52  99  70  75  1  66  13  50  68  44  76  67  79  63  17  11  19  42  45  41  80  28  30  61  87  86  20  7  58  91  47  72  5  27  65  48  37  18  77  32  92  12  85  55  95  8  23  3  97  39  49  2  31  26  100  35  88  51  33  57  25  34  22  38  84  90  82  59  56  60  21  73  71  40
   14  15  83  16  38  84  23  17  52  39  27  85  80  24  7  18  44  53  10  40  92  28  100  86  62  81  21  25  5  8  98  19  96  45  47  54  70  11  49  41  59  93  56  29  76  1  72  87  32  63  13  82  37  22  51  26  79  6  43  9  91  99  61  20  4  97  95  46  69  48  58  55  75  71  31  12  36  50  78  42  90  60  3  94  68  57  74  30  35  77  89  2  67  73  34  88  66  33  65  64
   14  17  21  20  86  24  41  23  28  89  53  27  12  44  93  26  4  31  2  92  48  56  72  30  58  15  35  47  87  96  66  29  60  7  13  34  82  5  19  95  49  51  40  59  100  75  88  33  68  61  11  18  83  38  25  50  9  90  1  99  45  69  55  32  84  63  57  10  79  16  46  37  97  85  65  8  80  22  6  98  42  52  81  54  76  43  94  62  77  3  39  78  73  91  74  36  70  71  67  64
   14  21  97  28  82  4  77  35  80  89  5  11  76  84  65  42  24  87  86  96  60  12  16  18  50  83  63  91  51  72  2  49  88  31  45  94  6  93  59  3  29  67  8  19  48  23  20  25  40  57  7  90  75  70  73  98  69  58  17  79  53  9  43  56  44  95  81  38  99  52  22  1  41  13  33  100  68  66  62  10  46  36  37  74  92  15  34  26  61  55  39  30  85  27  54  32  78  47  71  64
   14  23  35  32  30  44  95  41  56  39  31  53  8  4  51  50  84  65  78  48  16  40  88  62  46  17  77  13  33  60  70  59  52  93  11  74  18  87  29  57  19  25  92  49  72  97  36  71  76  55  5  26  21  86  47  22  99  42  75  69  7  79  37  68  24  61  43  2  9  20  10  83  63  27  67  96  12  38  90  66  98  28  15  34  100  1  54  58  3  81  89  6  91  45  94  80  82  85  73  64
   14  25  73  36  78  84  13  47  32  89  57  95  40  24  37  58  44  43  70  100  72  68  60  6  42  51  91  35  15  48  38  69  16  55  77  54  30  81  99  11  9  83  76  79  96  71  52  17  12  53  3  62  67  2  21  46  29  26  33  59  61  49  31  80  4  27  5  66  19  88  98  65  85  41  1  92  56  10  18  22  50  20  93  94  8  87  74  90  45  7  39  82  97  63  34  28  86  23  75  64
   14  27  11  40  26  24  31  53  8  39  83  37  72  44  23  66  4  21  62  52  28  96  32  50  38  85  5  57  97  36  6  79  80  17  43  34  42  75  69  65  99  41  60  9  20  45  68  63  48  51  1  98  13  18  95  70  59  10  91  49  15  19  25  92  84  93  67  30  29  56  86  47  7  55  35  88  100  82  46  78  2  12  71  54  16  73  94  22  87  33  89  58  3  81  74  76  90  61  77  64
   14  31  87  48  22  4  67  65  60  39  35  21  36  84  95  82  24  77  46  56  40  52  76  38  30  53  33  1  61  12  42  99  8  41  75  94  66  63  9  73  79  57  28  69  68  93  100  55  20  47  97  70  5  50  43  18  19  78  7  29  23  59  13  16  44  25  91  58  49  92  62  11  51  83  3  80  88  26  2  90  6  96  27  74  32  45  34  86  71  85  89  10  15  17  54  72  98  37  81  64
   14  33  25  52  70  44  85  71  36  89  61  63  68  4  81  90  84  55  38  8  96  80  48  82  26  87  47  23  43  100  10  9  72  3  41  74  78  57  79  27  69  15  12  99  92  67  16  1  56  45  95  6  51  66  17  42  49  62  65  19  77  29  7  28  24  91  53  22  59  60  50  93  73  97  37  76  32  98  30  46  58  88  5  34  40  31  54  18  13  11  39  86  21  35  94  20  2  75  83  64
   14  35  37  42  4  10  25  12  30  75  36  90  23  7  68  69  21  2  5  63  6  15  88  18  45  62  54  34  85  61  1  53  82  3  58  44  9  73  31  27  17  93  81  51  77  41  52  29  22  55  87  66  64  59  97  91  76  89  71  26  65  11  78  94  33  32  80  99  96  38  95  86  13  83  56  39  47  67  16  40  100  48  19  98  43  57  92  28  70  74  84  8  20  50  24  60  49  72  79  46
   14  38  31  12  47  41  68  98  64  15  84  26  85  72  80  44  4  83  81  90  100  55  5  28  76  62  24  94  82  35  95  27  30  67  52  69  43  59  88  8  65  61  79  99  9  10  56  51  23  48  87  63  70  89  54  60  33  3  37  86  17  75  16  29  21  57  97  18  20  11  1  46  96  73  25  39  77  7  19  66  6  74  71  34  49  32  58  42  13  93  36  40  22  2  92  91  45  50  78  53
   14  40  71  73  21  60  56  59  82  90  84  38  22  34  25  57  33  51  88  35  100  26  31  2  49  39  97  3  23  8  95  55  85  12  92  32  77  18  37  48  65  27  5  72  47  91  58  7  20  86  87  61  30  28  80  41  45  42  19  11  17  63  79  67  76  44  68  50  13  66  1  75  70  99  52  62  4  98  78  93  6  46  16  89  9  69  24  83  64  53  36  74  96  29  54  10  43  94  81  15
   14  41  77  68  62  4  57  95  40  89  65  31  96  84  25  22  24  67  6  16  20  92  36  58  10  23  3  11  71  52  82  49  28  51  5  94  26  33  59  43  29  47  48  19  88  63  80  85  100  37  87  50  35  30  13  38  69  98  97  79  93  9  83  76  44  55  1  78  99  32  2  21  61  53  73  60  8  86  42  70  66  56  17  74  72  75  34  46  81  15  39  90  45  7  54  12  18  27  91  64
   14  45  53  76  58  84  93  7  92  89  17  15  60  24  97  38  44  23  90  20  32  48  80  46  2  91  31  55  35  28  18  69  56  75  37  54  50  21  99  51  9  63  16  79  36  11  12  77  72  33  83  22  27  62  61  86  29  66  13  59  1  49  71  100  4  87  25  6  19  68  78  85  5  81  41  52  96  30  98  82  70  40  73  94  88  47  74  10  65  67  39  42  57  43  34  8  26  3  95  64
   14  46  79  72  49  60  24  50  20  8  84  74  70  28  92  57  43  98  19  48  100  40  16  67  47  39  56  83  13  86  95  38  96  99  80  32  33  94  78  11  65  26  71  89  76  91  97  59  64  66  87  55  22  29  52  41  77  51  81  93  17  27  31  73  9  44  58  3  82  53  1  61  85  34  54  62  45  18  88  15  6  63  5  2  21  69  68  7  23  90  36  75  30  12  25  10  4  42  37  35
   14  47  91  80  6  24  11  13  68  39  43  57  92  44  83  46  4  1  82  72  88  76  52  90  98  25  45  77  17  16  86  79  20  37  3  34  62  15  69  5  99  21  100  9  60  85  28  23  8  31  81  58  73  78  35  10  59  50  71  49  55  19  65  12  84  53  87  70  29  36  66  67  27  95  75  48  40  2  26  38  22  32  51  54  96  33  94  42  7  93  89  18  63  61  74  56  30  41  97  64
   14  48  78  51  45  10  92  99  22  61  36  8  13  59  58  69  49  67  71  27  6  35  19  94  77  62  25  28  96  55  1  90  20  83  97  44  21  72  16  26  17  15  37  98  33  41  54  12  70  38  87  53  23  50  56  91  9  2  79  40  65  93  88  42  43  32  52  34  30  74  95  66  82  7  24  39  76  73  5  46  100  11  81  18  4  57  80  29  85  75  84  86  64  3  68  60  47  89  31  63
   14  53  78  50  45  91  92  2  22  40  36  93  13  42  58  32  49  34  71  74  6  66  19  7  77  39  25  73  96  46  1  11  20  18  97  57  21  29  16  75  17  86  37  3  33  60  54  89  70  63  87  48  23  51  56  10  9  99  79  61  65  8  88  59  43  69  52  67  30  27  95  35  82  94  24  62  76  28  5  55  100  90  81  83  4  44  80  72  85  26  84  15  64  98  68  41  47  12  31  38
   14  55  43  96  98  84  83  37  72  39  47  25  20  24  27  78  44  13  50  80  12  88  40  66  82  61  1  65  45  68  58  19  76  85  67  54  10  91  49  21  59  53  36  29  56  81  92  7  52  23  73  2  57  42  31  6  79  86  3  9  71  99  41  60  4  17  35  26  69  8  18  95  15  51  11  32  16  90  38  62  30  100  63  94  28  77  74  70  75  97  89  22  87  33  34  48  46  93  5  64
   14  55  79  29  49  41  24  51  20  93  84  27  70  73  92  44  43  3  19  53  100  61  16  34  47  62  56  18  13  15  95  63  96  2  80  69  33  7  78  90  65  75  71  12  76  10  97  42  64  35  87  46  22  72  52  60  77  50  81  8  17  74  31  28  9  57  58  98  82  48  1  40  85  67  54  39  45  83  88  86  6  38  5  99  21  32  68  94  23  11  36  26  30  89  25  91  4  59  37  66
   14  61  71  28  21  41  56  42  82  11  84  63  22  67  25  44  33  50  88  66  100  75  31  99  49  62  97  98  23  93  95  46  85  89  92  69  77  83  37  53  65  74  5  29  47  10  58  94  20  15  87  40  30  73  80  60  45  59  19  90  17  38  79  34  76  57  68  51  13  35  1  26  70  2  52  39  4  3  78  8  6  55  16  12  9  32  24  18  64  48  36  27  96  72  54  91  43  7  81  86
   14  63  31  89  47  60  68  3  64  86  84  75  85  29  80  57  4  18  81  11  100  46  5  73  76  39  24  7  82  66  95  74  30  34  52  32  43  42  88  93  65  40  79  2  9  91  56  50  23  53  87  38  70  12  54  41  33  98  37  15  17  26  16  72  21  44  97  83  20  90  1  55  96  28  25  62  77  94  19  35  6  27  71  67  49  69  58  59  13  8  36  61  22  99  92  10  45  51  78  48
   14  65  33  16  38  84  73  67  52  89  77  35  80  24  57  18  44  3  10  40  92  28  100  86  62  31  71  75  55  8  98  69  96  95  97  54  70  61  99  91  9  43  56  79  76  51  72  37  32  13  63  82  87  22  1  26  29  6  93  59  41  49  11  20  4  47  45  46  19  48  58  5  25  21  81  12  36  50  78  42  90  60  53  94  68  7  74  30  85  27  39  2  17  23  34  88  66  83  15  64
   14  66  37  59  4  91  25  89  30  26  36  11  23  94  68  32  21  99  5  38  6  86  88  83  45  39  54  67  85  40  1  48  82  98  58  57  9  28  31  74  17  8  81  50  77  60  52  72  22  46  87  35  64  42  97  10  76  12  71  75  65  90  78  7  33  69  80  2  96  63  95  15  13  18  56  62  47  34  16  61  100  53  19  3  43  44  92  73  70  27  84  93  20  51  24  41  49  29  79  55
   14  67  71  20  86  24  91  73  28  39  3  77  12  44  43  26  4  81  2  92  48  56  72  30  58  65  85  97  37  96  66  79  60  57  63  34  82  55  69  45  99  1  40  9  100  25  88  83  68  11  61  18  33  38  75  50  59  90  51  49  95  19  5  32  84  13  7  10  29  16  46  87  47  35  15  8  80  22  6  98  42  52  31  54  76  93  94  62  27  53  89  78  23  41  74  36  70  21  17  64
   14  71  47  28  82  4  27  85  80  39  55  61  76  84  15  42  24  37  86  96  60  12  16  18  50  33  13  41  1  72  2  99  88  81  95  94  6  43  9  53  79  17  8  69  48  73  20  75  40  7  57  90  25  70  23  98  19  58  67  29  3  59  93  56  44  45  31  38  49  52  22  51  91  63  83  100  68  66  62  10  46  36  87  74  92  65  34  26  11  5  89  30  35  77  54  32  78  97  21  64
   14  73  85  32  30  44  45  91  56  89  81  3  8  4  1  50  84  15  78  48  16  40  88  62  46  67  27  63  83  60  70  9  52  43  61  74  18  37  79  7  69  75  92  99  72  47  36  21  76  5  55  26  71  86  97  22  49  42  25  19  57  29  87  68  24  11  93  2  59  20  10  33  13  77  17  96  12  38  90  66  98  28  65  34  100  51  54  58  53  31  39  6  41  95  94  80  82  35  23  64
   14  75  23  36  78  84  63  97  32  39  7  45  40  24  87  58  44  93  70  100  72  68  60  6  42  1  41  85  65  48  38  19  16  5  27  54  30  31  49  61  59  33  76  29  96  21  52  67  12  3  53  62  17  2  71  46  79  26  83  9  11  99  81  80  4  77  55  66  69  88  98  15  35  91  51  92  56  10  18  22  50  20  43  94  8  37  74  90  95  57  89  82  47  13  34  28  86  73  25  64
   14  77  61  40  26  24  81  3  8  89  33  87  72  44  73  66  4  71  62  52  28  96  32  50  38  35  55  7  47  36  6  29  80  67  93  34  42  25  19  15  49  91  60  59  20  95  68  13  48  1  51  98  63  18  45  70  9  10  41  99  65  69  75  92  84  43  17  30  79  56  86  97  57  5  85  88  100  82  46  78  2  12  21  54  16  23  94  22  37  83  39  58  53  31  74  76  90  11  27  64
   14  81  37  48  22  4  17  15  60  89  85  71  36  84  45  82  24  27  46  56  40  52  76  38  30  3  83  51  11  12  42  49  8  91  25  94  66  13  59  23  29  7  28  19  68  43  100  5  20  97  47  70  55  50  93  18  69  78  57  79  73  9  63  16  44  75  41  58  99  92  62  61  1  33  53  80  88  26  2  90  6  96  77  74  32  95  34  86  21  35  39  10  65  67  54  72  98  87  31  64
   14  83  75  52  70  44  35  21  36  39  11  13  68  4  31  90  84  5  38  8  96  80  48  82  26  37  97  73  93  100  10  59  72  53  91  74  78  7  29  77  19  65  12  49  92  17  16  51  56  95  45  6  1  66  67  42  99  62  15  69  27  79  57  28  24  41  3  22  9  60  50  43  23  47  87  76  32  98  30  46  58  88  55  34  40  81  54  18  63  61  89  86  71  85  94  20  2  25  33  64
   14  86  81  7  43  91  54  72  96  27  36  48  64  18  24  32  9  12  16  55  6  8  78  3  4  39  52  2  70  26  1  35  13  51  68  57  76  34  79  38  17  90  19  59  45  60  80  73  30  40  87  15  20  94  58  10  47  29  5  74  65  53  37  83  77  69  92  89  85  46  95  93  23  98  97  62  49  99  31  75  100  66  88  50  33  44  25  67  22  63  84  11  82  42  56  41  21  28  71  61
   14  90  88  3  77  91  80  67  70  46  36  15  82  51  97  32  47  28  79  75  6  53  81  59  33  39  92  72  30  63  1  93  64  94  56  57  49  12  5  61  17  66  78  83  43  60  25  2  85  27  87  11  13  98  24  10  21  34  31  55  65  86  19  50  4  69  54  73  22  26  95  48  20  42  68  62  9  29  71  38  100  8  37  7  45  44  52  89  96  40  84  35  23  18  58  41  76  99  16  74
   14  91  27  68  62  4  7  45  40  39  15  81  96  84  75  22  24  17  6  16  20  92  36  58  10  73  53  61  21  52  82  99  28  1  55  94  26  83  9  93  79  97  48  69  88  13  80  35  100  87  37  50  85  30  63  38  19  98  47  29  43  59  33  76  44  5  51  78  49  32  2  71  11  3  23  60  8  86  42  70  66  56  67  74  72  25  34  46  31  65  89  90  95  57  54  12  18  77  41  64
   14  93  19  18  33  10  52  28  85  38  36  66  20  3  56  69  76  72  31  40  6  11  37  51  43  62  80  12  22  74  1  86  23  59  24  44  47  2  71  46  17  48  88  94  4  41  92  34  96  75  87  8  82  83  68  91  49  73  16  63  65  35  81  98  45  32  25  29  70  61  95  90  64  50  58  39  21  89  79  27  100  15  78  42  77  57  54  99  30  55  84  53  13  7  97  60  9  67  5  26
   14  95  3  76  58  84  43  57  92  39  67  65  60  24  47  38  44  73  90  20  32  48  80  46  2  41  81  5  85  28  18  19  56  25  87  54  50  71  49  1  59  13  16  29  36  61  12  27  72  83  33  22  77  62  11  86  79  66  63  9  51  99  21  100  4  37  75  6  69  68  78  35  55  31  91  52  96  30  98  82  70  40  23  94  88  97  74  10  15  17  89  42  7  93  34  8  26  53  45  64
   14  97  41  80  6  24  61  63  68  89  93  7  92  44  33  46  4  51  82  72  88  76  52  90  98  75  95  27  67  16  86  29  20  87  53  34  62  65  19  55  49  71  100  59  60  35  28  73  8  81  31  58  23  78  85  10  9  50  21  99  5  69  15  12  84  3  37  70  79  36  66  17  77  45  25  48  40  2  26  38  22  32  1  54  96  83  94  42  57  43  39  18  13  11  74  56  30  91  47  64
   15  2  18  89  3  5  98  76  21  90  46  92  57  85  6  63  25  8  67  77  1  33  97  79  91  44  24  72  32  93  23  50  49  12  86  95  87  54  60  64  30  88  69  20  9  84  61  66  81  78  28  31  16  11  34  59  70  19  38  80  14  10  4  37  45  36  62  99  100  73  43  82  22  74  94  41  29  47  83  51  27  17  58  75  13  56  35  7  42  96  40  71  26  48  55  53  39  68  52  65
   15  4  28  95  59  9  63  37  57  96  66  58  2  14  98  80  55  82  69  79  48  33  29  1  7  49  40  78  41  85  90  24  67  65  51  54  75  20  39  71  93  45  12  84  83  76  27  88  10  70  86  97  73  6  42  92  38  64  44  5  35  43  99  87  3  21  46  19  32  22  53  68  72  100  94  52  61  23  60  16  11  77  34  36  50  47  26  81  62  30  8  56  89  17  18  25  74  13  91  31
   15  6  94  97  99  85  34  88  73  90  98  76  21  25  78  79  45  64  51  81  13  89  41  67  83  12  52  16  96  69  59  70  77  36  18  55  11  42  100  72  10  4  37  80  57  32  93  58  53  74  24  3  8  43  82  7  30  87  54  60  22  50  92  61  5  68  86  27  20  9  19  46  66  2  62  33  17  91  39  63  31  1  14  95  29  28  75  71  26  48  40  23  38  84  35  49  47  44  56  65
   15  14  40  71  73  21  60  56  59  82  90  84  38  22  34  25  57  33  51  88  35  100  26  31  2  49  39  97  3  23  8  95  55  85  12  92  32  77  18  37  48  65  27  5  72  47  91  58  7  20  86  87  61  30  28  80  41  45  42  19  11  17  63  79  67  76  44  68  50  13  66  1  75  70  99  52  62  4  98  78  93  6  46  16  89  9  69  24  83  64  53  36  74  96  29  54  10  43  94  81
   15  14  46  13  91  45  6  12  77  90  2  44  49  5  22  11  85  76  19  89  37  1  29  43  67  48  8  4  24  21  31  10  33  84  82  75  59  18  80  88  70  36  73  100  53  28  57  42  97  66  16  47  92  7  78  3  50  23  86  20  38  30  68  9  25  32  34  83  60  81  71  74  54  58  98  17  93  79  51  87  39  69  26  35  61  72  55  99  94  52  40  27  62  56  95  41  63  96  64  65
   15  16  84  17  39  85  24  18  53  40  28  86  81  25  8  19  45  54  11  41  93  29  1  87  63  82  22  26  6  9  99  20  97  46  48  55  71  12  50  42  60  94  57  30  77  2  73  88  33  64  14  83  38  23  52  27  80  7  44  10  92  100  62  21  5  98  96  47  70  49  59  56  76  72  32  13  37  51  79  43  91  61  4  95  69  58  75  31  36  78  90  3  68  74  35  89  67  34  66  65
   15  18  22  21  87  25  42  24  29  90  54  28  13  45  94  27  5  32  3  93  49  57  73  31  59  16  36  48  88  97  67  30  61  8  14  35  83  6  20  96  50  52  41  60  1  76  89  34  69  62  12  19  84  39  26  51  10  91  2  100  46  70  56  33  85  64  58  11  80  17  47  38  98  86  66  9  81  23  7  99  43  53  82  55  77  44  95  63  78  4  40  79  74  92  75  37  71  72  68  65
   15  19  51  4  32  54  28  22  75  95  53  20  59  68  39  9  72  71  63  100  93  37  94  45  57  52  12  96  61  84  66  23  83  58  60  76  2  16  27  14  11  88  98  77  10  80  34  70  55  36  86  82  50  97  69  47  73  79  26  6  48  81  42  33  62  92  29  30  38  1  8  64  7  56  44  49  89  5  40  17  35  78  18  43  41  25  99  85  74  87  90  13  3  24  91  21  67  31  46  65
   15  22  39  37  61  76  98  36  73  33  8  5  41  13  46  54  59  100  12  58  11  70  69  81  38  49  18  87  67  4  53  71  57  23  27  80  50  6  29  56  35  85  91  19  75  9  94  84  2  77  86  79  62  64  40  25  3  65  28  68  93  96  60  88  55  47  42  1  89  43  90  31  32  20  63  52  83  14  34  97  48  30  44  78  74  21  51  95  72  45  66  16  10  82  26  92  7  17  99  24
   15  22  98  29  83  5  78  36  81  90  6  12  77  85  66  43  25  88  87  97  61  13  17  19  51  84  64  92  52  73  3  50  89  32  46  95  7  94  60  4  30  68  9  20  49  24  21  26  41  58  8  91  76  71  74  99  70  59  18  80  54  10  44  57  45  96  82  39  100  53  23  2  42  14  34  1  69  67  63  11  47  37  38  75  93  16  35  27  62  56  40  31  86  28  55  33  79  48  72  65
   15  24  36  33  31  45  96  42  57  40  32  54  9  5  52  51  85  66  79  49  17  41  89  63  47  18  78  14  34  61  71  60  53  94  12  75  19  88  30  58  20  26  93  50  73  98  37  72  77  56  6  27  22  87  48  23  100  43  76  70  8  80  38  69  25  62  44  3  10  21  11  84  64  28  68  97  13  39  91  67  99  29  16  35  1  2  55  59  4  82  90  7  92  46  95  81  83  86  74  65
   15  24  99  17  7  92  26  82  10  16  66  45  72  95  51  21  74  78  44  30  48  97  34  14  83  52  63  20  32  31  90  43  89  1  42  47  55  88  60  96  93  68  28  65  3  25  40  64  62  79  86  77  2  84  94  9  75  19  91  85  35  56  29  6  50  80  27  23  57  71  53  4  67  87  18  49  38  81  69  70  11  58  12  100  59  54  46  13  41  5  8  33  73  36  98  76  61  37  39  22
   15  26  74  37  79  85  14  48  33  90  58  96  41  25  38  59  45  44  71  1  73  69  61  7  43  52  92  36  16  49  39  70  17  56  78  55  31  82  100  12  10  84  77  80  97  72  53  18  13  54  4  63  68  3  22  47  30  27  34  60  62  50  32  81  5  28  6  67  20  89  99  66  86  42  2  93  57  11  19  23  51  21  94  95  9  88  75  91  46  8  40  83  98  64  35  29  87  24  76  65
   15  28  12  41  27  25  32  54  9  40  84  38  73  45  24  67  5  22  63  53  29  97  33  51  39  86  6  58  98  37  7  80  81  18  44  35  43  76  70  66  100  42  61  10  21  46  69  64  49  52  2  99  14  19  96  71  60  11  92  50  16  20  26  93  85  94  68  31  30  57  87  48  8  56  36  89  1  83  47  79  3  13  72  55  17  74  95  23  88  34  90  59  4  82  75  77  91  62  78  65
   15  32  88  49  23  5  68  66  61  40  36  22  37  85  96  83  25  78  47  57  41  53  77  39  31  54  34  2  62  13  43  100  9  42  76  95  67  64  10  74  80  58  29  70  69  94  1  56  21  48  98  71  6  51  44  19  20  79  8  30  24  60  14  17  45  26  92  59  50  93  63  12  52  84  4  81  89  27  3  91  7  97  28  75  33  46  35  87  72  86  90  11  16  18  55  73  99  38  82  65
   15  34  26  53  71  45  86  72  37  90  62  64  69  5  82  91  85  56  39  9  97  81  49  83  27  88  48  24  44  1  11  10  73  4  42  75  79  58  80  28  70  16  13  100  93  68  17  2  57  46  96  7  52  67  18  43  50  63  66  20  78  30  8  29  25  92  54  23  60  61  51  94  74  98  38  77  33  99  31  47  59  89  6  35  41  32  55  19  14  12  40  87  22  36  95  21  3  76  84  65
   15  36  46  70  67  80  91  77  3  88  90  14  74  16  99  76  41  58  18  23  35  84  40  96  89  52  44  45  7  37  8  100  38  71  29  9  62  68  42  20  48  95  26  22  73  54  69  4  50  19  86  65  55  31  34  21  10  24  98  13  11  87  27  85  2  25  60  43  83  78  66  17  61  5  12  49  57  56  94  64  93  1  63  30  72  92  39  33  59  81  53  6  75  79  28  47  32  97  51  82
   15  38  2  61  67  25  22  84  89  90  14  48  33  45  54  7  5  12  23  13  9  37  93  71  19  56  76  68  8  77  47  30  1  28  74  35  3  46  20  36  50  32  81  60  41  16  49  94  29  42  92  79  44  99  66  91  10  31  82  100  86  70  96  53  85  24  78  51  80  97  27  58  18  26  6  69  21  43  87  59  63  73  62  55  57  4  95  83  98  64  40  39  34  72  75  17  11  52  88  65
   15  42  78  69  63  5  58  96  41  90  66  32  97  85  26  23  25  68  7  17  21  93  37  59  11  24  4  12  72  53  83  50  29  52  6  95  27  34  60  44  30  48  49  20  89  64  81  86  1  38  88  51  36  31  14  39  70  99  98  80  94  10  84  77  45  56  2  79  100  33  3  22  62  54  74  61  9  87  43  71  67  57  18  75  73  76  35  47  82  16  40  91  46  8  55  13  19  28  92  65
   15  44  16  73  11  45  76  2  17  40  92  74  29  5  12  31  85  46  99  69  77  21  9  3  7  58  18  34  54  41  51  60  93  14  72  75  39  28  30  98  20  6  33  50  13  38  97  32  37  36  86  87  82  47  88  63  100  83  56  70  48  80  78  89  25  22  64  43  10  1  91  4  84  68  8  57  53  59  71  27  19  49  96  35  81  62  55  79  24  42  90  67  52  26  95  61  23  66  94  65
   15  46  54  77  59  85  94  8  93  90  18  16  61  25  98  39  45  24  91  21  33  49  81  47  3  92  32  56  36  29  19  70  57  76  38  55  51  22  100  52  10  64  17  80  37  12  13  78  73  34  84  23  28  63  62  87  30  67  14  60  2  50  72  1  5  88  26  7  20  69  79  86  6  82  42  53  97  31  99  83  71  41  74  95  89  48  75  11  66  68  40  43  58  44  35  9  27  4  96  65
   15  48  92  81  7  25  12  14  69  40  44  58  93  45  84  47  5  2  83  73  89  77  53  91  99  26  46  78  18  17  87  80  21  38  4  35  63  16  70  6  100  22  1  10  61  86  29  24  9  32  82  59  74  79  36  11  60  51  72  50  56  20  66  13  85  54  88  71  30  37  67  68  28  96  76  49  41  3  27  39  23  33  52  55  97  34  95  43  8  94  90  19  64  62  75  57  31  42  98  65
   15  52  68  89  3  5  48  26  21  40  96  42  57  85  56  63  25  58  67  77  1  33  97  79  91  94  74  22  82  93  23  100  49  62  36  95  87  4  10  14  80  38  69  70  9  34  61  16  81  28  78  31  66  11  84  59  20  19  88  30  64  60  54  37  45  86  12  99  50  73  43  32  72  24  44  41  29  47  83  51  27  17  8  75  13  6  35  7  92  46  90  71  76  98  55  53  39  18  2  65
   15  56  44  97  99  85  84  38  73  40  48  26  21  25  28  79  45  14  51  81  13  89  41  67  83  62  2  66  46  69  59  20  77  86  68  55  11  92  50  22  60  54  37  30  57  82  93  8  53  24  74  3  58  43  32  7  80  87  4  10  72  100  42  61  5  18  36  27  70  9  19  96  16  52  12  33  17  91  39  63  31  1  64  95  29  78  75  71  76  98  90  23  88  34  35  49  47  94  6  65
   15  64  96  13  91  45  56  62  77  40  52  94  49  5  72  11  85  26  19  89  37  1  29  43  67  98  58  54  74  21  31  60  33  34  32  75  59  68  30  38  20  86  73  50  53  78  57  92  97  16  66  47  42  7  28  3  100  23  36  70  88  80  18  9  25  82  84  83  10  81  71  24  4  8  48  17  93  79  51  87  39  69  76  35  61  22  55  99  44  2  90  27  12  6  95  41  63  46  14  65
   15  65  46  31  67  21  91  24  3  13  90  87  74  85  99  25  41  43  18  78  35  17  40  5  89  49  44  56  7  64  8  1  38  30  29  92  62  33  42  81  48  6  26  79  73  47  69  97  50  82  86  36  55  70  34  80  10  77  98  88  11  14  27  16  2  76  60  58  83  23  66  84  61  96  12  52  57  45  94  37  93  100  63  71  72  9  39  68  59  20  53  95  75  22  28  54  32  4  51  19
   15  66  34  17  39  85  74  68  53  90  78  36  81  25  58  19  45  4  11  41  93  29  1  87  63  32  72  76  56  9  99  70  97  96  98  55  71  62  100  92  10  44  57  80  77  52  73  38  33  14  64  83  88  23  2  27  30  7  94  60  42  50  12  21  5  48  46  47  20  49  59  6  26  22  82  13  37  51  79  43  91  61  54  95  69  8  75  31  86  28  40  3  18  24  35  89  67  84  16  65
   15  68  72  21  87  25  92  74  29  40  4  78  13  45  44  27  5  82  3  93  49  57  73  31  59  66  86  98  38  97  67  80  61  58  64  35  83  56  70  46  100  2  41  10  1  26  89  84  69  12  62  19  34  39  76  51  60  91  52  50  96  20  6  33  85  14  8  11  30  17  47  88  48  36  16  9  81  23  7  99  43  53  32  55  77  94  95  63  28  54  90  79  24  42  75  37  71  22  18  65
   15  72  48  29  83  5  28  86  81  40  56  62  77  85  16  43  25  38  87  97  61  13  17  19  51  34  14  42  2  73  3  100  89  82  96  95  7  44  10  54  80  18  9  70  49  74  21  76  41  8  58  91  26  71  24  99  20  59  68  30  4  60  94  57  45  46  32  39  50  53  23  52  92  64  84  1  69  67  63  11  47  37  88  75  93  66  35  27  12  6  90  31  36  78  55  33  79  98  22  65
   15  74  86  33  31  45  46  92  57  90  82  4  9  5  2  51  85  16  79  49  17  41  89  63  47  68  28  64  84  61  71  10  53  44  62  75  19  38  80  8  70  76  93  100  73  48  37  22  77  6  56  27  72  87  98  23  50  43  26  20  58  30  88  69  25  12  94  3  60  21  11  34  14  78  18  97  13  39  91  67  99  29  66  35  1  52  55  59  54  32  40  7  42  96  95  81  83  36  24  65
   15  76  24  37  79  85  64  98  33  40  8  46  41  25  88  59  45  94  71  1  73  69  61  7  43  2  42  86  66  49  39  20  17  6  28  55  31  32  50  62  60  34  77  30  97  22  53  68  13  4  54  63  18  3  72  47  80  27  84  10  12  100  82  81  5  78  56  67  70  89  99  16  36  92  52  93  57  11  19  23  51  21  44  95  9  38  75  91  96  58  90  83  48  14  35  29  87  74  26  65
   15  77  99  84  7  9  26  19  10  85  66  56  72  6  51  80  74  23  44  71  48  4  34  87  83  49  63  81  32  70  90  58  89  100  42  54  55  13  60  5  93  33  28  36  3  76  40  37  62  22  86  24  2  17  94  92  75  82  91  16  35  45  29  95  50  21  27  78  57  30  53  97  67  14  18  52  38  20  69  31  11  43  12  1  59  47  46  88  41  96  8  68  73  65  98  25  61  64  39  79
   15  78  62  41  27  25  82  4  9  90  34  88  73  45  74  67  5  72  63  53  29  97  33  51  39  36  56  8  48  37  7  30  81  68  94  35  43  26  20  16  50  92  61  60  21  96  69  14  49  2  52  99  64  19  46  71  10  11  42  100  66  70  76  93  85  44  18  31  80  57  87  98  58  6  86  89  1  83  47  79  3  13  22  55  17  24  95  23  38  84  40  59  54  32  75  77  91  12  28  65
   15  79  39  64  61  25  98  65  73  68  8  96  41  88  46  47  59  1  12  43  11  31  69  20  38  52  18  14  67  97  53  30  57  78  27  21  50  95  29  45  35  16  91  82  75  92  94  17  2  24  86  22  62  37  40  76  3  36  28  33  93  5  60  13  55  54  42  100  89  58  90  70  32  81  63  49  83  87  34  4  48  71  44  23  74  80  51  6  72  56  66  85  10  19  26  9  7  84  99  77
   15  82  38  49  23  5  18  16  61  90  86  72  37  85  46  83  25  28  47  57  41  53  77  39  31  4  84  52  12  13  43  50  9  92  26  95  67  14  60  24  30  8  29  20  69  44  1  6  21  98  48  71  56  51  94  19  70  79  58  80  74  10  64  17  45  76  42  59  100  93  63  62  2  34  54  81  89  27  3  91  7  97  78  75  33  96  35  87  22  36  40  11  66  68  55  73  99  88  32  65
   15  82  51  97  32  47  28  79  75  6  53  81  59  33  39  92  72  30  63  1  93  64  94  56  57  49  12  5  61  17  66  78  83  43  60  25  2  85  27  87  11  13  98  24  10  21  34  31  55  65  86  19  50  4  69  54  73  22  26  95  48  20  42  68  62  9  29  71  38  100  8  37  7  45  44  52  89  96  40  84  35  23  18  58  41  76  99  16  74  14  90  88  3  77  91  80  67  70  46  36
   15  84  76  53  71  45  36  22  37  40  12  14  69  5  32  91  85  6  39  9  97  81  49  83  27  38  98  74  94  1  11  60  73  54  92  75  79  8  30  78  20  66  13  50  93  18  17  52  57  96  46  7  2  67  68  43  100  63  16  70  28  80  58  29  25  42  4  23  10  61  51  44  24  48  88  77  33  99  31  47  59  89  56  35  41  82  55  19  64  62  90  87  72  86  95  21  3  26  34  65
   15  87  40  30  73  80  60  45  59  19  90  17  38  79  34  76  57  68  51  13  35  1  26  70  2  52  39  4  3  78  8  6  55  16  12  9  32  24  18  64  48  36  27  96  72  54  91  43  7  81  86  14  61  71  28  21  41  56  42  82  11  84  63  22  67  25  44  33  50  88  66  100  75  31  99  49  62  97  98  23  93  95  46  85  89  92  69  77  83  37  53  65  74  5  29  47  10  58  94  20
   15  88  52  61  67  25  72  34  89  40  64  98  33  45  4  7  5  62  23  13  9  37  93  71  19  6  26  18  58  77  47  80  1  78  24  35  3  96  70  86  100  82  81  10  41  66  49  44  29  92  42  79  94  99  16  91  60  31  32  50  36  20  46  53  85  74  28  51  30  97  27  8  68  76  56  69  21  43  87  59  63  73  12  55  57  54  95  83  48  14  90  39  84  22  75  17  11  2  38  65
   15  92  28  69  63  5  8  46  41  40  16  82  97  85  76  23  25  18  7  17  21  93  37  59  11  74  54  62  22  53  83  100  29  2  56  95  27  84  10  94  80  98  49  70  89  14  81  36  1  88  38  51  86  31  64  39  20  99  48  30  44  60  34  77  45  6  52  79  50  33  3  72  12  4  24  61  9  87  43  71  67  57  68  75  73  26  35  47  32  66  90  91  96  58  55  13  19  78  42  65
   15  94  66  73  11  45  26  52  17  90  42  24  29  5  62  31  85  96  99  69  77  21  9  3  7  8  68  84  4  41  51  10  93  64  22  75  39  78  80  48  70  56  33  100  13  88  97  82  37  86  36  87  32  47  38  63  50  83  6  20  98  30  28  89  25  72  14  43  60  1  91  54  34  18  58  57  53  59  71  27  19  49  46  35  81  12  55  79  74  92  40  67  2  76  95  61  23  16  44  65
   15  96  4  77  59  85  44  58  93  40  68  66  61  25  48  39  45  74  91  21  33  49  81  47  3  42  82  6  86  29  19  20  57  26  88  55  51  72  50  2  60  14  17  30  37  62  13  28  73  84  34  23  78  63  12  87  80  67  64  10  52  100  22  1  5  38  76  7  70  69  79  36  56  32  92  53  97  31  99  83  71  41  24  95  89  98  75  11  16  18  90  43  8  94  35  9  27  54  46  65
   15  97  28  6  59  92  63  64  57  5  66  43  2  87  98  21  55  19  69  22  48  68  29  100  7  52  40  23  41  16  90  77  67  36  51  47  75  81  39  30  93  56  12  17  83  25  27  13  10  31  86  4  73  95  42  9  38  37  44  96  35  58  99  14  3  80  46  82  32  79  53  33  72  1  94  49  61  78  60  85  11  24  34  65  50  54  26  20  62  71  8  45  89  84  18  76  74  88  91  70
   15  98  42  81  7  25  62  64  69  90  94  8  93  45  34  47  5  52  83  73  89  77  53  91  99  76  96  28  68  17  87  30  21  88  54  35  63  66  20  56  50  72  1  60  61  36  29  74  9  82  32  59  24  79  86  11  10  51  22  100  6  70  16  13  85  4  38  71  80  37  67  18  78  46  26  49  41  3  27  39  23  33  2  55  97  84  95  43  58  44  40  19  14  12  75  57  31  92  48  65
   16  2  76  60  58  83  23  66  84  61  96  12  52  57  45  94  37  93  100  63  71  72  9  39  68  59  20  53  95  75  22  28  54  32  4  51  19  15  65  46  31  67  21  91  24  3  13  90  87  74  85  99  25  41  43  18  78  35  17  40  5  89  49  44  56  7  64  8  1  38  30  29  92  62  33  42  81  48  6  26  79  73  47  69  97  50  82  86  36  55  70  34  80  10  77  98  88  11  14  27
   16  3  19  90  4  6  99  77  22  91  47  93  58  86  7  64  26  9  68  78  2  34  98  80  92  45  25  73  33  94  24  51  50  13  87  96  88  55  61  65  31  89  70  21  10  85  62  67  82  79  29  32  17  12  35  60  71  20  39  81  15  11  5  38  46  37  63  100  1  74  44  83  23  75  95  42  30  48  84  52  28  18  59  76  14  57  36  8  43  97  41  72  27  49  56  54  40  69  53  66
   16  5  57  94  52  46  17  83  98  41  73  35  90  6  93  72  86  87  60  30  58  62  70  24  88  79  39  95  15  82  92  61  14  75  53  76  100  49  31  19  21  47  54  51  34  59  78  13  18  77  27  68  63  28  9  84  1  4  97  71  69  81  99  50  26  3  25  64  11  42  32  65  45  89  29  38  74  20  12  8  80  10  37  36  22  43  56  40  85  23  91  48  33  67  96  2  44  7  55  66
   16  10  82  26  92  7  17  99  24  15  22  39  37  61  76  98  36  73  33  8  5  41  13  46  54  59  100  12  58  11  70  69  81  38  49  18  87  67  4  53  71  57  23  27  80  50  6  29  56  35  85  91  19  75  9  94  84  2  77  86  79  62  64  40  25  3  65  28  68  93  96  60  88  55  47  42  1  89  43  90  31  32  20  63  52  83  14  34  97  48  30  44  78  74  21  51  95  72  45  66
   16  13  9  10  44  6  89  7  2  41  77  3  18  86  37  4  26  99  28  38  82  74  58  100  72  15  95  83  43  34  64  1  70  23  17  96  48  25  11  35  81  79  90  71  30  55  42  97  62  69  19  12  47  92  5  80  21  40  29  31  85  61  75  98  46  67  73  20  51  14  84  93  33  45  65  22  50  8  24  32  88  78  49  76  54  87  36  68  53  27  91  52  57  39  56  94  60  59  63  66
   16  17  85  18  40  86  25  19  54  41  29  87  82  26  9  20  46  55  12  42  94  30  2  88  64  83  23  27  7  10  100  21  98  47  49  56  72  13  51  43  61  95  58  31  78  3  74  89  34  65  15  84  39  24  53  28  81  8  45  11  93  1  63  22  6  99  97  48  71  50  60  57  77  73  33  14  38  52  80  44  92  62  5  96  70  59  76  32  37  79  91  4  69  75  36  90  68  35  67  66
   16  19  23  22  88  26  43  25  30  91  55  29  14  46  95  28  6  33  4  94  50  58  74  32  60  17  37  49  89  98  68  31  62  9  15  36  84  7  21  97  51  53  42  61  2  77  90  35  70  63  13  20  85  40  27  52  11  92  3  1  47  71  57  34  86  65  59  12  81  18  48  39  99  87  67  10  82  24  8  100  44  54  83  56  78  45  96  64  79  5  41  80  75  93  76  38  72  73  69  66
   16  23  99  30  84  6  79  37  82  91  7  13  78  86  67  44  26  89  88  98  62  14  18  20  52  85  65  93  53  74  4  51  90  33  47  96  8  95  61  5  31  69  10  21  50  25  22  27  42  59  9  92  77  72  75  100  71  60  19  81  55  11  45  58  46  97  83  40  1  54  24  3  43  15  35  2  70  68  64  12  48  38  39  76  94  17  36  28  63  57  41  32  87  29  56  34  80  49  73  66
   16  25  37  34  32  46  97  43  58  41  33  55  10  6  53  52  86  67  80  50  18  42  90  64  48  19  79  15  35  62  72  61  54  95  13  76  20  89  31  59  21  27  94  51  74  99  38  73  78  57  7  28  23  88  49  24  1  44  77  71  9  81  39  70  26  63  45  4  11  22  12  85  65  29  69  98  14  40  92  68  100  30  17  36  2  3  56  60  5  83  91  8  93  47  96  82  84  87  75  66
   16  27  75  38  80  86  15  49  34  91  59  97  42  26  39  60  46  45  72  2  74  70  62  8  44  53  93  37  17  50  40  71  18  57  79  56  32  83  1  13  11  85  78  81  98  73  54  19  14  55  5  64  69  4  23  48  31  28  35  61  63  51  33  82  6  29  7  68  21  90  100  67  87  43  3  94  58  12  20  24  52  22  95  96  10  89  76  92  47  9  41  84  99  65  36  30  88  25  77  66
   16  28  49  10  68  18  82  93  87  26  96  67  92  60  4  7  88  53  17  55  71  99  47  57  24  42  23  15  1  27  22  89  80  39  43  50  37  90  6  61  31  29  76  32  56  98  20  35  36  63  85  73  52  91  33  83  19  8  14  75  5  34  9  41  97  94  13  48  84  46  30  2  54  44  77  59  78  86  100  74  79  12  21  62  58  51  64  11  95  40  70  72  25  69  45  3  81  66  65  38
   16  29  13  42  28  26  33  55  10  41  85  39  74  46  25  68  6  23  64  54  30  98  34  52  40  87  7  59  99  38  8  81  82  19  45  36  44  77  71  67  1  43  62  11  22  47  70  65  50  53  3  100  15  20  97  72  61  12  93  51  17  21  27  94  86  95  69  32  31  58  88  49  9  57  37  90  2  84  48  80  4  14  73  56  18  75  96  24  89  35  91  60  5  83  76  78  92  63  79  66
   16  35  27  54  72  46  87  73  38  91  63  65  70  6  83  92  86  57  40  10  98  82  50  84  28  89  49  25  45  2  12  11  74  5  43  76  80  59  81  29  71  17  14  1  94  69  18  3  58  47  97  8  53  68  19  44  51  64  67  21  79  31  9  30  26  93  55  24  61  62  52  95  75  99  39  78  34  100  32  48  60  90  7  36  42  33  56  20  15  13  41  88  23  37  96  22  4  77  85  66
   16  37  65  58  20  86  5  79  14  41  89  7  2  26  69  100  46  35  32  62  54  10  22  28  24  23  63  47  27  90  80  21  38  67  9  56  92  53  51  83  61  75  98  31  18  43  34  49  94  45  95  44  99  84  93  68  81  48  25  11  33  1  3  42  6  59  17  88  71  30  40  77  97  13  73  74  78  72  60  4  12  82  85  96  50  19  76  52  57  39  91  64  29  55  36  70  8  15  87  66
   16  38  65  66  81  3  45  69  25  72  70  40  95  11  64  51  58  62  21  12  79  74  100  86  78  59  77  44  54  2  30  46  84  48  13  94  97  41  9  34  5  75  14  8  19  83  33  91  52  73  85  63  36  35  20  98  56  32  76  29  31  61  6  90  37  50  43  39  80  89  22  27  1  15  23  42  24  57  47  99  71  55  17  53  88  7  4  60  92  67  96  26  87  93  82  18  68  10  49  28
   16  39  3  62  68  26  23  85  90  91  15  49  34  46  55  8  6  13  24  14  10  38  94  72  20  57  77  69  9  78  48  31  2  29  75  36  4  47  21  37  51  33  82  61  42  17  50  95  30  43  93  80  45  100  67  92  11  32  83  1  87  71  97  54  86  25  79  52  81  98  28  59  19  27  7  70  22  44  88  60  64  74  63  56  58  5  96  84  99  65  41  40  35  73  76  18  12  53  89  66
   16  39  13  38  80  94  65  89  97  66  22  41  81  27  9  3  1  34  45  15  5  69  23  75  25  42  14  72  24  8  70  57  19  40  47  83  95  99  33  11  71  91  64  55  52  51  17  73  58  53  85  62  88  63  21  7  36  12  4  35  79  60  20  74  92  98  100  67  56  86  96  32  78  26  76  59  87  29  77  93  31  44  82  61  54  18  6  2  68  90  30  10  37  46  49  50  84  28  43  48
   16  43  79  70  64  6  59  97  42  91  67  33  98  86  27  24  26  69  8  18  22  94  38  60  12  25  5  13  73  54  84  51  30  53  7  96  28  35  61  45  31  49  50  21  90  65  82  87  2  39  89  52  37  32  15  40  71  100  99  81  95  11  85  78  46  57  3  80  1  34  4  23  63  55  75  62  10  88  44  72  68  58  19  76  74  77  36  48  83  17  41  92  47  9  56  14  20  29  93  66
   16  45  17  74  12  46  77  3  18  41  93  75  30  6  13  32  86  47  100  70  78  22  10  4  8  59  19  35  55  42  52  61  94  15  73  76  40  29  31  99  21  7  34  51  14  39  98  33  38  37  87  88  83  48  89  64  1  84  57  71  49  81  79  90  26  23  65  44  11  2  92  5  85  69  9  58  54  60  72  28  20  50  97  36  82  63  56  80  25  43  91  68  53  27  96  62  24  67  95  66
   16  47  55  78  60  86  95  9  94  91  19  17  62  26  99  40  46  25  92  22  34  50  82  48  4  93  33  57  37  30  20  71  58  77  39  56  52  23  1  53  11  65  18  81  38  13  14  79  74  35  85  24  29  64  63  88  31  68  15  61  3  51  73  2  6  89  27  8  21  70  80  87  7  83  43  54  98  32  100  84  72  42  75  96  90  49  76  12  67  69  41  44  59  45  36  10  28  5  97  66
   16  48  43  28  84  50  49  46  37  10  30  90  68  2  6  18  54  61  82  44  31  93  77  29  87  59  76  26  78  32  96  86  56  67  100  98  92  74  20  60  79  35  4  12  36  7  21  63  88  62  85  53  58  73  17  51  52  55  64  91  71  11  33  99  95  83  47  40  19  57  70  8  24  72  14  42  25  75  23  69  5  15  45  34  1  3  9  27  81  41  22  66  97  89  65  94  80  38  13  39
   16  49  93  82  8  26  13  15  70  41  45  59  94  46  85  48  6  3  84  74  90  78  54  92  100  27  47  79  19  18  88  81  22  39  5  36  64  17  71  7  1  23  2  11  62  87  30  25  10  33  83  60  75  80  37  12  61  52  73  51  57  21  67  14  86  55  89  72  31  38  68  69  29  97  77  50  42  4  28  40  24  34  53  56  98  35  96  44  9  95  91  20  65  63  76  58  32  43  99  66
   16  53  69  90  4  6  49  27  22  41  97  43  58  86  57  64  26  59  68  78  2  34  98  80  92  95  75  23  83  94  24  1  50  63  37  96  88  5  11  15  81  39  70  71  10  35  62  17  82  29  79  32  67  12  85  60  21  20  89  31  65  61  55  38  46  87  13  100  51  74  44  33  73  25  45  42  30  48  84  52  28  18  9  76  14  7  36  8  93  47  91  72  77  99  56  54  40  19  3  66
   16  55  7  94  52  46  67  33  98  91  23  85  90  6  43  72  86  37  60  30  58  62  70  24  88  29  89  45  65  82  92  11  14  25  3  76  100  99  81  69  71  97  54  1  34  9  78  63  18  27  77  68  13  28  59  84  51  4  47  21  19  31  49  50  26  53  75  64  61  42  32  15  95  39  79  38  74  20  12  8  80  10  87  36  22  93  56  40  35  73  41  48  83  17  96  2  44  57  5  66
   16  62  13  63  80  7  65  12  97  35  22  60  81  74  9  98  1  67  45  86  5  32  23  26  25  59  14  29  24  93  70  44  19  61  47  18  95  2  33  90  71  10  64  46  52  50  17  28  58  48  85  39  88  38  21  94  36  89  4  66  79  41  20  27  92  3  100  34  56  15  96  69  78  75  76  42  87  72  77  8  31  57  82  40  54  83  6  99  68  11  30  91  37  55  49  51  84  73  43  53
   16  63  59  10  44  6  39  57  2  91  27  53  18  86  87  4  26  49  28  38  82  74  58  100  72  65  45  33  93  34  64  51  70  73  67  96  48  75  61  85  31  29  90  21  30  5  42  47  62  19  69  12  97  92  55  80  71  40  79  81  35  11  25  98  46  17  23  20  1  14  84  43  83  95  15  22  50  8  24  32  88  78  99  76  54  37  36  68  3  77  41  52  7  89  56  94  60  9  13  66
   16  63  65  35  81  98  45  32  25  29  70  61  95  90  64  50  58  39  21  89  79  27  100  15  78  42  77  57  54  99  30  55  84  53  13  7  97  60  9  67  5  26  14  93  19  18  33  10  52  28  85  38  36  66  20  3  56  69  76  72  31  40  6  11  37  51  43  62  80  12  22  74  1  86  23  59  24  44  47  2  71  46  17  48  88  94  4  41  92  34  96  75  87  8  82  83  68  91  49  73
   16  67  35  18  40  86  75  69  54  91  79  37  82  26  59  20  46  5  12  42  94  30  2  88  64  33  73  77  57  10  100  71  98  97  99  56  72  63  1  93  11  45  58  81  78  53  74  39  34  15  65  84  89  24  3  28  31  8  95  61  43  51  13  22  6  49  47  48  21  50  60  7  27  23  83  14  38  52  80  44  92  62  55  96  70  9  76  32  87  29  41  4  19  25  36  90  68  85  17  66
   16  69  73  22  88  26  93  75  30  41  5  79  14  46  45  28  6  83  4  94  50  58  74  32  60  67  87  99  39  98  68  81  62  59  65  36  84  57  71  47  1  3  42  11  2  27  90  85  70  13  63  20  35  40  77  52  61  92  53  51  97  21  7  34  86  15  9  12  31  18  48  89  49  37  17  10  82  24  8  100  44  54  33  56  78  95  96  64  29  55  91  80  25  43  76  38  72  23  19  66
   16  73  49  30  84  6  29  87  82  41  57  63  78  86  17  44  26  39  88  98  62  14  18  20  52  35  15  43  3  74  4  1  90  83  97  96  8  45  11  55  81  19  10  71  50  75  22  77  42  9  59  92  27  72  25  100  21  60  69  31  5  61  95  58  46  47  33  40  51  54  24  53  93  65  85  2  70  68  64  12  48  38  89  76  94  67  36  28  13  7  91  32  37  79  56  34  80  99  23  66
   16  73  49  91  68  83  82  8  87  75  96  34  92  41  4  94  88  48  17  46  71  2  47  44  24  59  23  86  1  74  22  12  80  62  43  51  37  11  6  40  31  72  76  69  56  3  20  66  36  38  85  28  52  10  33  18  19  93  14  26  5  67  9  60  97  7  13  53  84  55  30  99  54  57  77  42  78  15  100  27  79  89  21  39  58  50  64  90  95  61  70  29  25  32  45  98  81  35  65  63
   16  75  87  34  32  46  47  93  58  91  83  5  10  6  3  52  86  17  80  50  18  42  90  64  48  69  29  65  85  62  72  11  54  45  63  76  20  39  81  9  71  77  94  1  74  49  38  23  78  7  57  28  73  88  99  24  51  44  27  21  59  31  89  70  26  13  95  4  61  22  12  35  15  79  19  98  14  40  92  68  100  30  67  36  2  53  56  60  55  33  41  8  43  97  96  82  84  37  25  66
   16  77  25  38  80  86  65  99  34  41  9  47  42  26  89  60  46  95  72  2  74  70  62  8  44  3  43  87  67  50  40  21  18  7  29  56  32  33  51  63  61  35  78  31  98  23  54  69  14  5  55  64  19  4  73  48  81  28  85  11  13  1  83  82  6  79  57  68  71  90  100  17  37  93  53  94  58  12  20  24  52  22  45  96  10  39  76  92  97  59  91  84  49  15  36  30  88  75  27  66
   16  79  63  42  28  26  83  5  10  91  35  89  74  46  75  68  6  73  64  54  30  98  34  52  40  37  57  9  49  38  8  31  82  69  95  36  44  27  21  17  51  93  62  61  22  97  70  15  50  3  53  100  65  20  47  72  11  12  43  1  67  71  77  94  86  45  19  32  81  58  88  99  59  7  87  90  2  84  48  80  4  14  23  56  18  25  96  24  39  85  41  60  55  33  76  78  92  13  29  66
   16  85  77  54  72  46  37  23  38  41  13  15  70  6  33  92  86  7  40  10  98  82  50  84  28  39  99  75  95  2  12  61  74  55  93  76  80  9  31  79  21  67  14  51  94  19  18  53  58  97  47  8  3  68  69  44  1  64  17  71  29  81  59  30  26  43  5  24  11  62  52  45  25  49  89  78  34  100  32  48  60  90  57  36  42  83  56  20  65  63  91  88  73  87  96  22  4  27  35  66
   16  89  53  62  68  26  73  35  90  41  65  99  34  46  5  8  6  63  24  14  10  38  94  72  20  7  27  19  59  78  48  81  2  79  25  36  4  97  71  87  1  83  82  11  42  67  50  45  30  93  43  80  95  100  17  92  61  32  33  51  37  21  47  54  86  75  29  52  31  98  28  9  69  77  57  70  22  44  88  60  64  74  13  56  58  55  96  84  49  15  91  40  85  23  76  18  12  3  39  66
   16  91  82  75  92  94  17  2  24  86  22  62  37  40  76  3  36  28  33  93  5  60  13  55  54  42  100  89  58  90  70  32  81  63  49  83  87  34  4  48  71  44  23  74  80  51  6  72  56  66  85  10  19  26  9  7  84  99  77  15  79  39  64  61  25  98  65  73  68  8  96  41  88  46  47  59  1  12  43  11  31  69  20  38  52  18  14  67  97  53  30  57  78  27  21  50  95  29  45  35
   16  93  29  70  64  6  9  47  42  41  17  83  98  86  77  24  26  19  8  18  22  94  38  60  12  75  55  63  23  54  84  1  30  3  57  96  28  85  11  95  81  99  50  71  90  15  82  37  2  89  39  52  87  32  65  40  21  100  49  31  45  61  35  78  46  7  53  80  51  34  4  73  13  5  25  62  10  88  44  72  68  58  69  76  74  27  36  48  33  67  91  92  97  59  56  14  20  79  43  66
   16  95  67  74  12  46  27  53  18  91  43  25  30  6  63  32  86  97  100  70  78  22  10  4  8  9  69  85  5  42  52  11  94  65  23  76  40  79  81  49  71  57  34  1  14  89  98  83  38  87  37  88  33  48  39  64  51  84  7  21  99  31  29  90  26  73  15  44  61  2  92  55  35  19  59  58  54  60  72  28  20  50  47  36  82  13  56  80  75  93  41  68  3  77  96  62  24  17  45  66
   16  97  5  78  60  86  45  59  94  41  69  67  62  26  49  40  46  75  92  22  34  50  82  48  4  43  83  7  87  30  20  21  58  27  89  56  52  73  51  3  61  15  18  31  38  63  14  29  74  85  35  24  79  64  13  88  81  68  65  11  53  1  23  2  6  39  77  8  71  70  80  37  57  33  93  54  98  32  100  84  72  42  25  96  90  99  76  12  17  19  91  44  9  95  36  10  28  55  47  66
   16  99  43  82  8  26  63  65  70  91  95  9  94  46  35  48  6  53  84  74  90  78  54  92  100  77  97  29  69  18  88  31  22  89  55  36  64  67  21  57  51  73  2  61  62  37  30  75  10  83  33  60  25  80  87  12  11  52  23  1  7  71  17  14  86  5  39  72  81  38  68  19  79  47  27  50  42  4  28  40  24  34  3  56  98  85  96  44  59  45  41  20  15  13  76  58  32  93  49  66
   16  99  76  41  58  18  23  35  84  40  96  89  52  44  45  7  37  8  100  38  71  29  9  62  68  42  20  48  95  26  22  73  54  69  4  50  19  86  65  55  31  34  21  10  24  98  13  11  87  27  85  2  25  60  43  83  78  66  17  61  5  12  49  57  56  94  64  93  1  63  30  72  92  39  33  59  81  53  6  75  79  28  47  32  97  51  82  15  36  46  70  67  80  91  77  3  88  90  14  74
   17  3  54  63  23  10  79  8  43  67  95  94  76  55  81  44  85  15  68  12  14  50  92  40  13  32  71  66  77  73  1  18  21  75  37  60  70  48  56  99  65  59  52  27  82  62  5  90  4  72  84  98  47  38  78  91  22  93  58  34  6  7  25  46  20  57  16  86  33  89  87  51  9  61  88  69  30  35  24  28  100  83  80  26  64  41  31  53  45  2  36  42  49  74  19  39  96  11  97  29
   17  6  58  95  53  47  18  84  99  42  74  36  91  7  94  73  87  88  61  31  59  63  71  25  89  80  40  96  16  83  93  62  15  76  54  77  1  50  32  20  22  48  55  52  35  60  79  14  19  78  28  69  64  29  10  85  2  5  98  72  70  82  100  51  27  4  26  65  12  43  33  66  46  90  30  39  75  21  13  9  81  11  38  37  23  44  57  41  86  24  92  49  34  68  97  3  45  8  56  67
   17  12  56  93  30  39  81  75  47  51  36  67  77  90  16  41  23  40  52  7  100  29  68  48  22  69  19  55  21  98  87  2  43  66  5  57  64  63  92  59  6  28  97  15  70  91  88  74  76  18  84  89  45  8  71  62  20  26  54  50  65  34  24  11  85  60  78  61  49  94  1  72  33  53  79  32  82  46  80  3  14  99  58  35  96  44  37  38  9  42  95  73  4  86  31  10  13  27  25  83
   17  14  10  11  45  7  90  8  3  42  78  4  19  87  38  5  27  100  29  39  83  75  59  1  73  16  96  84  44  35  65  2  71  24  18  97  49  26  12  36  82  80  91  72  31  56  43  98  63  70  20  13  48  93  6  81  22  41  30  32  86  62  76  99  47  68  74  21  52  15  85  94  34  46  66  23  51  9  25  33  89  79  50  77  55  88  37  69  54  28  92  53  58  40  57  95  61  60  64  67
   17  18  86  19  41  87  26  20  55  42  30  88  83  27  10  21  47  56  13  43  95  31  3  89  65  84  24  28  8  11  1  22  99  48  50  57  73  14  52  44  62  96  59  32  79  4  75  90  35  66  16  85  40  25  54  29  82  9  46  12  94  2  64  23  7  100  98  49  72  51  61  58  78  74  34  15  39  53  81  45  93  63  6  97  71  60  77  33  38  80  92  5  70  76  37  91  69  36  68  67
   17  20  24  23  89  27  44  26  31  92  56  30  15  47  96  29  7  34  5  95  51  59  75  33  61  18  38  50  90  99  69  32  63  10  16  37  85  8  22  98  52  54  43  62  3  78  91  36  71  64  14  21  86  41  28  53  12  93  4  2  48  72  58  35  87  66  60  13  82  19  49  40  100  88  68  11  83  25  9  1  45  55  84  57  79  46  97  65  80  6  42  81  76  94  77  39  73  74  70  67
   17  26  38  35  33  47  98  44  59  42  34  56  11  7  54  53  87  68  81  51  19  43  91  65  49  20  80  16  36  63  73  62  55  96  14  77  21  90  32  60  22  28  95  52  75  100  39  74  79  58  8  29  24  89  50  25  2  45  78  72  10  82  40  71  27  64  46  5  12  23  13  86  66  30  70  99  15  41  93  69  1  31  18  37  3  4  57  61  6  84  92  9  94  48  97  83  85  88  76  67
   17  28  58  48  85  39  88  38  21  94  36  89  4  66  79  41  20  27  92  3  100  34  56  15  96  69  78  75  76  42  87  72  77  8  31  57  82  40  54  83  6  99  68  11  30  91  37  55  49  51  84  73  43  53  16  62  13  63  80  7  65  12  97  35  22  60  81  74  9  98  1  67  45  86  5  32  23  26  25  59  14  29  24  93  70  44  19  61  47  18  95  2  33  90  71  10  64  46  52  50
   17  30  14  43  29  27  34  56  11  42  86  40  75  47  26  69  7  24  65  55  31  99  35  53  41  88  8  60  100  39  9  82  83  20  46  37  45  78  72  68  2  44  63  12  23  48  71  66  51  54  4  1  16  21  98  73  62  13  94  52  18  22  28  95  87  96  70  33  32  59  89  50  10  58  38  91  3  85  49  81  5  15  74  57  19  76  97  25  90  36  92  61  6  84  77  79  93  64  80  67
   17  34  68  35  70  39  78  55  9  18  36  72  43  86  71  41  82  63  25  50  100  99  97  93  85  69  37  74  47  94  87  73  45  90  79  57  13  26  52  3  6  12  24  48  96  91  81  61  21  42  84  67  33  66  31  62  23  46  92  83  65  29  58  15  30  60  19  38  76  51  1  2  4  8  16  32  64  27  54  7  14  28  56  11  22  44  88  75  49  98  95  89  77  53  5  10  20  40  80  59
   17  36  28  55  73  47  88  74  39  92  64  66  71  7  84  93  87  58  41  11  99  83  51  85  29  90  50  26  46  3  13  12  75  6  44  77  81  60  82  30  72  18  15  2  95  70  19  4  59  48  98  9  54  69  20  45  52  65  68  22  80  32  10  31  27  94  56  25  62  63  53  96  76  100  40  79  35  1  33  49  61  91  8  37  43  34  57  21  16  14  42  89  24  38  97  23  5  78  86  67
   17  42  80  61  20  91  5  48  77  12  95  3  49  26  88  57  22  90  56  73  14  94  54  74  64  69  16  93  4  99  1  50  76  63  19  41  30  86  58  72  65  18  92  55  23  39  31  35  33  34  84  59  21  40  81  10  96  53  24  89  6  98  52  75  13  44  79  11  45  28  87  7  47  27  37  32  85  8  97  2  100  51  25  38  82  60  71  15  43  29  36  83  9  46  78  62  70  66  68  67
   17  44  80  71  65  7  60  98  43  92  68  34  99  87  28  25  27  70  9  19  23  95  39  61  13  26  6  14  74  55  85  52  31  54  8  97  29  36  62  46  32  50  51  22  91  66  83  88  3  40  90  53  38  33  16  41  72  1  100  82  96  12  86  79  47  58  4  81  2  35  5  24  64  56  76  63  11  89  45  73  69  59  20  77  75  78  37  49  84  18  42  93  48  10  57  15  21  30  94  67
   17  46  18  75  13  47  78  4  19  42  94  76  31  7  14  33  87  48  1  71  79  23  11  5  9  60  20  36  56  43  53  62  95  16  74  77  41  30  32  100  22  8  35  52  15  40  99  34  39  38  88  89  84  49  90  65  2  85  58  72  50  82  80  91  27  24  66  45  12  3  93  6  86  70  10  59  55  61  73  29  21  51  98  37  83  64  57  81  26  44  92  69  54  28  97  63  25  68  96  67
   17  50  52  46  64  10  71  90  33  2  95  18  47  61  19  44  70  93  24  29  14  59  25  26  23  32  5  86  45  67  1  98  9  74  81  60  22  35  97  12  65  7  80  63  13  62  16  53  43  73  84  51  49  55  37  91  30  11  68  99  6  83  54  40  82  57  31  8  77  72  87  42  76  75  78  69  96  15  56  34  100  3  92  27  20  41  79  66  4  89  36  94  21  38  88  39  85  48  58  28
   17  51  52  55  64  91  71  11  33  99  95  83  47  40  19  57  70  8  24  72  14  42  25  75  23  69  5  15  45  34  1  3  9  27  81  41  22  66  97  89  65  94  80  38  13  39  16  48  43  28  84  50  49  46  37  10  30  90  68  2  6  18  54  61  82  44  31  93  77  29  87  59  76  26  78  32  96  86  56  67  100  98  92  74  20  60  79  35  4  12  36  7  21  63  88  62  85  53  58  73
   17  56  8  95  53  47  68  34  99  92  24  86  91  7  44  73  87  38  61  31  59  63  71  25  89  30  90  46  66  83  93  12  15  26  4  77  1  100  82  70  72  98  55  2  35  10  79  64  19  28  78  69  14  29  60  85  52  5  48  22  20  32  50  51  27  54  76  65  62  43  33  16  96  40  80  39  75  21  13  9  81  11  88  37  23  94  57  41  36  74  42  49  84  18  97  3  45  58  6  67
   17  59  80  40  20  10  5  53  77  89  95  98  49  75  88  44  22  11  56  28  14  7  54  27  64  32  16  8  4  2  1  51  76  38  19  60  30  15  58  29  65  83  92  46  23  62  31  66  33  67  84  42  21  61  81  91  96  48  24  12  6  3  52  26  13  57  79  90  45  73  87  94  47  74  37  69  85  93  97  99  100  50  25  63  82  41  71  86  43  72  36  18  9  55  78  39  70  35  68  34
   17  64  60  11  45  7  40  58  3  92  28  54  19  87  88  5  27  50  29  39  83  75  59  1  73  66  46  34  94  35  65  52  71  74  68  97  49  76  62  86  32  30  91  22  31  6  43  48  63  20  70  13  98  93  56  81  72  41  80  82  36  12  26  99  47  18  24  21  2  15  85  44  84  96  16  23  51  9  25  33  89  79  100  77  55  38  37  69  4  78  42  53  8  90  57  95  61  10  14  67
   17  67  68  66  70  62  78  46  9  83  36  29  43  15  71  60  82  38  25  51  100  2  97  8  85  32  37  27  47  7  87  28  45  11  79  44  13  75  52  98  6  89  24  53  96  10  81  40  21  59  84  34  33  35  31  39  23  55  92  18  65  72  58  86  30  41  19  63  76  50  1  99  4  93  16  69  64  74  54  94  14  73  56  90  22  57  88  26  49  3  95  12  77  48  5  91  20  61  80  42
   17  68  36  19  41  87  76  70  55  92  80  38  83  27  60  21  47  6  13  43  95  31  3  89  65  34  74  78  58  11  1  72  99  98  100  57  73  64  2  94  12  46  59  82  79  54  75  40  35  16  66  85  90  25  4  29  32  9  96  62  44  52  14  23  7  50  48  49  22  51  61  8  28  24  84  15  39  53  81  45  93  63  56  97  71  10  77  33  88  30  42  5  20  26  37  91  69  86  18  67
   17  70  74  23  89  27  94  76  31  42  6  80  15  47  46  29  7  84  5  95  51  59  75  33  61  68  88  100  40  99  69  82  63  60  66  37  85  58  72  48  2  4  43  12  3  28  91  86  71  14  64  21  36  41  78  53  62  93  54  52  98  22  8  35  87  16  10  13  32  19  49  90  50  38  18  11  83  25  9  1  45  55  34  57  79  96  97  65  30  56  92  81  26  44  77  39  73  24  20  67
   17  73  58  53  85  62  88  63  21  7  36  12  4  35  79  60  20  74  92  98  100  67  56  86  96  32  78  26  76  59  87  29  77  93  31  44  82  61  54  18  6  2  68  90  30  10  37  46  49  50  84  28  43  48  16  39  13  38  80  94  65  89  97  66  22  41  81  27  9  3  1  34  45  15  5  69  23  75  25  42  14  72  24  8  70  57  19  40  47  83  95  99  33  11  71  91  64  55  52  51
   17  76  88  35  33  47  48  94  59  92  84  6  11  7  4  53  87  18  81  51  19  43  91  65  49  70  30  66  86  63  73  12  55  46  64  77  21  40  82  10  72  78  95  2  75  50  39  24  79  8  58  29  74  89  100  25  52  45  28  22  60  32  90  71  27  14  96  5  62  23  13  36  16  80  20  99  15  41  93  69  1  31  68  37  3  54  57  61  56  34  42  9  44  98  97  83  85  38  26  67
   17  80  64  43  29  27  84  6  11  92  36  90  75  47  76  69  7  74  65  55  31  99  35  53  41  38  58  10  50  39  9  32  83  70  96  37  45  28  22  18  52  94  63  62  23  98  71  16  51  4  54  1  66  21  48  73  12  13  44  2  68  72  78  95  87  46  20  33  82  59  89  100  60  8  88  91  3  85  49  81  5  15  24  57  19  26  97  25  40  86  42  61  56  34  77  79  93  14  30  67
   17  86  78  55  73  47  38  24  39  42  14  16  71  7  34  93  87  8  41  11  99  83  51  85  29  40  100  76  96  3  13  62  75  56  94  77  81  10  32  80  22  68  15  52  95  20  19  54  59  98  48  9  4  69  70  45  2  65  18  72  30  82  60  31  27  44  6  25  12  63  53  46  26  50  90  79  35  1  33  49  61  91  58  37  43  84  57  21  66  64  92  89  74  88  97  23  5  28  36  67
   17  89  56  8  30  62  81  26  47  50  36  34  77  11  16  60  23  61  52  94  100  72  68  53  22  32  19  46  21  3  87  99  43  35  5  44  64  38  92  42  6  73  97  86  70  10  88  27  76  83  84  12  45  93  71  39  20  75  54  51  65  67  24  90  85  41  78  40  49  7  1  29  33  48  79  69  82  55  80  98  14  2  58  66  96  57  37  63  9  59  95  28  4  15  31  91  13  74  25  18
   17  94  30  71  65  7  10  48  43  42  18  84  99  87  78  25  27  20  9  19  23  95  39  61  13  76  56  64  24  55  85  2  31  4  58  97  29  86  12  96  82  100  51  72  91  16  83  38  3  90  40  53  88  33  66  41  22  1  50  32  46  62  36  79  47  8  54  81  52  35  5  74  14  6  26  63  11  89  45  73  69  59  70  77  75  28  37  49  34  68  92  93  98  60  57  15  21  80  44  67
   17  96  68  75  13  47  28  54  19  92  44  26  31  7  64  33  87  98  1  71  79  23  11  5  9  10  70  86  6  43  53  12  95  66  24  77  41  80  82  50  72  58  35  2  15  90  99  84  39  88  38  89  34  49  40  65  52  85  8  22  100  32  30  91  27  74  16  45  62  3  93  56  36  20  60  59  55  61  73  29  21  51  48  37  83  14  57  81  76  94  42  69  4  78  97  63  25  18  46  67
   17  98  54  38  23  91  79  93  43  34  95  7  76  46  81  57  85  86  68  89  14  51  92  61  13  69  71  35  77  28  1  83  21  26  37  41  70  53  56  2  65  42  52  74  82  39  5  11  4  29  84  3  47  63  78  10  22  8  58  67  6  94  25  55  20  44  16  15  33  12  87  50  9  40  88  32  30  66  24  73  100  18  80  75  64  60  31  48  45  99  36  59  49  27  19  62  96  90  97  72
   18  6  2  68  90  30  10  37  46  49  50  84  28  43  48  16  39  13  38  80  94  65  89  97  66  22  41  81  27  9  3  1  34  45  15  5  69  23  75  25  42  14  72  24  8  70  57  19  40  47  83  95  99  33  11  71  91  64  55  52  51  17  73  58  53  85  62  88  63  21  7  36  12  4  35  79  60  20  74  92  98  100  67  56  86  96  32  78  26  76  59  87  29  77  93  31  44  82  61  54
   18  15  11  12  46  8  91  9  4  43  79  5  20  88  39  6  28  1  30  40  84  76  60  2  74  17  97  85  45  36  66  3  72  25  19  98  50  27  13  37  83  81  92  73  32  57  44  99  64  71  21  14  49  94  7  82  23  42  31  33  87  63  77  100  48  69  75  22  53  16  86  95  35  47  67  24  52  10  26  34  90  80  51  78  56  89  38  70  55  29  93  54  59  41  58  96  62  61  65  68
   18  17  49  16  94  48  9  15  80  93  5  47  52  8  25  14  88  79  22  92  40  4  32  46  70  51  11  7  27  24  34  13  36  87  85  78  62  21  83  91  73  39  76  3  56  31  60  45  100  69  19  50  95  10  81  6  53  26  89  23  41  33  71  12  28  35  37  86  63  84  74  77  57  61  1  20  96  82  54  90  42  72  29  38  64  75  58  2  97  55  43  30  65  59  98  44  66  99  67  68
   18  17  89  56  8  30  62  81  26  47  50  36  34  77  11  16  60  23  61  52  94  100  72  68  53  22  32  19  46  21  3  87  99  43  35  5  44  64  38  92  42  6  73  97  86  70  10  88  27  76  83  84  12  45  93  71  39  20  75  54  51  65  67  24  90  85  41  78  40  49  7  1  29  33  48  79  69  82  55  80  98  14  2  58  66  96  57  37  63  9  59  95  28  4  15  31  91  13  74  25
   18  19  87  20  42  88  27  21  56  43  31  89  84  28  11  22  48  57  14  44  96  32  4  90  66  85  25  29  9  12  2  23  100  49  51  58  74  15  53  45  63  97  60  33  80  5  76  91  36  67  17  86  41  26  55  30  83  10  47  13  95  3  65  24  8  1  99  50  73  52  62  59  79  75  35  16  40  54  82  46  94  64  7  98  72  61  78  34  39  81  93  6  71  77  38  92  70  37  69  68
   18  19  93  14  26  5  67  9  60  97  7  13  53  84  55  30  99  54  57  77  42  78  15  100  27  79  89  21  39  58  50  64  90  95  61  70  29  25  32  45  98  81  35  65  63  16  73  49  91  68  83  82  8  87  75  96  34  92  41  4  94  88  48  17  46  71  2  47  44  24  59  23  86  1  74  22  12  80  62  43  51  37  11  6  40  31  72  76  69  56  3  20  66  36  38  85  28  52  10  33
   18  21  25  24  90  28  45  27  32  93  57  31  16  48  97  30  8  35  6  96  52  60  76  34  62  19  39  51  91  100  70  33  64  11  17  38  86  9  23  99  53  55  44  63  4  79  92  37  72  65  15  22  87  42  29  54  13  94  5  3  49  73  59  36  88  67  61  14  83  20  50  41  1  89  69  12  84  26  10  2  46  56  85  58  80  47  98  66  81  7  43  82  77  95  78  40  74  75  71  68
   18  27  39  36  34  48  99  45  60  43  35  57  12  8  55  54  88  69  82  52  20  44  92  66  50  21  81  17  37  64  74  63  56  97  15  78  22  91  33  61  23  29  96  53  76  1  40  75  80  59  9  30  25  90  51  26  3  46  79  73  11  83  41  72  28  65  47  6  13  24  14  87  67  31  71  100  16  42  94  70  2  32  19  38  4  5  58  62  7  85  93  10  95  49  98  84  86  89  77  68
   18  31  15  44  30  28  35  57  12  43  87  41  76  48  27  70  8  25  66  56  32  100  36  54  42  89  9  61  1  40  10  83  84  21  47  38  46  79  73  69  3  45  64  13  24  49  72  67  52  55  5  2  17  22  99  74  63  14  95  53  19  23  29  96  88  97  71  34  33  60  90  51  11  59  39  92  4  86  50  82  6  16  75  58  20  77  98  26  91  37  93  62  7  85  78  80  94  65  81  68
   18  33  10  52  28  85  38  36  66  20  3  56  69  76  72  31  40  6  11  37  51  43  62  80  12  22  74  1  86  23  59  24  44  47  2  71  46  17  48  88  94  4  41  92  34  96  75  87  8  82  83  68  91  49  73  16  63  65  35  81  98  45  32  25  29  70  61  95  90  64  50  58  39  21  89  79  27  100  15  78  42  77  57  54  99  30  55  84  53  13  7  97  60  9  67  5  26  14  93  19
   18  35  91  52  26  8  71  69  64  43  39  25  40  88  99  86  28  81  50  60  44  56  80  42  34  57  37  5  65  16  46  3  12  45  79  98  70  67  13  77  83  61  32  73  72  97  4  59  24  51  1  74  9  54  47  22  23  82  11  33  27  63  17  20  48  29  95  62  53  96  66  15  55  87  7  84  92  30  6  94  10  100  31  78  36  49  38  90  75  89  93  14  19  21  58  76  2  41  85  68
   18  37  29  56  74  48  89  75  40  93  65  67  72  8  85  94  88  59  42  12  100  84  52  86  30  91  51  27  47  4  14  13  76  7  45  78  82  61  83  31  73  19  16  3  96  71  20  5  60  49  99  10  55  70  21  46  53  66  69  23  81  33  11  32  28  95  57  26  63  64  54  97  77  1  41  80  36  2  34  50  62  92  9  38  44  35  58  22  17  15  43  90  25  39  98  24  6  79  87  68
   18  39  67  60  22  88  7  81  16  43  91  9  4  28  71  2  48  37  34  64  56  12  24  30  26  25  65  49  29  92  82  23  40  69  11  58  94  55  53  85  63  77  100  33  20  45  36  51  96  47  97  46  1  86  95  70  83  50  27  13  35  3  5  44  8  61  19  90  73  32  42  79  99  15  75  76  80  74  62  6  14  84  87  98  52  21  78  54  59  41  93  66  31  57  38  72  10  17  89  68
   18  47  19  76  14  48  79  5  20  43  95  77  32  8  15  34  88  49  2  72  80  24  12  6  10  61  21  37  57  44  54  63  96  17  75  78  42  31  33  1  23  9  36  53  16  41  100  35  40  39  89  90  85  50  91  66  3  86  59  73  51  83  81  92  28  25  67  46  13  4  94  7  87  71  11  60  56  62  74  30  22  52  99  38  84  65  58  82  27  45  93  70  55  29  98  64  26  69  97  68
   18  65  61  12  46  8  41  59  4  93  29  55  20  88  89  6  28  51  30  40  84  76  60  2  74  67  47  35  95  36  66  53  72  75  69  98  50  77  63  87  33  31  92  23  32  7  44  49  64  21  71  14  99  94  57  82  73  42  81  83  37  13  27  100  48  19  25  22  3  16  86  45  85  97  17  24  52  10  26  34  90  80  1  78  56  39  38  70  5  79  43  54  9  91  58  96  62  11  15  68
   18  67  99  16  94  48  59  65  80  43  55  97  52  8  75  14  88  29  22  92  40  4  32  46  70  1  61  57  77  24  34  63  36  37  35  78  62  71  33  41  23  89  76  53  56  81  60  95  100  19  69  50  45  10  31  6  3  26  39  73  91  83  21  12  28  85  87  86  13  84  74  27  7  11  51  20  96  82  54  90  42  72  79  38  64  25  58  2  47  5  93  30  15  9  98  44  66  49  17  68
   18  68  10  49  28  16  38  65  66  81  3  45  69  25  72  70  40  95  11  64  51  58  62  21  12  79  74  100  86  78  59  77  44  54  2  30  46  84  48  13  94  97  41  9  34  5  75  14  8  19  83  33  91  52  73  85  63  36  35  20  98  56  32  76  29  31  61  6  90  37  50  43  39  80  89  22  27  1  15  23  42  24  57  47  99  71  55  17  53  88  7  4  60  92  67  96  26  87  93  82
   18  69  37  20  42  88  77  71  56  93  81  39  84  28  61  22  48  7  14  44  96  32  4  90  66  35  75  79  59  12  2  73  100  99  1  58  74  65  3  95  13  47  60  83  80  55  76  41  36  17  67  86  91  26  5  30  33  10  97  63  45  53  15  24  8  51  49  50  23  52  62  9  29  25  85  16  40  54  82  46  94  64  57  98  72  11  78  34  89  31  43  6  21  27  38  92  70  87  19  68
   18  71  75  24  90  28  95  77  32  43  7  81  16  48  47  30  8  85  6  96  52  60  76  34  62  69  89  1  41  100  70  83  64  61  67  38  86  59  73  49  3  5  44  13  4  29  92  87  72  15  65  22  37  42  79  54  63  94  55  53  99  23  9  36  88  17  11  14  33  20  50  91  51  39  19  12  84  26  10  2  46  56  35  58  80  97  98  66  31  57  93  82  27  45  78  40  74  25  21  68
   18  77  89  36  34  48  49  95  60  93  85  7  12  8  5  54  88  19  82  52  20  44  92  66  50  71  31  67  87  64  74  13  56  47  65  78  22  41  83  11  73  79  96  3  76  51  40  25  80  9  59  30  75  90  1  26  53  46  29  23  61  33  91  72  28  15  97  6  63  24  14  37  17  81  21  100  16  42  94  70  2  32  69  38  4  55  58  62  57  35  43  10  45  99  98  84  86  39  27  68
   18  81  65  44  30  28  85  7  12  93  37  91  76  48  77  70  8  75  66  56  32  100  36  54  42  39  59  11  51  40  10  33  84  71  97  38  46  29  23  19  53  95  64  63  24  99  72  17  52  5  55  2  67  22  49  74  13  14  45  3  69  73  79  96  88  47  21  34  83  60  90  1  61  9  89  92  4  86  50  82  6  16  25  58  20  27  98  26  41  87  43  62  57  35  78  80  94  15  31  68
   18  82  93  87  26  96  67  92  60  4  7  88  53  17  55  71  99  47  57  24  42  23  15  1  27  22  89  80  39  43  50  37  90  6  61  31  29  76  32  56  98  20  35  36  63  85  73  52  91  33  83  19  8  14  75  5  34  9  41  97  94  13  48  84  46  30  2  54  44  77  59  78  86  100  74  79  12  21  62  58  51  64  11  95  40  70  72  25  69  45  3  81  66  65  38  16  28  49  10  68
   18  84  89  45  8  71  62  20  26  54  50  65  34  24  11  85  60  78  61  49  94  1  72  33  53  79  32  82  46  80  3  14  99  58  35  96  44  37  38  9  42  95  73  4  86  31  10  13  27  25  83  17  12  56  93  30  39  81  75  47  51  36  67  77  90  16  41  23  40  52  7  100  29  68  48  22  69  19  55  21  98  87  2  43  66  5  57  64  63  92  59  6  28  97  15  70  91  88  74  76
   18  85  41  52  26  8  21  19  64  93  89  75  40  88  49  86  28  31  50  60  44  56  80  42  34  7  87  55  15  16  46  53  12  95  29  98  70  17  63  27  33  11  32  23  72  47  4  9  24  1  51  74  59  54  97  22  73  82  61  83  77  13  67  20  48  79  45  62  3  96  66  65  5  37  57  84  92  30  6  94  10  100  81  78  36  99  38  90  25  39  43  14  69  71  58  76  2  91  35  68
   18  87  79  56  74  48  39  25  40  43  15  17  72  8  35  94  88  9  42  12  100  84  52  86  30  41  1  77  97  4  14  63  76  57  95  78  82  11  33  81  23  69  16  53  96  21  20  55  60  99  49  10  5  70  71  46  3  66  19  73  31  83  61  32  28  45  7  26  13  64  54  47  27  51  91  80  36  2  34  50  62  92  59  38  44  85  58  22  67  65  93  90  75  89  98  24  6  29  37  68
   18  89  17  60  22  88  57  31  16  93  41  59  4  28  21  2  48  87  34  64  56  12  24  30  26  75  15  99  79  92  82  73  40  19  61  58  94  5  3  35  13  27  100  83  20  95  36  1  96  97  47  46  51  86  45  70  33  50  77  63  85  53  55  44  8  11  69  90  23  32  42  29  49  65  25  76  80  74  62  6  14  84  37  98  52  71  78  54  9  91  43  66  81  7  38  72  10  67  39  68
   18  95  2  33  90  71  10  64  46  52  50  17  28  58  48  85  39  88  38  21  94  36  89  4  66  79  41  20  27  92  3  100  34  56  15  96  69  78  75  76  42  87  72  77  8  31  57  82  40  54  83  6  99  68  11  30  91  37  55  49  51  84  73  43  53  16  62  13  63  80  7  65  12  97  35  22  60  81  74  9  98  1  67  45  86  5  32  23  26  25  59  14  29  24  93  70  44  19  61  47
   18  97  69  76  14  48  29  55  20  93  45  27  32  8  65  34  88  99  2  72  80  24  12  6  10  11  71  87  7  44  54  13  96  67  25  78  42  81  83  51  73  59  36  3  16  91  100  85  40  89  39  90  35  50  41  66  53  86  9  23  1  33  31  92  28  75  17  46  63  4  94  57  37  21  61  60  56  62  74  30  22  52  49  38  84  15  58  82  77  95  43  70  5  79  98  64  26  19  47  68
   19  10  85  66  56  72  6  51  80  74  23  44  71  48  4  34  87  83  49  63  81  32  70  90  58  89  100  42  54  55  13  60  5  93  33  28  36  3  76  40  37  62  22  86  24  2  17  94  92  75  82  91  16  35  45  29  95  50  21  27  78  57  30  53  97  67  14  18  52  38  20  69  31  11  43  12  1  59  47  46  88  41  96  8  68  73  65  98  25  61  64  39  79  15  77  99  84  7  9  26
   19  16  12  13  47  9  92  10  5  44  80  6  21  89  40  7  29  2  31  41  85  77  61  3  75  18  98  86  46  37  67  4  73  26  20  99  51  28  14  38  84  82  93  74  33  58  45  100  65  72  22  15  50  95  8  83  24  43  32  34  88  64  78  1  49  70  76  23  54  17  87  96  36  48  68  25  53  11  27  35  91  81  52  79  57  90  39  71  56  30  94  55  60  42  59  97  63  62  66  69
   19  20  88  21  43  89  28  22  57  44  32  90  85  29  12  23  49  58  15  45  97  33  5  91  67  86  26  30  10  13  3  24  1  50  52  59  75  16  54  46  64  98  61  34  81  6  77  92  37  68  18  87  42  27  56  31  84  11  48  14  96  4  66  25  9  2  100  51  74  53  63  60  80  76  36  17  41  55  83  47  95  65  8  99  73  62  79  35  40  82  94  7  72  78  39  93  71  38  70  69
   19  22  26  25  91  29  46  28  33  94  58  32  17  49  98  31  9  36  7  97  53  61  77  35  63  20  40  52  92  1  71  34  65  12  18  39  87  10  24  100  54  56  45  64  5  80  93  38  73  66  16  23  88  43  30  55  14  95  6  4  50  74  60  37  89  68  62  15  84  21  51  42  2  90  70  13  85  27  11  3  47  57  86  59  81  48  99  67  82  8  44  83  78  96  79  41  75  76  72  69
   19  26  2  33  87  9  82  40  85  94  10  16  81  89  70  47  29  92  91  1  65  17  21  23  55  88  68  96  56  77  7  54  93  36  50  99  11  98  64  8  34  72  13  24  53  28  25  30  45  62  12  95  80  75  78  3  74  63  22  84  58  14  48  61  49  100  86  43  4  57  27  6  46  18  38  5  73  71  67  15  51  41  42  79  97  20  39  31  66  60  44  35  90  32  59  37  83  52  76  69
   19  32  16  45  31  29  36  58  13  44  88  42  77  49  28  71  9  26  67  57  33  1  37  55  43  90  10  62  2  41  11  84  85  22  48  39  47  80  74  70  4  46  65  14  25  50  73  68  53  56  6  3  18  23  100  75  64  15  96  54  20  24  30  97  89  98  72  35  34  61  91  52  12  60  40  93  5  87  51  83  7  17  76  59  21  78  99  27  92  38  94  63  8  86  79  81  95  66  82  69
   19  38  30  57  75  49  90  76  41  94  66  68  73  9  86  95  89  60  43  13  1  85  53  87  31  92  52  28  48  5  15  14  77  8  46  79  83  62  84  32  74  20  17  4  97  72  21  6  61  50  100  11  56  71  22  47  54  67  70  24  82  34  12  33  29  96  58  27  64  65  55  98  78  2  42  81  37  3  35  51  63  93  10  39  45  36  59  23  18  16  44  91  26  40  99  25  7  80  88  69
   19  40  68  61  23  89  8  82  17  44  92  10  5  29  72  3  49  38  35  65  57  13  25  31  27  26  66  50  30  93  83  24  41  70  12  59  95  56  54  86  64  78  1  34  21  46  37  52  97  48  98  47  2  87  96  71  84  51  28  14  36  4  6  45  9  62  20  91  74  33  43  80  100  16  76  77  81  75  63  7  15  85  88  99  53  22  79  55  60  42  94  67  32  58  39  73  11  18  90  69
   19  42  6  65  71  29  26  88  93  94  18  52  37  49  58  11  9  16  27  17  13  41  97  75  23  60  80  72  12  81  51  34  5  32  78  39  7  50  24  40  54  36  85  64  45  20  53  98  33  46  96  83  48  3  70  95  14  35  86  4  90  74  100  57  89  28  82  55  84  1  31  62  22  30  10  73  25  47  91  63  67  77  66  59  61  8  99  87  2  68  44  43  38  76  79  21  15  56  92  69
   19  66  62  13  47  9  42  60  5  94  30  56  21  89  90  7  29  52  31  41  85  77  61  3  75  68  48  36  96  37  67  54  73  76  70  99  51  78  64  88  34  32  93  24  33  8  45  50  65  22  72  15  100  95  58  83  74  43  82  84  38  14  28  1  49  20  26  23  4  17  87  46  86  98  18  25  53  11  27  35  91  81  2  79  57  40  39  71  6  80  44  55  10  92  59  97  63  12  16  69
   19  70  38  21  43  89  78  72  57  94  82  40  85  29  62  23  49  8  15  45  97  33  5  91  67  36  76  80  60  13  3  74  1  100  2  59  75  66  4  96  14  48  61  84  81  56  77  42  37  18  68  87  92  27  6  31  34  11  98  64  46  54  16  25  9  52  50  51  24  53  63  10  30  26  86  17  41  55  83  47  95  65  58  99  73  12  79  35  90  32  44  7  22  28  39  93  71  88  20  69
   19  72  76  25  91  29  96  78  33  44  8  82  17  49  48  31  9  86  7  97  53  61  77  35  63  70  90  2  42  1  71  84  65  62  68  39  87  60  74  50  4  6  45  14  5  30  93  88  73  16  66  23  38  43  80  55  64  95  56  54  100  24  10  37  89  18  12  15  34  21  51  92  52  40  20  13  85  27  11  3  47  57  36  59  81  98  99  67  32  58  94  83  28  46  79  41  75  26  22  69
   19  76  52  33  87  9  32  90  85  44  60  66  81  89  20  47  29  42  91  1  65  17  21  23  55  38  18  46  6  77  7  4  93  86  100  99  11  48  14  58  84  22  13  74  53  78  25  80  45  12  62  95  30  75  28  3  24  63  72  34  8  64  98  61  49  50  36  43  54  57  27  56  96  68  88  5  73  71  67  15  51  41  92  79  97  70  39  31  16  10  94  35  40  82  59  37  83  2  26  69
   19  82  66  45  31  29  86  8  13  94  38  92  77  49  78  71  9  76  67  57  33  1  37  55  43  40  60  12  52  41  11  34  85  72  98  39  47  30  24  20  54  96  65  64  25  100  73  18  53  6  56  3  68  23  50  75  14  15  46  4  70  74  80  97  89  48  22  35  84  61  91  2  62  10  90  93  5  87  51  83  7  17  26  59  21  28  99  27  42  88  44  63  58  36  79  81  95  16  32  69
   19  88  80  57  75  49  40  26  41  44  16  18  73  9  36  95  89  10  43  13  1  85  53  87  31  42  2  78  98  5  15  64  77  58  96  79  83  12  34  82  24  70  17  54  97  22  21  56  61  100  50  11  6  71  72  47  4  67  20  74  32  84  62  33  29  46  8  27  14  65  55  48  28  52  92  81  37  3  35  51  63  93  60  39  45  86  59  23  68  66  94  91  76  90  99  25  7  30  38  69
   19  90  18  61  23  89  58  32  17  94  42  60  5  29  22  3  49  88  35  65  57  13  25  31  27  76  16  100  80  93  83  74  41  20  62  59  95  6  4  36  14  28  1  84  21  96  37  2  97  98  48  47  52  87  46  71  34  51  78  64  86  54  56  45  9  12  70  91  24  33  43  30  50  66  26  77  81  75  63  7  15  85  38  99  53  72  79  55  10  92  44  67  82  8  39  73  11  68  40  69
   19  91  85  35  56  29  6  50  80  27  23  57  71  53  4  67  87  18  49  38  81  69  70  11  58  12  100  59  54  46  13  41  5  8  33  73  36  98  76  61  37  39  22  15  24  99  17  7  92  26  82  10  16  66  45  72  95  51  21  74  78  44  30  48  97  34  14  83  52  63  20  32  31  90  43  89  1  42  47  55  88  60  96  93  68  28  65  3  25  40  64  62  79  86  77  2  84  94  9  75
   19  92  56  65  71  29  76  38  93  44  68  2  37  49  8  11  9  66  27  17  13  41  97  75  23  10  30  22  62  81  51  84  5  82  28  39  7  100  74  90  4  86  85  14  45  70  53  48  33  96  46  83  98  3  20  95  64  35  36  54  40  24  50  57  89  78  32  55  34  1  31  12  72  80  60  73  25  47  91  63  67  77  16  59  61  58  99  87  52  18  94  43  88  26  79  21  15  6  42  69
   20  10  5  53  77  89  95  98  49  75  88  44  22  11  56  28  14  7  54  27  64  32  16  8  4  2  1  51  76  38  19  60  30  15  58  29  65  83  92  46  23  62  31  66  33  67  84  42  21  61  81  91  96  48  24  12  6  3  52  26  13  57  79  90  45  73  87  94  47  74  37  69  85  93  97  99  100  50  25  63  82  41  71  86  43  72  36  18  9  55  78  39  70  35  68  34  17  59  80  40
   20  17  13  14  48  10  93  11  6  45  81  7  22  90  41  8  30  3  32  42  86  78  62  4  76  19  99  87  47  38  68  5  74  27  21  100  52  29  15  39  85  83  94  75  34  59  46  1  66  73  23  16  51  96  9  84  25  44  33  35  89  65  79  2  50  71  77  24  55  18  88  97  37  49  69  26  54  12  28  36  92  82  53  80  58  91  40  72  57  31  95  56  61  43  60  98  64  63  67  70
   20  27  3  34  88  10  83  41  86  95  11  17  82  90  71  48  30  93  92  2  66  18  22  24  56  89  69  97  57  78  8  55  94  37  51  100  12  99  65  9  35  73  14  25  54  29  26  31  46  63  13  96  81  76  79  4  75  64  23  85  59  15  49  62  50  1  87  44  5  58  28  7  47  19  39  6  74  72  68  16  52  42  43  80  98  21  40  32  67  61  45  36  91  33  60  38  84  53  77  70
   20  67  63  14  48  10  43  61  6  95  31  57  22  90  91  8  30  53  32  42  86  78  62  4  76  69  49  37  97  38  68  55  74  77  71  100  52  79  65  89  35  33  94  25  34  9  46  51  66  23  73  16  1  96  59  84  75  44  83  85  39  15  29  2  50  21  27  24  5  18  88  47  87  99  19  26  54  12  28  36  92  82  3  80  58  41  40  72  7  81  45  56  11  93  60  98  64  13  17  70
   20  77  53  34  88  10  33  91  86  45  61  67  82  90  21  48  30  43  92  2  66  18  22  24  56  39  19  47  7  78  8  5  94  87  1  100  12  49  15  59  85  23  14  75  54  79  26  81  46  13  63  96  31  76  29  4  25  64  73  35  9  65  99  62  50  51  37  44  55  58  28  57  97  69  89  6  74  72  68  16  52  42  93  80  98  71  40  32  17  11  95  36  41  83  60  38  84  3  27  70
   20  91  5  48  77  12  95  3  49  26  88  57  22  90  56  73  14  94  54  74  64  69  16  93  4  99  1  50  76  63  19  41  30  86  58  72  65  18  92  55  23  39  31  35  33  34  84  59  21  40  81  10  96  53  24  89  6  98  52  75  13  44  79  11  45  28  87  7  47  27  37  32  85  8  97  2  100  51  25  38  82  60  71  15  43  29  36  83  9  46  78  62  70  66  68  67  17  42  80  61
   21  8  24  95  9  11  4  82  27  96  52  98  63  91  12  69  31  14  73  83  7  39  3  85  97  50  30  78  38  99  29  56  55  18  92  1  93  60  66  70  36  94  75  26  15  90  67  72  87  84  34  37  22  17  40  65  76  25  44  86  20  16  10  43  51  42  68  5  6  79  49  88  28  80  100  47  35  53  89  57  33  23  64  81  19  62  41  13  48  2  46  77  32  54  61  59  45  74  58  71
   21  10  24  98  13  11  87  27  85  2  25  60  43  83  78  66  17  61  5  12  49  57  56  94  64  93  1  63  30  72  92  39  33  59  81  53  6  75  79  28  47  32  97  51  82  15  36  46  70  67  80  91  77  3  88  90  14  74  16  99  76  41  58  18  23  35  84  40  96  89  52  44  45  7  37  8  100  38  71  29  9  62  68  42  20  48  95  26  22  73  54  69  4  50  19  86  65  55  31  34
   21  18  14  15  49  11  94  12  7  46  82  8  23  91  42  9  31  4  33  43  87  79  63  5  77  20  100  88  48  39  69  6  75  28  22  1  53  30  16  40  86  84  95  76  35  60  47  2  67  74  24  17  52  97  10  85  26  45  34  36  90  66  80  3  51  72  78  25  56  19  89  98  38  50  70  27  55  13  29  37  93  83  54  81  59  92  41  73  58  32  96  57  62  44  61  99  65  64  68  71
   21  28  4  35  89  11  84  42  87  96  12  18  83  91  72  49  31  94  93  3  67  19  23  25  57  90  70  98  58  79  9  56  95  38  52  1  13  100  66  10  36  74  15  26  55  30  27  32  47  64  14  97  82  77  80  5  76  65  24  86  60  16  50  63  51  2  88  45  6  59  29  8  48  20  40  7  75  73  69  17  53  43  44  81  99  22  41  33  68  62  46  37  92  34  61  39  85  54  78  71
   21  38  94  55  29  11  74  72  67  46  42  28  43  91  2  89  31  84  53  63  47  59  83  45  37  60  40  8  68  19  49  6  15  48  82  1  73  70  16  80  86  64  35  76  75  100  7  62  27  54  4  77  12  57  50  25  26  85  14  36  30  66  20  23  51  32  98  65  56  99  69  18  58  90  10  87  95  33  9  97  13  3  34  81  39  52  41  93  78  92  96  17  22  24  61  79  5  44  88  71
   21  40  81  10  96  53  24  89  6  98  52  75  13  44  79  11  45  28  87  7  47  27  37  32  85  8  97  2  100  51  25  38  82  60  71  15  43  29  36  83  9  46  78  62  70  66  68  67  17  42  80  61  20  91  5  48  77  12  95  3  49  26  88  57  22  90  56  73  14  94  54  74  64  69  16  93  4  99  1  50  76  63  19  41  30  86  58  72  65  18  92  55  23  39  31  35  33  34  84  59
   21  42  84  67  33  66  31  62  23  46  92  83  65  29  58  15  30  60  19  38  76  51  1  2  4  8  16  32  64  27  54  7  14  28  56  11  22  44  88  75  49  98  95  89  77  53  5  10  20  40  80  59  17  34  68  35  70  39  78  55  9  18  36  72  43  86  71  41  82  63  25  50  100  99  97  93  85  69  37  74  47  94  87  73  45  90  79  57  13  26  52  3  6  12  24  48  96  91  81  61
   21  48  84  75  69  11  64  2  47  96  72  38  3  91  32  29  31  74  13  23  27  99  43  65  17  30  10  18  78  59  89  56  35  58  12  1  33  40  66  50  36  54  55  26  95  70  87  92  7  44  94  57  42  37  20  45  76  5  4  86  100  16  90  83  51  62  8  85  6  39  9  28  68  60  80  67  15  93  49  77  73  63  24  81  79  82  41  53  88  22  46  97  52  14  61  19  25  34  98  71
   21  58  74  95  9  11  54  32  27  46  2  48  63  91  62  69  31  64  73  83  7  39  3  85  97  100  80  28  88  99  29  6  55  68  42  1  93  10  16  20  86  44  75  76  15  40  67  22  87  34  84  37  72  17  90  65  26  25  94  36  70  66  60  43  51  92  18  5  56  79  49  38  78  30  50  47  35  53  89  57  33  23  14  81  19  12  41  13  98  52  96  77  82  4  61  59  45  24  8  71
   21  59  84  34  33  35  31  39  23  55  92  18  65  72  58  86  30  41  19  63  76  50  1  99  4  93  16  69  64  74  54  94  14  73  56  90  22  57  88  26  49  3  95  12  77  48  5  91  20  61  80  42  17  67  68  66  70  62  78  46  9  83  36  29  43  15  71  60  82  38  25  51  100  2  97  8  85  32  37  27  47  7  87  28  45  11  79  44  13  75  52  98  6  89  24  53  96  10  81  40
   21  61  81  91  96  48  24  12  6  3  52  26  13  57  79  90  45  73  87  94  47  74  37  69  85  93  97  99  100  50  25  63  82  41  71  86  43  72  36  18  9  55  78  39  70  35  68  34  17  59  80  40  20  10  5  53  77  89  95  98  49  75  88  44  22  11  56  28  14  7  54  27  64  32  16  8  4  2  1  51  76  38  19  60  30  15  58  29  65  83  92  46  23  62  31  66  33  67  84  42
   21  68  64  15  49  11  44  62  7  96  32  58  23  91  92  9  31  54  33  43  87  79  63  5  77  70  50  38  98  39  69  56  75  78  72  1  53  80  66  90  36  34  95  26  35  10  47  52  67  24  74  17  2  97  60  85  76  45  84  86  40  16  30  3  51  22  28  25  6  19  89  48  88  100  20  27  55  13  29  37  93  83  4  81  59  42  41  73  8  82  46  57  12  94  61  99  65  14  18  71
   21  78  54  35  89  11  34  92  87  46  62  68  83  91  22  49  31  44  93  3  67  19  23  25  57  40  20  48  8  79  9  6  95  88  2  1  13  50  16  60  86  24  15  76  55  80  27  82  47  14  64  97  32  77  30  5  26  65  74  36  10  66  100  63  51  52  38  45  56  59  29  58  98  70  90  7  75  73  69  17  53  43  94  81  99  72  41  33  18  12  96  37  42  84  61  39  85  4  28  71
   21  88  44  55  29  11  24  22  67  96  92  78  43  91  52  89  31  34  53  63  47  59  83  45  37  10  90  58  18  19  49  56  15  98  32  1  73  20  66  30  36  14  35  26  75  50  7  12  27  4  54  77  62  57  100  25  76  85  64  86  80  16  70  23  51  82  48  65  6  99  69  68  8  40  60  87  95  33  9  97  13  3  84  81  39  2  41  93  28  42  46  17  72  74  61  79  5  94  38  71
   21  91  24  3  13  90  87  74  85  99  25  41  43  18  78  35  17  40  5  89  49  44  56  7  64  8  1  38  30  29  92  62  33  42  81  48  6  26  79  73  47  69  97  50  82  86  36  55  70  34  80  10  77  98  88  11  14  27  16  2  76  60  58  83  23  66  84  61  96  12  52  57  45  94  37  93  100  63  71  72  9  39  68  59  20  53  95  75  22  28  54  32  4  51  19  15  65  46  31  67
   21  98  34  75  69  11  14  52  47  46  22  88  3  91  82  29  31  24  13  23  27  99  43  65  17  80  60  68  28  59  89  6  35  8  62  1  33  90  16  100  86  4  55  76  95  20  87  42  7  94  44  57  92  37  70  45  26  5  54  36  50  66  40  83  51  12  58  85  56  39  9  78  18  10  30  67  15  93  49  77  73  63  74  81  79  32  41  53  38  72  96  97  2  64  61  19  25  84  48  71
   22  2  92  91  45  50  78  53  14  38  31  12  47  41  68  98  64  15  84  26  85  72  80  44  4  83  81  90  100  55  5  28  76  62  24  94  82  35  95  27  30  67  52  69  43  59  88  8  65  61  79  99  9  10  56  51  23  48  87  63  70  89  54  60  33  3  37  86  17  75  16  29  21  57  97  18  20  11  1  46  96  73  25  39  77  7  19  66  6  74  71  34  49  32  58  42  13  93  36  40
   22  9  25  96  10  12  5  83  28  97  53  99  64  92  13  70  32  15  74  84  8  40  4  86  98  51  31  79  39  100  30  57  56  19  93  2  94  61  67  71  37  95  76  27  16  91  68  73  88  85  35  38  23  18  41  66  77  26  45  87  21  17  11  44  52  43  69  6  7  80  50  89  29  81  1  48  36  54  90  58  34  24  65  82  20  63  42  14  49  3  47  78  33  55  62  60  46  75  59  72
   22  31  43  40  38  52  3  49  64  47  39  61  16  12  59  58  92  73  86  56  24  48  96  70  54  25  85  21  41  68  78  67  60  1  19  82  26  95  37  65  27  33  100  57  80  5  44  79  84  63  13  34  29  94  55  30  7  50  83  77  15  87  45  76  32  69  51  10  17  28  18  91  71  35  75  4  20  46  98  74  6  36  23  42  8  9  62  66  11  89  97  14  99  53  2  88  90  93  81  72
   22  35  19  48  34  32  39  61  16  47  91  45  80  52  31  74  12  29  70  60  36  4  40  58  46  93  13  65  5  44  14  87  88  25  51  42  50  83  77  73  7  49  68  17  28  53  76  71  56  59  9  6  21  26  3  78  67  18  99  57  23  27  33  100  92  1  75  38  37  64  94  55  15  63  43  96  8  90  54  86  10  20  79  62  24  81  2  30  95  41  97  66  11  89  82  84  98  69  85  72
   22  39  95  56  30  12  75  73  68  47  43  29  44  92  3  90  32  85  54  64  48  60  84  46  38  61  41  9  69  20  50  7  16  49  83  2  74  71  17  81  87  65  36  77  76  1  8  63  28  55  5  78  13  58  51  26  27  86  15  37  31  67  21  24  52  33  99  66  57  100  70  19  59  91  11  88  96  34  10  98  14  4  35  82  40  53  42  94  79  93  97  18  23  25  62  80  6  45  89  72
   22  41  33  60  78  52  93  79  44  97  69  71  76  12  89  98  92  63  46  16  4  88  56  90  34  95  55  31  51  8  18  17  80  11  49  82  86  65  87  35  77  23  20  7  100  75  24  9  64  53  3  14  59  74  25  50  57  70  73  27  85  37  15  36  32  99  61  30  67  68  58  1  81  5  45  84  40  6  38  54  66  96  13  42  48  39  62  26  21  19  47  94  29  43  2  28  10  83  91  72
   22  43  71  64  26  92  11  85  20  47  95  13  8  32  75  6  52  41  38  68  60  16  28  34  30  29  69  53  33  96  86  27  44  73  15  62  98  59  57  89  67  81  4  37  24  49  40  55  100  51  1  50  5  90  99  74  87  54  31  17  39  7  9  48  12  65  23  94  77  36  46  83  3  19  79  80  84  78  66  10  18  88  91  2  56  25  82  58  63  45  97  70  35  61  42  76  14  21  93  72
   22  45  9  68  74  32  29  91  96  97  21  55  40  52  61  14  12  19  30  20  16  44  100  78  26  63  83  75  15  84  54  37  8  35  81  42  10  53  27  43  57  39  88  67  48  23  56  1  36  49  99  86  51  6  73  98  17  38  89  7  93  77  3  60  92  31  85  58  87  4  34  65  25  33  13  76  28  50  94  66  70  80  69  62  64  11  2  90  5  71  47  46  41  79  82  24  18  59  95  72
   22  49  85  76  70  12  65  3  48  97  73  39  4  92  33  30  32  75  14  24  28  100  44  66  18  31  11  19  79  60  90  57  36  59  13  2  34  41  67  51  37  55  56  27  96  71  88  93  8  45  95  58  43  38  21  46  77  6  5  87  1  17  91  84  52  63  9  86  7  40  10  29  69  61  81  68  16  94  50  78  74  64  25  82  80  83  42  54  89  23  47  98  53  15  62  20  26  35  99  72
   22  59  75  96  10  12  55  33  28  47  3  49  64  92  63  70  32  65  74  84  8  40  4  86  98  1  81  29  89  100  30  7  56  69  43  2  94  11  17  21  87  45  76  77  16  41  68  23  88  35  85  38  73  18  91  66  27  26  95  37  71  67  61  44  52  93  19  6  57  80  50  39  79  31  51  48  36  54  90  58  34  24  15  82  20  13  42  14  99  53  97  78  83  5  62  60  46  25  9  72
   22  81  93  40  38  52  53  99  64  97  89  11  16  12  9  58  92  23  86  56  24  48  96  70  54  75  35  71  91  68  78  17  60  51  69  82  26  45  87  15  77  83  100  7  80  55  44  29  84  13  63  34  79  94  5  30  57  50  33  27  65  37  95  76  32  19  1  10  67  28  18  41  21  85  25  4  20  46  98  74  6  36  73  42  8  59  62  66  61  39  47  14  49  3  2  88  90  43  31  72
   22  85  69  48  34  32  89  11  16  97  41  95  80  52  81  74  12  79  70  60  36  4  40  58  46  43  63  15  55  44  14  37  88  75  1  42  50  33  27  23  57  99  68  67  28  3  76  21  56  9  59  6  71  26  53  78  17  18  49  7  73  77  83  100  92  51  25  38  87  64  94  5  65  13  93  96  8  90  54  86  10  20  29  62  24  31  2  30  45  91  47  66  61  39  82  84  98  19  35  72
   22  89  45  56  30  12  25  23  68  97  93  79  44  92  53  90  32  35  54  64  48  60  84  46  38  11  91  59  19  20  50  57  16  99  33  2  74  21  67  31  37  15  36  27  76  51  8  13  28  5  55  78  63  58  1  26  77  86  65  87  81  17  71  24  52  83  49  66  7  100  70  69  9  41  61  88  96  34  10  98  14  4  85  82  40  3  42  94  29  43  47  18  73  75  62  80  6  95  39  72
   22  91  83  60  78  52  43  29  44  47  19  21  76  12  39  98  92  13  46  16  4  88  56  90  34  45  5  81  1  8  18  67  80  61  99  82  86  15  37  85  27  73  20  57  100  25  24  59  64  3  53  14  9  74  75  50  7  70  23  77  35  87  65  36  32  49  11  30  17  68  58  51  31  55  95  84  40  6  38  54  66  96  63  42  48  89  62  26  71  69  97  94  79  93  2  28  10  33  41  72
   22  93  21  64  26  92  61  35  20  97  45  63  8  32  25  6  52  91  38  68  60  16  28  34  30  79  19  3  83  96  86  77  44  23  65  62  98  9  7  39  17  31  4  87  24  99  40  5  100  1  51  50  55  90  49  74  37  54  81  67  89  57  59  48  12  15  73  94  27  36  46  33  53  69  29  80  84  78  66  10  18  88  41  2  56  75  82  58  13  95  47  70  85  11  42  76  14  71  43  72
   22  95  59  68  74  32  79  41  96  47  71  5  40  52  11  14  12  69  30  20  16  44  100  78  26  13  33  25  65  84  54  87  8  85  31  42  10  3  77  93  7  89  88  17  48  73  56  51  36  99  49  86  1  6  23  98  67  38  39  57  43  27  53  60  92  81  35  58  37  4  34  15  75  83  63  76  28  50  94  66  70  80  19  62  64  61  2  90  55  21  97  46  91  29  82  24  18  9  45  72
   23  10  79  8  43  67  95  94  76  55  81  44  85  15  68  12  14  50  92  40  13  32  71  66  77  73  1  18  21  75  37  60  70  48  56  99  65  59  52  27  82  62  5  90  4  72  84  98  47  38  78  91  22  93  58  34  6  7  25  46  20  57  16  86  33  89  87  51  9  61  88  69  30  35  24  28  100  83  80  26  64  41  31  53  45  2  36  42  49  74  19  39  96  11  97  29  17  3  54  63
   23  14  2  5  7  93  42  96  81  98  6  84  29  33  86  87  53  72  59  89  21  97  49  75  91  20  60  24  4  77  67  78  85  44  26  63  19  50  8  80  18  12  45  88  65  40  1  66  61  82  32  11  16  51  90  15  38  95  62  68  30  58  100  69  13  76  94  35  28  17  27  54  74  10  70  41  25  99  47  71  39  9  22  3  37  36  83  79  34  56  48  31  46  92  43  57  55  52  64  73
   23  22  54  21  99  53  14  20  85  98  10  52  57  13  30  19  93  84  27  97  45  9  37  51  75  56  16  12  32  29  39  18  41  92  90  83  67  26  88  96  78  44  81  8  61  36  65  50  5  74  24  55  100  15  86  11  58  31  94  28  46  38  76  17  33  40  42  91  68  89  79  82  62  66  6  25  1  87  59  95  47  77  34  43  69  80  63  7  2  60  48  35  70  64  3  49  71  4  72  73
   23  34  82  45  87  93  22  56  41  98  66  4  49  33  46  67  53  52  79  9  81  77  69  15  51  60  100  44  24  57  47  78  25  64  86  63  39  90  8  20  18  92  85  88  5  80  61  26  21  62  12  71  76  11  30  55  38  35  42  68  70  58  40  89  13  36  14  75  28  97  7  74  94  50  10  1  65  19  27  31  59  29  2  3  17  96  83  99  54  16  48  91  6  72  43  37  95  32  84  73
   23  36  20  49  35  33  40  62  17  48  92  46  81  53  32  75  13  30  71  61  37  5  41  59  47  94  14  66  6  45  15  88  89  26  52  43  51  84  78  74  8  50  69  18  29  54  77  72  57  60  10  7  22  27  4  79  68  19  100  58  24  28  34  1  93  2  76  39  38  65  95  56  16  64  44  97  9  91  55  87  11  21  80  63  25  82  3  31  96  42  98  67  12  90  83  85  99  70  86  73
   23  40  96  57  31  13  76  74  69  48  44  30  45  93  4  91  33  86  55  65  49  61  85  47  39  62  42  10  70  21  51  8  17  50  84  3  75  72  18  82  88  66  37  78  77  2  9  64  29  56  6  79  14  59  52  27  28  87  16  38  32  68  22  25  53  34  100  67  58  1  71  20  60  92  12  89  97  35  11  99  15  5  36  83  41  54  43  95  80  94  98  19  24  26  63  81  7  46  90  73
   23  42  34  61  79  53  94  80  45  98  70  72  77  13  90  99  93  64  47  17  5  89  57  91  35  96  56  32  52  9  19  18  81  12  50  83  87  66  88  36  78  24  21  8  1  76  25  10  65  54  4  15  60  75  26  51  58  71  74  28  86  38  16  37  33  100  62  31  68  69  59  2  82  6  46  85  41  7  39  55  67  97  14  43  49  40  63  27  22  20  48  95  30  44  3  29  11  84  92  73
   23  44  72  65  27  93  12  86  21  48  96  14  9  33  76  7  53  42  39  69  61  17  29  35  31  30  70  54  34  97  87  28  45  74  16  63  99  60  58  90  68  82  5  38  25  50  41  56  1  52  2  51  6  91  100  75  88  55  32  18  40  8  10  49  13  66  24  95  78  37  47  84  4  20  80  81  85  79  67  11  19  89  92  3  57  26  83  59  64  46  98  71  36  62  43  77  15  22  94  73
   23  46  10  69  75  33  30  92  97  98  22  56  41  53  62  15  13  20  31  21  17  45  1  79  27  64  84  76  16  85  55  38  9  36  82  43  11  54  28  44  58  40  89  68  49  24  57  2  37  50  100  87  52  7  74  99  18  39  90  8  94  78  4  61  93  32  86  59  88  5  35  66  26  34  14  77  29  51  95  67  71  81  70  63  65  12  3  91  6  72  48  47  42  80  83  25  19  60  96  73
   23  53  87  38  70  12  54  41  33  98  37  15  17  26  16  72  21  44  97  83  20  90  1  55  96  28  25  62  77  94  19  35  6  27  71  67  49  69  58  59  13  8  36  61  22  99  92  10  45  51  78  48  14  63  31  89  47  60  68  3  64  86  84  75  85  29  80  57  4  18  81  11  100  46  5  73  76  39  24  7  82  66  95  74  30  34  52  32  43  42  88  93  65  40  79  2  9  91  56  50
   23  64  52  5  7  93  92  46  81  48  56  34  29  33  36  87  53  22  59  89  21  97  49  75  91  70  10  74  54  77  67  28  85  94  76  63  19  100  58  30  68  62  45  38  65  90  1  16  61  32  82  11  66  51  40  15  88  95  12  18  80  8  50  69  13  26  44  35  78  17  27  4  24  60  20  41  25  99  47  71  39  9  72  3  37  86  83  79  84  6  98  31  96  42  43  57  55  2  14  73
   23  72  4  21  99  53  64  70  85  48  60  2  57  13  80  19  93  34  27  97  45  9  37  51  75  6  66  62  82  29  39  68  41  42  40  83  67  76  38  46  28  94  81  58  61  86  65  100  5  24  74  55  50  15  36  11  8  31  44  78  96  88  26  17  33  90  92  91  18  89  79  32  12  16  56  25  1  87  59  95  47  77  84  43  69  30  63  7  52  10  98  35  20  14  3  49  71  54  22  73
   23  84  32  45  87  93  72  6  41  48  16  54  49  33  96  67  53  2  79  9  81  77  69  15  51  10  50  94  74  57  47  28  25  14  36  63  39  40  58  70  68  42  85  38  5  30  61  76  21  12  62  71  26  11  80  55  88  35  92  18  20  8  90  89  13  86  64  75  78  97  7  24  44  100  60  1  65  19  27  31  59  29  52  3  17  46  83  99  4  66  98  91  56  22  43  37  95  82  34  73
   23  86  70  49  35  33  90  12  17  98  42  96  81  53  82  75  13  80  71  61  37  5  41  59  47  44  64  16  56  45  15  38  89  76  2  43  51  34  28  24  58  100  69  68  29  4  77  22  57  10  60  7  72  27  54  79  18  19  50  8  74  78  84  1  93  52  26  39  88  65  95  6  66  14  94  97  9  91  55  87  11  21  30  63  25  32  3  31  46  92  48  67  62  40  83  85  99  20  36  73
   23  90  46  57  31  13  26  24  69  98  94  80  45  93  54  91  33  36  55  65  49  61  85  47  39  12  92  60  20  21  51  58  17  100  34  3  75  22  68  32  38  16  37  28  77  52  9  14  29  6  56  79  64  59  2  27  78  87  66  88  82  18  72  25  53  84  50  67  8  1  71  70  10  42  62  89  97  35  11  99  15  5  86  83  41  4  43  95  30  44  48  19  74  76  63  81  7  96  40  73
   23  91  79  93  43  34  95  7  76  46  81  57  85  86  68  89  14  51  92  61  13  69  71  35  77  28  1  83  21  26  37  41  70  53  56  2  65  42  52  74  82  39  5  11  4  29  84  3  47  63  78  10  22  8  58  67  6  94  25  55  20  44  16  15  33  12  87  50  9  40  88  32  30  66  24  73  100  18  80  75  64  60  31  48  45  99  36  59  49  27  19  62  96  90  97  72  17  98  54  38
   23  92  84  61  79  53  44  30  45  48  20  22  77  13  40  99  93  14  47  17  5  89  57  91  35  46  6  82  2  9  19  68  81  62  100  83  87  16  38  86  28  74  21  58  1  26  25  60  65  4  54  15  10  75  76  51  8  71  24  78  36  88  66  37  33  50  12  31  18  69  59  52  32  56  96  85  41  7  39  55  67  97  64  43  49  90  63  27  72  70  98  95  80  94  3  29  11  34  42  73
   23  94  22  65  27  93  62  36  21  98  46  64  9  33  26  7  53  92  39  69  61  17  29  35  31  80  20  4  84  97  87  78  45  24  66  63  99  10  8  40  18  32  5  88  25  100  41  6  1  2  52  51  56  91  50  75  38  55  82  68  90  58  60  49  13  16  74  95  28  37  47  34  54  70  30  81  85  79  67  11  19  89  42  3  57  76  83  59  14  96  48  71  86  12  43  77  15  72  44  73
   24  21  17  18  52  14  97  15  10  49  85  11  26  94  45  12  34  7  36  46  90  82  66  8  80  23  3  91  51  42  72  9  78  31  25  4  56  33  19  43  89  87  98  79  38  63  50  5  70  77  27  20  55  100  13  88  29  48  37  39  93  69  83  6  54  75  81  28  59  22  92  1  41  53  73  30  58  16  32  40  96  86  57  84  62  95  44  76  61  35  99  60  65  47  64  2  68  67  71  74
   24  31  7  38  92  14  87  45  90  99  15  21  86  94  75  52  34  97  96  6  70  22  26  28  60  93  73  1  61  82  12  59  98  41  55  4  16  3  69  13  39  77  18  29  58  33  30  35  50  67  17  100  85  80  83  8  79  68  27  89  63  19  53  66  54  5  91  48  9  62  32  11  51  23  43  10  78  76  72  20  56  46  47  84  2  25  44  36  71  65  49  40  95  37  64  42  88  57  81  74
   24  45  73  66  28  94  13  87  22  49  97  15  10  34  77  8  54  43  40  70  62  18  30  36  32  31  71  55  35  98  88  29  46  75  17  64  100  61  59  91  69  83  6  39  26  51  42  57  2  53  3  52  7  92  1  76  89  56  33  19  41  9  11  50  14  67  25  96  79  38  48  85  5  21  81  82  86  80  68  12  20  90  93  4  58  27  84  60  65  47  99  72  37  63  44  78  16  23  95  74
   24  47  11  70  76  34  31  93  98  99  23  57  42  54  63  16  14  21  32  22  18  46  2  80  28  65  85  77  17  86  56  39  10  37  83  44  12  55  29  45  59  41  90  69  50  25  58  3  38  51  1  88  53  8  75  100  19  40  91  9  95  79  5  62  94  33  87  60  89  6  36  67  27  35  15  78  30  52  96  68  72  82  71  64  66  13  4  92  7  73  49  48  43  81  84  26  20  61  97  74
   24  71  67  18  52  14  47  65  10  99  35  61  26  94  95  12  34  57  36  46  90  82  66  8  80  73  53  41  1  42  72  59  78  81  75  4  56  83  69  93  39  37  98  29  38  13  50  55  70  27  77  20  5  100  63  88  79  48  87  89  43  19  33  6  54  25  31  28  9  22  92  51  91  3  23  30  58  16  32  40  96  86  7  84  62  45  44  76  11  85  49  60  15  97  64  2  68  17  21  74
   24  81  57  38  92  14  37  95  90  49  65  71  86  94  25  52  34  47  96  6  70  22  26  28  60  43  23  51  11  82  12  9  98  91  5  4  16  53  19  63  89  27  18  79  58  83  30  85  50  17  67  100  35  80  33  8  29  68  77  39  13  69  3  66  54  55  41  48  59  62  32  61  1  73  93  10  78  76  72  20  56  46  97  84  2  75  44  36  21  15  99  40  45  87  64  42  88  7  31  74
   24  95  23  66  28  94  63  37  22  99  47  65  10  34  27  8  54  93  40  70  62  18  30  36  32  81  21  5  85  98  88  79  46  25  67  64  100  11  9  41  19  33  6  89  26  1  42  7  2  3  53  52  57  92  51  76  39  56  83  69  91  59  61  50  14  17  75  96  29  38  48  35  55  71  31  82  86  80  68  12  20  90  43  4  58  77  84  60  15  97  49  72  87  13  44  78  16  73  45  74
   24  97  61  70  76  34  81  43  98  49  73  7  42  54  13  16  14  71  32  22  18  46  2  80  28  15  35  27  67  86  56  89  10  87  33  44  12  5  79  95  9  91  90  19  50  75  58  53  38  1  51  88  3  8  25  100  69  40  41  59  45  29  55  62  94  83  37  60  39  6  36  17  77  85  65  78  30  52  96  68  72  82  21  64  66  63  4  92  57  23  99  48  93  31  84  26  20  11  47  74
