   1  2  4  8  16  32  64  45  7  14  28  56  29  58  33  66  49  15  30  60  37  74  65  47  11  22  44  5  10  20  40  80  77  71  59  35  70  57  31  62  41  82  81  79  75  67  51  19  38  76  69  55  27  54  25  50  17  34  68  53  23  46  9  18  36  72  61  39  78  73  63  43  3  6  12  24  48  13  26  52  21  42
   1  4  53  7  82  56  25  10  23  3  73  59  68  28  52  13  5  26  60  6  77  76  17  62  81  71  75  31  37  55  33  16  43  8  24  29  61  63  38  9  39  80  50  79  22  20  70  65  49  2  57  74  14  78  72  34  30  40  21  58  35  36  47  19  67  46  54  11  69  27  18  32  44  64  51  66  15  41  48  12  45  42
   1  5  25  42  44  54  21  22  27  52  11  55  26  47  69  13  65  76  48  74  38  24  37  19  12  60  51  6  30  67  3  15  75  43  49  79  63  66  81  73  33  82  78  58  41  39  29  62  61  56  31  72  28  57  36  14  70  18  7  35  9  45  59  46  64  71  23  32  77  53  16  80  68  8  40  34  4  20  17  2  10  50
   1  6  33  11  54  38  41  16  65  59  39  43  58  46  4  21  35  70  72  64  73  44  55  48  25  63  15  51  61  9  27  26  71  40  12  75  19  77  8  69  37  78  28  49  36  60  34  53  81  30  67  68  50  20  10  56  22  66  7  14  3  32  23  31  29  76  62  45  5  17  2  80  18  24  57  82  79  13  52  74  47  42
   1  6  36  50  51  57  10  60  28  2  12  72  17  19  31  20  37  56  4  24  61  34  38  62  40  74  29  8  48  39  68  76  41  80  65  58  16  13  78  53  69  82  77  47  33  32  26  73  23  55  81  71  11  66  64  52  63  46  27  79  59  22  49  45  21  43  9  54  75  35  44  15  7  42  3  18  25  67  70  5  30  14
   1  8  13  15  26  20  57  22  25  33  5  27  48  64  38  29  65  32  2  40  69  12  11  34  51  55  37  71  3  45  21  36  17  72  82  39  59  9  60  47  35  76  6  19  50  18  80  41  31  58  77  62  4  44  30  78  14  10  75  52  53  28  81  43  73  24  70  79  23  7  68  46  74  66  63  16  61  67  56  54  49  42
   1  8  64  14  29  66  30  74  11  5  40  71  70  62  81  67  38  55  25  34  23  18  61  73  3  24  26  42  4  32  7  56  33  15  37  47  44  20  77  35  31  82  75  19  69  54  17  53  9  72  78  43  12  13  21  2  16  45  28  58  49  60  65  22  10  80  59  57  41  79  51  76  27  50  68  46  36  39  63  6  48  52
   1  12  55  23  52  66  7  34  27  63  19  77  28  18  24  45  43  38  26  74  61  30  5  6  21  39  81  29  51  35  9  56  73  54  58  49  57  37  82  3  31  72  44  41  78  16  8  17  13  32  15  50  76  10  70  40  80  62  47  46  71  20  33  67  79  2  4  65  59  69  36  60  22  68  75  48  25  11  64  14  53  42
   1  13  3  39  9  34  27  19  81  57  77  5  65  15  29  45  4  52  12  73  36  53  25  76  75  62  59  20  11  60  33  14  16  42  48  43  61  46  17  55  51  82  70  80  44  74  49  56  64  2  26  6  78  18  68  54  38  79  31  71  10  47  30  58  7  8  21  24  63  72  23  50  69  67  41  35  40  22  37  66  28  32
   1  14  30  5  70  67  25  18  3  42  7  15  44  35  75  54  9  43  21  45  49  22  59  79  27  46  63  52  64  66  11  71  81  55  23  73  26  32  33  47  77  82  69  53  78  13  16  58  65  80  41  76  68  39  48  8  29  74  40  62  38  34  61  24  4  56  37  20  31  19  17  72  12  2  28  60  10  57  51  50  36  6
   1  14  35  27  24  48  23  40  69  37  67  61  18  36  58  53  73  82  38  50  57  80  43  74  47  31  21  49  75  71  3  66  19  4  46  13  15  51  52  63  29  70  22  11  10  56  54  5  45  60  25  44  30  34  8  62  72  6  33  2  39  16  9  79  41  32  12  17  77  59  20  26  78  28  81  64  7  65  68  76  55  42
   1  15  59  55  78  8  37  57  25  43  64  47  41  34  12  14  44  79  23  13  29  20  51  18  21  66  77  76  61  2  30  35  27  73  16  74  31  50  3  45  11  82  68  24  28  5  75  46  26  58  40  19  36  42  49  71  69  39  4  60  70  54  63  32  65  62  17  6  7  22  81  53  48  56  10  67  9  52  33  80  38  72
   1  16  15  31  78  30  39  46  29  11  33  45  8  54  10  61  21  44  50  26  53  48  81  60  73  23  43  69  17  25  79  76  47  36  34  59  55  65  22  41  27  68  82  63  24  14  18  75  77  6  35  38  66  58  28  2  64  32  19  40  7  12  67  9  3  62  20  51  13  49  4  74  52  70  5  80  71  37  72  56  57  42
   1  18  75  22  64  73  69  80  29  24  17  57  30  42  9  79  11  32  78  76  40  56  12  50  70  15  21  46  81  47  16  39  38  20  28  6  25  35  49  52  23  82  65  8  61  19  10  14  3  54  59  66  26  53  41  74  4  72  51  5  7  43  27  71  33  13  68  62  37  2  36  67  44  45  63  55  77  58  48  34  31  60
   1  18  77  35  50  12  55  52  71  67  81  29  80  72  44  69  51  6  62  2  49  16  37  46  17  15  65  7  41  61  73  4  75  68  22  23  13  79  74  19  25  66  60  33  38  54  64  63  27  34  45  32  20  82  48  24  56  58  5  78  57  8  43  21  47  10  28  3  31  39  70  40  26  30  11  14  53  9  76  36  59  42
   1  20  57  39  22  76  71  58  31  41  47  13  70  8  78  77  81  50  74  60  45  66  75  32  43  7  5  27  65  15  67  14  21  18  10  69  53  11  44  79  23  64  38  3  52  12  28  51  59  62  55  26  56  24  68  46  48  2  73  34  25  4  19  33  9  40  36  37  49  29  54  6  82  72  17  30  35  63  80  16  61  42
   1  22  37  43  76  58  5  64  73  15  13  79  60  26  30  3  29  12  4  36  41  34  31  18  69  81  27  47  7  51  61  24  49  50  80  33  11  25  14  57  21  62  16  55  66  52  74  39  9  8  65  20  10  48  6  68  40  28  59  72  75  82  77  45  53  70  44  71  67  19  38  54  56  32  23  46  17  35  2  78  63  42
   1  22  69  24  30  79  78  56  70  46  16  20  25  52  65  19  3  66  41  72  7  71  68  2  44  55  48  60  75  73  29  57  9  32  40  50  21  47  38  6  49  82  61  14  59  53  4  5  27  13  37  67  63  58  31  18  64  80  17  42  11  76  12  15  81  39  28  35  23  8  10  54  26  74  51  43  33  62  36  45  77  34
   1  24  78  46  25  19  41  71  44  60  29  32  21  6  61  53  27  67  31  80  11  15  28  8  26  43  36  34  69  79  70  20  65  66  7  2  48  73  9  50  38  82  59  5  37  58  64  42  12  39  23  54  51  62  77  22  30  56  16  52  3  72  68  55  75  57  40  47  49  14  4  13  63  18  17  76  81  35  10  74  33  45
   1  26  79  51  20  22  37  76  75  45  27  47  40  62  16  19  7  18  28  70  33  52  25  72  39  65  71  5  55  41  49  44  23  32  56  43  9  53  36  13  17  58  54  77  12  50  2  15  73  64  3  8  82  14  46  30  24  80  31  66  11  74  29  69  59  48  60  57  21  81  6  68  4  34  35  78  63  61  10  38  67  42
   1  28  59  55  74  4  53  82  35  19  75  31  30  80  50  27  37  62  40  46  29  20  63  58  65  57  11  25  79  77  43  54  51  64  44  7  49  67  6  73  15  56  32  47  26  8  48  3  23  10  13  2  36  38  66  52  16  24  17  22  61  70  5  81  21  78  68  9  39  71  72  34  60  76  41  12  45  33  14  18  69  42
   1  32  19  63  18  50  3  12  37  49  7  81  10  34  36  43  15  68  64  80  21  38  57  30  35  41  55  65  45  67  31  74  25  46  20  17  47  13  28  29  11  52  70  69  54  6  58  61  5  66  33  72  26  4  24  14  82  76  71  16  79  62  39  23  27  56  2  77  75  51  40  48  8  78  53  44  9  59  22  60  73  42
   1  32  28  66  37  22  40  35  41  67  69  50  23  72  63  24  21  8  7  58  30  47  10  71  31  79  38  54  68  18  78  6  26  2  64  56  49  74  44  80  70  82  51  55  17  46  61  43  48  42  16  14  33  60  11  20  59  62  75  76  25  53  36  73  12  52  4  45  29  15  65  5  77  57  81  19  27  34  9  39  3  13
   1  34  77  45  36  62  33  43  51  74  26  54  10  8  23  35  28  39  81  15  12  76  11  42  17  80  64  18  31  58  63  67  37  13  27  5  4  53  59  14  61  82  49  6  38  47  21  50  40  32  9  57  29  73  75  60  48  55  44  2  68  71  7  72  41  66  3  19  65  52  25  20  16  46  70  56  78  79  30  24  69  22
   1  35  63  47  68  56  51  42  59  73  65  34  28  67  21  71  78  74  17  14  75  52  77  39  37  50  7  79  26  80  61  60  25  45  81  13  40  72  30  54  64  82  48  20  36  15  27  32  41  24  10  18  49  55  16  62  12  5  9  66  69  8  31  6  44  46  33  76  4  57  3  22  23  58  38  2  70  43  11  53  29  19
   1  38  41  75  16  78  51  30  81  53  69  33  62  6  56  67  23  36  18  8  9  24  7  70  31  17  39  43  35  11  13  22  27  60  66  73  3  55  20  45  5  46  4  61  14  44  32  25  19  68  63  54  52  76  2  80  58  72  29  48  65  50  49  59  77  64  26  15  47  21  74  28  12  40  71  10  37  57  34  82  79  42
   1  39  27  57  65  45  12  53  75  20  33  42  61  55  70  74  64  6  68  79  10  58  21  72  69  35  37  32  3  34  81  5  29  52  36  76  59  60  16  43  17  82  44  56  26  18  38  71  30  8  63  50  41  22  28  13  9  19  77  15  4  73  25  62  11  14  48  46  51  80  49  2  78  54  31  47  7  24  23  67  40  66
   1  40  21  79  70  60  67  36  41  27  35  17  52  24  8  75  53  80  30  66  5  74  45  56  57  9  61  63  59  47  7  32  55  10  54  37  43  69  72  23  3  44  64  31  28  2  78  13  51  14  73  48  6  18  22  20  50  16  15  4  33  46  25  71  39  12  34  49  65  11  58  76  68  82  77  26  19  29  38  62  81  42
   1  42  21  52  26  13  48  24  12  6  3  43  63  73  78  39  61  72  36  18  9  46  23  53  68  34  17  50  25  54  27  55  69  76  38  19  51  67  75  79  81  82  41  62  31  57  70  35  59  71  77  80  40  20  10  5  44  22  11  47  65  74  37  60  30  15  49  66  33  58  29  56  28  14  7  45  64  32  16  8  4  2
   1  43  23  76  31  5  49  32  48  72  25  79  77  74  28  42  63  53  38  57  44  66  16  24  36  54  81  80  37  14  21  73  68  19  70  22  33  8  12  18  27  82  40  60  7  52  78  34  51  35  11  58  4  6  9  55  41  20  30  45  26  39  17  67  59  47  29  2  3  46  69  62  10  15  64  13  61  50  75  71  65  56
   1  44  63  5  14  24  17  48  43  57  49  67  32  60  76  9  31  4  54  18  79  10  39  28  27  75  23  21  25  37  77  52  29  74  30  47  41  15  12  61  81  40  20  53  56  82  6  71  33  70  11  36  78  66  62  64  34  68  69  80  51  38  59  13  45  72  50  35  19  73  26  8  16  2  7  58  65  55  46  22  3  42
   1  45  33  74  10  35  81  76  17  18  63  13  4  14  49  47  40  57  75  55  68  72  3  52  16  56  30  22  77  62  51  54  23  39  12  42  64  58  37  5  59  82  38  50  9  73  48  2  7  66  65  20  70  79  69  34  36  43  26  8  28  15  11  80  31  67  27  53  61  6  21  32  29  60  44  71  41  19  25  46  78  24
   1  46  43  9  68  6  33  54  3  31  15  51  22  78  28  17  61  48  66  76  75  60  77  14  53  67  45  41  49  73  71  62  57  24  18  11  81  29  64  39  79  38  80  23  70  40  52  59  65  16  21  30  32  8  82  4  26  12  55  36  19  34  35  25  7  20  58  69  37  63  10  56  72  44  13  74  47  27  50  2  5  42
   1  52  65  21  66  34  81  72  47  35  77  3  74  50  48  41  69  16  20  4  63  46  27  54  49  43  29  19  39  17  53  10  59  38  64  67  37  71  56  55  73  32  14  15  30  78  26  23  79  18  51  12  58  80  60  70  2  8  13  68  5  22  45  61  57  28  82  7  9  33  44  36  76  6  31  40  75  25  62  24  11  42
   1  53  70  58  3  76  44  8  9  62  49  24  27  20  64  72  81  60  26  50  77  14  78  67  65  42  68  35  29  43  38  22  4  46  31  66  12  55  10  32  36  82  30  13  25  80  7  39  75  74  21  34  59  56  63  19  11  2  23  57  33  6  69  5  16  18  41  15  48  54  40  45  61  79  37  52  17  71  28  73  51  47
   1  54  11  13  38  60  3  79  33  39  31  14  9  71  16  34  10  42  27  47  48  19  30  43  81  58  61  57  7  46  77  8  17  5  21  55  65  24  51  15  63  82  29  72  70  45  23  80  4  50  44  52  69  74  12  67  49  73  41  56  36  35  64  53  40  2  25  22  26  76  37  6  75  66  78  62  28  18  59  32  68  20
   1  54  45  25  38  16  15  78  7  9  43  69  64  68  82  49  17  60  32  62  59  14  65  40  75  35  51  39  63  53  47  20  5  70  52  31  77  3  26  33  71  30  74  67  44  36  72  11  29  46  61  6  12  22  80  10  76  34  81  24  55  18  21  73  19  58  8  41  27  23  28  2  50  48  37  56  57  79  66  4  13  42
   1  62  26  35  12  80  63  5  61  47  9  60  68  66  25  56  69  45  51  8  81  42  31  13  59  6  40  73  44  72  65  46  30  34  33  54  28  76  64  67  4  82  21  57  48  71  3  20  78  22  36  74  23  15  17  58  27  14  38  32  75  2  41  52  70  24  77  43  10  39  11  18  37  53  49  50  29  55  7  19  16  79
   1  64  27  45  62  8  13  26  53  43  37  71  14  76  6  7  3  34  10  24  39  18  9  52  41  77  79  57  19  69  17  70  63  66  74  15  31  73  40  5  61  20  46  81  32  72  56  33  25  22  29  58  28  60  16  38  36  82  11  50  59  80  65  51  75  44  48  47  35  55  30  78  2  12  67  54  49  21  4  68  23  42
   1  76  49  72  77  42  38  66  36  80  21  19  33  18  40  52  51  58  9  20  26  67  29  46  10  13  75  56  23  5  48  79  28  53  44  24  81  14  68  22  12  82  7  34  11  6  41  45  17  47  3  62  64  50  65  43  31  32  25  74  63  57  16  54  37  73  70  8  27  60  78  35  4  55  30  39  59  2  69  15  61  71
   2  1  12  82  57  11  76  81  22  56  60  10  7  75  67  80  28  21  37  55  4  59  24  9  30  6  32  74  72  66  46  79  70  27  49  20  64  36  17  54  44  3  13  58  77  23  61  8  68  29  38  5  25  31  33  73  47  71  50  65  18  45  14  78  62  69  39  26  34  48  51  19  15  63  40  35  52  16  41  53  42  43
   2  3  46  69  62  10  15  64  13  61  50  75  71  65  56  1  43  23  76  31  5  49  32  48  72  25  79  77  74  28  42  63  53  38  57  44  66  16  24  36  54  81  80  37  14  21  73  68  19  70  22  33  8  12  18  27  82  40  60  7  52  78  34  51  35  11  58  4  6  9  55  41  20  30  45  26  39  17  67  59  47  29
   2  3  74  4  29  75  10  5  64  30  26  76  79  11  19  6  58  65  49  31  82  27  62  77  56  80  54  12  14  20  40  7  16  59  37  66  22  50  69  32  42  1  73  28  9  63  25  78  18  57  48  81  61  55  53  13  39  15  36  21  68  41  72  8  24  17  47  60  52  38  35  67  71  23  46  51  34  70  45  33  44  43
   2  5  54  8  1  57  26  11  24  4  74  60  69  29  53  14  6  27  61  7  78  77  18  63  82  72  76  32  38  56  34  17  44  9  25  30  62  64  39  10  40  81  51  80  23  21  71  66  50  3  58  75  15  79  73  35  31  41  22  59  36  37  48  20  68  47  55  12  70  28  19  33  45  65  52  67  16  42  49  13  46  43
   2  7  34  12  55  39  42  17  66  60  40  44  59  47  5  22  36  71  73  65  74  45  56  49  26  64  16  52  62  10  28  27  72  41  13  76  20  78  9  70  38  79  29  50  37  61  35  54  82  31  68  69  51  21  11  57  23  67  8  15  4  33  24  32  30  77  63  46  6  18  3  81  19  25  58  1  80  14  53  75  48  43
   2  7  66  65  20  70  79  69  34  36  43  26  8  28  15  11  80  31  67  27  53  61  6  21  32  29  60  44  71  41  19  25  46  78  24  1  45  33  74  10  35  81  76  17  18  63  13  4  14  49  47  40  57  75  55  68  72  3  52  16  56  30  22  77  62  51  54  23  39  12  42  64  58  37  5  59  82  38  50  9  73  48
   2  9  14  16  27  21  58  23  26  34  6  28  49  65  39  30  66  33  3  41  70  13  12  35  52  56  38  72  4  46  22  37  18  73  1  40  60  10  61  48  36  77  7  20  51  19  81  42  32  59  78  63  5  45  31  79  15  11  76  53  54  29  82  44  74  25  71  80  24  8  69  47  75  67  64  17  62  68  57  55  50  43
   2  9  82  37  42  23  62  30  52  68  57  49  13  17  35  33  24  25  71  29  6  27  80  28  43  69  20  7  73  38  5  64  39  51  22  16  72  75  47  4  18  81  74  1  46  41  60  21  53  31  15  26  34  70  66  48  50  59  58  12  54  77  56  3  55  40  14  63  76  10  45  78  19  44  32  61  67  11  8  36  79  65
   2  10  50  1  5  25  42  44  54  21  22  27  52  11  55  26  47  69  13  65  76  48  74  38  24  37  19  12  60  51  6  30  67  3  15  75  43  49  79  63  66  81  73  33  82  78  58  41  39  29  62  61  56  31  72  28  57  36  14  70  18  7  35  9  45  59  46  64  71  23  32  77  53  16  80  68  8  40  34  4  20  17
   2  11  19  63  56  59  34  21  74  75  39  7  80  25  13  30  82  36  32  10  55  12  66  31  46  4  22  38  43  29  35  68  42  65  67  78  14  77  50  26  60  81  72  64  20  27  24  49  62  9  8  44  76  3  58  70  53  1  47  51  73  28  71  17  52  37  79  61  45  40  54  48  15  41  18  16  5  69  6  33  57  23
   2  11  76  20  81  3  74  29  68  8  54  12  39  1  73  38  14  77  15  17  66  63  50  21  78  48  60  10  28  82  16  47  46  23  71  4  18  24  31  26  34  75  67  72  65  59  45  30  64  5  6  57  41  69  51  19  7  37  62  9  22  25  58  56  36  55  79  32  42  80  53  13  49  27  70  33  44  40  61  35  52  43
   2  12  72  17  19  31  20  37  56  4  24  61  34  38  62  40  74  29  8  48  39  68  76  41  80  65  58  16  13  78  53  69  82  77  47  33  32  26  73  23  55  81  71  11  66  64  52  63  46  27  79  59  22  49  45  21  43  9  54  75  35  44  15  7  42  3  18  25  67  70  5  30  14  1  6  36  50  51  57  10  60  28
   2  13  56  24  53  67  8  35  28  64  20  78  29  19  25  46  44  39  27  75  62  31  6  7  22  40  82  30  52  36  10  57  74  55  59  50  58  38  1  4  32  73  45  42  79  17  9  18  14  33  16  51  77  11  71  41  81  63  48  47  72  21  34  68  80  3  5  66  60  70  37  61  23  69  76  49  26  12  65  15  54  43
   2  15  36  28  25  49  24  41  70  38  68  62  19  37  59  54  74  1  39  51  58  81  44  75  48  32  22  50  76  72  4  67  20  5  47  14  16  52  53  64  30  71  23  12  11  57  55  6  46  61  26  45  31  35  9  63  73  7  34  3  40  17  10  80  42  33  13  18  78  60  21  27  79  29  82  65  8  66  69  77  56  43
   2  16  45  28  58  49  60  65  22  10  80  59  57  41  79  51  76  27  50  68  46  36  39  63  6  48  52  1  8  64  14  29  66  30  74  11  5  40  71  70  62  81  67  38  55  25  34  23  18  61  73  3  24  26  42  4  32  7  56  33  15  37  47  44  20  77  35  31  82  75  19  69  54  17  53  9  72  78  43  12  13  21
   2  17  16  32  79  31  40  47  30  12  34  46  9  55  11  62  22  45  51  27  54  49  82  61  74  24  44  70  18  26  80  77  48  37  35  60  56  66  23  42  28  69  1  64  25  15  19  76  78  7  36  39  67  59  29  3  65  33  20  41  8  13  68  10  4  63  21  52  14  50  5  75  53  71  6  81  72  38  73  57  58  43
   2  17  20  4  34  40  8  68  80  16  53  77  32  23  71  64  46  59  45  9  35  7  18  70  14  36  57  28  72  31  56  61  62  29  39  41  58  78  82  33  73  81  66  63  79  49  43  75  15  3  67  30  6  51  60  12  19  37  24  38  74  48  76  65  13  69  47  26  55  11  52  27  22  21  54  44  42  25  5  1  50  10
   2  19  78  36  51  13  56  53  72  68  82  30  81  73  45  70  52  7  63  3  50  17  38  47  18  16  66  8  42  62  74  5  76  69  23  24  14  80  75  20  26  67  61  34  39  55  65  64  28  35  46  33  21  1  49  25  57  59  6  79  58  9  44  22  48  11  29  4  32  40  71  41  27  31  12  15  54  10  77  37  60  43
   2  21  13  12  43  78  72  9  53  17  54  69  19  75  82  31  35  77  20  44  47  37  15  33  56  7  32  4  42  26  24  3  73  61  18  23  34  25  55  38  67  81  62  70  71  40  5  11  74  30  66  29  14  64  8  1  52  48  6  63  39  36  46  68  50  27  76  51  79  41  57  59  80  10  22  65  60  49  58  28  45  16
   2  21  58  40  23  77  72  59  32  42  48  14  71  9  79  78  82  51  75  61  46  67  76  33  44  8  6  28  66  16  68  15  22  19  11  70  54  12  45  80  24  65  39  4  53  13  29  52  60  63  56  27  57  25  69  47  49  3  74  35  26  5  20  34  10  41  37  38  50  30  55  7  1  73  18  31  36  64  81  17  62  43
   2  23  38  44  77  59  6  65  74  16  14  80  61  27  31  4  30  13  5  37  42  35  32  19  70  82  28  48  8  52  62  25  50  51  81  34  12  26  15  58  22  63  17  56  67  53  75  40  10  9  66  21  11  49  7  69  41  29  60  73  76  1  78  46  54  71  45  72  68  20  39  55  57  33  24  47  18  36  3  79  64  43
   2  23  57  33  6  69  5  16  18  41  15  48  54  40  45  61  79  37  52  17  71  28  73  51  47  1  53  70  58  3  76  44  8  9  62  49  24  27  20  64  72  81  60  26  50  77  14  78  67  65  42  68  35  29  43  38  22  4  46  31  66  12  55  10  32  36  82  30  13  25  80  7  39  75  74  21  34  59  56  63  19  11
   2  25  18  48  49  41  22  71  34  72  62  64  51  45  65  12  60  57  17  13  38  3  70  5  14  74  50  68  32  6  56  35  78  1  69  80  52  40  67  36  20  61  77  26  81  11  39  28  42  37  76  15  47  73  27  9  33  55  46  29  44  79  54  58  16  19  53  24  4  10  23  21  31  75  30  63  82  8  7  59  66  43
   2  25  22  26  76  37  6  75  66  78  62  28  18  59  32  68  20  1  54  11  13  38  60  3  79  33  39  31  14  9  71  16  34  10  42  27  47  48  19  30  43  81  58  61  57  7  46  77  8  17  5  21  55  65  24  51  15  63  82  29  72  70  45  23  80  4  50  44  52  69  74  12  67  49  73  41  56  36  35  64  53  40
   2  26  6  78  18  68  54  38  79  31  71  10  47  30  58  7  8  21  24  63  72  23  50  69  67  41  35  40  22  37  66  28  32  1  13  3  39  9  34  27  19  81  57  77  5  65  15  29  45  4  52  12  73  36  53  25  76  75  62  59  20  11  60  33  14  16  42  48  43  61  46  17  55  51  82  70  80  44  74  49  56  64
   2  27  74  3  82  28  46  40  42  69  60  63  62  7  53  10  52  38  15  78  57  64  34  44  13  51  66  61  35  16  50  11  24  75  58  36  71  4  54  65  6  81  56  9  80  1  55  37  43  41  14  23  20  21  76  30  73  31  45  68  5  26  19  49  39  70  32  17  22  48  67  33  72  59  8  25  47  12  79  29  18  77
   2  27  80  52  21  23  38  77  76  46  28  48  41  63  17  20  8  19  29  71  34  53  26  73  40  66  72  6  56  42  50  45  24  33  57  44  10  54  37  14  18  59  55  78  13  51  3  16  74  65  4  9  1  15  47  31  25  81  32  67  12  75  30  70  60  49  61  58  22  82  7  69  5  35  36  79  64  62  11  39  68  43
   2  28  60  10  57  51  50  36  6  1  14  30  5  70  67  25  18  3  42  7  15  44  35  75  54  9  43  21  45  49  22  59  79  27  46  63  52  64  66  11  71  81  55  23  73  26  32  33  47  77  82  69  53  78  13  16  58  65  80  41  76  68  39  48  8  29  74  40  62  38  34  61  24  4  56  37  20  31  19  17  72  12
   2  29  47  59  67  17  39  26  45  30  20  41  55  9  6  4  58  11  35  51  34  78  52  7  60  40  82  27  18  12  8  33  22  70  19  68  73  21  14  37  80  81  54  36  24  16  66  44  57  38  53  63  42  28  74  77  79  25  72  48  32  49  5  31  76  23  43  1  56  65  71  75  50  61  13  64  15  10  62  69  46  3
   2  29  60  56  75  5  54  1  36  20  76  32  31  81  51  28  38  63  41  47  30  21  64  59  66  58  12  26  80  78  44  55  52  65  45  8  50  68  7  74  16  57  33  48  27  9  49  4  24  11  14  3  37  39  67  53  17  25  18  23  62  71  6  82  22  79  69  10  40  72  73  35  61  77  42  13  46  34  15  19  70  43
   2  30  35  27  73  16  74  31  50  3  45  11  82  68  24  28  5  75  46  26  58  40  19  36  42  49  71  69  39  4  60  70  54  63  32  65  62  17  6  7  22  81  53  48  56  10  67  9  52  33  80  38  72  1  15  59  55  78  8  37  57  25  43  64  47  41  34  12  14  44  79  23  13  29  20  51  18  21  66  77  76  61
   2  31  24  40  39  65  53  33  55  64  79  21  35  3  5  36  60  17  56  38  8  41  13  77  73  11  46  49  54  7  67  1  57  12  20  61  74  68  58  69  32  81  52  59  43  44  18  30  50  28  19  4  62  48  80  78  47  23  66  27  45  75  42  70  6  10  72  37  34  29  76  16  82  26  71  63  22  9  15  25  14  51
   2  31  40  60  47  69  70  7  78  76  42  16  21  17  3  36  68  25  53  23  26  71  20  45  10  50  34  46  22  32  38  65  80  15  33  54  8  82  59  52  14  55  11  18  41  49  13  74  56  39  24  79  73  63  5  75  9  51  4  61  30  67  64  12  66  27  77  44  58  62  57  1  35  37  48  29  28  6  19  81  72  43
   2  33  5  41  54  61  52  28  47  70  76  9  24  64  60  77  67  68  43  4  66  10  82  25  39  21  56  11  57  69  18  48  45  37  71  51  53  3  8  49  20  81  50  78  42  29  22  31  55  36  13  7  74  59  19  23  6  16  15  40  79  17  73  1  58  44  62  27  72  26  14  65  35  38  46  12  32  30  80  75  34  63
   2  33  20  64  19  51  4  13  38  50  8  82  11  35  37  44  16  69  65  81  22  39  58  31  36  42  56  66  46  68  32  75  26  47  21  18  48  14  29  30  12  53  71  70  55  7  59  62  6  67  34  73  27  5  25  15  1  77  72  17  80  63  40  24  28  57  3  78  76  52  41  49  9  79  54  45  10  60  23  61  74  43
   2  35  82  68  73  33  20  19  80  24  56  66  1  53  71  52  46  31  77  57  18  7  14  17  62  34  78  4  70  22  26  3  54  79  9  64  6  28  81  8  10  51  49  40  69  47  23  50  38  13  44  67  63  29  45  37  75  21  58  55  48  59  16  36  72  5  11  30  12  42  25  15  65  39  60  61  74  32  27  41  76  43
   2  36  67  44  45  63  55  77  58  48  34  31  60  1  18  75  22  64  73  69  80  29  24  17  57  30  42  9  79  11  32  78  76  40  56  12  50  70  15  21  46  81  47  16  39  38  20  28  6  25  35  49  52  23  82  65  8  61  19  10  14  3  54  59  66  26  53  41  74  4  72  51  5  7  43  27  71  33  13  68  62  37
   2  37  62  68  13  33  71  27  43  7  5  51  72  4  74  41  53  26  66  59  54  3  14  10  19  61  8  65  82  23  52  49  35  25  6  28  20  38  39  16  47  81  46  21  15  70  50  12  56  40  76  78  32  11  79  9  42  30  57  17  24  29  80  69  73  64  22  75  18  1  60  31  34  48  58  77  55  63  45  44  67  36
   2  37  62  72  45  15  36  25  40  80  22  50  73  71  23  60  76  75  7  33  14  57  52  3  6  26  18  24  12  58  20  13  82  29  79  28  46  42  51  68  8  49  27  10  1  5  69  38  70  41  54  61  17  53  65  59  67  47  44  11  16  55  74  48  34  35  19  64  30  32  9  63  39  81  66  77  56  4  31  21  78  43
   2  38  58  23  22  3  57  4  76  33  46  44  6  31  8  69  66  9  5  12  62  16  55  49  18  10  24  41  32  27  15  36  20  48  82  64  54  30  72  40  13  81  45  25  60  61  80  26  79  7  50  37  39  77  52  75  14  17  74  78  71  21  67  28  34  65  73  59  42  51  56  68  47  63  35  1  19  29  53  11  43  70
   2  39  42  76  17  79  52  31  82  54  70  34  63  7  57  68  24  37  19  9  10  25  8  71  32  18  40  44  36  12  14  23  28  61  67  74  4  56  21  46  6  47  5  62  15  45  33  26  20  69  64  55  53  77  3  81  59  73  30  49  66  51  50  60  78  65  27  16  48  22  75  29  13  41  72  11  38  58  35  1  80  43
   2  40  53  64  35  36  56  41  73  49  67  12  74  69  52  44  50  4  80  23  45  70  72  29  82  63  15  51  24  65  55  21  5  17  8  77  46  7  57  61  58  81  43  30  19  48  47  27  42  10  34  16  71  9  14  31  39  33  79  3  60  38  13  11  54  1  20  68  32  59  18  28  62  78  66  75  6  37  76  26  22  25
   2  41  22  80  71  61  68  37  42  28  36  18  53  25  9  76  54  81  31  67  6  75  46  57  58  10  62  64  60  48  8  33  56  11  55  38  44  70  73  24  4  45  65  32  29  3  79  14  52  15  74  49  7  19  23  21  51  17  16  5  34  47  26  72  40  13  35  50  66  12  59  77  69  1  78  27  20  30  39  63  82  43
   2  41  52  70  24  77  43  10  39  11  18  37  53  49  50  29  55  7  19  16  79  1  62  26  35  12  80  63  5  61  47  9  60  68  66  25  56  69  45  51  8  81  42  31  13  59  6  40  73  44  72  65  46  30  34  33  54  28  76  64  67  4  82  21  57  48  71  3  20  78  22  36  74  23  15  17  58  27  14  38  32  75
   2  44  55  48  60  75  73  29  57  9  32  40  50  21  47  38  6  49  82  61  14  59  53  4  5  27  13  37  67  63  58  31  18  64  80  17  42  11  76  12  15  81  39  28  35  23  8  10  54  26  74  51  43  33  62  36  45  77  34  1  22  69  24  30  79  78  56  70  46  16  20  25  52  65  19  3  66  41  72  7  71  68
   2  45  64  6  15  25  18  49  44  58  50  68  33  61  77  10  32  5  55  19  80  11  40  29  28  76  24  22  26  38  78  53  30  75  31  48  42  16  13  62  82  41  21  54  57  1  7  72  34  71  12  37  79  67  63  65  35  69  70  81  52  39  60  14  46  73  51  36  20  74  27  9  17  3  8  59  66  56  47  23  4  43
   2  47  44  10  69  7  34  55  4  32  16  52  23  79  29  18  62  49  67  77  76  61  78  15  54  68  46  42  50  74  72  63  58  25  19  12  82  30  65  40  80  39  81  24  71  41  53  60  66  17  22  31  33  9  1  5  27  13  56  37  20  35  36  26  8  21  59  70  38  64  11  57  73  45  14  75  48  28  51  3  6  43
   2  48  73  9  50  38  82  59  5  37  58  64  42  12  39  23  54  51  62  77  22  30  56  16  52  3  72  68  55  75  57  40  47  49  14  4  13  63  18  17  76  81  35  10  74  33  45  1  24  78  46  25  19  41  71  44  60  29  32  21  6  61  53  27  67  31  80  11  15  28  8  26  43  36  34  69  79  70  20  65  66  7
   2  49  24  14  41  71  50  61  46  6  64  36  13  15  63  26  10  11  79  53  72  29  34  1  80  60  68  62  74  28  66  73  4  57  7  58  40  44  35  18  78  37  59  76  3  81  17  48  16  45  32  25  69  33  21  27  19  39  42  75  70  31  12  38  52  51  67  22  56  54  77  23  47  5  20  9  30  82  55  65  8  43
   2  49  80  51  46  48  14  11  62  25  73  4  15  77  19  9  13  28  22  41  50  63  8  30  71  38  18  26  56  44  82  17  43  16  60  59  76  36  52  29  5  81  34  3  32  37  35  69  72  21  58  10  79  68  6  64  74  70  55  61  42  33  20  75  53  12  45  65  57  27  39  1  66  40  67  23  24  7  47  31  54  78
   2  51  4  18  13  53  66  67  6  62  30  20  3  33  15  34  40  55  9  29  68  79  72  69  24  52  8  82  16  64  60  1  32  7  77  22  80  58  5  78  76  35  37  46  17  39  63  36  48  73  42  19  23  57  41  49  11  65  28  31  38  27  70  50  14  81  75  56  74  44  61  71  21  47  26  25  12  54  59  45  10  43
   2  51  14  25  15  9  22  63  71  26  82  16  76  29  34  37  72  10  6  70  42  75  45  27  66  23  47  78  80  48  62  4  19  28  50  30  18  44  43  59  52  81  32  69  58  68  74  61  20  12  57  1  67  7  54  49  46  11  73  77  13  41  8  38  56  17  60  36  5  3  35  21  79  64  55  33  53  65  39  40  24  31
   2  53  66  22  67  35  82  73  48  36  78  4  75  51  49  42  70  17  21  5  64  47  28  55  50  44  30  20  40  18  54  11  60  39  65  68  38  72  57  56  74  33  15  16  31  79  27  24  80  19  52  13  59  81  61  71  3  9  14  69  6  23  46  62  58  29  1  8  10  34  45  37  77  7  32  41  76  26  63  25  12  43
   2  55  46  26  39  17  16  79  8  10  44  70  65  69  1  50  18  61  33  63  60  15  66  41  76  36  52  40  64  54  48  21  6  71  53  32  78  4  27  34  72  31  75  68  45  37  73  12  30  47  62  7  13  23  81  11  77  35  82  25  56  19  22  74  20  59  9  42  28  24  29  3  51  49  38  57  58  80  67  5  14  43
   2  57  26  30  11  81  32  3  50  66  10  54  55  5  35  58  48  23  45  39  56  65  22  27  20  28  74  60  6  8  42  31  34  21  41  78  36  18  79  12  70  29  53  38  59  77  37  82  62  75  72  1  49  47  19  33  69  61  68  63  24  15  80  4  64  7  17  76  46  14  13  51  25  9  44  73  40  52  71  67  16  43
   2  59  6  34  65  63  48  9  10  40  58  38  45  23  69  66  78  67  57  15  52  33  60  13  46  20  14  80  30  44  36  41  62  53  29  42  76  32  49  72  68  27  31  8  73  35  1  70  12  21  82  77  3  71  39  55  61  5  54  19  74  11  56  16  26  37  25  28  64  4  79  17  81  51  50  7  22  24  75  47  18  43
   2  59  39  30  55  4  35  78  60  27  8  70  73  37  54  16  57  63  74  25  32  31  43  65  50  64  62  3  47  17  45  41  6  11  34  7  82  12  22  68  14  81  24  44  53  28  79  48  5  23  56  75  13  10  46  29  67  26  20  9  58  51  52  40  18  33  19  21  80  36  66  38  42  77  72  49  76  1  71  61  15  69
   2  61  68  38  37  45  64  15  52  14  24  22  35  41  21  74  26  29  69  73  48  1  16  81  72  12  36  18  54  80  30  51  8  3  17  6  34  46  19  50  66  25  9  60  5  75  47  58  44  49  10  71  39  13  59  77  53  31  40  57  42  7  32  28  70  67  33  62  82  76  63  65  55  11  56  23  4  78  79  27  20  43
   2  61  76  77  66  21  18  51  20  29  13  23  79  44  14  12  34  41  47  64  43  25  57  37  8  78  55  59  15  1  72  38  80  33  52  9  67  10  56  48  53  81  22  7  6  17  62  65  32  63  54  70  60  4  39  69  71  49  42  36  19  40  58  26  46  75  5  28  24  68  82  11  45  3  50  31  74  16  73  27  35  30
   2  63  34  75  80  30  32  12  46  38  35  65  14  26  72  27  62  44  58  1  73  17  79  40  15  16  6  23  19  59  74  7  13  36  55  31  22  29  42  78  50  81  20  49  8  3  53  51  71  37  45  48  18  69  57  11  56  21  39  25  82  10  66  4  43  68  67  77  60  64  24  9  76  70  47  28  52  61  54  41  5  33
   2  63  48  42  9  27  80  21  12  70  72  6  25  59  55  82  56  73  81  49  44  51  54  67  16  4  58  38  78  34  24  61  36  35  5  52  74  60  71  28  64  23  69  30  19  33  11  46  76  77  20  65  75  37  79  17  45  57  26  13  10  3  8  40  32  15  41  14  18  66  47  31  29  53  62  39  68  50  1  7  22  43
   2  64  56  49  74  44  80  70  82  51  55  17  46  61  43  48  42  16  14  33  60  11  20  59  62  75  76  25  53  36  73  12  52  4  45  29  15  65  5  77  57  81  19  27  34  9  39  3  13  1  32  28  66  37  22  40  35  41  67  69  50  23  72  63  24  21  8  7  58  30  47  10  71  31  79  38  54  68  18  78  6  26
   2  65  28  46  63  9  14  27  54  44  38  72  15  77  7  8  4  35  11  25  40  19  10  53  42  78  80  58  20  70  18  71  64  67  75  16  32  74  41  6  62  21  47  82  33  73  57  34  26  23  30  59  29  61  17  39  37  1  12  51  60  81  66  52  76  45  49  48  36  56  31  79  3  13  68  55  50  22  5  69  24  43
   2  67  8  50  35  73  30  33  14  18  4  56  5  13  41  16  34  79  23  1  36  69  48  39  68  70  20  78  44  24  12  81  10  17  63  62  72  6  11  66  60  19  25  52  47  31  21  22  58  51  40  53  65  3  37  61  29  27  80  7  28  77  42  64  38  75  57  82  54  46  15  45  59  55  74  71  32  76  9  49  26  43
   2  68  71  7  72  41  66  3  19  65  52  25  20  16  46  70  56  78  79  30  24  69  22  1  34  77  45  36  62  33  43  51  74  26  54  10  8  23  35  28  39  81  15  12  76  11  42  17  80  64  18  31  58  63  67  37  13  27  5  4  53  59  14  61  82  49  6  38  47  21  50  40  32  9  57  29  73  75  60  48  55  44
   2  69  15  61  71  1  76  49  72  77  42  38  66  36  80  21  19  33  18  40  52  51  58  9  20  26  67  29  46  10  13  75  56  23  5  48  79  28  53  44  24  81  14  68  22  12  82  7  34  11  6  41  45  17  47  3  62  64  50  65  43  31  32  25  74  63  57  16  54  37  73  70  8  27  60  78  35  4  55  30  39  59
   2  69  70  54  7  55  46  39  56  74  52  40  77  31  75  24  64  41  35  59  32  37  4  25  12  62  42  16  68  60  6  9  38  49  51  26  30  20  63  44  58  17  3  22  61  71  67  10  8  79  50  47  19  27  57  1  21  53  66  45  78  73  18  76  82  23  65  34  72  36  81  11  33  15  80  5  14  48  13  29  28  43
   2  70  43  11  53  29  19  1  35  63  47  68  56  51  42  59  73  65  34  28  67  21  71  78  74  17  14  75  52  77  39  37  50  7  79  26  80  61  60  25  45  81  13  40  72  30  54  64  82  48  20  36  15  27  32  41  24  10  18  49  55  16  62  12  5  9  66  69  8  31  6  44  46  33  76  4  57  3  22  23  58  38
   2  71  50  58  61  37  62  45  16  48  18  24  67  49  27  32  12  3  47  35  28  5  42  11  38  54  64  36  10  14  82  19  66  81  39  72  70  34  33  22  56  15  63  74  75  29  31  80  40  25  60  41  55  51  77  23  13  79  52  1  46  69  76  6  44  53  73  68  8  26  65  59  7  57  4  21  78  20  17  9  30  43
   2  73  30  62  33  19  78  51  58  22  66  8  57  67  61  40  42  47  59  11  24  55  80  79  64  46  4  56  34  50  76  29  12  31  27  36  28  48  3  82  54  13  41  44  7  69  77  68  72  53  70  35  9  75  15  45  5  23  38  39  14  65  52  18  6  1  81  20  26  16  49  25  63  17  10  37  60  74  21  71  32  43
   2  75  10  66  5  1  12  57  18  78  32  74  47  3  13  48  72  9  71  69  20  23  36  65  8  38  26  76  58  4  70  39  40  63  15  82  68  62  55  60  52  11  19  14  21  27  41  56  22  81  80  29  45  17  35  67  79  49  24  77  64  61  28  30  50  31  7  54  44  6  33  73  37  59  16  53  42  46  25  51  34  43
   2  75  32  38  14  27  58  17  15  23  74  36  22  78  20  3  71  48  57  21  82  4  67  64  76  28  54  33  34  30  46  65  72  44  73  40  6  59  13  31  42  81  8  51  45  69  56  25  66  68  60  9  47  61  5  63  80  12  35  26  62  1  79  16  19  7  55  29  50  49  53  37  18  11  39  10  43  77  24  70  52  41
   2  77  18  29  79  12  47  25  8  59  72  33  67  48  22  17  32  70  39  49  19  26  5  68  45  31  73  30  76  21  20  23  14  41  43  37  55  1  80  9  56  81  6  65  54  4  71  36  58  75  24  11  50  16  35  61  66  51  13  44  34  64  57  78  15  38  52  10  53  7  62  63  60  69  42  40  46  28  82  3  74  27
   2  77  72  70  59  65  28  63  60  52  80  58  37  21  47  56  20  53  1  45  16  73  74  51  34  30  48  14  82  40  64  49  68  13  3  46  26  76  25  38  50  9  79  66  35  67  5  44  54  27  8  23  81  41  55  7  71  75  10  33  32  57  4  42  12  61  15  6  62  78  17  39  11  19  22  69  24  18  29  31  36  43
   2  78  54  31  47  7  24  23  67  40  66  1  39  27  57  65  45  12  53  75  20  33  42  61  55  70  74  64  6  68  79  10  58  21  72  69  35  37  32  3  34  81  5  29  52  36  76  59  60  16  43  17  82  44  56  26  18  38  71  30  8  63  50  41  22  28  13  9  19  77  15  4  73  25  62  11  14  48  46  51  80  49
   2  79  52  74  31  47  44  69  20  26  46  42  27  39  81  64  50  15  13  21  12  41  30  37  60  22  70  34  24  76  58  59  14  45  73  10  66  8  77  16  48  7  57  36  49  25  51  32  4  55  18  17  35  65  75  29  63  19  78  71  82  53  62  54  56  9  23  40  80  68  1  5  67  61  28  3  6  72  33  11  38  43
   2  81  32  78  3  29  60  75  62  82  12  26  17  57  33  72  80  59  25  79  8  9  68  23  4  14  10  54  48  30  52  69  42  77  61  56  24  22  47  76  46  5  35  6  63  65  15  20  36  1  28  11  71  7  13  51  55  45  64  27  50  49  38  66  18  39  31  74  16  58  67  53  41  21  34  19  70  44  37  73  40  43
   3  2  13  1  58  12  77  82  23  57  61  11  8  76  68  81  29  22  38  56  5  60  25  10  31  7  33  75  73  67  47  80  71  28  50  21  65  37  18  55  45  4  14  59  78  24  62  9  69  30  39  6  26  32  34  74  48  72  51  66  19  46  15  79  63  70  40  27  35  49  52  20  16  64  41  36  53  17  42  54  43  44
   3  2  29  47  59  67  17  39  26  45  30  20  41  55  9  6  4  58  11  35  51  34  78  52  7  60  40  82  27  18  12  8  33  22  70  19  68  73  21  14  37  80  81  54  36  24  16  66  44  57  38  53  63  42  28  74  77  79  25  72  48  32  49  5  31  76  23  43  1  56  65  71  75  50  61  13  64  15  10  62  69  46
   3  4  75  5  30  76  11  6  65  31  27  77  80  12  20  7  59  66  50  32  1  28  63  78  57  81  55  13  15  21  41  8  17  60  38  67  23  51  70  33  43  2  74  29  10  64  26  79  19  58  49  82  62  56  54  14  40  16  37  22  69  42  73  9  25  18  48  61  53  39  36  68  72  24  47  52  35  71  46  34  45  44
   3  5  36  60  17  56  38  8  41  13  77  73  11  46  49  54  7  67  1  57  12  20  61  74  68  58  69  32  81  52  59  43  44  18  30  50  28  19  4  62  48  80  78  47  23  66  27  45  75  42  70  6  10  72  37  34  29  76  16  82  26  71  63  22  9  15  25  14  51  2  31  24  40  39  65  53  33  55  64  79  21  35
   3  6  12  24  48  13  26  52  21  42  1  2  4  8  16  32  64  45  7  14  28  56  29  58  33  66  49  15  30  60  37  74  65  47  11  22  44  5  10  20  40  80  77  71  59  35  70  57  31  62  41  82  81  79  75  67  51  19  38  76  69  55  27  54  25  50  17  34  68  53  23  46  9  18  36  72  61  39  78  73  63  43
   3  6  55  9  2  58  27  12  25  5  75  61  70  30  54  15  7  28  62  8  79  78  19  64  1  73  77  33  39  57  35  18  45  10  26  31  63  65  40  11  41  82  52  81  24  22  72  67  51  4  59  76  16  80  74  36  32  42  23  60  37  38  49  21  69  48  56  13  71  29  20  34  46  66  53  68  17  43  50  14  47  44
   3  8  35  13  56  40  43  18  67  61  41  45  60  48  6  23  37  72  74  66  75  46  57  50  27  65  17  53  63  11  29  28  73  42  14  77  21  79  10  71  39  80  30  51  38  62  36  55  1  32  69  70  52  22  12  58  24  68  9  16  5  34  25  33  31  78  64  47  7  19  4  82  20  26  59  2  81  15  54  76  49  44
   3  8  49  20  81  50  78  42  29  22  31  55  36  13  7  74  59  19  23  6  16  15  40  79  17  73  1  58  44  62  27  72  26  14  65  35  38  46  12  32  30  80  75  34  63  2  33  5  41  54  61  52  28  47  70  76  9  24  64  60  77  67  68  43  4  66  10  82  25  39  21  56  11  57  69  18  48  45  37  71  51  53
   3  10  15  17  28  22  59  24  27  35  7  29  50  66  40  31  67  34  4  42  71  14  13  36  53  57  39  73  5  47  23  38  19  74  2  41  61  11  62  49  37  78  8  21  52  20  82  43  33  60  79  64  6  46  32  80  16  12  77  54  55  30  1  45  75  26  72  81  25  9  70  48  76  68  65  18  63  69  58  56  51  44
   3  12  77  21  82  4  75  30  69  9  55  13  40  2  74  39  15  78  16  18  67  64  51  22  79  49  61  11  29  1  17  48  47  24  72  5  19  25  32  27  35  76  68  73  66  60  46  31  65  6  7  58  42  70  52  20  8  38  63  10  23  26  59  57  37  56  80  33  43  81  54  14  50  28  71  34  45  41  62  36  53  44
   3  13  1  32  28  66  37  22  40  35  41  67  69  50  23  72  63  24  21  8  7  58  30  47  10  71  31  79  38  54  68  18  78  6  26  2  64  56  49  74  44  80  70  82  51  55  17  46  61  43  48  42  16  14  33  60  11  20  59  62  75  76  25  53  36  73  12  52  4  45  29  15  65  5  77  57  81  19  27  34  9  39
   3  14  10  19  61  8  65  82  23  52  49  35  25  6  28  20  38  39  16  47  81  46  21  15  70  50  12  56  40  76  78  32  11  79  9  42  30  57  17  24  29  80  69  73  64  22  75  18  1  60  31  34  48  58  77  55  63  45  44  67  36  2  37  62  68  13  33  71  27  43  7  5  51  72  4  74  41  53  26  66  59  54
   3  14  57  25  54  68  9  36  29  65  21  79  30  20  26  47  45  40  28  76  63  32  7  8  23  41  1  31  53  37  11  58  75  56  60  51  59  39  2  5  33  74  46  43  80  18  10  19  15  34  17  52  78  12  72  42  82  64  49  48  73  22  35  69  81  4  6  67  61  71  38  62  24  70  77  50  27  13  66  16  55  44
   3  15  75  43  49  79  63  66  81  73  33  82  78  58  41  39  29  62  61  56  31  72  28  57  36  14  70  18  7  35  9  45  59  46  64  71  23  32  77  53  16  80  68  8  40  34  4  20  17  2  10  50  1  5  25  42  44  54  21  22  27  52  11  55  26  47  69  13  65  76  48  74  38  24  37  19  12  60  51  6  30  67
   3  16  37  29  26  50  25  42  71  39  69  63  20  38  60  55  75  2  40  52  59  82  45  76  49  33  23  51  77  73  5  68  21  6  48  15  17  53  54  65  31  72  24  13  12  58  56  7  47  62  27  46  32  36  10  64  74  8  35  4  41  18  11  81  43  34  14  19  79  61  22  28  80  30  1  66  9  67  70  78  57  44
   3  18  17  33  80  32  41  48  31  13  35  47  10  56  12  63  23  46  52  28  55  50  1  62  75  25  45  71  19  27  81  78  49  38  36  61  57  67  24  43  29  70  2  65  26  16  20  77  79  8  37  40  68  60  30  4  66  34  21  42  9  14  69  11  5  64  22  53  15  51  6  76  54  72  7  82  73  39  74  58  59  44
   3  18  25  67  70  5  30  14  1  6  36  50  51  57  10  60  28  2  12  72  17  19  31  20  37  56  4  24  61  34  38  62  40  74  29  8  48  39  68  76  41  80  65  58  16  13  78  53  69  82  77  47  33  32  26  73  23  55  81  71  11  66  64  52  63  46  27  79  59  22  49  45  21  43  9  54  75  35  44  15  7  42
   3  19  65  52  25  20  16  46  70  56  78  79  30  24  69  22  1  34  77  45  36  62  33  43  51  74  26  54  10  8  23  35  28  39  81  15  12  76  11  42  17  80  64  18  31  58  63  67  37  13  27  5  4  53  59  14  61  82  49  6  38  47  21  50  40  32  9  57  29  73  75  60  48  55  44  2  68  71  7  72  41  66
   3  20  78  22  36  74  23  15  17  58  27  14  38  32  75  2  41  52  70  24  77  43  10  39  11  18  37  53  49  50  29  55  7  19  16  79  1  62  26  35  12  80  63  5  61  47  9  60  68  66  25  56  69  45  51  8  81  42  31  13  59  6  40  73  44  72  65  46  30  34  33  54  28  76  64  67  4  82  21  57  48  71
   3  20  79  37  52  14  57  54  73  69  1  31  82  74  46  71  53  8  64  4  51  18  39  48  19  17  67  9  43  63  75  6  77  70  24  25  15  81  76  21  27  68  62  35  40  56  66  65  29  36  47  34  22  2  50  26  58  60  7  80  59  10  45  23  49  12  30  5  33  41  72  42  28  32  13  16  55  11  78  38  61  44
   3  22  23  58  38  2  70  43  11  53  29  19  1  35  63  47  68  56  51  42  59  73  65  34  28  67  21  71  78  74  17  14  75  52  77  39  37  50  7  79  26  80  61  60  25  45  81  13  40  72  30  54  64  82  48  20  36  15  27  32  41  24  10  18  49  55  16  62  12  5  9  66  69  8  31  6  44  46  33  76  4  57
   3  22  59  41  24  78  73  60  33  43  49  15  72  10  80  79  1  52  76  62  47  68  77  34  45  9  7  29  67  17  69  16  23  20  12  71  55  13  46  81  25  66  40  5  54  14  30  53  61  64  57  28  58  26  70  48  50  4  75  36  27  6  21  35  11  42  38  39  51  31  56  8  2  74  19  32  37  65  82  18  63  44
   3  24  26  42  4  32  7  56  33  15  37  47  44  20  77  35  31  82  75  19  69  54  17  53  9  72  78  43  12  13  21  2  16  45  28  58  49  60  65  22  10  80  59  57  41  79  51  76  27  50  68  46  36  39  63  6  48  52  1  8  64  14  29  66  30  74  11  5  40  71  70  62  81  67  38  55  25  34  23  18  61  73
   3  24  39  45  78  60  7  66  75  17  15  81  62  28  32  5  31  14  6  38  43  36  33  20  71  1  29  49  9  53  63  26  51  52  82  35  13  27  16  59  23  64  18  57  68  54  76  41  11  10  67  22  12  50  8  70  42  30  61  74  77  2  79  47  55  72  46  73  69  21  40  56  58  34  25  48  19  37  4  80  65  44
   3  26  19  49  50  42  23  72  35  73  63  65  52  46  66  13  61  58  18  14  39  4  71  6  15  75  51  69  33  7  57  36  79  2  70  81  53  41  68  37  21  62  78  27  82  12  40  29  43  38  77  16  48  74  28  10  34  56  47  30  45  80  55  59  17  20  54  25  5  11  24  22  32  76  31  64  1  9  8  60  67  44
   3  28  81  53  22  24  39  78  77  47  29  49  42  64  18  21  9  20  30  72  35  54  27  74  41  67  73  7  57  43  51  46  25  34  58  45  11  55  38  15  19  60  56  79  14  52  4  17  75  66  5  10  2  16  48  32  26  82  33  68  13  76  31  71  61  50  62  59  23  1  8  70  6  36  37  80  65  63  12  40  69  44
   3  30  61  57  76  6  55  2  37  21  77  33  32  82  52  29  39  64  42  48  31  22  65  60  67  59  13  27  81  79  45  56  53  66  46  9  51  69  8  75  17  58  34  49  28  10  50  5  25  12  15  4  38  40  68  54  18  26  19  24  63  72  7  1  23  80  70  11  41  73  74  36  62  78  43  14  47  35  16  20  71  44
   3  32  37  35  69  72  21  58  10  79  68  6  64  74  70  55  61  42  33  20  75  53  12  45  65  57  27  39  1  66  40  67  23  24  7  47  31  54  78  2  49  80  51  46  48  14  11  62  25  73  4  15  77  19  9  13  28  22  41  50  63  8  30  71  38  18  26  56  44  82  17  43  16  60  59  76  36  52  29  5  81  34
   3  32  41  61  48  70  71  8  79  77  43  17  22  18  4  37  69  26  54  24  27  72  21  46  11  51  35  47  23  33  39  66  81  16  34  55  9  1  60  53  15  56  12  19  42  50  14  75  57  40  25  80  74  64  6  76  10  52  5  62  31  68  65  13  67  28  78  45  59  63  58  2  36  38  49  30  29  7  20  82  73  44
   3  34  21  65  20  52  5  14  39  51  9  1  12  36  38  45  17  70  66  82  23  40  59  32  37  43  57  67  47  69  33  76  27  48  22  19  49  15  30  31  13  54  72  71  56  8  60  63  7  68  35  74  28  6  26  16  2  78  73  18  81  64  41  25  29  58  4  79  77  53  42  50  10  80  55  46  11  61  24  62  75  44
   3  34  81  5  29  52  36  76  59  60  16  43  17  82  44  56  26  18  38  71  30  8  63  50  41  22  28  13  9  19  77  15  4  73  25  62  11  14  48  46  51  80  49  2  78  54  31  47  7  24  23  67  40  66  1  39  27  57  65  45  12  53  75  20  33  42  61  55  70  74  64  6  68  79  10  58  21  72  69  35  37  32
   3  35  21  79  64  55  33  53  65  39  40  24  31  2  51  14  25  15  9  22  63  71  26  82  16  76  29  34  37  72  10  6  70  42  75  45  27  66  23  47  78  80  48  62  4  19  28  50  30  18  44  43  59  52  81  32  69  58  68  74  61  20  12  57  1  67  7  54  49  46  11  73  77  13  41  8  38  56  17  60  36  5
   3  38  63  73  46  16  37  26  41  81  23  51  74  72  24  61  77  76  8  34  15  58  53  4  7  27  19  25  13  59  21  14  1  30  80  29  47  43  52  69  9  50  28  11  2  6  70  39  71  42  55  62  18  54  66  60  68  48  45  12  17  56  75  49  35  36  20  65  31  33  10  64  40  82  67  78  57  5  32  22  79  44
   3  40  43  77  18  80  53  32  1  55  71  35  64  8  58  69  25  38  20  10  11  26  9  72  33  19  41  45  37  13  15  24  29  62  68  75  5  57  22  47  7  48  6  63  16  46  34  27  21  70  65  56  54  78  4  82  60  74  31  50  67  52  51  61  79  66  28  17  49  23  76  30  14  42  73  12  39  59  36  2  81  44
   3  42  7  15  44  35  75  54  9  43  21  45  49  22  59  79  27  46  63  52  64  66  11  71  81  55  23  73  26  32  33  47  77  82  69  53  78  13  16  58  65  80  41  76  68  39  48  8  29  74  40  62  38  34  61  24  4  56  37  20  31  19  17  72  12  2  28  60  10  57  51  50  36  6  1  14  30  5  70  67  25  18
   3  43  63  73  78  39  61  72  36  18  9  46  23  53  68  34  17  50  25  54  27  55  69  76  38  19  51  67  75  79  81  82  41  62  31  57  70  35  59  71  77  80  40  20  10  5  44  22  11  47  65  74  37  60  30  15  49  66  33  58  29  56  28  14  7  45  64  32  16  8  4  2  1  42  21  52  26  13  48  24  12  6
   3  45  11  82  68  24  28  5  75  46  26  58  40  19  36  42  49  71  69  39  4  60  70  54  63  32  65  62  17  6  7  22  81  53  48  56  10  67  9  52  33  80  38  72  1  15  59  55  78  8  37  57  25  43  64  47  41  34  12  14  44  79  23  13  29  20  51  18  21  66  77  76  61  2  30  35  27  73  16  74  31  50
   3  46  65  7  16  26  19  50  45  59  51  69  34  62  78  11  33  6  56  20  81  12  41  30  29  77  25  23  27  39  79  54  31  76  32  49  43  17  14  63  1  42  22  55  58  2  8  73  35  72  13  38  80  68  64  66  36  70  71  82  53  40  61  15  47  74  52  37  21  75  28  10  18  4  9  60  67  57  48  24  5  44
   3  47  17  45  41  6  11  34  7  82  12  22  68  14  81  24  44  53  28  79  48  5  23  56  75  13  10  46  29  67  26  20  9  58  51  52  40  18  33  19  21  80  36  66  38  42  77  72  49  76  1  71  61  15  69  2  59  39  30  55  4  35  78  60  27  8  70  73  37  54  16  57  63  74  25  32  31  43  65  50  64  62
   3  48  45  11  70  8  35  56  5  33  17  53  24  80  30  19  63  50  68  78  77  62  79  16  55  69  47  43  51  75  73  64  59  26  20  13  1  31  66  41  81  40  82  25  72  42  54  61  67  18  23  32  34  10  2  6  28  14  57  38  21  36  37  27  9  22  60  71  39  65  12  58  74  46  15  76  49  29  52  4  7  44
   3  50  25  15  42  72  51  62  47  7  65  37  14  16  64  27  11  12  80  54  73  30  35  2  81  61  69  63  75  29  67  74  5  58  8  59  41  45  36  19  79  38  60  77  4  82  18  49  17  46  33  26  70  34  22  28  20  40  43  76  71  32  13  39  53  52  68  23  57  55  78  24  48  6  21  10  31  1  56  66  9  44
   3  52  5  19  14  54  67  68  7  63  31  21  4  34  16  35  41  56  10  30  69  80  73  70  25  53  9  1  17  65  61  2  33  8  78  23  81  59  6  79  77  36  38  47  18  40  64  37  49  74  43  20  24  58  42  50  12  66  29  32  39  28  71  51  15  82  76  57  75  45  62  72  22  48  27  26  13  55  60  46  11  44
   3  52  16  56  30  22  77  62  51  54  23  39  12  42  64  58  37  5  59  82  38  50  9  73  48  2  7  66  65  20  70  79  69  34  36  43  26  8  28  15  11  80  31  67  27  53  61  6  21  32  29  60  44  71  41  19  25  46  78  24  1  45  33  74  10  35  81  76  17  18  63  13  4  14  49  47  40  57  75  55  68  72
   3  53  51  71  37  45  48  18  69  57  11  56  21  39  25  82  10  66  4  43  68  67  77  60  64  24  9  76  70  47  28  52  61  54  41  5  33  2  63  34  75  80  30  32  12  46  38  35  65  14  26  72  27  62  44  58  1  73  17  79  40  15  16  6  23  19  59  74  7  13  36  55  31  22  29  42  78  50  81  20  49  8
   3  54  59  66  26  53  41  74  4  72  51  5  7  43  27  71  33  13  68  62  37  2  36  67  44  45  63  55  77  58  48  34  31  60  1  18  75  22  64  73  69  80  29  24  17  57  30  42  9  79  11  32  78  76  40  56  12  50  70  15  21  46  81  47  16  39  38  20  28  6  25  35  49  52  23  82  65  8  61  19  10  14
   3  54  67  23  68  36  1  74  49  37  79  5  76  52  50  43  71  18  22  6  65  48  29  56  51  45  31  21  41  19  55  12  61  40  66  69  39  73  58  57  75  34  16  17  32  80  28  25  81  20  53  14  60  82  62  72  4  10  15  70  7  24  47  63  59  30  2  9  11  35  46  38  78  8  33  42  77  27  64  26  13  44
   3  55  40  14  63  76  10  45  78  19  44  32  61  67  11  8  36  79  65  2  9  82  37  42  23  62  30  52  68  57  49  13  17  35  33  24  25  71  29  6  27  80  28  43  69  20  7  73  38  5  64  39  51  22  16  72  75  47  4  18  81  74  1  46  41  60  21  53  31  15  26  34  70  66  48  50  59  58  12  54  77  56
   3  56  47  27  40  18  17  80  9  11  45  71  66  70  2  51  19  62  34  64  61  16  67  42  77  37  53  41  65  55  49  22  7  72  54  33  79  5  28  35  73  32  76  69  46  38  74  13  31  48  63  8  14  24  82  12  78  36  1  26  57  20  23  75  21  60  10  43  29  25  30  4  52  50  39  58  59  81  68  6  15  44
   3  56  77  54  12  58  59  50  48  66  70  34  26  15  31  53  21  60  41  46  1  74  81  18  4  47  75  72  16  22  51  39  64  5  38  73  7  20  69  43  28  80  27  6  29  71  25  24  33  35  17  13  49  57  68  52  30  62  23  42  37  82  9  2  65  79  36  8  11  67  61  32  44  19  78  45  10  76  63  14  40  55
   3  57  4  76  33  46  44  6  31  8  69  66  9  5  12  62  16  55  49  18  10  24  41  32  27  15  36  20  48  82  64  54  30  72  40  13  81  45  25  60  61  80  26  79  7  50  37  39  77  52  75  14  17  74  78  71  21  67  28  34  65  73  59  42  51  56  68  47  63  35  1  19  29  53  11  43  70  2  38  58  23  22
   3  58  27  31  12  82  33  4  51  67  11  55  56  6  36  59  49  24  46  40  57  66  23  28  21  29  75  61  7  9  43  32  35  22  42  79  37  19  80  13  71  30  54  39  60  78  38  1  63  76  73  2  50  48  20  34  70  62  69  64  25  16  81  5  65  8  18  77  47  15  14  52  26  10  45  74  41  53  72  68  17  44
   3  58  70  53  1  47  51  73  28  71  17  52  37  79  61  45  40  54  48  15  41  18  16  5  69  6  33  57  23  2  11  19  63  56  59  34  21  74  75  39  7  80  25  13  30  82  36  32  10  55  12  66  31  46  4  22  38  43  29  35  68  42  65  67  78  14  77  50  26  60  81  72  64  20  27  24  49  62  9  8  44  76
   3  60  7  35  66  64  49  10  11  41  59  39  46  24  70  67  79  68  58  16  53  34  61  14  47  21  15  81  31  45  37  42  63  54  30  43  77  33  50  73  69  28  32  9  74  36  2  71  13  22  1  78  4  72  40  56  62  6  55  20  75  12  57  17  27  38  26  29  65  5  80  18  82  52  51  8  23  25  76  48  19  44
   3  60  38  13  11  54  1  20  68  32  59  18  28  62  78  66  75  6  37  76  26  22  25  2  40  53  64  35  36  56  41  73  49  67  12  74  69  52  44  50  4  80  23  45  70  72  29  82  63  15  51  24  65  55  21  5  17  8  77  46  7  57  61  58  81  43  30  19  48  47  27  42  10  34  16  71  9  14  31  39  33  79
   3  62  64  50  65  43  31  32  25  74  63  57  16  54  37  73  70  8  27  60  78  35  4  55  30  39  59  2  69  15  61  71  1  76  49  72  77  42  38  66  36  80  21  19  33  18  40  52  51  58  9  20  26  67  29  46  10  13  75  56  23  5  48  79  28  53  44  24  81  14  68  22  12  82  7  34  11  6  41  45  17  47
   3  62  69  39  38  46  65  16  53  15  25  23  36  42  22  75  27  30  70  74  49  2  17  82  73  13  37  19  55  81  31  52  9  4  18  7  35  47  20  51  67  26  10  61  6  76  48  59  45  50  11  72  40  14  60  78  54  32  41  58  43  8  33  29  71  68  34  63  1  77  64  66  56  12  57  24  5  79  80  28  21  44
   3  64  49  43  10  28  81  22  13  71  73  7  26  60  56  1  57  74  82  50  45  52  55  68  17  5  59  39  79  35  25  62  37  36  6  53  75  61  72  29  65  24  70  31  20  34  12  47  77  78  21  66  76  38  80  18  46  58  27  14  11  4  9  41  33  16  42  15  19  67  48  32  30  54  63  40  69  51  2  8  23  44
   3  66  29  47  64  10  15  28  55  45  39  73  16  78  8  9  5  36  12  26  41  20  11  54  43  79  81  59  21  71  19  72  65  68  76  17  33  75  42  7  63  22  48  1  34  74  58  35  27  24  31  60  30  62  18  40  38  2  13  52  61  82  67  53  77  46  50  49  37  57  32  80  4  14  69  56  51  23  6  70  25  44
   3  66  41  72  7  71  68  2  44  55  48  60  75  73  29  57  9  32  40  50  21  47  38  6  49  82  61  14  59  53  4  5  27  13  37  67  63  58  31  18  64  80  17  42  11  76  12  15  81  39  28  35  23  8  10  54  26  74  51  43  33  62  36  45  77  34  1  22  69  24  30  79  78  56  70  46  16  20  25  52  65  19
   3  67  30  6  51  60  12  19  37  24  38  74  48  76  65  13  69  47  26  55  11  52  27  22  21  54  44  42  25  5  1  50  10  2  17  20  4  34  40  8  68  80  16  53  77  32  23  71  64  46  59  45  9  35  7  18  70  14  36  57  28  72  31  56  61  62  29  39  41  58  78  82  33  73  81  66  63  79  49  43  75  15
   3  68  9  51  36  74  31  34  15  19  5  57  6  14  42  17  35  80  24  2  37  70  49  40  69  71  21  79  45  25  13  82  11  18  64  63  73  7  12  67  61  20  26  53  48  32  22  23  59  52  41  54  66  4  38  62  30  28  81  8  29  78  43  65  39  76  58  1  55  47  16  46  60  56  75  72  33  77  10  50  27  44
   3  70  71  55  8  56  47  40  57  75  53  41  78  32  76  25  65  42  36  60  33  38  5  26  13  63  43  17  69  61  7  10  39  50  52  27  31  21  64  45  59  18  4  23  62  72  68  11  9  80  51  48  20  28  58  2  22  54  67  46  79  74  19  77  1  24  66  35  73  37  82  12  34  16  81  6  15  49  14  30  29  44
   3  71  48  57  21  82  4  67  64  76  28  54  33  34  30  46  65  72  44  73  40  6  59  13  31  42  81  8  51  45  69  56  25  66  68  60  9  47  61  5  63  80  12  35  26  62  1  79  16  19  7  55  29  50  49  53  37  18  11  39  10  43  77  24  70  52  41  2  75  32  38  14  27  58  17  15  23  74  36  22  78  20
   3  72  51  59  62  38  63  46  17  49  19  25  68  50  28  33  13  4  48  36  29  6  43  12  39  55  65  37  11  15  1  20  67  82  40  73  71  35  34  23  57  16  64  75  76  30  32  81  41  26  61  42  56  52  78  24  14  80  53  2  47  70  77  7  45  54  74  69  9  27  66  60  8  58  5  22  79  21  18  10  31  44
   3  72  68  55  75  57  40  47  49  14  4  13  63  18  17  76  81  35  10  74  33  45  1  24  78  46  25  19  41  71  44  60  29  32  21  6  61  53  27  67  31  80  11  15  28  8  26  43  36  34  69  79  70  20  65  66  7  2  48  73  9  50  38  82  59  5  37  58  64  42  12  39  23  54  51  62  77  22  30  56  16  52
   3  73  61  18  23  34  25  55  38  67  81  62  70  71  40  5  11  74  30  66  29  14  64  8  1  52  48  6  63  39  36  46  68  50  27  76  51  79  41  57  59  80  10  22  65  60  49  58  28  45  16  2  21  13  12  43  78  72  9  53  17  54  69  19  75  82  31  35  77  20  44  47  37  15  33  56  7  32  4  42  26  24
   3  74  31  63  34  20  79  52  59  23  67  9  58  68  62  41  43  48  60  12  25  56  81  80  65  47  5  57  35  51  77  30  13  32  28  37  29  49  4  1  55  14  42  45  8  70  78  69  73  54  71  36  10  76  16  46  6  24  39  40  15  66  53  19  7  2  82  21  27  17  50  26  64  18  11  38  61  75  22  72  33  44
   3  76  11  67  6  2  13  58  19  79  33  75  48  4  14  49  73  10  72  70  21  24  37  66  9  39  27  77  59  5  71  40  41  64  16  1  69  63  56  61  53  12  20  15  22  28  42  57  23  82  81  30  46  18  36  68  80  50  25  78  65  62  29  31  51  32  8  55  45  7  34  74  38  60  17  54  43  47  26  52  35  44
   3  76  44  8  9  62  49  24  27  20  64  72  81  60  26  50  77  14  78  67  65  42  68  35  29  43  38  22  4  46  31  66  12  55  10  32  36  82  30  13  25  80  7  39  75  74  21  34  59  56  63  19  11  2  23  57  33  6  69  5  16  18  41  15  48  54  40  45  61  79  37  52  17  71  28  73  51  47  1  53  70  58
   3  78  73  71  60  66  29  64  61  53  81  59  38  22  48  57  21  54  2  46  17  74  75  52  35  31  49  15  1  41  65  50  69  14  4  47  27  77  26  39  51  10  80  67  36  68  6  45  55  28  9  24  82  42  56  8  72  76  11  34  33  58  5  43  13  62  16  7  63  79  18  40  12  20  23  70  25  19  30  32  37  44
   3  79  33  39  31  14  9  71  16  34  10  42  27  47  48  19  30  43  81  58  61  57  7  46  77  8  17  5  21  55  65  24  51  15  63  82  29  72  70  45  23  80  4  50  44  52  69  74  12  67  49  73  41  56  36  35  64  53  40  2  25  22  26  76  37  6  75  66  78  62  28  18  59  32  68  20  1  54  11  13  38  60
   3  80  53  75  32  48  45  70  21  27  47  43  28  40  82  65  51  16  14  22  13  42  31  38  61  23  71  35  25  77  59  60  15  46  74  11  67  9  78  17  49  8  58  37  50  26  52  33  5  56  19  18  36  66  76  30  64  20  79  72  1  54  63  55  57  10  24  41  81  69  2  6  68  62  29  4  7  73  34  12  39  44
   4  3  14  2  59  13  78  1  24  58  62  12  9  77  69  82  30  23  39  57  6  61  26  11  32  8  34  76  74  68  48  81  72  29  51  22  66  38  19  56  46  5  15  60  79  25  63  10  70  31  40  7  27  33  35  75  49  73  52  67  20  47  16  80  64  71  41  28  36  50  53  21  17  65  42  37  54  18  43  55  44  45
   4  5  27  13  37  67  63  58  31  18  64  80  17  42  11  76  12  15  81  39  28  35  23  8  10  54  26  74  51  43  33  62  36  45  77  34  1  22  69  24  30  79  78  56  70  46  16  20  25  52  65  19  3  66  41  72  7  71  68  2  44  55  48  60  75  73  29  57  9  32  40  50  21  47  38  6  49  82  61  14  59  53
   4  5  76  6  31  77  12  7  66  32  28  78  81  13  21  8  60  67  51  33  2  29  64  79  58  82  56  14  16  22  42  9  18  61  39  68  24  52  71  34  44  3  75  30  11  65  27  80  20  59  50  1  63  57  55  15  41  17  38  23  70  43  74  10  26  19  49  62  54  40  37  69  73  25  48  53  36  72  47  35  46  45
   4  6  9  55  41  20  30  45  26  39  17  67  59  47  29  2  3  46  69  62  10  15  64  13  61  50  75  71  65  56  1  43  23  76  31  5  49  32  48  72  25  79  77  74  28  42  63  53  38  57  44  66  16  24  36  54  81  80  37  14  21  73  68  19  70  22  33  8  12  18  27  82  40  60  7  52  78  34  51  35  11  58
   4  7  56  10  3  59  28  13  26  6  76  62  71  31  55  16  8  29  63  9  80  79  20  65  2  74  78  34  40  58  36  19  46  11  27  32  64  66  41  12  42  1  53  82  25  23  73  68  52  5  60  77  17  81  75  37  33  43  24  61  38  39  50  22  70  49  57  14  72  30  21  35  47  67  54  69  18  44  51  15  48  45
   4  9  36  14  57  41  44  19  68  62  42  46  61  49  7  24  38  73  75  67  76  47  58  51  28  66  18  54  64  12  30  29  74  43  15  78  22  80  11  72  40  81  31  52  39  63  37  56  2  33  70  71  53  23  13  59  25  69  10  17  6  35  26  34  32  79  65  48  8  20  5  1  21  27  60  3  82  16  55  77  50  45
   4  11  16  18  29  23  60  25  28  36  8  30  51  67  41  32  68  35  5  43  72  15  14  37  54  58  40  74  6  48  24  39  20  75  3  42  62  12  63  50  38  79  9  22  53  21  1  44  34  61  80  65  7  47  33  81  17  13  78  55  56  31  2  46  76  27  73  82  26  10  71  49  77  69  66  19  64  70  59  57  52  45
   4  13  63  18  17  76  81  35  10  74  33  45  1  24  78  46  25  19  41  71  44  60  29  32  21  6  61  53  27  67  31  80  11  15  28  8  26  43  36  34  69  79  70  20  65  66  7  2  48  73  9  50  38  82  59  5  37  58  64  42  12  39  23  54  51  62  77  22  30  56  16  52  3  72  68  55  75  57  40  47  49  14
   4  13  78  22  1  5  76  31  70  10  56  14  41  3  75  40  16  79  17  19  68  65  52  23  80  50  62  12  30  2  18  49  48  25  73  6  20  26  33  28  36  77  69  74  67  61  47  32  66  7  8  59  43  71  53  21  9  39  64  11  24  27  60  58  38  57  81  34  44  82  55  15  51  29  72  35  46  42  63  37  54  45
   4  14  49  47  40  57  75  55  68  72  3  52  16  56  30  22  77  62  51  54  23  39  12  42  64  58  37  5  59  82  38  50  9  73  48  2  7  66  65  20  70  79  69  34  36  43  26  8  28  15  11  80  31  67  27  53  61  6  21  32  29  60  44  71  41  19  25  46  78  24  1  45  33  74  10  35  81  76  17  18  63  13
   4  15  58  26  55  69  10  37  30  66  22  80  31  21  27  48  46  41  29  77  64  33  8  9  24  42  2  32  54  38  12  59  76  57  61  52  60  40  3  6  34  75  47  44  81  19  11  20  16  35  18  53  79  13  73  43  1  65  50  49  74  23  36  70  82  5  7  68  62  72  39  63  25  71  78  51  28  14  67  17  56  45
   4  15  77  19  9  13  28  22  41  50  63  8  30  71  38  18  26  56  44  82  17  43  16  60  59  76  36  52  29  5  81  34  3  32  37  35  69  72  21  58  10  79  68  6  64  74  70  55  61  42  33  20  75  53  12  45  65  57  27  39  1  66  40  67  23  24  7  47  31  54  78  2  49  80  51  46  48  14  11  62  25  73
   4  17  38  30  27  51  26  43  72  40  70  64  21  39  61  56  76  3  41  53  60  1  46  77  50  34  24  52  78  74  6  69  22  7  49  16  18  54  55  66  32  73  25  14  13  59  57  8  48  63  28  47  33  37  11  65  75  9  36  5  42  19  12  82  44  35  15  20  80  62  23  29  81  31  2  67  10  68  71  79  58  45
   4  18  81  74  1  46  41  60  21  53  31  15  26  34  70  66  48  50  59  58  12  54  77  56  3  55  40  14  63  76  10  45  78  19  44  32  61  67  11  8  36  79  65  2  9  82  37  42  23  62  30  52  68  57  49  13  17  35  33  24  25  71  29  6  27  80  28  43  69  20  7  73  38  5  64  39  51  22  16  72  75  47
   4  19  18  34  81  33  42  49  32  14  36  48  11  57  13  64  24  47  53  29  56  51  2  63  76  26  46  72  20  28  82  79  50  39  37  62  58  68  25  44  30  71  3  66  27  17  21  78  80  9  38  41  69  61  31  5  67  35  22  43  10  15  70  12  6  65  23  54  16  52  7  77  55  73  8  1  74  40  75  59  60  45
   4  19  28  50  30  18  44  43  59  52  81  32  69  58  68  74  61  20  12  57  1  67  7  54  49  46  11  73  77  13  41  8  38  56  17  60  36  5  3  35  21  79  64  55  33  53  65  39  40  24  31  2  51  14  25  15  9  22  63  71  26  82  16  76  29  34  37  72  10  6  70  42  75  45  27  66  23  47  78  80  48  62
   4  20  17  2  10  50  1  5  25  42  44  54  21  22  27  52  11  55  26  47  69  13  65  76  48  74  38  24  37  19  12  60  51  6  30  67  3  15  75  43  49  79  63  66  81  73  33  82  78  58  41  39  29  62  61  56  31  72  28  57  36  14  70  18  7  35  9  45  59  46  64  71  23  32  77  53  16  80  68  8  40  34
   4  21  80  38  53  15  58  55  74  70  2  32  1  75  47  72  54  9  65  5  52  19  40  49  20  18  68  10  44  64  76  7  78  71  25  26  16  82  77  22  28  69  63  36  41  57  67  66  30  37  48  35  23  3  51  27  59  61  8  81  60  11  46  24  50  13  31  6  34  42  73  43  29  33  14  17  56  12  79  39  62  45
   4  22  38  43  29  35  68  42  65  67  78  14  77  50  26  60  81  72  64  20  27  24  49  62  9  8  44  76  3  58  70  53  1  47  51  73  28  71  17  52  37  79  61  45  40  54  48  15  41  18  16  5  69  6  33  57  23  2  11  19  63  56  59  34  21  74  75  39  7  80  25  13  30  82  36  32  10  55  12  66  31  46
   4  23  60  42  25  79  74  61  34  44  50  16  73  11  81  80  2  53  77  63  48  69  78  35  46  10  8  30  68  18  70  17  24  21  13  72  56  14  47  82  26  67  41  6  55  15  31  54  62  65  58  29  59  27  71  49  51  5  76  37  28  7  22  36  12  43  39  40  52  32  57  9  3  75  20  33  38  66  1  19  64  45
   4  24  61  34  38  62  40  74  29  8  48  39  68  76  41  80  65  58  16  13  78  53  69  82  77  47  33  32  26  73  23  55  81  71  11  66  64  52  63  46  27  79  59  22  49  45  21  43  9  54  75  35  44  15  7  42  3  18  25  67  70  5  30  14  1  6  36  50  51  57  10  60  28  2  12  72  17  19  31  20  37  56
   4  25  40  46  79  61  8  67  76  18  16  82  63  29  33  6  32  15  7  39  44  37  34  21  72  2  30  50  10  54  64  27  52  53  1  36  14  28  17  60  24  65  19  58  69  55  77  42  12  11  68  23  13  51  9  71  43  31  62  75  78  3  80  48  56  73  47  74  70  22  41  57  59  35  26  49  20  38  5  81  66  45
   4  27  20  50  51  43  24  73  36  74  64  66  53  47  67  14  62  59  19  15  40  5  72  7  16  76  52  70  34  8  58  37  80  3  71  82  54  42  69  38  22  63  79  28  1  13  41  30  44  39  78  17  49  75  29  11  35  57  48  31  46  81  56  60  18  21  55  26  6  12  25  23  33  77  32  65  2  10  9  61  68  45
   4  31  62  58  77  7  56  3  38  22  78  34  33  1  53  30  40  65  43  49  32  23  66  61  68  60  14  28  82  80  46  57  54  67  47  10  52  70  9  76  18  59  35  50  29  11  51  6  26  13  16  5  39  41  69  55  19  27  20  25  64  73  8  2  24  81  71  12  42  74  75  37  63  79  44  15  48  36  17  21  72  45
   4  32  7  56  33  15  37  47  44  20  77  35  31  82  75  19  69  54  17  53  9  72  78  43  12  13  21  2  16  45  28  58  49  60  65  22  10  80  59  57  41  79  51  76  27  50  68  46  36  39  63  6  48  52  1  8  64  14  29  66  30  74  11  5  40  71  70  62  81  67  38  55  25  34  23  18  61  73  3  24  26  42
   4  34  40  8  68  80  16  53  77  32  23  71  64  46  59  45  9  35  7  18  70  14  36  57  28  72  31  56  61  62  29  39  41  58  78  82  33  73  81  66  63  79  49  43  75  15  3  67  30  6  51  60  12  19  37  24  38  74  48  76  65  13  69  47  26  55  11  52  27  22  21  54  44  42  25  5  1  50  10  2  17  20
   4  35  22  66  21  53  6  15  40  52  10  2  13  37  39  46  18  71  67  1  24  41  60  33  38  44  58  68  48  70  34  77  28  49  23  20  50  16  31  32  14  55  73  72  57  9  61  64  8  69  36  75  29  7  27  17  3  79  74  19  82  65  42  26  30  59  5  80  78  54  43  51  11  81  56  47  12  62  25  63  76  45
   4  35  78  60  27  8  70  73  37  54  16  57  63  74  25  32  31  43  65  50  64  62  3  47  17  45  41  6  11  34  7  82  12  22  68  14  81  24  44  53  28  79  48  5  23  56  75  13  10  46  29  67  26  20  9  58  51  52  40  18  33  19  21  80  36  66  38  42  77  72  49  76  1  71  61  15  69  2  59  39  30  55
   4  37  2  70  75  35  22  21  82  26  58  68  3  55  73  54  48  33  79  59  20  9  16  19  64  36  80  6  72  24  28  5  56  81  11  66  8  30  1  10  12  53  51  42  71  49  25  52  40  15  46  69  65  31  47  39  77  23  60  57  50  61  18  38  74  7  13  32  14  44  27  17  67  41  62  63  76  34  29  43  78  45
   4  39  64  74  47  17  38  27  42  82  24  52  75  73  25  62  78  77  9  35  16  59  54  5  8  28  20  26  14  60  22  15  2  31  81  30  48  44  53  70  10  51  29  12  3  7  71  40  72  43  56  63  19  55  67  61  69  49  46  13  18  57  76  50  36  37  21  66  32  34  11  65  41  1  68  79  58  6  33  23  80  45
   4  39  69  71  49  42  36  19  40  58  26  46  75  5  28  24  68  82  11  45  3  50  31  74  16  73  27  35  30  2  61  76  77  66  21  18  51  20  29  13  23  79  44  14  12  34  41  47  64  43  25  57  37  8  78  55  59  15  1  72  38  80  33  52  9  67  10  56  48  53  81  22  7  6  17  62  65  32  63  54  70  60
   4  42  26  24  3  73  61  18  23  34  25  55  38  67  81  62  70  71  40  5  11  74  30  66  29  14  64  8  1  52  48  6  63  39  36  46  68  50  27  76  51  79  41  57  59  80  10  22  65  60  49  58  28  45  16  2  21  13  12  43  78  72  9  53  17  54  69  19  75  82  31  35  77  20  44  47  37  15  33  56  7  32
   4  43  24  82  73  63  70  39  44  30  38  20  55  27  11  78  56  1  33  69  8  77  48  59  60  12  64  66  62  50  10  35  58  13  57  40  46  72  75  26  6  47  67  34  31  5  81  16  54  17  76  51  9  21  25  23  53  19  18  7  36  49  28  74  42  15  37  52  68  14  61  79  71  3  80  29  22  32  41  65  2  45
   4  45  29  15  65  5  77  57  81  19  27  34  9  39  3  13  1  32  28  66  37  22  40  35  41  67  69  50  23  72  63  24  21  8  7  58  30  47  10  71  31  79  38  54  68  18  78  6  26  2  64  56  49  74  44  80  70  82  51  55  17  46  61  43  48  42  16  14  33  60  11  20  59  62  75  76  25  53  36  73  12  52
   4  46  31  66  12  55  10  32  36  82  30  13  25  80  7  39  75  74  21  34  59  56  63  19  11  2  23  57  33  6  69  5  16  18  41  15  48  54  40  45  61  79  37  52  17  71  28  73  51  47  1  53  70  58  3  76  44  8  9  62  49  24  27  20  64  72  81  60  26  50  77  14  78  67  65  42  68  35  29  43  38  22
   4  47  66  8  17  27  20  51  46  60  52  70  35  63  79  12  34  7  57  21  82  13  42  31  30  78  26  24  28  40  80  55  32  77  33  50  44  18  15  64  2  43  23  56  59  3  9  74  36  73  14  39  81  69  65  67  37  71  72  1  54  41  62  16  48  75  53  38  22  76  29  11  19  5  10  61  68  58  49  25  6  45
   4  49  46  12  71  9  36  57  6  34  18  54  25  81  31  20  64  51  69  79  78  63  80  17  56  70  48  44  52  76  74  65  60  27  21  14  2  32  67  42  82  41  1  26  73  43  55  62  68  19  24  33  35  11  3  7  29  15  58  39  22  37  38  28  10  23  61  72  40  66  13  59  75  47  16  77  50  30  53  5  8  45
   4  51  26  16  43  73  52  63  48  8  66  38  15  17  65  28  12  13  81  55  74  31  36  3  82  62  70  64  76  30  68  75  6  59  9  60  42  46  37  20  80  39  61  78  5  1  19  50  18  47  34  27  71  35  23  29  21  41  44  77  72  33  14  40  54  53  69  24  58  56  79  25  49  7  22  11  32  2  57  67  10  45
   4  52  12  73  36  53  25  76  75  62  59  20  11  60  33  14  16  42  48  43  61  46  17  55  51  82  70  80  44  74  49  56  64  2  26  6  78  18  68  54  38  79  31  71  10  47  30  58  7  8  21  24  63  72  23  50  69  67  41  35  40  22  37  66  28  32  1  13  3  39  9  34  27  19  81  57  77  5  65  15  29  45
   4  53  6  20  15  55  68  69  8  64  32  22  5  35  17  36  42  57  11  31  70  81  74  71  26  54  10  2  18  66  62  3  34  9  79  24  82  60  7  80  78  37  39  48  19  41  65  38  50  75  44  21  25  59  43  51  13  67  30  33  40  29  72  52  16  1  77  58  76  46  63  73  23  49  28  27  14  56  61  47  12  45
   4  53  59  14  61  82  49  6  38  47  21  50  40  32  9  57  29  73  75  60  48  55  44  2  68  71  7  72  41  66  3  19  65  52  25  20  16  46  70  56  78  79  30  24  69  22  1  34  77  45  36  62  33  43  51  74  26  54  10  8  23  35  28  39  81  15  12  76  11  42  17  80  64  18  31  58  63  67  37  13  27  5
   4  54  65  6  81  56  9  80  1  55  37  43  41  14  23  20  21  76  30  73  31  45  68  5  26  19  49  39  70  32  17  22  48  67  33  72  59  8  25  47  12  79  29  18  77  2  27  74  3  82  28  46  40  42  69  60  63  62  7  53  10  52  38  15  78  57  64  34  44  13  51  66  61  35  16  50  11  24  75  58  36  71
   4  55  30  39  59  2  69  15  61  71  1  76  49  72  77  42  38  66  36  80  21  19  33  18  40  52  51  58  9  20  26  67  29  46  10  13  75  56  23  5  48  79  28  53  44  24  81  14  68  22  12  82  7  34  11  6  41  45  17  47  3  62  64  50  65  43  31  32  25  74  63  57  16  54  37  73  70  8  27  60  78  35
   4  55  68  24  69  37  2  75  50  38  80  6  77  53  51  44  72  19  23  7  66  49  30  57  52  46  32  22  42  20  56  13  62  41  67  70  40  74  59  58  76  35  17  18  33  81  29  26  82  21  54  15  61  1  63  73  5  11  16  71  8  25  48  64  60  31  3  10  12  36  47  39  79  9  34  43  78  28  65  27  14  45
   4  56  37  20  31  19  17  72  12  2  28  60  10  57  51  50  36  6  1  14  30  5  70  67  25  18  3  42  7  15  44  35  75  54  9  43  21  45  49  22  59  79  27  46  63  52  64  66  11  71  81  55  23  73  26  32  33  47  77  82  69  53  78  13  16  58  65  80  41  76  68  39  48  8  29  74  40  62  38  34  61  24
   4  57  3  22  23  58  38  2  70  43  11  53  29  19  1  35  63  47  68  56  51  42  59  73  65  34  28  67  21  71  78  74  17  14  75  52  77  39  37  50  7  79  26  80  61  60  25  45  81  13  40  72  30  54  64  82  48  20  36  15  27  32  41  24  10  18  49  55  16  62  12  5  9  66  69  8  31  6  44  46  33  76
   4  57  48  28  41  19  18  81  10  12  46  72  67  71  3  52  20  63  35  65  62  17  68  43  78  38  54  42  66  56  50  23  8  73  55  34  80  6  29  36  74  33  77  70  47  39  75  14  32  49  64  9  15  25  1  13  79  37  2  27  58  21  24  76  22  61  11  44  30  26  31  5  53  51  40  59  60  82  69  7  16  45
   4  58  11  35  51  34  78  52  7  60  40  82  27  18  12  8  33  22  70  19  68  73  21  14  37  80  81  54  36  24  16  66  44  57  38  53  63  42  28  74  77  79  25  72  48  32  49  5  31  76  23  43  1  56  65  71  75  50  61  13  64  15  10  62  69  46  3  2  29  47  59  67  17  39  26  45  30  20  41  55  9  6
   4  59  28  32  13  1  34  5  52  68  12  56  57  7  37  60  50  25  47  41  58  67  24  29  22  30  76  62  8  10  44  33  36  23  43  80  38  20  81  14  72  31  55  40  61  79  39  2  64  77  74  3  51  49  21  35  71  63  70  65  26  17  82  6  66  9  19  78  48  16  15  53  27  11  46  75  42  54  73  69  18  45
   4  60  70  54  63  32  65  62  17  6  7  22  81  53  48  56  10  67  9  52  33  80  38  72  1  15  59  55  78  8  37  57  25  43  64  47  41  34  12  14  44  79  23  13  29  20  51  18  21  66  77  76  61  2  30  35  27  73  16  74  31  50  3  45  11  82  68  24  28  5  75  46  26  58  40  19  36  42  49  71  69  39
   4  61  8  36  67  65  50  11  12  42  60  40  47  25  71  68  80  69  59  17  54  35  62  15  48  22  16  82  32  46  38  43  64  55  31  44  78  34  51  74  70  29  33  10  75  37  3  72  14  23  2  79  5  73  41  57  63  7  56  21  76  13  58  18  28  39  27  30  66  6  81  19  1  53  52  9  24  26  77  49  20  45
   4  62  48  80  78  47  23  66  27  45  75  42  70  6  10  72  37  34  29  76  16  82  26  71  63  22  9  15  25  14  51  2  31  24  40  39  65  53  33  55  64  79  21  35  3  5  36  60  17  56  38  8  41  13  77  73  11  46  49  54  7  67  1  57  12  20  61  74  68  58  69  32  81  52  59  43  44  18  30  50  28  19
   4  63  70  40  39  47  66  17  54  16  26  24  37  43  23  76  28  31  71  75  50  3  18  1  74  14  38  20  56  82  32  53  10  5  19  8  36  48  21  52  68  27  11  62  7  77  49  60  46  51  12  73  41  15  61  79  55  33  42  59  44  9  34  30  72  69  35  64  2  78  65  67  57  13  58  25  6  80  81  29  22  45
   4  65  50  44  11  29  82  23  14  72  74  8  27  61  57  2  58  75  1  51  46  53  56  69  18  6  60  40  80  36  26  63  38  37  7  54  76  62  73  30  66  25  71  32  21  35  13  48  78  79  22  67  77  39  81  19  47  59  28  15  12  5  10  42  34  17  43  16  20  68  49  33  31  55  64  41  70  52  3  9  24  45
   4  67  30  48  65  11  16  29  56  46  40  74  17  79  9  10  6  37  13  27  42  21  12  55  44  80  82  60  22  72  20  73  66  69  77  18  34  76  43  8  64  23  49  2  35  75  59  36  28  25  32  61  31  63  19  41  39  3  14  53  62  1  68  54  78  47  51  50  38  58  33  81  5  15  70  57  52  24  7  71  26  45
   4  69  10  52  37  75  32  35  16  20  6  58  7  15  43  18  36  81  25  3  38  71  50  41  70  72  22  80  46  26  14  1  12  19  65  64  74  8  13  68  62  21  27  54  49  33  23  24  60  53  42  55  67  5  39  63  31  29  82  9  30  79  44  66  40  77  59  2  56  48  17  47  61  57  76  73  34  78  11  51  28  45
   4  71  36  58  75  24  11  50  16  35  61  66  51  13  44  34  64  57  78  15  38  52  10  53  7  62  63  60  69  42  40  46  28  82  3  74  27  2  77  18  29  79  12  47  25  8  59  72  33  67  48  22  17  32  70  39  49  19  26  5  68  45  31  73  30  76  21  20  23  14  41  43  37  55  1  80  9  56  81  6  65  54
   4  71  72  56  9  57  48  41  58  76  54  42  79  33  77  26  66  43  37  61  34  39  6  27  14  64  44  18  70  62  8  11  40  51  53  28  32  22  65  46  60  19  5  24  63  73  69  12  10  81  52  49  21  29  59  3  23  55  68  47  80  75  20  78  2  25  67  36  74  38  1  13  35  17  82  7  16  50  15  31  30  45
   4  72  51  5  7  43  27  71  33  13  68  62  37  2  36  67  44  45  63  55  77  58  48  34  31  60  1  18  75  22  64  73  69  80  29  24  17  57  30  42  9  79  11  32  78  76  40  56  12  50  70  15  21  46  81  47  16  39  38  20  28  6  25  35  49  52  23  82  65  8  61  19  10  14  3  54  59  66  26  53  41  74
   4  73  25  62  11  14  48  46  51  80  49  2  78  54  31  47  7  24  23  67  40  66  1  39  27  57  65  45  12  53  75  20  33  42  61  55  70  74  64  6  68  79  10  58  21  72  69  35  37  32  3  34  81  5  29  52  36  76  59  60  16  43  17  82  44  56  26  18  38  71  30  8  63  50  41  22  28  13  9  19  77  15
   4  73  52  60  63  39  64  47  18  50  20  26  69  51  29  34  14  5  49  37  30  7  44  13  40  56  66  38  12  16  2  21  68  1  41  74  72  36  35  24  58  17  65  76  77  31  33  82  42  27  62  43  57  53  79  25  15  81  54  3  48  71  78  8  46  55  75  70  10  28  67  61  9  59  6  23  80  22  19  11  32  45
   4  74  41  53  26  66  59  54  3  14  10  19  61  8  65  82  23  52  49  35  25  6  28  20  38  39  16  47  81  46  21  15  70  50  12  56  40  76  78  32  11  79  9  42  30  57  17  24  29  80  69  73  64  22  75  18  1  60  31  34  48  58  77  55  63  45  44  67  36  2  37  62  68  13  33  71  27  43  7  5  51  72
   4  75  32  64  35  21  80  53  60  24  68  10  59  69  63  42  44  49  61  13  26  57  82  81  66  48  6  58  36  52  78  31  14  33  29  38  30  50  5  2  56  15  43  46  9  71  79  70  74  55  72  37  11  77  17  47  7  25  40  41  16  67  54  20  8  3  1  22  28  18  51  27  65  19  12  39  62  76  23  73  34  45
   4  76  33  46  44  6  31  8  69  66  9  5  12  62  16  55  49  18  10  24  41  32  27  15  36  20  48  82  64  54  30  72  40  13  81  45  25  60  61  80  26  79  7  50  37  39  77  52  75  14  17  74  78  71  21  67  28  34  65  73  59  42  51  56  68  47  63  35  1  19  29  53  11  43  70  2  38  58  23  22  3  57
   4  77  12  68  7  3  14  59  20  80  34  76  49  5  15  50  74  11  73  71  22  25  38  67  10  40  28  78  60  6  72  41  42  65  17  2  70  64  57  62  54  13  21  16  23  29  43  58  24  1  82  31  47  19  37  69  81  51  26  79  66  63  30  32  52  33  9  56  46  8  35  75  39  61  18  55  44  48  27  53  36  45
   4  79  74  72  61  67  30  65  62  54  82  60  39  23  49  58  22  55  3  47  18  75  76  53  36  32  50  16  2  42  66  51  70  15  5  48  28  78  27  40  52  11  81  68  37  69  7  46  56  29  10  25  1  43  57  9  73  77  12  35  34  59  6  44  14  63  17  8  64  80  19  41  13  21  24  71  26  20  31  33  38  45
   4  80  23  45  70  72  29  82  63  15  51  24  65  55  21  5  17  8  77  46  7  57  61  58  81  43  30  19  48  47  27  42  10  34  16  71  9  14  31  39  33  79  3  60  38  13  11  54  1  20  68  32  59  18  28  62  78  66  75  6  37  76  26  22  25  2  40  53  64  35  36  56  41  73  49  67  12  74  69  52  44  50
   4  81  54  76  33  49  46  71  22  28  48  44  29  41  1  66  52  17  15  23  14  43  32  39  62  24  72  36  26  78  60  61  16  47  75  12  68  10  79  18  50  9  59  38  51  27  53  34  6  57  20  19  37  67  77  31  65  21  80  73  2  55  64  56  58  11  25  42  82  70  3  7  69  63  30  5  8  74  35  13  40  45
   5  2  35  81  6  32  63  78  65  3  15  29  20  60  36  75  1  62  28  82  11  12  71  26  7  17  13  57  51  33  55  72  45  80  64  59  27  25  50  79  49  8  38  9  66  68  18  23  39  4  31  14  74  10  16  54  58  48  67  30  53  52  41  69  21  42  34  77  19  61  70  56  44  24  37  22  73  47  40  76  43  46
   5  3  35  21  79  64  55  33  53  65  39  40  24  31  2  51  14  25  15  9  22  63  71  26  82  16  76  29  34  37  72  10  6  70  42  75  45  27  66  23  47  78  80  48  62  4  19  28  50  30  18  44  43  59  52  81  32  69  58  68  74  61  20  12  57  1  67  7  54  49  46  11  73  77  13  41  8  38  56  17  60  36
   5  4  15  3  60  14  79  2  25  59  63  13  10  78  70  1  31  24  40  58  7  62  27  12  33  9  35  77  75  69  49  82  73  30  52  23  67  39  20  57  47  6  16  61  80  26  64  11  71  32  41  8  28  34  36  76  50  74  53  68  21  48  17  81  65  72  42  29  37  51  54  22  18  66  43  38  55  19  44  56  45  46
   5  4  53  59  14  61  82  49  6  38  47  21  50  40  32  9  57  29  73  75  60  48  55  44  2  68  71  7  72  41  66  3  19  65  52  25  20  16  46  70  56  78  79  30  24  69  22  1  34  77  45  36  62  33  43  51  74  26  54  10  8  23  35  28  39  81  15  12  76  11  42  17  80  64  18  31  58  63  67  37  13  27
   5  6  77  7  32  78  13  8  67  33  29  79  82  14  22  9  61  68  52  34  3  30  65  80  59  1  57  15  17  23  43  10  19  62  40  69  25  53  72  35  45  4  76  31  12  66  28  81  21  60  51  2  64  58  56  16  42  18  39  24  71  44  75  11  27  20  50  63  55  41  38  70  74  26  49  54  37  73  48  36  47  46
   5  7  43  27  71  33  13  68  62  37  2  36  67  44  45  63  55  77  58  48  34  31  60  1  18  75  22  64  73  69  80  29  24  17  57  30  42  9  79  11  32  78  76  40  56  12  50  70  15  21  46  81  47  16  39  38  20  28  6  25  35  49  52  23  82  65  8  61  19  10  14  3  54  59  66  26  53  41  74  4  72  51
   5  8  57  11  4  60  29  14  27  7  77  63  72  32  56  17  9  30  64  10  81  80  21  66  3  75  79  35  41  59  37  20  47  12  28  33  65  67  42  13  43  2  54  1  26  24  74  69  53  6  61  78  18  82  76  38  34  44  25  62  39  40  51  23  71  50  58  15  73  31  22  36  48  68  55  70  19  45  52  16  49  46
   5  9  66  69  8  31  6  44  46  33  76  4  57  3  22  23  58  38  2  70  43  11  53  29  19  1  35  63  47  68  56  51  42  59  73  65  34  28  67  21  71  78  74  17  14  75  52  77  39  37  50  7  79  26  80  61  60  25  45  81  13  40  72  30  54  64  82  48  20  36  15  27  32  41  24  10  18  49  55  16  62  12
   5  10  20  40  80  77  71  59  35  70  57  31  62  41  82  81  79  75  67  51  19  38  76  69  55  27  54  25  50  17  34  68  53  23  46  9  18  36  72  61  39  78  73  63  43  3  6  12  24  48  13  26  52  21  42  1  2  4  8  16  32  64  45  7  14  28  56  29  58  33  66  49  15  30  60  37  74  65  47  11  22  44
   5  10  37  15  58  42  45  20  69  63  43  47  62  50  8  25  39  74  76  68  77  48  59  52  29  67  19  55  65  13  31  30  75  44  16  79  23  81  12  73  41  82  32  53  40  64  38  57  3  34  71  72  54  24  14  60  26  70  11  18  7  36  27  35  33  80  66  49  9  21  6  2  22  28  61  4  1  17  56  78  51  46
   5  11  74  30  66  29  14  64  8  1  52  48  6  63  39  36  46  68  50  27  76  51  79  41  57  59  80  10  22  65  60  49  58  28  45  16  2  21  13  12  43  78  72  9  53  17  54  69  19  75  82  31  35  77  20  44  47  37  15  33  56  7  32  4  42  26  24  3  73  61  18  23  34  25  55  38  67  81  62  70  71  40
   5  12  17  19  30  24  61  26  29  37  9  31  52  68  42  33  69  36  6  44  73  16  15  38  55  59  41  75  7  49  25  40  21  76  4  43  63  13  64  51  39  80  10  23  54  22  2  45  35  62  81  66  8  48  34  82  18  14  79  56  57  32  3  47  77  28  74  1  27  11  72  50  78  70  67  20  65  71  60  58  53  46
   5  12  62  16  55  49  18  10  24  41  32  27  15  36  20  48  82  64  54  30  72  40  13  81  45  25  60  61  80  26  79  7  50  37  39  77  52  75  14  17  74  78  71  21  67  28  34  65  73  59  42  51  56  68  47  63  35  1  19  29  53  11  43  70  2  38  58  23  22  3  57  4  76  33  46  44  6  31  8  69  66  9
   5  14  79  23  2  6  77  32  71  11  57  15  42  4  76  41  17  80  18  20  69  66  53  24  81  51  63  13  31  3  19  50  49  26  74  7  21  27  34  29  37  78  70  75  68  62  48  33  67  8  9  60  44  72  54  22  10  40  65  12  25  28  61  59  39  58  82  35  45  1  56  16  52  30  73  36  47  43  64  38  55  46
   5  16  18  41  15  48  54  40  45  61  79  37  52  17  71  28  73  51  47  1  53  70  58  3  76  44  8  9  62  49  24  27  20  64  72  81  60  26  50  77  14  78  67  65  42  68  35  29  43  38  22  4  46  31  66  12  55  10  32  36  82  30  13  25  80  7  39  75  74  21  34  59  56  63  19  11  2  23  57  33  6  69
   5  16  59  27  56  70  11  38  31  67  23  81  32  22  28  49  47  42  30  78  65  34  9  10  25  43  3  33  55  39  13  60  77  58  62  53  61  41  4  7  35  76  48  45  82  20  12  21  17  36  19  54  80  14  74  44  2  66  51  50  75  24  37  71  1  6  8  69  63  73  40  64  26  72  79  52  29  15  68  18  57  46
   5  17  8  77  46  7  57  61  58  81  43  30  19  48  47  27  42  10  34  16  71  9  14  31  39  33  79  3  60  38  13  11  54  1  20  68  32  59  18  28  62  78  66  75  6  37  76  26  22  25  2  40  53  64  35  36  56  41  73  49  67  12  74  69  52  44  50  4  80  23  45  70  72  29  82  63  15  51  24  65  55  21
   5  18  39  31  28  52  27  44  73  41  71  65  22  40  62  57  77  4  42  54  61  2  47  78  51  35  25  53  79  75  7  70  23  8  50  17  19  55  56  67  33  74  26  15  14  60  58  9  49  64  29  48  34  38  12  66  76  10  37  6  43  20  13  1  45  36  16  21  81  63  24  30  82  32  3  68  11  69  72  80  59  46
   5  20  19  35  82  34  43  50  33  15  37  49  12  58  14  65  25  48  54  30  57  52  3  64  77  27  47  73  21  29  1  80  51  40  38  63  59  69  26  45  31  72  4  67  28  18  22  79  81  10  39  42  70  62  32  6  68  36  23  44  11  16  71  13  7  66  24  55  17  53  8  78  56  74  9  2  75  41  76  60  61  46
   5  21  55  65  24  51  15  63  82  29  72  70  45  23  80  4  50  44  52  69  74  12  67  49  73  41  56  36  35  64  53  40  2  25  22  26  76  37  6  75  66  78  62  28  18  59  32  68  20  1  54  11  13  38  60  3  79  33  39  31  14  9  71  16  34  10  42  27  47  48  19  30  43  81  58  61  57  7  46  77  8  17
   5  22  81  39  54  16  59  56  75  71  3  33  2  76  48  73  55  10  66  6  53  20  41  50  21  19  69  11  45  65  77  8  79  72  26  27  17  1  78  23  29  70  64  37  42  58  68  67  31  38  49  36  24  4  52  28  60  62  9  82  61  12  47  25  51  14  32  7  35  43  74  44  30  34  15  18  57  13  80  40  63  46
   5  23  56  75  13  10  46  29  67  26  20  9  58  51  52  40  18  33  19  21  80  36  66  38  42  77  72  49  76  1  71  61  15  69  2  59  39  30  55  4  35  78  60  27  8  70  73  37  54  16  57  63  74  25  32  31  43  65  50  64  62  3  47  17  45  41  6  11  34  7  82  12  22  68  14  81  24  44  53  28  79  48
   5  24  61  43  26  80  75  62  35  45  51  17  74  12  82  81  3  54  78  64  49  70  79  36  47  11  9  31  69  19  71  18  25  22  14  73  57  15  48  1  27  68  42  7  56  16  32  55  63  66  59  30  60  28  72  50  52  6  77  38  29  8  23  37  13  44  40  41  53  33  58  10  4  76  21  34  39  67  2  20  65  46
   5  26  19  49  39  70  32  17  22  48  67  33  72  59  8  25  47  12  79  29  18  77  2  27  74  3  82  28  46  40  42  69  60  63  62  7  53  10  52  38  15  78  57  64  34  44  13  51  66  61  35  16  50  11  24  75  58  36  71  4  54  65  6  81  56  9  80  1  55  37  43  41  14  23  20  21  76  30  73  31  45  68
   5  28  21  51  52  44  25  74  37  75  65  67  54  48  68  15  63  60  20  16  41  6  73  8  17  77  53  71  35  9  59  38  81  4  72  1  55  43  70  39  23  64  80  29  2  14  42  31  45  40  79  18  50  76  30  12  36  58  49  32  47  82  57  61  19  22  56  27  7  13  26  24  34  78  33  66  3  11  10  62  69  46
   5  28  24  68  82  11  45  3  50  31  74  16  73  27  35  30  2  61  76  77  66  21  18  51  20  29  13  23  79  44  14  12  34  41  47  64  43  25  57  37  8  78  55  59  15  1  72  38  80  33  52  9  67  10  56  48  53  81  22  7  6  17  62  65  32  63  54  70  60  4  39  69  71  49  42  36  19  40  58  26  46  75
   5  31  76  23  43  1  56  65  71  75  50  61  13  64  15  10  62  69  46  3  2  29  47  59  67  17  39  26  45  30  20  41  55  9  6  4  58  11  35  51  34  78  52  7  60  40  82  27  18  12  8  33  22  70  19  68  73  21  14  37  80  81  54  36  24  16  66  44  57  38  53  63  42  28  74  77  79  25  72  48  32  49
   5  32  63  59  78  8  57  4  39  23  79  35  34  2  54  31  41  66  44  50  33  24  67  62  69  61  15  29  1  81  47  58  55  68  48  11  53  71  10  77  19  60  36  51  30  12  52  7  27  14  17  6  40  42  70  56  20  28  21  26  65  74  9  3  25  82  72  13  43  75  76  38  64  80  45  16  49  37  18  22  73  46
   5  33  2  63  34  75  80  30  32  12  46  38  35  65  14  26  72  27  62  44  58  1  73  17  79  40  15  16  6  23  19  59  74  7  13  36  55  31  22  29  42  78  50  81  20  49  8  3  53  51  71  37  45  48  18  69  57  11  56  21  39  25  82  10  66  4  43  68  67  77  60  64  24  9  76  70  47  28  52  61  54  41
   5  34  43  63  50  72  73  10  81  79  45  19  24  20  6  39  71  28  56  26  29  74  23  48  13  53  37  49  25  35  41  68  1  18  36  57  11  3  62  55  17  58  14  21  44  52  16  77  59  42  27  82  76  66  8  78  12  54  7  64  33  70  67  15  69  30  80  47  61  65  60  4  38  40  51  32  31  9  22  2  75  46
   5  36  23  67  22  54  7  16  41  53  11  3  14  38  40  47  19  72  68  2  25  42  61  34  39  45  59  69  49  71  35  78  29  50  24  21  51  17  32  33  15  56  74  73  58  10  62  65  9  70  37  76  30  8  28  18  4  80  75  20  1  66  43  27  31  60  6  81  79  55  44  52  12  82  57  48  13  63  26  64  77  46
   5  38  3  71  76  36  23  22  1  27  59  69  4  56  74  55  49  34  80  60  21  10  17  20  65  37  81  7  73  25  29  6  57  82  12  67  9  31  2  11  13  54  52  43  72  50  26  53  41  16  47  70  66  32  48  40  78  24  61  58  51  62  19  39  75  8  14  33  15  45  28  18  68  42  63  64  77  35  30  44  79  46
   5  38  73  7  20  69  43  28  80  27  6  29  71  25  24  33  35  17  13  49  57  68  52  30  62  23  42  37  82  9  2  65  79  36  8  11  67  61  32  44  19  78  45  10  76  63  14  40  55  3  56  77  54  12  58  59  50  48  66  70  34  26  15  31  53  21  60  41  46  1  74  81  18  4  47  75  72  16  22  51  39  64
   5  40  65  75  48  18  39  28  43  1  25  53  76  74  26  63  79  78  10  36  17  60  55  6  9  29  21  27  15  61  23  16  3  32  82  31  49  45  54  71  11  52  30  13  4  8  72  41  73  44  57  64  20  56  68  62  70  50  47  14  19  58  77  51  37  38  22  67  33  35  12  66  42  2  69  80  59  7  34  24  81  46
   5  40  71  70  62  81  67  38  55  25  34  23  18  61  73  3  24  26  42  4  32  7  56  33  15  37  47  44  20  77  35  31  82  75  19  69  54  17  53  9  72  78  43  12  13  21  2  16  45  28  58  49  60  65  22  10  80  59  57  41  79  51  76  27  50  68  46  36  39  63  6  48  52  1  8  64  14  29  66  30  74  11
   5  41  54  61  52  28  47  70  76  9  24  64  60  77  67  68  43  4  66  10  82  25  39  21  56  11  57  69  18  48  45  37  71  51  53  3  8  49  20  81  50  78  42  29  22  31  55  36  13  7  74  59  19  23  6  16  15  40  79  17  73  1  58  44  62  27  72  26  14  65  35  38  46  12  32  30  80  75  34  63  2  33
   5  44  22  11  47  65  74  37  60  30  15  49  66  33  58  29  56  28  14  7  45  64  32  16  8  4  2  1  42  21  52  26  13  48  24  12  6  3  43  63  73  78  39  61  72  36  18  9  46  23  53  68  34  17  50  25  54  27  55  69  76  38  19  51  67  75  79  81  82  41  62  31  57  70  35  59  71  77  80  40  20  10
   5  48  67  9  18  28  21  52  47  61  53  71  36  64  80  13  35  8  58  22  1  14  43  32  31  79  27  25  29  41  81  56  33  78  34  51  45  19  16  65  3  44  24  57  60  4  10  75  37  74  15  40  82  70  66  68  38  72  73  2  55  42  63  17  49  76  54  39  23  77  30  12  20  6  11  62  69  59  50  26  7  46
   5  48  79  28  53  44  24  81  14  68  22  12  82  7  34  11  6  41  45  17  47  3  62  64  50  65  43  31  32  25  74  63  57  16  54  37  73  70  8  27  60  78  35  4  55  30  39  59  2  69  15  61  71  1  76  49  72  77  42  38  66  36  80  21  19  33  18  40  52  51  58  9  20  26  67  29  46  10  13  75  56  23
   5  50  47  13  72  10  37  58  7  35  19  55  26  82  32  21  65  52  70  80  79  64  81  18  57  71  49  45  53  77  75  66  61  28  22  15  3  33  68  43  1  42  2  27  74  44  56  63  69  20  25  34  36  12  4  8  30  16  59  40  23  38  39  29  11  24  62  73  41  67  14  60  76  48  17  78  51  31  54  6  9  46
   5  51  72  4  74  41  53  26  66  59  54  3  14  10  19  61  8  65  82  23  52  49  35  25  6  28  20  38  39  16  47  81  46  21  15  70  50  12  56  40  76  78  32  11  79  9  42  30  57  17  24  29  80  69  73  64  22  75  18  1  60  31  34  48  58  77  55  63  45  44  67  36  2  37  62  68  13  33  71  27  43  7
   5  52  27  17  44  74  53  64  49  9  67  39  16  18  66  29  13  14  82  56  75  32  37  4  1  63  71  65  77  31  69  76  7  60  10  61  43  47  38  21  81  40  62  79  6  2  20  51  19  48  35  28  72  36  24  30  22  42  45  78  73  34  15  41  55  54  70  25  59  57  80  26  50  8  23  12  33  3  58  68  11  46
   5  54  7  21  16  56  69  70  9  65  33  23  6  36  18  37  43  58  12  32  71  82  75  72  27  55  11  3  19  67  63  4  35  10  80  25  1  61  8  81  79  38  40  49  20  42  66  39  51  76  45  22  26  60  44  52  14  68  31  34  41  30  73  53  17  2  78  59  77  47  64  74  24  50  29  28  15  57  62  48  13  46
   5  56  69  25  70  38  3  76  51  39  81  7  78  54  52  45  73  20  24  8  67  50  31  58  53  47  33  23  43  21  57  14  63  42  68  71  41  75  60  59  77  36  18  19  34  82  30  27  1  22  55  16  62  2  64  74  6  12  17  72  9  26  49  65  61  32  4  11  13  37  48  40  80  10  35  44  79  29  66  28  15  46
   5  60  29  33  14  2  35  6  53  69  13  57  58  8  38  61  51  26  48  42  59  68  25  30  23  31  77  63  9  11  45  34  37  24  44  81  39  21  82  15  73  32  56  41  62  80  40  3  65  78  75  4  52  50  22  36  72  64  71  66  27  18  1  7  67  10  20  79  49  17  16  54  28  12  47  76  43  55  74  70  19  46
   5  61  47  9  60  68  66  25  56  69  45  51  8  81  42  31  13  59  6  40  73  44  72  65  46  30  34  33  54  28  76  64  67  4  82  21  57  48  71  3  20  78  22  36  74  23  15  17  58  27  14  38  32  75  2  41  52  70  24  77  43  10  39  11  18  37  53  49  50  29  55  7  19  16  79  1  62  26  35  12  80  63
   5  62  9  37  68  66  51  12  13  43  61  41  48  26  72  69  81  70  60  18  55  36  63  16  49  23  17  1  33  47  39  44  65  56  32  45  79  35  52  75  71  30  34  11  76  38  4  73  15  24  3  80  6  74  42  58  64  8  57  22  77  14  59  19  29  40  28  31  67  7  82  20  2  54  53  10  25  27  78  50  21  46
   5  63  80  12  35  26  62  1  79  16  19  7  55  29  50  49  53  37  18  11  39  10  43  77  24  70  52  41  2  75  32  38  14  27  58  17  15  23  74  36  22  78  20  3  71  48  57  21  82  4  67  64  76  28  54  33  34  30  46  65  72  44  73  40  6  59  13  31  42  81  8  51  45  69  56  25  66  68  60  9  47  61
   5  64  39  51  22  16  72  75  47  4  18  81  74  1  46  41  60  21  53  31  15  26  34  70  66  48  50  59  58  12  54  77  56  3  55  40  14  63  76  10  45  78  19  44  32  61  67  11  8  36  79  65  2  9  82  37  42  23  62  30  52  68  57  49  13  17  35  33  24  25  71  29  6  27  80  28  43  69  20  7  73  38
   5  65  15  29  45  4  52  12  73  36  53  25  76  75  62  59  20  11  60  33  14  16  42  48  43  61  46  17  55  51  82  70  80  44  74  49  56  64  2  26  6  78  18  68  54  38  79  31  71  10  47  30  58  7  8  21  24  63  72  23  50  69  67  41  35  40  22  37  66  28  32  1  13  3  39  9  34  27  19  81  57  77
   5  66  51  45  12  30  1  24  15  73  75  9  28  62  58  3  59  76  2  52  47  54  57  70  19  7  61  41  81  37  27  64  39  38  8  55  77  63  74  31  67  26  72  33  22  36  14  49  79  80  23  68  78  40  82  20  48  60  29  16  13  6  11  43  35  18  44  17  21  69  50  34  32  56  65  42  71  53  4  10  25  46
   5  68  31  49  66  12  17  30  57  47  41  75  18  80  10  11  7  38  14  28  43  22  13  56  45  81  1  61  23  73  21  74  67  70  78  19  35  77  44  9  65  24  50  3  36  76  60  37  29  26  33  62  32  64  20  42  40  4  15  54  63  2  69  55  79  48  52  51  39  59  34  82  6  16  71  58  53  25  8  72  27  46
   5  68  45  31  73  30  76  21  20  23  14  41  43  37  55  1  80  9  56  81  6  65  54  4  71  36  58  75  24  11  50  16  35  61  66  51  13  44  34  64  57  78  15  38  52  10  53  7  62  63  60  69  42  40  46  28  82  3  74  27  2  77  18  29  79  12  47  25  8  59  72  33  67  48  22  17  32  70  39  49  19  26
   5  69  6  33  57  23  2  11  19  63  56  59  34  21  74  75  39  7  80  25  13  30  82  36  32  10  55  12  66  31  46  4  22  38  43  29  35  68  42  65  67  78  14  77  50  26  60  81  72  64  20  27  24  49  62  9  8  44  76  3  58  70  53  1  47  51  73  28  71  17  52  37  79  61  45  40  54  48  15  41  18  16
   5  70  11  53  38  76  33  36  17  21  7  59  8  16  44  19  37  82  26  4  39  72  51  42  71  73  23  81  47  27  15  2  13  20  66  65  75  9  14  69  63  22  28  55  50  34  24  25  61  54  43  56  68  6  40  64  32  30  1  10  31  80  45  67  41  78  60  3  57  49  18  48  62  58  77  74  35  79  12  52  29  46
   5  72  73  57  10  58  49  42  59  77  55  43  80  34  78  27  67  44  38  62  35  40  7  28  15  65  45  19  71  63  9  12  41  52  54  29  33  23  66  47  61  20  6  25  64  74  70  13  11  82  53  50  22  30  60  4  24  56  69  48  81  76  21  79  3  26  68  37  75  39  2  14  36  18  1  8  17  51  16  32  31  46
   5  74  53  61  64  40  65  48  19  51  21  27  70  52  30  35  15  6  50  38  31  8  45  14  41  57  67  39  13  17  3  22  69  2  42  75  73  37  36  25  59  18  66  77  78  32  34  1  43  28  63  44  58  54  80  26  16  82  55  4  49  72  79  9  47  56  76  71  11  29  68  62  10  60  7  24  81  23  20  12  33  46
   5  76  33  65  36  22  81  54  61  25  69  11  60  70  64  43  45  50  62  14  27  58  1  82  67  49  7  59  37  53  79  32  15  34  30  39  31  51  6  3  57  16  44  47  10  72  80  71  75  56  73  38  12  78  18  48  8  26  41  42  17  68  55  21  9  4  2  23  29  19  52  28  66  20  13  40  63  77  24  74  35  46
   5  77  57  81  19  27  34  9  39  3  13  1  32  28  66  37  22  40  35  41  67  69  50  23  72  63  24  21  8  7  58  30  47  10  71  31  79  38  54  68  18  78  6  26  2  64  56  49  74  44  80  70  82  51  55  17  46  61  43  48  42  16  14  33  60  11  20  59  62  75  76  25  53  36  73  12  52  4  45  29  15  65
   5  78  13  69  8  4  15  60  21  81  35  77  50  6  16  51  75  12  74  72  23  26  39  68  11  41  29  79  61  7  73  42  43  66  18  3  71  65  58  63  55  14  22  17  24  30  44  59  25  2  1  32  48  20  38  70  82  52  27  80  67  64  31  33  53  34  10  57  47  9  36  76  40  62  19  56  45  49  28  54  37  46
   5  80  75  73  62  68  31  66  63  55  1  61  40  24  50  59  23  56  4  48  19  76  77  54  37  33  51  17  3  43  67  52  71  16  6  49  29  79  28  41  53  12  82  69  38  70  8  47  57  30  11  26  2  44  58  10  74  78  13  36  35  60  7  45  15  64  18  9  65  81  20  42  14  22  25  72  27  21  32  34  39  46
   5  81  34  3  32  37  35  69  72  21  58  10  79  68  6  64  74  70  55  61  42  33  20  75  53  12  45  65  57  27  39  1  66  40  67  23  24  7  47  31  54  78  2  49  80  51  46  48  14  11  62  25  73  4  15  77  19  9  13  28  22  41  50  63  8  30  71  38  18  26  56  44  82  17  43  16  60  59  76  36  52  29
   6  3  43  63  73  78  39  61  72  36  18  9  46  23  53  68  34  17  50  25  54  27  55  69  76  38  19  51  67  75  79  81  82  41  62  31  57  70  35  59  71  77  80  40  20  10  5  44  22  11  47  65  74  37  60  30  15  49  66  33  58  29  56  28  14  7  45  64  32  16  8  4  2  1  42  21  52  26  13  48  24  12
   6  4  58  11  35  51  34  78  52  7  60  40  82  27  18  12  8  33  22  70  19  68  73  21  14  37  80  81  54  36  24  16  66  44  57  38  53  63  42  28  74  77  79  25  72  48  32  49  5  31  76  23  43  1  56  65  71  75  50  61  13  64  15  10  62  69  46  3  2  29  47  59  67  17  39  26  45  30  20  41  55  9
   6  5  16  4  61  15  80  3  26  60  64  14  11  79  71  2  32  25  41  59  8  63  28  13  34  10  36  78  76  70  50  1  74  31  53  24  68  40  21  58  48  7  17  62  81  27  65  12  72  33  42  9  29  35  37  77  51  75  54  69  22  49  18  82  66  73  43  30  38  52  55  23  19  67  44  39  56  20  45  57  46  47
   6  7  22  81  53  48  56  10  67  9  52  33  80  38  72  1  15  59  55  78  8  37  57  25  43  64  47  41  34  12  14  44  79  23  13  29  20  51  18  21  66  77  76  61  2  30  35  27  73  16  74  31  50  3  45  11  82  68  24  28  5  75  46  26  58  40  19  36  42  49  71  69  39  4  60  70  54  63  32  65  62  17
   6  7  78  8  33  79  14  9  68  34  30  80  1  15  23  10  62  69  53  35  4  31  66  81  60  2  58  16  18  24  44  11  20  63  41  70  26  54  73  36  46  5  77  32  13  67  29  82  22  61  52  3  65  59  57  17  43  19  40  25  72  45  76  12  28  21  51  64  56  42  39  71  75  27  50  55  38  74  49  37  48  47
   6  9  58  12  5  61  30  15  28  8  78  64  73  33  57  18  10  31  65  11  82  81  22  67  4  76  80  36  42  60  38  21  48  13  29  34  66  68  43  14  44  3  55  2  27  25  75  70  54  7  62  79  19  1  77  39  35  45  26  63  40  41  52  24  72  51  59  16  74  32  23  37  49  69  56  71  20  46  53  17  50  47
   6  10  72  37  34  29  76  16  82  26  71  63  22  9  15  25  14  51  2  31  24  40  39  65  53  33  55  64  79  21  35  3  5  36  60  17  56  38  8  41  13  77  73  11  46  49  54  7  67  1  57  12  20  61  74  68  58  69  32  81  52  59  43  44  18  30  50  28  19  4  62  48  80  78  47  23  66  27  45  75  42  70
   6  11  38  16  59  43  46  21  70  64  44  48  63  51  9  26  40  75  77  69  78  49  60  53  30  68  20  56  66  14  32  31  76  45  17  80  24  82  13  74  42  1  33  54  41  65  39  58  4  35  72  73  55  25  15  61  27  71  12  19  8  37  28  36  34  81  67  50  10  22  7  3  23  29  62  5  2  18  57  79  52  47
   6  13  18  20  31  25  62  27  30  38  10  32  53  69  43  34  70  37  7  45  74  17  16  39  56  60  42  76  8  50  26  41  22  77  5  44  64  14  65  52  40  81  11  24  55  23  3  46  36  63  82  67  9  49  35  1  19  15  80  57  58  33  4  48  78  29  75  2  28  12  73  51  79  71  68  21  66  72  61  59  54  47
   6  15  80  24  3  7  78  33  72  12  58  16  43  5  77  42  18  81  19  21  70  67  54  25  82  52  64  14  32  4  20  51  50  27  75  8  22  28  35  30  38  79  71  76  69  63  49  34  68  9  10  61  45  73  55  23  11  41  66  13  26  29  62  60  40  59  1  36  46  2  57  17  53  31  74  37  48  44  65  39  56  47
   6  16  15  40  79  17  73  1  58  44  62  27  72  26  14  65  35  38  46  12  32  30  80  75  34  63  2  33  5  41  54  61  52  28  47  70  76  9  24  64  60  77  67  68  43  4  66  10  82  25  39  21  56  11  57  69  18  48  45  37  71  51  53  3  8  49  20  81  50  78  42  29  22  31  55  36  13  7  74  59  19  23
   6  17  60  28  57  71  12  39  32  68  24  82  33  23  29  50  48  43  31  79  66  35  10  11  26  44  4  34  56  40  14  61  78  59  63  54  62  42  5  8  36  77  49  46  1  21  13  22  18  37  20  55  81  15  75  45  3  67  52  51  76  25  38  72  2  7  9  70  64  74  41  65  27  73  80  53  30  16  69  19  58  47
   6  17  62  65  32  63  54  70  60  4  39  69  71  49  42  36  19  40  58  26  46  75  5  28  24  68  82  11  45  3  50  31  74  16  73  27  35  30  2  61  76  77  66  21  18  51  20  29  13  23  79  44  14  12  34  41  47  64  43  25  57  37  8  78  55  59  15  1  72  38  80  33  52  9  67  10  56  48  53  81  22  7
   6  19  40  32  29  53  28  45  74  42  72  66  23  41  63  58  78  5  43  55  62  3  48  79  52  36  26  54  80  76  8  71  24  9  51  18  20  56  57  68  34  75  27  16  15  61  59  10  50  65  30  49  35  39  13  67  77  11  38  7  44  21  14  2  46  37  17  22  82  64  25  31  1  33  4  69  12  70  73  81  60  47
   6  21  32  29  60  44  71  41  19  25  46  78  24  1  45  33  74  10  35  81  76  17  18  63  13  4  14  49  47  40  57  75  55  68  72  3  52  16  56  30  22  77  62  51  54  23  39  12  42  64  58  37  5  59  82  38  50  9  73  48  2  7  66  65  20  70  79  69  34  36  43  26  8  28  15  11  80  31  67  27  53  61
   6  23  19  59  74  7  13  36  55  31  22  29  42  78  50  81  20  49  8  3  53  51  71  37  45  48  18  69  57  11  56  21  39  25  82  10  66  4  43  68  67  77  60  64  24  9  76  70  47  28  52  61  54  41  5  33  2  63  34  75  80  30  32  12  46  38  35  65  14  26  72  27  62  44  58  1  73  17  79  40  15  16
   6  25  35  49  52  23  82  65  8  61  19  10  14  3  54  59  66  26  53  41  74  4  72  51  5  7  43  27  71  33  13  68  62  37  2  36  67  44  45  63  55  77  58  48  34  31  60  1  18  75  22  64  73  69  80  29  24  17  57  30  42  9  79  11  32  78  76  40  56  12  50  70  15  21  46  81  47  16  39  38  20  28
   6  25  62  44  27  81  76  63  36  46  52  18  75  13  1  82  4  55  79  65  50  71  80  37  48  12  10  32  70  20  72  19  26  23  15  74  58  16  49  2  28  69  43  8  57  17  33  56  64  67  60  31  61  29  73  51  53  7  78  39  30  9  24  38  14  45  41  42  54  34  59  11  5  77  22  35  40  68  3  21  66  47
   6  27  80  28  43  69  20  7  73  38  5  64  39  51  22  16  72  75  47  4  18  81  74  1  46  41  60  21  53  31  15  26  34  70  66  48  50  59  58  12  54  77  56  3  55  40  14  63  76  10  45  78  19  44  32  61  67  11  8  36  79  65  2  9  82  37  42  23  62  30  52  68  57  49  13  17  35  33  24  25  71  29
   6  28  20  38  39  16  47  81  46  21  15  70  50  12  56  40  76  78  32  11  79  9  42  30  57  17  24  29  80  69  73  64  22  75  18  1  60  31  34  48  58  77  55  63  45  44  67  36  2  37  62  68  13  33  71  27  43  7  5  51  72  4  74  41  53  26  66  59  54  3  14  10  19  61  8  65  82  23  52  49  35  25
   6  29  22  52  53  45  26  75  38  76  66  68  55  49  69  16  64  61  21  17  42  7  74  9  18  78  54  72  36  10  60  39  82  5  73  2  56  44  71  40  24  65  81  30  3  15  43  32  46  41  80  19  51  77  31  13  37  59  50  33  48  1  58  62  20  23  57  28  8  14  27  25  35  79  34  67  4  12  11  63  70  47
   6  29  71  25  24  33  35  17  13  49  57  68  52  30  62  23  42  37  82  9  2  65  79  36  8  11  67  61  32  44  19  78  45  10  76  63  14  40  55  3  56  77  54  12  58  59  50  48  66  70  34  26  15  31  53  21  60  41  46  1  74  81  18  4  47  75  72  16  22  51  39  64  5  38  73  7  20  69  43  28  80  27
   6  30  67  3  15  75  43  49  79  63  66  81  73  33  82  78  58  41  39  29  62  61  56  31  72  28  57  36  14  70  18  7  35  9  45  59  46  64  71  23  32  77  53  16  80  68  8  40  34  4  20  17  2  10  50  1  5  25  42  44  54  21  22  27  52  11  55  26  47  69  13  65  76  48  74  38  24  37  19  12  60  51
   6  31  2  56  25  27  42  81  80  50  32  52  45  67  21  24  12  23  33  75  38  57  30  77  44  70  76  10  60  46  54  49  28  37  61  48  14  58  41  18  22  63  59  82  17  55  7  20  78  69  8  13  5  19  51  35  29  3  36  71  16  79  34  74  64  53  65  62  26  4  11  73  9  39  40  1  68  66  15  43  72  47
   6  31  8  69  66  9  5  12  62  16  55  49  18  10  24  41  32  27  15  36  20  48  82  64  54  30  72  40  13  81  45  25  60  61  80  26  79  7  50  37  39  77  52  75  14  17  74  78  71  21  67  28  34  65  73  59  42  51  56  68  47  63  35  1  19  29  53  11  43  70  2  38  58  23  22  3  57  4  76  33  46  44
   6  33  57  23  2  11  19  63  56  59  34  21  74  75  39  7  80  25  13  30  82  36  32  10  55  12  66  31  46  4  22  38  43  29  35  68  42  65  67  78  14  77  50  26  60  81  72  64  20  27  24  49  62  9  8  44  76  3  58  70  53  1  47  51  73  28  71  17  52  37  79  61  45  40  54  48  15  41  18  16  5  69
   6  33  64  60  79  9  58  5  40  24  80  36  35  3  55  32  42  67  45  51  34  25  68  63  70  62  16  30  2  82  48  59  56  69  49  12  54  72  11  78  20  61  37  52  31  13  53  8  28  15  18  7  41  43  71  57  21  29  22  27  66  75  10  4  26  1  73  14  44  76  77  39  65  81  46  17  50  38  19  23  74  47
   6  35  44  64  51  73  74  11  82  80  46  20  25  21  7  40  72  29  57  27  30  75  24  49  14  54  38  50  26  36  42  69  2  19  37  58  12  4  63  56  18  59  15  22  45  53  17  78  60  43  28  1  77  67  9  79  13  55  8  65  34  71  68  16  70  31  81  48  62  66  61  5  39  41  52  33  32  10  23  3  76  47
   6  37  24  68  23  55  8  17  42  54  12  4  15  39  41  48  20  73  69  3  26  43  62  35  40  46  60  70  50  72  36  79  30  51  25  22  52  18  33  34  16  57  75  74  59  11  63  66  10  71  38  77  31  9  29  19  5  81  76  21  2  67  44  28  32  61  7  82  80  56  45  53  13  1  58  49  14  64  27  65  78  47
   6  37  76  26  22  25  2  40  53  64  35  36  56  41  73  49  67  12  74  69  52  44  50  4  80  23  45  70  72  29  82  63  15  51  24  65  55  21  5  17  8  77  46  7  57  61  58  81  43  30  19  48  47  27  42  10  34  16  71  9  14  31  39  33  79  3  60  38  13  11  54  1  20  68  32  59  18  28  62  78  66  75
   6  39  4  72  77  37  24  23  2  28  60  70  5  57  75  56  50  35  81  61  22  11  18  21  66  38  82  8  74  26  30  7  58  1  13  68  10  32  3  12  14  55  53  44  73  51  27  54  42  17  48  71  67  33  49  41  79  25  62  59  52  63  20  40  76  9  15  34  16  46  29  19  69  43  64  65  78  36  31  45  80  47
   6  40  73  44  72  65  46  30  34  33  54  28  76  64  67  4  82  21  57  48  71  3  20  78  22  36  74  23  15  17  58  27  14  38  32  75  2  41  52  70  24  77  43  10  39  11  18  37  53  49  50  29  55  7  19  16  79  1  62  26  35  12  80  63  5  61  47  9  60  68  66  25  56  69  45  51  8  81  42  31  13  59
   6  43  46  80  21  1  56  35  4  58  74  38  67  11  61  72  28  41  23  13  14  29  12  75  36  22  44  48  40  16  18  27  32  65  71  78  8  60  25  50  10  51  9  66  19  49  37  30  24  73  68  59  57  81  7  3  63  77  34  53  70  55  54  64  82  69  31  20  52  26  79  33  17  45  76  15  42  62  39  5  2  47
   6  44  46  33  76  4  57  3  22  23  58  38  2  70  43  11  53  29  19  1  35  63  47  68  56  51  42  59  73  65  34  28  67  21  71  78  74  17  14  75  52  77  39  37  50  7  79  26  80  61  60  25  45  81  13  40  72  30  54  64  82  48  20  36  15  27  32  41  24  10  18  49  55  16  62  12  5  9  66  69  8  31
   6  45  26  2  75  65  72  41  46  32  40  22  57  29  13  80  58  3  35  71  10  79  50  61  62  14  66  68  64  52  12  37  60  15  59  42  48  74  77  28  8  49  69  36  33  7  1  18  56  19  78  53  11  23  27  25  55  21  20  9  38  51  30  76  44  17  39  54  70  16  63  81  73  5  82  31  24  34  43  67  4  47
   6  49  68  10  19  29  22  53  48  62  54  72  37  65  81  14  36  9  59  23  2  15  44  33  32  80  28  26  30  42  82  57  34  79  35  52  46  20  17  66  4  45  25  58  61  5  11  76  38  75  16  41  1  71  67  69  39  73  74  3  56  43  64  18  50  77  55  40  24  78  31  13  21  7  12  63  70  60  51  27  8  47
   6  51  48  14  73  11  38  59  8  36  20  56  27  1  33  22  66  53  71  81  80  65  82  19  58  72  50  46  54  78  76  67  62  29  23  16  4  34  69  44  2  43  3  28  75  45  57  64  70  21  26  35  37  13  5  9  31  17  60  41  24  39  40  30  12  25  63  74  42  68  15  61  77  49  18  79  52  32  55  7  10  47
   6  51  60  12  19  37  24  38  74  48  76  65  13  69  47  26  55  11  52  27  22  21  54  44  42  25  5  1  50  10  2  17  20  4  34  40  8  68  80  16  53  77  32  23  71  64  46  59  45  9  35  7  18  70  14  36  57  28  72  31  56  61  62  29  39  41  58  78  82  33  73  81  66  63  79  49  43  75  15  3  67  30
   6  53  28  18  45  75  54  65  50  10  68  40  17  19  67  30  14  15  1  57  76  33  38  5  2  64  72  66  78  32  70  77  8  61  11  62  44  48  39  22  82  41  63  80  7  3  21  52  20  49  36  29  73  37  25  31  23  43  46  79  74  35  16  42  56  55  71  26  60  58  81  27  51  9  24  13  34  4  59  69  12  47
   6  55  8  22  17  57  70  71  10  66  34  24  7  37  19  38  44  59  13  33  72  1  76  73  28  56  12  4  20  68  64  5  36  11  81  26  2  62  9  82  80  39  41  50  21  43  67  40  52  77  46  23  27  61  45  53  15  69  32  35  42  31  74  54  18  3  79  60  78  48  65  75  25  51  30  29  16  58  63  49  14  47
   6  57  70  26  71  39  4  77  52  40  82  8  79  55  53  46  74  21  25  9  68  51  32  59  54  48  34  24  44  22  58  15  64  43  69  72  42  76  61  60  78  37  19  20  35  1  31  28  2  23  56  17  63  3  65  75  7  13  18  73  10  27  50  66  62  33  5  12  14  38  49  41  81  11  36  45  80  30  67  29  16  47
   6  59  13  31  42  81  8  51  45  69  56  25  66  68  60  9  47  61  5  63  80  12  35  26  62  1  79  16  19  7  55  29  50  49  53  37  18  11  39  10  43  77  24  70  52  41  2  75  32  38  14  27  58  17  15  23  74  36  22  78  20  3  71  48  57  21  82  4  67  64  76  28  54  33  34  30  46  65  72  44  73  40
   6  59  50  30  43  21  20  1  12  14  48  74  69  73  5  54  22  65  37  67  64  19  70  45  80  40  56  44  68  58  52  25  10  75  57  36  82  8  31  38  76  35  79  72  49  41  77  16  34  51  66  11  17  27  3  15  81  39  4  29  60  23  26  78  24  63  13  46  32  28  33  7  55  53  42  61  62  2  71  9  18  47
   6  61  30  34  15  3  36  7  54  70  14  58  59  9  39  62  52  27  49  43  60  69  26  31  24  32  78  64  10  12  46  35  38  25  45  82  40  22  1  16  74  33  57  42  63  81  41  4  66  79  76  5  53  51  23  37  73  65  72  67  28  19  2  8  68  11  21  80  50  18  17  55  29  13  48  77  44  56  75  71  20  47
   6  61  53  27  67  31  80  11  15  28  8  26  43  36  34  69  79  70  20  65  66  7  2  48  73  9  50  38  82  59  5  37  58  64  42  12  39  23  54  51  62  77  22  30  56  16  52  3  72  68  55  75  57  40  47  49  14  4  13  63  18  17  76  81  35  10  74  33  45  1  24  78  46  25  19  41  71  44  60  29  32  21
   6  63  10  38  69  67  52  13  14  44  62  42  49  27  73  70  82  71  61  19  56  37  64  17  50  24  18  2  34  48  40  45  66  57  33  46  80  36  53  76  72  31  35  12  77  39  5  74  16  25  4  81  7  75  43  59  65  9  58  23  78  15  60  20  30  41  29  32  68  8  1  21  3  55  54  11  26  28  79  51  22  47
   6  64  74  70  55  61  42  33  20  75  53  12  45  65  57  27  39  1  66  40  67  23  24  7  47  31  54  78  2  49  80  51  46  48  14  11  62  25  73  4  15  77  19  9  13  28  22  41  50  63  8  30  71  38  18  26  56  44  82  17  43  16  60  59  76  36  52  29  5  81  34  3  32  37  35  69  72  21  58  10  79  68
   6  67  52  46  13  31  2  25  16  74  76  10  29  63  59  4  60  77  3  53  48  55  58  71  20  8  62  42  82  38  28  65  40  39  9  56  78  64  75  32  68  27  73  34  23  37  15  50  80  81  24  69  79  41  1  21  49  61  30  17  14  7  12  44  36  19  45  18  22  70  51  35  33  57  66  43  72  54  5  11  26  47
   6  68  79  10  58  21  72  69  35  37  32  3  34  81  5  29  52  36  76  59  60  16  43  17  82  44  56  26  18  38  71  30  8  63  50  41  22  28  13  9  19  77  15  4  73  25  62  11  14  48  46  51  80  49  2  78  54  31  47  7  24  23  67  40  66  1  39  27  57  65  45  12  53  75  20  33  42  61  55  70  74  64
   6  69  5  16  18  41  15  48  54  40  45  61  79  37  52  17  71  28  73  51  47  1  53  70  58  3  76  44  8  9  62  49  24  27  20  64  72  81  60  26  50  77  14  78  67  65  42  68  35  29  43  38  22  4  46  31  66  12  55  10  32  36  82  30  13  25  80  7  39  75  74  21  34  59  56  63  19  11  2  23  57  33
   6  69  32  50  67  13  18  31  58  48  42  76  19  81  11  12  8  39  15  29  44  23  14  57  46  82  2  62  24  74  22  75  68  71  79  20  36  78  45  10  66  25  51  4  37  77  61  38  30  27  34  63  33  65  21  43  41  5  16  55  64  3  70  56  80  49  53  52  40  60  35  1  7  17  72  59  54  26  9  73  28  47
   6  70  42  75  45  27  66  23  47  78  80  48  62  4  19  28  50  30  18  44  43  59  52  81  32  69  58  68  74  61  20  12  57  1  67  7  54  49  46  11  73  77  13  41  8  38  56  17  60  36  5  3  35  21  79  64  55  33  53  65  39  40  24  31  2  51  14  25  15  9  22  63  71  26  82  16  76  29  34  37  72  10
   6  71  12  54  39  77  34  37  18  22  8  60  9  17  45  20  38  1  27  5  40  73  52  43  72  74  24  82  48  28  16  3  14  21  67  66  76  10  15  70  64  23  29  56  51  35  25  26  62  55  44  57  69  7  41  65  33  31  2  11  32  81  46  68  42  79  61  4  58  50  19  49  63  59  78  75  36  80  13  53  30  47
   6  73  74  58  11  59  50  43  60  78  56  44  81  35  79  28  68  45  39  63  36  41  8  29  16  66  46  20  72  64  10  13  42  53  55  30  34  24  67  48  62  21  7  26  65  75  71  14  12  1  54  51  23  31  61  5  25  57  70  49  82  77  22  80  4  27  69  38  76  40  3  15  37  19  2  9  18  52  17  33  32  47
   6  75  66  78  62  28  18  59  32  68  20  1  54  11  13  38  60  3  79  33  39  31  14  9  71  16  34  10  42  27  47  48  19  30  43  81  58  61  57  7  46  77  8  17  5  21  55  65  24  51  15  63  82  29  72  70  45  23  80  4  50  44  52  69  74  12  67  49  73  41  56  36  35  64  53  40  2  25  22  26  76  37
   6  77  34  66  37  23  82  55  62  26  70  12  61  71  65  44  46  51  63  15  28  59  2  1  68  50  8  60  38  54  80  33  16  35  31  40  32  52  7  4  58  17  45  48  11  73  81  72  76  57  74  39  13  79  19  49  9  27  42  43  18  69  56  22  10  5  3  24  30  20  53  29  67  21  14  41  64  78  25  75  36  47
   6  78  18  68  54  38  79  31  71  10  47  30  58  7  8  21  24  63  72  23  50  69  67  41  35  40  22  37  66  28  32  1  13  3  39  9  34  27  19  81  57  77  5  65  15  29  45  4  52  12  73  36  53  25  76  75  62  59  20  11  60  33  14  16  42  48  43  61  46  17  55  51  82  70  80  44  74  49  56  64  2  26
   6  79  14  70  9  5  16  61  22  82  36  78  51  7  17  52  76  13  75  73  24  27  40  69  12  42  30  80  62  8  74  43  44  67  19  4  72  66  59  64  56  15  23  18  25  31  45  60  26  3  2  33  49  21  39  71  1  53  28  81  68  65  32  34  54  35  11  58  48  10  37  77  41  63  20  57  46  50  29  55  38  47
   6  81  76  74  63  69  32  67  64  56  2  62  41  25  51  60  24  57  5  49  20  77  78  55  38  34  52  18  4  44  68  53  72  17  7  50  30  80  29  42  54  13  1  70  39  71  9  48  58  31  12  27  3  45  59  11  75  79  14  37  36  61  8  46  16  65  19  10  66  82  21  43  15  23  26  73  28  22  33  35  40  47
   7  2  48  73  9  50  38  82  59  5  37  58  64  42  12  39  23  54  51  62  77  22  30  56  16  52  3  72  68  55  75  57  40  47  49  14  4  13  63  18  17  76  81  35  10  74  33  45  1  24  78  46  25  19  41  71  44  60  29  32  21  6  61  53  27  67  31  80  11  15  28  8  26  43  36  34  69  79  70  20  65  66
   7  2  57  79  36  52  49  74  25  31  51  47  32  44  4  69  55  20  18  26  17  46  35  42  65  27  75  39  29  81  63  64  19  50  78  15  71  13  82  21  53  12  62  41  54  30  56  37  9  60  23  22  40  70  80  34  68  24  1  76  5  58  67  59  61  14  28  45  3  73  6  10  72  66  33  8  11  77  38  16  43  48
   7  5  51  72  4  74  41  53  26  66  59  54  3  14  10  19  61  8  65  82  23  52  49  35  25  6  28  20  38  39  16  47  81  46  21  15  70  50  12  56  40  76  78  32  11  79  9  42  30  57  17  24  29  80  69  73  64  22  75  18  1  60  31  34  48  58  77  55  63  45  44  67  36  2  37  62  68  13  33  71  27  43
   7  6  17  5  62  16  81  4  27  61  65  15  12  80  72  3  33  26  42  60  9  64  29  14  35  11  37  79  77  71  51  2  75  32  54  25  69  41  22  59  49  8  18  63  82  28  66  13  73  34  43  10  30  36  38  78  52  76  55  70  23  50  19  1  67  74  44  31  39  53  56  24  20  68  45  40  57  21  46  58  47  48
   7  6  17  62  65  32  63  54  70  60  4  39  69  71  49  42  36  19  40  58  26  46  75  5  28  24  68  82  11  45  3  50  31  74  16  73  27  35  30  2  61  76  77  66  21  18  51  20  29  13  23  79  44  14  12  34  41  47  64  43  25  57  37  8  78  55  59  15  1  72  38  80  33  52  9  67  10  56  48  53  81  22
   7  8  21  24  63  72  23  50  69  67  41  35  40  22  37  66  28  32  1  13  3  39  9  34  27  19  81  57  77  5  65  15  29  45  4  52  12  73  36  53  25  76  75  62  59  20  11  60  33  14  16  42  48  43  61  46  17  55  51  82  70  80  44  74  49  56  64  2  26  6  78  18  68  54  38  79  31  71  10  47  30  58
   7  8  79  9  34  80  15  10  69  35  31  81  2  16  24  11  63  70  54  36  5  32  67  82  61  3  59  17  19  25  45  12  21  64  42  71  27  55  74  37  47  6  78  33  14  68  30  1  23  62  53  4  66  60  58  18  44  20  41  26  73  46  77  13  29  22  52  65  57  43  40  72  76  28  51  56  39  75  50  38  49  48
   7  10  59  13  6  62  31  16  29  9  79  65  74  34  58  19  11  32  66  12  1  82  23  68  5  77  81  37  43  61  39  22  49  14  30  35  67  69  44  15  45  4  56  3  28  26  76  71  55  8  63  80  20  2  78  40  36  46  27  64  41  42  53  25  73  52  60  17  75  33  24  38  50  70  57  72  21  47  54  18  51  48
   7  12  39  17  60  44  47  22  71  65  45  49  64  52  10  27  41  76  78  70  79  50  61  54  31  69  21  57  67  15  33  32  77  46  18  81  25  1  14  75  43  2  34  55  42  66  40  59  5  36  73  74  56  26  16  62  28  72  13  20  9  38  29  37  35  82  68  51  11  23  8  4  24  30  63  6  3  19  58  80  53  48
   7  13  36  55  31  22  29  42  78  50  81  20  49  8  3  53  51  71  37  45  48  18  69  57  11  56  21  39  25  82  10  66  4  43  68  67  77  60  64  24  9  76  70  47  28  52  61  54  41  5  33  2  63  34  75  80  30  32  12  46  38  35  65  14  26  72  27  62  44  58  1  73  17  79  40  15  16  6  23  19  59  74
   7  14  19  21  32  26  63  28  31  39  11  33  54  70  44  35  71  38  8  46  75  18  17  40  57  61  43  77  9  51  27  42  23  78  6  45  65  15  66  53  41  82  12  25  56  24  4  47  37  64  1  68  10  50  36  2  20  16  81  58  59  34  5  49  79  30  76  3  29  13  74  52  80  72  69  22  67  73  62  60  55  48
   7  14  28  56  29  58  33  66  49  15  30  60  37  74  65  47  11  22  44  5  10  20  40  80  77  71  59  35  70  57  31  62  41  82  81  79  75  67  51  19  38  76  69  55  27  54  25  50  17  34  68  53  23  46  9  18  36  72  61  39  78  73  63  43  3  6  12  24  48  13  26  52  21  42  1  2  4  8  16  32  64  45
   7  15  44  35  75  54  9  43  21  45  49  22  59  79  27  46  63  52  64  66  11  71  81  55  23  73  26  32  33  47  77  82  69  53  78  13  16  58  65  80  41  76  68  39  48  8  29  74  40  62  38  34  61  24  4  56  37  20  31  19  17  72  12  2  28  60  10  57  51  50  36  6  1  14  30  5  70  67  25  18  3  42
   7  16  81  25  4  8  79  34  73  13  59  17  44  6  78  43  19  82  20  22  71  68  55  26  1  53  65  15  33  5  21  52  51  28  76  9  23  29  36  31  39  80  72  77  70  64  50  35  69  10  11  62  46  74  56  24  12  42  67  14  27  30  63  61  41  60  2  37  47  3  58  18  54  32  75  38  49  45  66  40  57  48
   7  18  61  29  58  72  13  40  33  69  25  1  34  24  30  51  49  44  32  80  67  36  11  12  27  45  5  35  57  41  15  62  79  60  64  55  63  43  6  9  37  78  50  47  2  22  14  23  19  38  21  56  82  16  76  46  4  68  53  52  77  26  39  73  3  8  10  71  65  75  42  66  28  74  81  54  31  17  70  20  59  48
   7  18  70  14  36  57  28  72  31  56  61  62  29  39  41  58  78  82  33  73  81  66  63  79  49  43  75  15  3  67  30  6  51  60  12  19  37  24  38  74  48  76  65  13  69  47  26  55  11  52  27  22  21  54  44  42  25  5  1  50  10  2  17  20  4  34  40  8  68  80  16  53  77  32  23  71  64  46  59  45  9  35
   7  20  69  43  28  80  27  6  29  71  25  24  33  35  17  13  49  57  68  52  30  62  23  42  37  82  9  2  65  79  36  8  11  67  61  32  44  19  78  45  10  76  63  14  40  55  3  56  77  54  12  58  59  50  48  66  70  34  26  15  31  53  21  60  41  46  1  74  81  18  4  47  75  72  16  22  51  39  64  5  38  73
   7  22  21  37  2  36  45  52  35  17  39  51  14  60  16  67  27  50  56  32  59  54  5  66  79  29  49  75  23  31  3  82  53  42  40  65  61  71  28  47  33  74  6  69  30  20  24  81  1  12  41  44  72  64  34  8  70  38  25  46  13  18  73  15  9  68  26  57  19  55  10  80  58  76  11  4  77  43  78  62  63  48
   7  24  23  67  40  66  1  39  27  57  65  45  12  53  75  20  33  42  61  55  70  74  64  6  68  79  10  58  21  72  69  35  37  32  3  34  81  5  29  52  36  76  59  60  16  43  17  82  44  56  26  18  38  71  30  8  63  50  41  22  28  13  9  19  77  15  4  73  25  62  11  14  48  46  51  80  49  2  78  54  31  47
   7  30  23  53  54  46  27  76  39  77  67  69  56  50  70  17  65  62  22  18  43  8  75  10  19  79  55  73  37  11  61  40  1  6  74  3  57  45  72  41  25  66  82  31  4  16  44  33  47  42  81  20  52  78  32  14  38  60  51  34  49  2  59  63  21  24  58  29  9  15  28  26  36  80  35  68  5  13  12  64  71  48
   7  32  3  57  26  28  43  82  81  51  33  53  46  68  22  25  13  24  34  76  39  58  31  78  45  71  77  11  61  47  55  50  29  38  62  49  15  59  42  19  23  64  60  1  18  56  8  21  79  70  9  14  6  20  52  36  30  4  37  72  17  80  35  75  65  54  66  63  27  5  12  74  10  40  41  2  69  67  16  44  73  48
   7  32  4  42  26  24  3  73  61  18  23  34  25  55  38  67  81  62  70  71  40  5  11  74  30  66  29  14  64  8  1  52  48  6  63  39  36  46  68  50  27  76  51  79  41  57  59  80  10  22  65  60  49  58  28  45  16  2  21  13  12  43  78  72  9  53  17  54  69  19  75  82  31  35  77  20  44  47  37  15  33  56
   7  34  65  61  80  10  59  6  41  25  81  37  36  4  56  33  43  68  46  52  35  26  69  64  71  63  17  31  3  1  49  60  57  70  50  13  55  73  12  79  21  62  38  53  32  14  54  9  29  16  19  8  42  44  72  58  22  30  23  28  67  76  11  5  27  2  74  15  45  77  78  40  66  82  47  18  51  39  20  24  75  48
   7  35  9  45  59  46  64  71  23  32  77  53  16  80  68  8  40  34  4  20  17  2  10  50  1  5  25  42  44  54  21  22  27  52  11  55  26  47  69  13  65  76  48  74  38  24  37  19  12  60  51  6  30  67  3  15  75  43  49  79  63  66  81  73  33  82  78  58  41  39  29  62  61  56  31  72  28  57  36  14  70  18
   7  36  45  65  52  74  75  12  1  81  47  21  26  22  8  41  73  30  58  28  31  76  25  50  15  55  39  51  27  37  43  70  3  20  38  59  13  5  64  57  19  60  16  23  46  54  18  79  61  44  29  2  78  68  10  80  14  56  9  66  35  72  69  17  71  32  82  49  63  67  62  6  40  42  53  34  33  11  24  4  77  48
   7  38  25  69  24  56  9  18  43  55  13  5  16  40  42  49  21  74  70  4  27  44  63  36  41  47  61  71  51  73  37  80  31  52  26  23  53  19  34  35  17  58  76  75  60  12  64  67  11  72  39  78  32  10  30  20  6  82  77  22  3  68  45  29  33  62  8  1  81  57  46  54  14  2  59  50  15  65  28  66  79  48
   7  40  5  73  78  38  25  24  3  29  61  71  6  58  76  57  51  36  82  62  23  12  19  22  67  39  1  9  75  27  31  8  59  2  14  69  11  33  4  13  15  56  54  45  74  52  28  55  43  18  49  72  68  34  50  42  80  26  63  60  53  64  21  41  77  10  16  35  17  47  30  20  70  44  65  66  79  37  32  46  81  48
   7  42  3  18  25  67  70  5  30  14  1  6  36  50  51  57  10  60  28  2  12  72  17  19  31  20  37  56  4  24  61  34  38  62  40  74  29  8  48  39  68  76  41  80  65  58  16  13  78  53  69  82  77  47  33  32  26  73  23  55  81  71  11  66  64  52  63  46  27  79  59  22  49  45  21  43  9  54  75  35  44  15
   7  44  47  81  22  2  57  36  5  59  75  39  68  12  62  73  29  42  24  14  15  30  13  76  37  23  45  49  41  17  19  28  33  66  72  79  9  61  26  51  11  52  10  67  20  50  38  31  25  74  69  60  58  82  8  4  64  78  35  54  71  56  55  65  1  70  32  21  53  27  80  34  18  46  77  16  43  63  40  6  3  48
   7  45  64  32  16  8  4  2  1  42  21  52  26  13  48  24  12  6  3  43  63  73  78  39  61  72  36  18  9  46  23  53  68  34  17  50  25  54  27  55  69  76  38  19  51  67  75  79  81  82  41  62  31  57  70  35  59  71  77  80  40  20  10  5  44  22  11  47  65  74  37  60  30  15  49  66  33  58  29  56  28  14
   7  46  27  3  76  66  73  42  47  33  41  23  58  30  14  81  59  4  36  72  11  80  51  62  63  15  67  69  65  53  13  38  61  16  60  43  49  75  78  29  9  50  70  37  34  8  2  19  57  20  79  54  12  24  28  26  56  22  21  10  39  52  31  77  45  18  40  55  71  17  64  82  74  6  1  32  25  35  44  68  5  48
   7  46  77  8  17  5  21  55  65  24  51  15  63  82  29  72  70  45  23  80  4  50  44  52  69  74  12  67  49  73  41  56  36  35  64  53  40  2  25  22  26  76  37  6  75  66  78  62  28  18  59  32  68  20  1  54  11  13  38  60  3  79  33  39  31  14  9  71  16  34  10  42  27  47  48  19  30  43  81  58  61  57
   7  50  69  11  20  30  23  54  49  63  55  73  38  66  82  15  37  10  60  24  3  16  45  34  33  81  29  27  31  43  1  58  35  80  36  53  47  21  18  67  5  46  26  59  62  6  12  77  39  76  17  42  2  72  68  70  40  74  75  4  57  44  65  19  51  78  56  41  25  79  32  14  22  8  13  64  71  61  52  28  9  48
   7  52  49  15  74  12  39  60  9  37  21  57  28  2  34  23  67  54  72  82  81  66  1  20  59  73  51  47  55  79  77  68  63  30  24  17  5  35  70  45  3  44  4  29  76  46  58  65  71  22  27  36  38  14  6  10  32  18  61  42  25  40  41  31  13  26  64  75  43  69  16  62  78  50  19  80  53  33  56  8  11  48
   7  53  10  52  38  15  78  57  64  34  44  13  51  66  61  35  16  50  11  24  75  58  36  71  4  54  65  6  81  56  9  80  1  55  37  43  41  14  23  20  21  76  30  73  31  45  68  5  26  19  49  39  70  32  17  22  48  67  33  72  59  8  25  47  12  79  29  18  77  2  27  74  3  82  28  46  40  42  69  60  63  62
   7  54  29  19  46  76  55  66  51  11  69  41  18  20  68  31  15  16  2  58  77  34  39  6  3  65  73  67  79  33  71  78  9  62  12  63  45  49  40  23  1  42  64  81  8  4  22  53  21  50  37  30  74  38  26  32  24  44  47  80  75  36  17  43  57  56  72  27  61  59  82  28  52  10  25  14  35  5  60  70  13  48
   7  56  9  23  18  58  71  72  11  67  35  25  8  38  20  39  45  60  14  34  73  2  77  74  29  57  13  5  21  69  65  6  37  12  82  27  3  63  10  1  81  40  42  51  22  44  68  41  53  78  47  24  28  62  46  54  16  70  33  36  43  32  75  55  19  4  80  61  79  49  66  76  26  52  31  30  17  59  64  50  15  48
   7  56  33  15  37  47  44  20  77  35  31  82  75  19  69  54  17  53  9  72  78  43  12  13  21  2  16  45  28  58  49  60  65  22  10  80  59  57  41  79  51  76  27  50  68  46  36  39  63  6  48  52  1  8  64  14  29  66  30  74  11  5  40  71  70  62  81  67  38  55  25  34  23  18  61  73  3  24  26  42  4  32
   7  57  61  58  81  43  30  19  48  47  27  42  10  34  16  71  9  14  31  39  33  79  3  60  38  13  11  54  1  20  68  32  59  18  28  62  78  66  75  6  37  76  26  22  25  2  40  53  64  35  36  56  41  73  49  67  12  74  69  52  44  50  4  80  23  45  70  72  29  82  63  15  51  24  65  55  21  5  17  8  77  46
   7  58  30  47  10  71  31  79  38  54  68  18  78  6  26  2  64  56  49  74  44  80  70  82  51  55  17  46  61  43  48  42  16  14  33  60  11  20  59  62  75  76  25  53  36  73  12  52  4  45  29  15  65  5  77  57  81  19  27  34  9  39  3  13  1  32  28  66  37  22  40  35  41  67  69  50  23  72  63  24  21  8
   7  58  71  27  72  40  5  78  53  41  1  9  80  56  54  47  75  22  26  10  69  52  33  60  55  49  35  25  45  23  59  16  65  44  70  73  43  77  62  61  79  38  20  21  36  2  32  29  3  24  57  18  64  4  66  76  8  14  19  74  11  28  51  67  63  34  6  13  15  39  50  42  82  12  37  46  81  31  68  30  17  48
   7  60  51  31  44  22  21  2  13  15  49  75  70  74  6  55  23  66  38  68  65  20  71  46  81  41  57  45  69  59  53  26  11  76  58  37  1  9  32  39  77  36  80  73  50  42  78  17  35  52  67  12  18  28  4  16  82  40  5  30  61  24  27  79  25  64  14  47  33  29  34  8  56  54  43  62  63  3  72  10  19  48
   7  62  31  35  16  4  37  8  55  71  15  59  60  10  40  63  53  28  50  44  61  70  27  32  25  33  79  65  11  13  47  36  39  26  46  1  41  23  2  17  75  34  58  43  64  82  42  5  67  80  77  6  54  52  24  38  74  66  73  68  29  20  3  9  69  12  22  81  51  19  18  56  30  14  49  78  45  57  76  72  21  48
   7  62  63  60  69  42  40  46  28  82  3  74  27  2  77  18  29  79  12  47  25  8  59  72  33  67  48  22  17  32  70  39  49  19  26  5  68  45  31  73  30  76  21  20  23  14  41  43  37  55  1  80  9  56  81  6  65  54  4  71  36  58  75  24  11  50  16  35  61  66  51  13  44  34  64  57  78  15  38  52  10  53
   7  64  11  39  70  68  53  14  15  45  63  43  50  28  74  71  1  72  62  20  57  38  65  18  51  25  19  3  35  49  41  46  67  58  34  47  81  37  54  77  73  32  36  13  78  40  6  75  17  26  5  82  8  76  44  60  66  10  59  24  79  16  61  21  31  42  30  33  69  9  2  22  4  56  55  12  27  29  80  52  23  48
   7  68  53  47  14  32  3  26  17  75  77  11  30  64  60  5  61  78  4  54  49  56  59  72  21  9  63  43  1  39  29  66  41  40  10  57  79  65  76  33  69  28  74  35  24  38  16  51  81  82  25  70  80  42  2  22  50  62  31  18  15  8  13  45  37  20  46  19  23  71  52  36  34  58  67  44  73  55  6  12  27  48
   7  70  33  51  68  14  19  32  59  49  43  77  20  82  12  13  9  40  16  30  45  24  15  58  47  1  3  63  25  75  23  76  69  72  80  21  37  79  46  11  67  26  52  5  38  78  62  39  31  28  35  64  34  66  22  44  42  6  17  56  65  4  71  57  81  50  54  53  41  61  36  2  8  18  73  60  55  27  10  74  29  48
   7  71  68  2  44  55  48  60  75  73  29  57  9  32  40  50  21  47  38  6  49  82  61  14  59  53  4  5  27  13  37  67  63  58  31  18  64  80  17  42  11  76  12  15  81  39  28  35  23  8  10  54  26  74  51  43  33  62  36  45  77  34  1  22  69  24  30  79  78  56  70  46  16  20  25  52  65  19  3  66  41  72
   7  72  13  55  40  78  35  38  19  23  9  61  10  18  46  21  39  2  28  6  41  74  53  44  73  75  25  1  49  29  17  4  15  22  68  67  77  11  16  71  65  24  30  57  52  36  26  27  63  56  45  58  70  8  42  66  34  32  3  12  33  82  47  69  43  80  62  5  59  51  20  50  64  60  79  76  37  81  14  54  31  48
   7  72  41  66  3  19  65  52  25  20  16  46  70  56  78  79  30  24  69  22  1  34  77  45  36  62  33  43  51  74  26  54  10  8  23  35  28  39  81  15  12  76  11  42  17  80  64  18  31  58  63  67  37  13  27  5  4  53  59  14  61  82  49  6  38  47  21  50  40  32  9  57  29  73  75  60  48  55  44  2  68  71
   7  73  38  5  64  39  51  22  16  72  75  47  4  18  81  74  1  46  41  60  21  53  31  15  26  34  70  66  48  50  59  58  12  54  77  56  3  55  40  14  63  76  10  45  78  19  44  32  61  67  11  8  36  79  65  2  9  82  37  42  23  62  30  52  68  57  49  13  17  35  33  24  25  71  29  6  27  80  28  43  69  20
   7  74  59  19  23  6  16  15  40  79  17  73  1  58  44  62  27  72  26  14  65  35  38  46  12  32  30  80  75  34  63  2  33  5  41  54  61  52  28  47  70  76  9  24  64  60  77  67  68  43  4  66  10  82  25  39  21  56  11  57  69  18  48  45  37  71  51  53  3  8  49  20  81  50  78  42  29  22  31  55  36  13
   7  74  75  59  12  60  51  44  61  79  57  45  82  36  80  29  69  46  40  64  37  42  9  30  17  67  47  21  73  65  11  14  43  54  56  31  35  25  68  49  63  22  8  27  66  76  72  15  13  2  55  52  24  32  62  6  26  58  71  50  1  78  23  81  5  28  70  39  77  41  4  16  38  20  3  10  19  53  18  34  33  48
   7  79  26  80  61  60  25  45  81  13  40  72  30  54  64  82  48  20  36  15  27  32  41  24  10  18  49  55  16  62  12  5  9  66  69  8  31  6  44  46  33  76  4  57  3  22  23  58  38  2  70  43  11  53  29  19  1  35  63  47  68  56  51  42  59  73  65  34  28  67  21  71  78  74  17  14  75  52  77  39  37  50
   7  80  15  71  10  6  17  62  23  1  37  79  52  8  18  53  77  14  76  74  25  28  41  70  13  43  31  81  63  9  75  44  45  68  20  5  73  67  60  65  57  16  24  19  26  32  46  61  27  4  3  34  50  22  40  72  2  54  29  82  69  66  33  35  55  36  12  59  49  11  38  78  42  64  21  58  47  51  30  56  39  48
   8  3  53  51  71  37  45  48  18  69  57  11  56  21  39  25  82  10  66  4  43  68  67  77  60  64  24  9  76  70  47  28  52  61  54  41  5  33  2  63  34  75  80  30  32  12  46  38  35  65  14  26  72  27  62  44  58  1  73  17  79  40  15  16  6  23  19  59  74  7  13  36  55  31  22  29  42  78  50  81  20  49
   8  3  58  80  37  53  50  75  26  32  52  48  33  45  5  70  56  21  19  27  18  47  36  43  66  28  76  40  30  82  64  65  20  51  79  16  72  14  1  22  54  13  63  42  55  31  57  38  10  61  24  23  41  71  81  35  69  25  2  77  6  59  68  60  62  15  29  46  4  74  7  11  73  67  34  9  12  78  39  17  44  49
   8  5  38  2  9  35  66  81  68  6  18  32  23  63  39  78  4  65  31  3  14  15  74  29  10  20  16  60  54  36  58  75  48  1  67  62  30  28  53  82  52  11  41  12  69  71  21  26  42  7  34  17  77  13  19  57  61  51  70  33  56  55  44  72  24  45  37  80  22  64  73  59  47  27  40  25  76  50  43  79  46  49
   8  7  58  30  47  10  71  31  79  38  54  68  18  78  6  26  2  64  56  49  74  44  80  70  82  51  55  17  46  61  43  48  42  16  14  33  60  11  20  59  62  75  76  25  53  36  73  12  52  4  45  29  15  65  5  77  57  81  19  27  34  9  39  3  13  1  32  28  66  37  22  40  35  41  67  69  50  23  72  63  24  21
   8  9  80  10  35  81  16  11  70  36  32  82  3  17  25  12  64  71  55  37  6  33  68  1  62  4  60  18  20  26  46  13  22  65  43  72  28  56  75  38  48  7  79  34  15  69  31  2  24  63  54  5  67  61  59  19  45  21  42  27  74  47  78  14  30  23  53  66  58  44  41  73  77  29  52  57  40  76  51  39  50  49
   8  10  54  26  74  51  43  33  62  36  45  77  34  1  22  69  24  30  79  78  56  70  46  16  20  25  52  65  19  3  66  41  72  7  71  68  2  44  55  48  60  75  73  29  57  9  32  40  50  21  47  38  6  49  82  61  14  59  53  4  5  27  13  37  67  63  58  31  18  64  80  17  42  11  76  12  15  81  39  28  35  23
   8  11  60  14  7  63  32  17  30  10  80  66  75  35  59  20  12  33  67  13  2  1  24  69  6  78  82  38  44  62  40  23  50  15  31  36  68  70  45  16  46  5  57  4  29  27  77  72  56  9  64  81  21  3  79  41  37  47  28  65  42  43  54  26  74  53  61  18  76  34  25  39  51  71  58  73  22  48  55  19  52  49
   8  13  40  18  61  45  48  23  72  66  46  50  65  53  11  28  42  77  79  71  80  51  62  55  32  70  22  58  68  16  34  33  78  47  19  82  26  2  15  76  44  3  35  56  43  67  41  60  6  37  74  75  57  27  17  63  29  73  14  21  10  39  30  38  36  1  69  52  12  24  9  5  25  31  64  7  4  20  59  81  54  49
   8  15  20  22  33  27  64  29  32  40  12  34  55  71  45  36  72  39  9  47  76  19  18  41  58  62  44  78  10  52  28  43  24  79  7  46  66  16  67  54  42  1  13  26  57  25  5  48  38  65  2  69  11  51  37  3  21  17  82  59  60  35  6  50  80  31  77  4  30  14  75  53  81  73  70  23  68  74  63  61  56  49
   8  19  62  30  59  73  14  41  34  70  26  2  35  25  31  52  50  45  33  81  68  37  12  13  28  46  6  36  58  42  16  63  80  61  65  56  64  44  7  10  38  79  51  48  3  23  15  24  20  39  22  57  1  17  77  47  5  69  54  53  78  27  40  74  4  9  11  72  66  76  43  67  29  75  82  55  32  18  71  21  60  49
   8  23  22  38  3  37  46  53  36  18  40  52  15  61  17  68  28  51  57  33  60  55  6  67  80  30  50  76  24  32  4  1  54  43  41  66  62  72  29  48  34  75  7  70  31  21  25  82  2  13  42  45  73  65  35  9  71  39  26  47  14  19  74  16  10  69  27  58  20  56  11  81  59  77  12  5  78  44  79  63  64  49
   8  23  35  28  39  81  15  12  76  11  42  17  80  64  18  31  58  63  67  37  13  27  5  4  53  59  14  61  82  49  6  38  47  21  50  40  32  9  57  29  73  75  60  48  55  44  2  68  71  7  72  41  66  3  19  65  52  25  20  16  46  70  56  78  79  30  24  69  22  1  34  77  45  36  62  33  43  51  74  26  54  10
   8  25  47  12  79  29  18  77  2  27  74  3  82  28  46  40  42  69  60  63  62  7  53  10  52  38  15  78  57  64  34  44  13  51  66  61  35  16  50  11  24  75  58  36  71  4  54  65  6  81  56  9  80  1  55  37  43  41  14  23  20  21  76  30  73  31  45  68  5  26  19  49  39  70  32  17  22  48  67  33  72  59
   8  26  43  36  34  69  79  70  20  65  66  7  2  48  73  9  50  38  82  59  5  37  58  64  42  12  39  23  54  51  62  77  22  30  56  16  52  3  72  68  55  75  57  40  47  49  14  4  13  63  18  17  76  81  35  10  74  33  45  1  24  78  46  25  19  41  71  44  60  29  32  21  6  61  53  27  67  31  80  11  15  28
   8  27  60  78  35  4  55  30  39  59  2  69  15  61  71  1  76  49  72  77  42  38  66  36  80  21  19  33  18  40  52  51  58  9  20  26  67  29  46  10  13  75  56  23  5  48  79  28  53  44  24  81  14  68  22  12  82  7  34  11  6  41  45  17  47  3  62  64  50  65  43  31  32  25  74  63  57  16  54  37  73  70
   8  28  15  11  80  31  67  27  53  61  6  21  32  29  60  44  71  41  19  25  46  78  24  1  45  33  74  10  35  81  76  17  18  63  13  4  14  49  47  40  57  75  55  68  72  3  52  16  56  30  22  77  62  51  54  23  39  12  42  64  58  37  5  59  82  38  50  9  73  48  2  7  66  65  20  70  79  69  34  36  43  26
   8  29  74  40  62  38  34  61  24  4  56  37  20  31  19  17  72  12  2  28  60  10  57  51  50  36  6  1  14  30  5  70  67  25  18  3  42  7  15  44  35  75  54  9  43  21  45  49  22  59  79  27  46  63  52  64  66  11  71  81  55  23  73  26  32  33  47  77  82  69  53  78  13  16  58  65  80  41  76  68  39  48
   8  30  71  38  18  26  56  44  82  17  43  16  60  59  76  36  52  29  5  81  34  3  32  37  35  69  72  21  58  10  79  68  6  64  74  70  55  61  42  33  20  75  53  12  45  65  57  27  39  1  66  40  67  23  24  7  47  31  54  78  2  49  80  51  46  48  14  11  62  25  73  4  15  77  19  9  13  28  22  41  50  63
   8  31  6  44  46  33  76  4  57  3  22  23  58  38  2  70  43  11  53  29  19  1  35  63  47  68  56  51  42  59  73  65  34  28  67  21  71  78  74  17  14  75  52  77  39  37  50  7  79  26  80  61  60  25  45  81  13  40  72  30  54  64  82  48  20  36  15  27  32  41  24  10  18  49  55  16  62  12  5  9  66  69
   8  31  24  54  55  47  28  77  40  78  68  70  57  51  71  18  66  63  23  19  44  9  76  11  20  80  56  74  38  12  62  41  2  7  75  4  58  46  73  42  26  67  1  32  5  17  45  34  48  43  82  21  53  79  33  15  39  61  52  35  50  3  60  64  22  25  59  30  10  16  29  27  37  81  36  69  6  14  13  65  72  49
   8  33  4  58  27  29  44  1  82  52  34  54  47  69  23  26  14  25  35  77  40  59  32  79  46  72  78  12  62  48  56  51  30  39  63  50  16  60  43  20  24  65  61  2  19  57  9  22  80  71  10  15  7  21  53  37  31  5  38  73  18  81  36  76  66  55  67  64  28  6  13  75  11  41  42  3  70  68  17  45  74  49
   8  35  66  62  81  11  60  7  42  26  82  38  37  5  57  34  44  69  47  53  36  27  70  65  72  64  18  32  4  2  50  61  58  71  51  14  56  74  13  80  22  63  39  54  33  15  55  10  30  17  20  9  43  45  73  59  23  31  24  29  68  77  12  6  28  3  75  16  46  78  79  41  67  1  48  19  52  40  21  25  76  49
   8  37  46  66  53  75  76  13  2  82  48  22  27  23  9  42  74  31  59  29  32  77  26  51  16  56  40  52  28  38  44  71  4  21  39  60  14  6  65  58  20  61  17  24  47  55  19  80  62  45  30  3  79  69  11  81  15  57  10  67  36  73  70  18  72  33  1  50  64  68  63  7  41  43  54  35  34  12  25  5  78  49
   8  38  56  17  60  36  5  3  35  21  79  64  55  33  53  65  39  40  24  31  2  51  14  25  15  9  22  63  71  26  82  16  76  29  34  37  72  10  6  70  42  75  45  27  66  23  47  78  80  48  62  4  19  28  50  30  18  44  43  59  52  81  32  69  58  68  74  61  20  12  57  1  67  7  54  49  46  11  73  77  13  41
   8  39  26  70  25  57  10  19  44  56  14  6  17  41  43  50  22  75  71  5  28  45  64  37  42  48  62  72  52  74  38  81  32  53  27  24  54  20  35  36  18  59  77  76  61  13  65  68  12  73  40  79  33  11  31  21  7  1  78  23  4  69  46  30  34  63  9  2  82  58  47  55  15  3  60  51  16  66  29  67  80  49
   8  40  34  4  20  17  2  10  50  1  5  25  42  44  54  21  22  27  52  11  55  26  47  69  13  65  76  48  74  38  24  37  19  12  60  51  6  30  67  3  15  75  43  49  79  63  66  81  73  33  82  78  58  41  39  29  62  61  56  31  72  28  57  36  14  70  18  7  35  9  45  59  46  64  71  23  32  77  53  16  80  68
   8  41  13  77  73  11  46  49  54  7  67  1  57  12  20  61  74  68  58  69  32  81  52  59  43  44  18  30  50  28  19  4  62  48  80  78  47  23  66  27  45  75  42  70  6  10  72  37  34  29  76  16  82  26  71  63  22  9  15  25  14  51  2  31  24  40  39  65  53  33  55  64  79  21  35  3  5  36  60  17  56  38
   8  47  28  4  77  67  74  43  48  34  42  24  59  31  15  82  60  5  37  73  12  81  52  63  64  16  68  70  66  54  14  39  62  17  61  44  50  76  79  30  10  51  71  38  35  9  3  20  58  21  80  55  13  25  29  27  57  23  22  11  40  53  32  78  46  19  41  56  72  18  65  1  75  7  2  33  26  36  45  69  6  49
   8  48  39  68  76  41  80  65  58  16  13  78  53  69  82  77  47  33  32  26  73  23  55  81  71  11  66  64  52  63  46  27  79  59  22  49  45  21  43  9  54  75  35  44  15  7  42  3  18  25  67  70  5  30  14  1  6  36  50  51  57  10  60  28  2  12  72  17  19  31  20  37  56  4  24  61  34  38  62  40  74  29
   8  51  70  12  21  31  24  55  50  64  56  74  39  67  1  16  38  11  61  25  4  17  46  35  34  82  30  28  32  44  2  59  36  81  37  54  48  22  19  68  6  47  27  60  63  7  13  78  40  77  18  43  3  73  69  71  41  75  76  5  58  45  66  20  52  79  57  42  26  80  33  15  23  9  14  65  72  62  53  29  10  49
   8  53  50  16  75  13  40  61  10  38  22  58  29  3  35  24  68  55  73  1  82  67  2  21  60  74  52  48  56  80  78  69  64  31  25  18  6  36  71  46  4  45  5  30  77  47  59  66  72  23  28  37  39  15  7  11  33  19  62  43  26  41  42  32  14  27  65  76  44  70  17  63  79  51  20  81  54  34  57  9  12  49
   8  55  30  20  47  77  56  67  52  12  70  42  19  21  69  32  16  17  3  59  78  35  40  7  4  66  74  68  80  34  72  79  10  63  13  64  46  50  41  24  2  43  65  82  9  5  23  54  22  51  38  31  75  39  27  33  25  45  48  81  76  37  18  44  58  57  73  28  62  60  1  29  53  11  26  15  36  6  61  71  14  49
   8  57  10  24  19  59  72  73  12  68  36  26  9  39  21  40  46  61  15  35  74  3  78  75  30  58  14  6  22  70  66  7  38  13  1  28  4  64  11  2  82  41  43  52  23  45  69  42  54  79  48  25  29  63  47  55  17  71  34  37  44  33  76  56  20  5  81  62  80  50  67  77  27  53  32  31  18  60  65  51  16  49
   8  59  72  33  67  48  22  17  32  70  39  49  19  26  5  68  45  31  73  30  76  21  20  23  14  41  43  37  55  1  80  9  56  81  6  65  54  4  71  36  58  75  24  11  50  16  35  61  66  51  13  44  34  64  57  78  15  38  52  10  53  7  62  63  60  69  42  40  46  28  82  3  74  27  2  77  18  29  79  12  47  25
   8  61  52  32  45  23  22  3  14  16  50  76  71  75  7  56  24  67  39  69  66  21  72  47  82  42  58  46  70  60  54  27  12  77  59  38  2  10  33  40  78  37  81  74  51  43  79  18  36  53  68  13  19  29  5  17  1  41  6  31  62  25  28  80  26  65  15  48  34  30  35  9  57  55  44  63  64  4  73  11  20  49
   8  63  32  36  17  5  38  9  56  72  16  60  61  11  41  64  54  29  51  45  62  71  28  33  26  34  80  66  12  14  48  37  40  27  47  2  42  24  3  18  76  35  59  44  65  1  43  6  68  81  78  7  55  53  25  39  75  67  74  69  30  21  4  10  70  13  23  82  52  20  19  57  31  15  50  79  46  58  77  73  22  49
   8  65  12  40  71  69  54  15  16  46  64  44  51  29  75  72  2  73  63  21  58  39  66  19  52  26  20  4  36  50  42  47  68  59  35  48  82  38  55  78  74  33  37  14  79  41  7  76  18  27  6  1  9  77  45  61  67  11  60  25  80  17  62  22  32  43  31  34  70  10  3  23  5  57  56  13  28  30  81  53  24  49
   8  67  74  44  43  51  70  21  58  20  30  28  41  47  27  80  32  35  75  79  54  7  22  5  78  18  42  24  60  4  36  57  14  9  23  12  40  52  25  56  72  31  15  66  11  81  53  64  50  55  16  77  45  19  65  1  59  37  46  63  48  13  38  34  76  73  39  68  6  82  69  71  61  17  62  29  10  2  3  33  26  49
   8  68  80  16  53  77  32  23  71  64  46  59  45  9  35  7  18  70  14  36  57  28  72  31  56  61  62  29  39  41  58  78  82  33  73  81  66  63  79  49  43  75  15  3  67  30  6  51  60  12  19  37  24  38  74  48  76  65  13  69  47  26  55  11  52  27  22  21  54  44  42  25  5  1  50  10  2  17  20  4  34  40
   8  69  54  48  15  33  4  27  18  76  78  12  31  65  61  6  62  79  5  55  50  57  60  73  22  10  64  44  2  40  30  67  42  41  11  58  80  66  77  34  70  29  75  36  25  39  17  52  82  1  26  71  81  43  3  23  51  63  32  19  16  9  14  46  38  21  47  20  24  72  53  37  35  59  68  45  74  56  7  13  28  49
   8  69  66  9  5  12  62  16  55  49  18  10  24  41  32  27  15  36  20  48  82  64  54  30  72  40  13  81  45  25  60  61  80  26  79  7  50  37  39  77  52  75  14  17  74  78  71  21  67  28  34  65  73  59  42  51  56  68  47  63  35  1  19  29  53  11  43  70  2  38  58  23  22  3  57  4  76  33  46  44  6  31
   8  70  73  37  54  16  57  63  74  25  32  31  43  65  50  64  62  3  47  17  45  41  6  11  34  7  82  12  22  68  14  81  24  44  53  28  79  48  5  23  56  75  13  10  46  29  67  26  20  9  58  51  52  40  18  33  19  21  80  36  66  38  42  77  72  49  76  1  71  61  15  69  2  59  39  30  55  4  35  78  60  27
   8  71  34  52  69  15  20  33  60  50  44  78  21  1  13  14  10  41  17  31  46  25  16  59  48  2  4  64  26  76  24  77  70  73  81  22  38  80  47  12  68  27  53  6  39  79  63  40  32  29  36  65  35  67  23  45  43  7  18  57  66  5  72  58  82  51  55  54  42  62  37  3  9  19  74  61  56  28  11  75  30  49
   8  75  76  60  13  61  52  45  62  80  58  46  1  37  81  30  70  47  41  65  38  43  10  31  18  68  48  22  74  66  12  15  44  55  57  32  36  26  69  50  64  23  9  28  67  77  73  16  14  3  56  53  25  33  63  7  27  59  72  51  2  79  24  82  6  29  71  40  78  42  5  17  39  21  4  11  20  54  19  35  34  49
   8  77  46  7  57  61  58  81  43  30  19  48  47  27  42  10  34  16  71  9  14  31  39  33  79  3  60  38  13  11  54  1  20  68  32  59  18  28  62  78  66  75  6  37  76  26  22  25  2  40  53  64  35  36  56  41  73  49  67  12  74  69  52  44  50  4  80  23  45  70  72  29  82  63  15  51  24  65  55  21  5  17
   8  77  56  64  67  43  68  51  22  54  24  30  73  55  33  38  18  9  53  41  34  11  48  17  44  60  70  42  16  20  6  25  72  5  45  78  76  40  39  28  62  21  69  80  81  35  37  4  46  31  66  47  61  57  1  29  19  3  58  7  52  75  82  12  50  59  79  74  14  32  71  65  13  63  10  27  2  26  23  15  36  49
   8  79  36  68  39  25  2  57  64  28  72  14  63  73  67  46  48  53  65  17  30  61  4  3  70  52  10  62  40  56  82  35  18  37  33  42  34  54  9  6  60  19  47  50  13  75  1  74  78  59  76  41  15  81  21  51  11  29  44  45  20  71  58  24  12  7  5  26  32  22  55  31  69  23  16  43  66  80  27  77  38  49
   8  81  16  72  11  7  18  63  24  2  38  80  53  9  19  54  78  15  77  75  26  29  42  71  14  44  32  82  64  10  76  45  46  69  21  6  74  68  61  66  58  17  25  20  27  33  47  62  28  5  4  35  51  23  41  73  3  55  30  1  70  67  34  36  56  37  13  60  50  12  39  79  43  65  22  59  48  52  31  57  40  49
   8  81  42  31  13  59  6  40  73  44  72  65  46  30  34  33  54  28  76  64  67  4  82  21  57  48  71  3  20  78  22  36  74  23  15  17  58  27  14  38  32  75  2  41  52  70  24  77  43  10  39  11  18  37  53  49  50  29  55  7  19  16  79  1  62  26  35  12  80  63  5  61  47  9  60  68  66  25  56  69  45  51
   9  2  79  77  66  72  35  70  67  59  5  65  44  28  54  63  27  60  8  52  23  80  81  58  41  37  55  21  7  47  71  56  75  20  10  53  33  1  32  45  57  16  4  73  42  74  12  51  61  34  15  30  6  48  62  14  78  82  17  40  39  64  11  49  19  68  22  13  69  3  24  46  18  26  29  76  31  25  36  38  43  50
   9  4  59  81  38  54  51  76  27  33  53  49  34  46  6  71  57  22  20  28  19  48  37  44  67  29  77  41  31  1  65  66  21  52  80  17  73  15  2  23  55  14  64  43  56  32  58  39  11  62  25  24  42  72  82  36  70  26  3  78  7  60  69  61  63  16  30  47  5  75  8  12  74  68  35  10  13  79  40  18  45  50
   9  5  12  62  16  55  49  18  10  24  41  32  27  15  36  20  48  82  64  54  30  72  40  13  81  45  25  60  61  80  26  79  7  50  37  39  77  52  75  14  17  74  78  71  21  67  28  34  65  73  59  42  51  56  68  47  63  35  1  19  29  53  11  43  70  2  38  58  23  22  3  57  4  76  33  46  44  6  31  8  69  66
   9  6  4  58  11  35  51  34  78  52  7  60  40  82  27  18  12  8  33  22  70  19  68  73  21  14  37  80  81  54  36  24  16  66  44  57  38  53  63  42  28  74  77  79  25  72  48  32  49  5  31  76  23  43  1  56  65  71  75  50  61  13  64  15  10  62  69  46  3  2  29  47  59  67  17  39  26  45  30  20  41  55
   9  8  44  76  3  58  70  53  1  47  51  73  28  71  17  52  37  79  61  45  40  54  48  15  41  18  16  5  69  6  33  57  23  2  11  19  63  56  59  34  21  74  75  39  7  80  25  13  30  82  36  32  10  55  12  66  31  46  4  22  38  43  29  35  68  42  65  67  78  14  77  50  26  60  81  72  64  20  27  24  49  62
   9  12  61  15  8  64  33  18  31  11  81  67  76  36  60  21  13  34  68  14  3  2  25  70  7  79  1  39  45  63  41  24  51  16  32  37  69  71  46  17  47  6  58  5  30  28  78  73  57  10  65  82  22  4  80  42  38  48  29  66  43  44  55  27  75  54  62  19  77  35  26  40  52  72  59  74  23  49  56  20  53  50
   9  13  28  22  41  50  63  8  30  71  38  18  26  56  44  82  17  43  16  60  59  76  36  52  29  5  81  34  3  32  37  35  69  72  21  58  10  79  68  6  64  74  70  55  61  42  33  20  75  53  12  45  65  57  27  39  1  66  40  67  23  24  7  47  31  54  78  2  49  80  51  46  48  14  11  62  25  73  4  15  77  19
   9  14  31  39  33  79  3  60  38  13  11  54  1  20  68  32  59  18  28  62  78  66  75  6  37  76  26  22  25  2  40  53  64  35  36  56  41  73  49  67  12  74  69  52  44  50  4  80  23  45  70  72  29  82  63  15  51  24  65  55  21  5  17  8  77  46  7  57  61  58  81  43  30  19  48  47  27  42  10  34  16  71
   9  16  21  23  34  28  65  30  33  41  13  35  56  72  46  37  73  40  10  48  77  20  19  42  59  63  45  79  11  53  29  44  25  80  8  47  67  17  68  55  43  2  14  27  58  26  6  49  39  66  3  70  12  52  38  4  22  18  1  60  61  36  7  51  81  32  78  5  31  15  76  54  82  74  71  24  69  75  64  62  57  50
   9  18  36  72  61  39  78  73  63  43  3  6  12  24  48  13  26  52  21  42  1  2  4  8  16  32  64  45  7  14  28  56  29  58  33  66  49  15  30  60  37  74  65  47  11  22  44  5  10  20  40  80  77  71  59  35  70  57  31  62  41  82  81  79  75  67  51  19  38  76  69  55  27  54  25  50  17  34  68  53  23  46
   9  19  77  15  4  73  25  62  11  14  48  46  51  80  49  2  78  54  31  47  7  24  23  67  40  66  1  39  27  57  65  45  12  53  75  20  33  42  61  55  70  74  64  6  68  79  10  58  21  72  69  35  37  32  3  34  81  5  29  52  36  76  59  60  16  43  17  82  44  56  26  18  38  71  30  8  63  50  41  22  28  13
   9  20  26  67  29  46  10  13  75  56  23  5  48  79  28  53  44  24  81  14  68  22  12  82  7  34  11  6  41  45  17  47  3  62  64  50  65  43  31  32  25  74  63  57  16  54  37  73  70  8  27  60  78  35  4  55  30  39  59  2  69  15  61  71  1  76  49  72  77  42  38  66  36  80  21  19  33  18  40  52  51  58
   9  22  43  35  32  56  31  48  77  45  75  69  26  44  66  61  81  8  46  58  65  6  51  82  55  39  29  57  1  79  11  74  27  12  54  21  23  59  60  71  37  78  30  19  18  64  62  13  53  68  33  52  38  42  16  70  80  14  41  10  47  24  17  5  49  40  20  25  3  67  28  34  4  36  7  72  15  73  76  2  63  50
   9  24  23  39  4  38  47  54  37  19  41  53  16  62  18  69  29  52  58  34  61  56  7  68  81  31  51  77  25  33  5  2  55  44  42  67  63  73  30  49  35  76  8  71  32  22  26  1  3  14  43  46  74  66  36  10  72  40  27  48  15  20  75  17  11  70  28  59  21  57  12  82  60  78  13  6  79  45  80  64  65  50
   9  26  3  43  58  20  63  60  79  75  7  37  6  80  52  77  59  14  70  10  57  24  45  54  25  23  73  15  49  69  81  12  1  76  30  31  21  5  82  27  33  74  68  41  46  62  72  71  35  42  53  40  28  8  56  32  64  66  13  4  65  16  51  29  55  18  36  11  39  47  78  48  34  38  19  22  61  17  2  44  67  50
   9  28  65  47  30  2  79  66  39  49  55  21  78  16  4  3  7  58  82  68  53  74  1  40  51  15  13  35  73  23  75  22  29  26  18  77  61  19  52  5  31  72  46  11  60  20  36  59  67  70  63  34  64  32  76  54  56  10  81  42  33  12  27  41  17  48  44  45  57  37  62  14  8  80  25  38  43  71  6  24  69  50
   9  30  45  51  2  66  13  72  81  23  21  5  68  34  38  11  37  20  12  44  49  42  39  26  77  7  35  55  15  59  69  32  57  58  6  41  19  33  22  65  29  70  24  63  74  60  82  47  17  16  73  28  18  56  14  76  48  36  67  80  1  8  3  53  61  78  52  79  75  27  46  62  64  40  31  54  25  43  10  4  71  50
   9  32  25  55  56  48  29  78  41  79  69  71  58  52  72  19  67  64  24  20  45  10  77  12  21  81  57  75  39  13  63  42  3  8  76  5  59  47  74  43  27  68  2  33  6  18  46  35  49  44  1  22  54  80  34  16  40  62  53  36  51  4  61  65  23  26  60  31  11  17  30  28  38  82  37  70  7  15  14  66  73  50
   9  32  40  50  21  47  38  6  49  82  61  14  59  53  4  5  27  13  37  67  63  58  31  18  64  80  17  42  11  76  12  15  81  39  28  35  23  8  10  54  26  74  51  43  33  62  36  45  77  34  1  22  69  24  30  79  78  56  70  46  16  20  25  52  65  19  3  66  41  72  7  71  68  2  44  55  48  60  75  73  29  57
   9  35  7  18  70  14  36  57  28  72  31  56  61  62  29  39  41  58  78  82  33  73  81  66  63  79  49  43  75  15  3  67  30  6  51  60  12  19  37  24  38  74  48  76  65  13  69  47  26  55  11  52  27  22  21  54  44  42  25  5  1  50  10  2  17  20  4  34  40  8  68  80  16  53  77  32  23  71  64  46  59  45
   9  38  47  67  54  76  77  14  3  1  49  23  28  24  10  43  75  32  60  30  33  78  27  52  17  57  41  53  29  39  45  72  5  22  40  61  15  7  66  59  21  62  18  25  48  56  20  81  63  46  31  4  80  70  12  82  16  58  11  68  37  74  71  19  73  34  2  51  65  69  64  8  42  44  55  36  35  13  26  6  79  50
   9  40  27  71  26  58  11  20  45  57  15  7  18  42  44  51  23  76  72  6  29  46  65  38  43  49  63  73  53  75  39  82  33  54  28  25  55  21  36  37  19  60  78  77  62  14  66  69  13  74  41  80  34  12  32  22  8  2  79  24  5  70  47  31  35  64  10  3  1  59  48  56  16  4  61  52  17  67  30  68  81  50
   9  43  21  45  49  22  59  79  27  46  63  52  64  66  11  71  81  55  23  73  26  32  33  47  77  82  69  53  78  13  16  58  65  80  41  76  68  39  48  8  29  74  40  62  38  34  61  24  4  56  37  20  31  19  17  72  12  2  28  60  10  57  51  50  36  6  1  14  30  5  70  67  25  18  3  42  7  15  44  35  75  54
   9  44  69  79  52  22  43  32  47  5  29  57  80  78  30  67  1  82  14  40  21  64  59  10  13  33  25  31  19  65  27  20  7  36  4  35  53  49  58  75  15  56  34  17  8  12  76  45  77  48  61  68  24  60  72  66  74  54  51  18  23  62  81  55  41  42  26  71  37  39  16  70  46  6  73  2  63  11  38  28  3  50
   9  45  59  46  64  71  23  32  77  53  16  80  68  8  40  34  4  20  17  2  10  50  1  5  25  42  44  54  21  22  27  52  11  55  26  47  69  13  65  76  48  74  38  24  37  19  12  60  51  6  30  67  3  15  75  43  49  79  63  66  81  73  33  82  78  58  41  39  29  62  61  56  31  72  28  57  36  14  70  18  7  35
   9  46  23  53  68  34  17  50  25  54  27  55  69  76  38  19  51  67  75  79  81  82  41  62  31  57  70  35  59  71  77  80  40  20  10  5  44  22  11  47  65  74  37  60  30  15  49  66  33  58  29  56  28  14  7  45  64  32  16  8  4  2  1  42  21  52  26  13  48  24  12  6  3  43  63  73  78  39  61  72  36  18
   9  47  61  5  63  80  12  35  26  62  1  79  16  19  7  55  29  50  49  53  37  18  11  39  10  43  77  24  70  52  41  2  75  32  38  14  27  58  17  15  23  74  36  22  78  20  3  71  48  57  21  82  4  67  64  76  28  54  33  34  30  46  65  72  44  73  40  6  59  13  31  42  81  8  51  45  69  56  25  66  68  60
   9  48  29  5  78  68  75  44  49  35  43  25  60  32  16  1  61  6  38  74  13  82  53  64  65  17  69  71  67  55  15  40  63  18  62  45  51  77  80  31  11  52  72  39  36  10  4  21  59  22  81  56  14  26  30  28  58  24  23  12  41  54  33  79  47  20  42  57  73  19  66  2  76  8  3  34  27  37  46  70  7  50
   9  52  71  13  22  32  25  56  51  65  57  75  40  68  2  17  39  12  62  26  5  18  47  36  35  1  31  29  33  45  3  60  37  82  38  55  49  23  20  69  7  48  28  61  64  8  14  79  41  78  19  44  4  74  70  72  42  76  77  6  59  46  67  21  53  80  58  43  27  81  34  16  24  10  15  66  73  63  54  30  11  50
   9  54  75  35  44  15  7  42  3  18  25  67  70  5  30  14  1  6  36  50  51  57  10  60  28  2  12  72  17  19  31  20  37  56  4  24  61  34  38  62  40  74  29  8  48  39  68  76  41  80  65  58  16  13  78  53  69  82  77  47  33  32  26  73  23  55  81  71  11  66  64  52  63  46  27  79  59  22  49  45  21  43
   9  56  31  21  48  78  57  68  53  13  71  43  20  22  70  33  17  18  4  60  79  36  41  8  5  67  75  69  81  35  73  80  11  64  14  65  47  51  42  25  3  44  66  1  10  6  24  55  23  52  39  32  76  40  28  34  26  46  49  82  77  38  19  45  59  58  74  29  63  61  2  30  54  12  27  16  37  7  62  72  15  50
   9  58  11  25  20  60  73  74  13  69  37  27  10  40  22  41  47  62  16  36  75  4  79  76  31  59  15  7  23  71  67  8  39  14  2  29  5  65  12  3  1  42  44  53  24  46  70  43  55  80  49  26  30  64  48  56  18  72  35  38  45  34  77  57  21  6  82  63  81  51  68  78  28  54  33  32  19  61  66  52  17  50
   9  58  51  52  40  18  33  19  21  80  36  66  38  42  77  72  49  76  1  71  61  15  69  2  59  39  30  55  4  35  78  60  27  8  70  73  37  54  16  57  63  74  25  32  31  43  65  50  64  62  3  47  17  45  41  6  11  34  7  82  12  22  68  14  81  24  44  53  28  79  48  5  23  56  75  13  10  46  29  67  26  20
   9  60  68  66  25  56  69  45  51  8  81  42  31  13  59  6  40  73  44  72  65  46  30  34  33  54  28  76  64  67  4  82  21  57  48  71  3  20  78  22  36  74  23  15  17  58  27  14  38  32  75  2  41  52  70  24  77  43  10  39  11  18  37  53  49  50  29  55  7  19  16  79  1  62  26  35  12  80  63  5  61  47
   9  62  53  33  46  24  23  4  15  17  51  77  72  76  8  57  25  68  40  70  67  22  73  48  1  43  59  47  71  61  55  28  13  78  60  39  3  11  34  41  79  38  82  75  52  44  80  19  37  54  69  14  20  30  6  18  2  42  7  32  63  26  29  81  27  66  16  49  35  31  36  10  58  56  45  64  65  5  74  12  21  50
   9  64  33  37  18  6  39  10  57  73  17  61  62  12  42  65  55  30  52  46  63  72  29  34  27  35  81  67  13  15  49  38  41  28  48  3  43  25  4  19  77  36  60  45  66  2  44  7  69  82  79  8  56  54  26  40  76  68  75  70  31  22  5  11  71  14  24  1  53  21  20  58  32  16  51  80  47  59  78  74  23  50
   9  68  75  45  44  52  71  22  59  21  31  29  42  48  28  81  33  36  76  80  55  8  23  6  79  19  43  25  61  5  37  58  15  10  24  13  41  53  26  57  73  32  16  67  12  82  54  65  51  56  17  78  46  20  66  2  60  38  47  64  49  14  39  35  77  74  40  69  7  1  70  72  62  18  63  30  11  3  4  34  27  50
   9  70  55  49  16  34  5  28  19  77  79  13  32  66  62  7  63  80  6  56  51  58  61  74  23  11  65  45  3  41  31  68  43  42  12  59  81  67  78  35  71  30  76  37  26  40  18  53  1  2  27  72  82  44  4  24  52  64  33  20  17  10  15  47  39  22  48  21  25  73  54  38  36  60  69  46  75  57  8  14  29  50
   9  71  16  34  10  42  27  47  48  19  30  43  81  58  61  57  7  46  77  8  17  5  21  55  65  24  51  15  63  82  29  72  70  45  23  80  4  50  44  52  69  74  12  67  49  73  41  56  36  35  64  53  40  2  25  22  26  76  37  6  75  66  78  62  28  18  59  32  68  20  1  54  11  13  38  60  3  79  33  39  31  14
   9  72  35  53  70  16  21  34  61  51  45  79  22  2  14  15  11  42  18  32  47  26  17  60  49  3  5  65  27  77  25  78  71  74  82  23  39  81  48  13  69  28  54  7  40  80  64  41  33  30  37  66  36  68  24  46  44  8  19  58  67  6  73  59  1  52  56  55  43  63  38  4  10  20  75  62  57  29  12  76  31  50
   9  76  70  47  28  52  61  54  41  5  33  2  63  34  75  80  30  32  12  46  38  35  65  14  26  72  27  62  44  58  1  73  17  79  40  15  16  6  23  19  59  74  7  13  36  55  31  22  29  42  78  50  81  20  49  8  3  53  51  71  37  45  48  18  69  57  11  56  21  39  25  82  10  66  4  43  68  67  77  60  64  24
   9  76  77  61  14  62  53  46  63  81  59  47  2  38  82  31  71  48  42  66  39  44  11  32  19  69  49  23  75  67  13  16  45  56  58  33  37  27  70  51  65  24  10  29  68  78  74  17  15  4  57  54  26  34  64  8  28  60  73  52  3  80  25  1  7  30  72  41  79  43  6  18  40  22  5  12  21  55  20  36  35  50
   9  78  57  65  68  44  69  52  23  55  25  31  74  56  34  39  19  10  54  42  35  12  49  18  45  61  71  43  17  21  7  26  73  6  46  79  77  41  40  29  63  22  70  81  82  36  38  5  47  32  67  48  62  58  2  30  20  4  59  8  53  76  1  13  51  60  80  75  15  33  72  66  14  64  11  28  3  27  24  16  37  50
   9  79  11  32  78  76  40  56  12  50  70  15  21  46  81  47  16  39  38  20  28  6  25  35  49  52  23  82  65  8  61  19  10  14  3  54  59  66  26  53  41  74  4  72  51  5  7  43  27  71  33  13  68  62  37  2  36  67  44  45  63  55  77  58  48  34  31  60  1  18  75  22  64  73  69  80  29  24  17  57  30  42
   9  80  37  69  40  26  3  58  65  29  73  15  64  74  68  47  49  54  66  18  31  62  5  4  71  53  11  63  41  57  1  36  19  38  34  43  35  55  10  7  61  20  48  51  14  76  2  75  79  60  77  42  16  82  22  52  12  30  45  46  21  72  59  25  13  8  6  27  33  23  56  32  70  24  17  44  67  81  28  78  39  50
   10  3  80  78  67  73  36  71  68  60  6  66  45  29  55  64  28  61  9  53  24  81  82  59  42  38  56  22  8  48  72  57  76  21  11  54  34  2  33  46  58  17  5  74  43  75  13  52  62  35  16  31  7  49  63  15  79  1  18  41  40  65  12  50  20  69  23  14  70  4  25  47  19  27  30  77  32  26  37  39  44  51
   10  5  44  22  11  47  65  74  37  60  30  15  49  66  33  58  29  56  28  14  7  45  64  32  16  8  4  2  1  42  21  52  26  13  48  24  12  6  3  43  63  73  78  39  61  72  36  18  9  46  23  53  68  34  17  50  25  54  27  55  69  76  38  19  51  67  75  79  81  82  41  62  31  57  70  35  59  71  77  80  40  20
   10  8  23  35  28  39  81  15  12  76  11  42  17  80  64  18  31  58  63  67  37  13  27  5  4  53  59  14  61  82  49  6  38  47  21  50  40  32  9  57  29  73  75  60  48  55  44  2  68  71  7  72  41  66  3  19  65  52  25  20  16  46  70  56  78  79  30  24  69  22  1  34  77  45  36  62  33  43  51  74  26  54
   10  9  20  8  65  19  2  7  30  64  68  18  15  1  75  6  36  29  45  63  12  67  32  17  38  14  40  82  80  74  54  5  78  35  57  28  72  44  25  62  52  11  21  66  3  31  69  16  76  37  46  13  33  39  41  81  55  79  58  73  26  53  22  4  70  77  47  34  42  56  59  27  23  71  48  43  60  24  49  61  50  51
   10  13  62  16  9  65  34  19  32  12  82  68  77  37  61  22  14  35  69  15  4  3  26  71  8  80  2  40  46  64  42  25  52  17  33  38  70  72  47  18  48  7  59  6  31  29  79  74  58  11  66  1  23  5  81  43  39  49  30  67  44  45  56  28  76  55  63  20  78  36  27  41  53  73  60  75  24  50  57  21  54  51
   10  13  75  56  23  5  48  79  28  53  44  24  81  14  68  22  12  82  7  34  11  6  41  45  17  47  3  62  64  50  65  43  31  32  25  74  63  57  16  54  37  73  70  8  27  60  78  35  4  55  30  39  59  2  69  15  61  71  1  76  49  72  77  42  38  66  36  80  21  19  33  18  40  52  51  58  9  20  26  67  29  46
   10  15  64  13  61  50  75  71  65  56  1  43  23  76  31  5  49  32  48  72  25  79  77  74  28  42  63  53  38  57  44  66  16  24  36  54  81  80  37  14  21  73  68  19  70  22  33  8  12  18  27  82  40  60  7  52  78  34  51  35  11  58  4  6  9  55  41  20  30  45  26  39  17  67  59  47  29  2  3  46  69  62
   10  17  22  24  35  29  66  31  34  42  14  36  57  73  47  38  74  41  11  49  78  21  20  43  60  64  46  80  12  54  30  45  26  81  9  48  68  18  69  56  44  3  15  28  59  27  7  50  40  67  4  71  13  53  39  5  23  19  2  61  62  37  8  52  82  33  79  6  32  16  77  55  1  75  72  25  70  76  65  63  58  51
   10  21  64  32  61  75  16  43  36  72  28  4  37  27  33  54  52  47  35  1  70  39  14  15  30  48  8  38  60  44  18  65  82  63  67  58  66  46  9  12  40  81  53  50  5  25  17  26  22  41  24  59  3  19  79  49  7  71  56  55  80  29  42  76  6  11  13  74  68  78  45  69  31  77  2  57  34  20  73  23  62  51
   10  23  44  36  33  57  32  49  78  46  76  70  27  45  67  62  82  9  47  59  66  7  52  1  56  40  30  58  2  80  12  75  28  13  55  22  24  60  61  72  38  79  31  20  19  65  63  14  54  69  34  53  39  43  17  71  81  15  42  11  48  25  18  6  50  41  21  26  4  68  29  35  5  37  8  73  16  74  77  3  64  51
   10  25  24  40  5  39  48  55  38  20  42  54  17  63  19  70  30  53  59  35  62  57  8  69  82  32  52  78  26  34  6  3  56  45  43  68  64  74  31  50  36  77  9  72  33  23  27  2  4  15  44  47  75  67  37  11  73  41  28  49  16  21  76  18  12  71  29  60  22  58  13  1  61  79  14  7  80  46  81  65  66  51
   10  27  4  44  59  21  64  61  80  76  8  38  7  81  53  78  60  15  71  11  58  25  46  55  26  24  74  16  50  70  82  13  2  77  31  32  22  6  1  28  34  75  69  42  47  63  73  72  36  43  54  41  29  9  57  33  65  67  14  5  66  17  52  30  56  19  37  12  40  48  79  49  35  39  20  23  62  18  3  45  68  51
   10  29  66  48  31  3  80  67  40  50  56  22  79  17  5  4  8  59  1  69  54  75  2  41  52  16  14  36  74  24  76  23  30  27  19  78  62  20  53  6  32  73  47  12  61  21  37  60  68  71  64  35  65  33  77  55  57  11  82  43  34  13  28  42  18  49  45  46  58  38  63  15  9  81  26  39  44  72  7  25  70  51
   10  34  16  71  9  14  31  39  33  79  3  60  38  13  11  54  1  20  68  32  59  18  28  62  78  66  75  6  37  76  26  22  25  2  40  53  64  35  36  56  41  73  49  67  12  74  69  52  44  50  4  80  23  45  70  72  29  82  63  15  51  24  65  55  21  5  17  8  77  46  7  57  61  58  81  43  30  19  48  47  27  42
   10  35  6  60  29  31  46  3  2  54  36  56  49  71  25  28  16  27  37  79  42  61  34  81  48  74  80  14  64  50  58  53  32  41  65  52  18  62  45  22  26  67  63  4  21  59  11  24  82  73  12  17  9  23  55  39  33  7  40  75  20  1  38  78  68  57  69  66  30  8  15  77  13  43  44  5  72  70  19  47  76  51
   10  39  11  18  37  53  49  50  29  55  7  19  16  79  1  62  26  35  12  80  63  5  61  47  9  60  68  66  25  56  69  45  51  8  81  42  31  13  59  6  40  73  44  72  65  46  30  34  33  54  28  76  64  67  4  82  21  57  48  71  3  20  78  22  36  74  23  15  17  58  27  14  38  32  75  2  41  52  70  24  77  43
   10  39  48  68  55  77  78  15  4  2  50  24  29  25  11  44  76  33  61  31  34  79  28  53  18  58  42  54  30  40  46  73  6  23  41  62  16  8  67  60  22  63  19  26  49  57  21  82  64  47  32  5  81  71  13  1  17  59  12  69  38  75  72  20  74  35  3  52  66  70  65  9  43  45  56  37  36  14  27  7  80  51
   10  42  27  47  48  19  30  43  81  58  61  57  7  46  77  8  17  5  21  55  65  24  51  15  63  82  29  72  70  45  23  80  4  50  44  52  69  74  12  67  49  73  41  56  36  35  64  53  40  2  25  22  26  76  37  6  75  66  78  62  28  18  59  32  68  20  1  54  11  13  38  60  3  79  33  39  31  14  9  71  16  34
   10  43  77  24  70  52  41  2  75  32  38  14  27  58  17  15  23  74  36  22  78  20  3  71  48  57  21  82  4  67  64  76  28  54  33  34  30  46  65  72  44  73  40  6  59  13  31  42  81  8  51  45  69  56  25  66  68  60  9  47  61  5  63  80  12  35  26  62  1  79  16  19  7  55  29  50  49  53  37  18  11  39
   10  45  70  80  53  23  44  33  48  6  30  58  81  79  31  68  2  1  15  41  22  65  60  11  14  34  26  32  20  66  28  21  8  37  5  36  54  50  59  76  16  57  35  18  9  13  77  46  78  49  62  69  25  61  73  67  75  55  52  19  24  63  82  56  42  43  27  72  38  40  17  71  47  7  74  3  64  12  39  29  4  51
   10  46  29  67  26  20  9  58  51  52  40  18  33  19  21  80  36  66  38  42  77  72  49  76  1  71  61  15  69  2  59  39  30  55  4  35  78  60  27  8  70  73  37  54  16  57  63  74  25  32  31  43  65  50  64  62  3  47  17  45  41  6  11  34  7  82  12  22  68  14  81  24  44  53  28  79  48  5  23  56  75  13
   10  47  30  58  7  8  21  24  63  72  23  50  69  67  41  35  40  22  37  66  28  32  1  13  3  39  9  34  27  19  81  57  77  5  65  15  29  45  4  52  12  73  36  53  25  76  75  62  59  20  11  60  33  14  16  42  48  43  61  46  17  55  51  82  70  80  44  74  49  56  64  2  26  6  78  18  68  54  38  79  31  71
   10  47  50  2  25  5  60  39  8  62  78  42  71  15  65  76  32  45  27  17  18  33  16  79  40  26  48  52  44  20  22  31  36  69  75  82  12  64  29  54  14  55  13  70  23  53  41  34  28  77  72  63  61  3  11  7  67  81  38  57  74  59  58  68  4  73  35  24  56  30  1  37  21  49  80  19  46  66  43  9  6  51
   10  49  30  6  79  69  76  45  50  36  44  26  61  33  17  2  62  7  39  75  14  1  54  65  66  18  70  72  68  56  16  41  64  19  63  46  52  78  81  32  12  53  73  40  37  11  5  22  60  23  82  57  15  27  31  29  59  25  24  13  42  55  34  80  48  21  43  58  74  20  67  3  77  9  4  35  28  38  47  71  8  51
   10  52  38  15  78  57  64  34  44  13  51  66  61  35  16  50  11  24  75  58  36  71  4  54  65  6  81  56  9  80  1  55  37  43  41  14  23  20  21  76  30  73  31  45  68  5  26  19  49  39  70  32  17  22  48  67  33  72  59  8  25  47  12  79  29  18  77  2  27  74  3  82  28  46  40  42  69  60  63  62  7  53
   10  53  7  62  63  60  69  42  40  46  28  82  3  74  27  2  77  18  29  79  12  47  25  8  59  72  33  67  48  22  17  32  70  39  49  19  26  5  68  45  31  73  30  76  21  20  23  14  41  43  37  55  1  80  9  56  81  6  65  54  4  71  36  58  75  24  11  50  16  35  61  66  51  13  44  34  64  57  78  15  38  52
   10  53  72  14  23  33  26  57  52  66  58  76  41  69  3  18  40  13  63  27  6  19  48  37  36  2  32  30  34  46  4  61  38  1  39  56  50  24  21  70  8  49  29  62  65  9  15  80  42  79  20  45  5  75  71  73  43  77  78  7  60  47  68  22  54  81  59  44  28  82  35  17  25  11  16  67  74  64  55  31  12  51
   10  57  32  22  49  79  58  69  54  14  72  44  21  23  71  34  18  19  5  61  80  37  42  9  6  68  76  70  82  36  74  81  12  65  15  66  48  52  43  26  4  45  67  2  11  7  25  56  24  53  40  33  77  41  29  35  27  47  50  1  78  39  20  46  60  59  75  30  64  62  3  31  55  13  28  17  38  8  63  73  16  51
   10  59  12  26  21  61  74  75  14  70  38  28  11  41  23  42  48  63  17  37  76  5  80  77  32  60  16  8  24  72  68  9  40  15  3  30  6  66  13  4  2  43  45  54  25  47  71  44  56  81  50  27  31  65  49  57  19  73  36  39  46  35  78  58  22  7  1  64  82  52  69  79  29  55  34  33  20  62  67  53  18  51
   10  61  74  30  75  43  8  81  56  44  4  12  1  59  57  50  78  25  29  13  72  55  36  63  58  52  38  28  48  26  62  19  68  47  73  76  46  80  65  64  82  41  23  24  39  5  35  32  6  27  60  21  67  7  69  79  11  17  22  77  14  31  54  70  66  37  9  16  18  42  53  45  3  15  40  49  2  34  71  33  20  51
   10  62  69  46  3  2  29  47  59  67  17  39  26  45  30  20  41  55  9  6  4  58  11  35  51  34  78  52  7  60  40  82  27  18  12  8  33  22  70  19  68  73  21  14  37  80  81  54  36  24  16  66  44  57  38  53  63  42  28  74  77  79  25  72  48  32  49  5  31  76  23  43  1  56  65  71  75  50  61  13  64  15
   10  63  54  34  47  25  24  5  16  18  52  78  73  77  9  58  26  69  41  71  68  23  74  49  2  44  60  48  72  62  56  29  14  79  61  40  4  12  35  42  80  39  1  76  53  45  81  20  38  55  70  15  21  31  7  19  3  43  8  33  64  27  30  82  28  67  17  50  36  32  37  11  59  57  46  65  66  6  75  13  22  51
   10  65  34  38  19  7  40  11  58  74  18  62  63  13  43  66  56  31  53  47  64  73  30  35  28  36  82  68  14  16  50  39  42  29  49  4  44  26  5  20  78  37  61  46  67  3  45  8  70  1  80  9  57  55  27  41  77  69  76  71  32  23  6  12  72  15  25  2  54  22  21  59  33  17  52  81  48  60  79  75  24  51
   10  69  76  46  45  53  72  23  60  22  32  30  43  49  29  82  34  37  77  81  56  9  24  7  80  20  44  26  62  6  38  59  16  11  25  14  42  54  27  58  74  33  17  68  13  1  55  66  52  57  18  79  47  21  67  3  61  39  48  65  50  15  40  36  78  75  41  70  8  2  71  73  63  19  64  31  12  4  5  35  28  51
   10  71  31  79  38  54  68  18  78  6  26  2  64  56  49  74  44  80  70  82  51  55  17  46  61  43  48  42  16  14  33  60  11  20  59  62  75  76  25  53  36  73  12  52  4  45  29  15  65  5  77  57  81  19  27  34  9  39  3  13  1  32  28  66  37  22  40  35  41  67  69  50  23  72  63  24  21  8  7  58  30  47
   10  71  56  50  17  35  6  29  20  78  80  14  33  67  63  8  64  81  7  57  52  59  62  75  24  12  66  46  4  42  32  69  44  43  13  60  82  68  79  36  72  31  77  38  27  41  19  54  2  3  28  73  1  45  5  25  53  65  34  21  18  11  16  48  40  23  49  22  26  74  55  39  37  61  70  47  76  58  9  15  30  51
   10  73  36  54  71  17  22  35  62  52  46  80  23  3  15  16  12  43  19  33  48  27  18  61  50  4  6  66  28  78  26  79  72  75  1  24  40  82  49  14  70  29  55  8  41  81  65  42  34  31  38  67  37  69  25  47  45  9  20  59  68  7  74  60  2  53  57  56  44  64  39  5  11  21  76  63  58  30  13  77  32  51
   10  76  63  14  40  55  3  56  77  54  12  58  59  50  48  66  70  34  26  15  31  53  21  60  41  46  1  74  81  18  4  47  75  72  16  22  51  39  64  5  38  73  7  20  69  43  28  80  27  6  29  71  25  24  33  35  17  13  49  57  68  52  30  62  23  42  37  82  9  2  65  79  36  8  11  67  61  32  44  19  78  45
   10  79  58  66  69  45  70  53  24  56  26  32  75  57  35  40  20  11  55  43  36  13  50  19  46  62  72  44  18  22  8  27  74  7  47  80  78  42  41  30  64  23  71  82  1  37  39  6  48  33  68  49  63  59  3  31  21  5  60  9  54  77  2  14  52  61  81  76  16  34  73  67  15  65  12  29  4  28  25  17  38  51
   10  79  68  6  64  74  70  55  61  42  33  20  75  53  12  45  65  57  27  39  1  66  40  67  23  24  7  47  31  54  78  2  49  80  51  46  48  14  11  62  25  73  4  15  77  19  9  13  28  22  41  50  63  8  30  71  38  18  26  56  44  82  17  43  16  60  59  76  36  52  29  5  81  34  3  32  37  35  69  72  21  58
   10  80  59  57  41  79  51  76  27  50  68  46  36  39  63  6  48  52  1  8  64  14  29  66  30  74  11  5  40  71  70  62  81  67  38  55  25  34  23  18  61  73  3  24  26  42  4  32  7  56  33  15  37  47  44  20  77  35  31  82  75  19  69  54  17  53  9  72  78  43  12  13  21  2  16  45  28  58  49  60  65  22
   11  2  19  75  14  10  21  66  27  5  41  1  56  12  22  57  81  18  80  78  29  32  45  74  17  47  35  3  67  13  79  48  49  72  24  9  77  71  64  69  61  20  28  23  30  36  50  65  31  8  7  38  54  26  44  76  6  58  33  4  73  70  37  39  59  40  16  63  53  15  42  82  46  68  25  62  51  55  34  60  43  52
   11  2  23  57  33  6  69  5  16  18  41  15  48  54  40  45  61  79  37  52  17  71  28  73  51  47  1  53  70  58  3  76  44  8  9  62  49  24  27  20  64  72  81  60  26  50  77  14  78  67  65  42  68  35  29  43  38  22  4  46  31  66  12  55  10  32  36  82  30  13  25  80  7  39  75  74  21  34  59  56  63  19
   11  4  81  79  68  74  37  72  69  61  7  67  46  30  56  65  29  62  10  54  25  82  1  60  43  39  57  23  9  49  73  58  77  22  12  55  35  3  34  47  59  18  6  75  44  76  14  53  63  36  17  32  8  50  64  16  80  2  19  42  41  66  13  51  21  70  24  15  71  5  26  48  20  28  31  78  33  27  38  40  45  52
   11  10  21  9  66  20  3  8  31  65  69  19  16  2  76  7  37  30  46  64  13  68  33  18  39  15  41  1  81  75  55  6  79  36  58  29  73  45  26  63  53  12  22  67  4  32  70  17  77  38  47  14  34  40  42  82  56  80  59  74  27  54  23  5  71  78  48  35  43  57  60  28  24  72  49  44  61  25  50  62  51  52
   11  14  48  46  51  80  49  2  78  54  31  47  7  24  23  67  40  66  1  39  27  57  65  45  12  53  75  20  33  42  61  55  70  74  64  6  68  79  10  58  21  72  69  35  37  32  3  34  81  5  29  52  36  76  59  60  16  43  17  82  44  56  26  18  38  71  30  8  63  50  41  22  28  13  9  19  77  15  4  73  25  62
   11  14  63  17  10  66  35  20  33  13  1  69  78  38  62  23  15  36  70  16  5  4  27  72  9  81  3  41  47  65  43  26  53  18  34  39  71  73  48  19  49  8  60  7  32  30  80  75  59  12  67  2  24  6  82  44  40  50  31  68  45  46  57  29  77  56  64  21  79  37  28  42  54  74  61  76  25  51  58  22  55  52
   11  16  43  21  64  48  51  26  75  69  49  53  68  56  14  31  45  80  82  74  1  54  65  58  35  73  25  61  71  19  37  36  81  50  22  3  29  5  18  79  47  6  38  59  46  70  44  63  9  40  77  78  60  30  20  66  32  76  17  24  13  42  33  41  39  4  72  55  15  27  12  8  28  34  67  10  7  23  62  2  57  52
   11  18  23  25  36  30  67  32  35  43  15  37  58  74  48  39  75  42  12  50  79  22  21  44  61  65  47  81  13  55  31  46  27  82  10  49  69  19  70  57  45  4  16  29  60  28  8  51  41  68  5  72  14  54  40  6  24  20  3  62  63  38  9  53  1  34  80  7  33  17  78  56  2  76  73  26  71  77  66  64  59  52
   11  18  37  53  49  50  29  55  7  19  16  79  1  62  26  35  12  80  63  5  61  47  9  60  68  66  25  56  69  45  51  8  81  42  31  13  59  6  40  73  44  72  65  46  30  34  33  54  28  76  64  67  4  82  21  57  48  71  3  20  78  22  36  74  23  15  17  58  27  14  38  32  75  2  41  52  70  24  77  43  10  39
   11  20  59  62  75  76  25  53  36  73  12  52  4  45  29  15  65  5  77  57  81  19  27  34  9  39  3  13  1  32  28  66  37  22  40  35  41  67  69  50  23  72  63  24  21  8  7  58  30  47  10  71  31  79  38  54  68  18  78  6  26  2  64  56  49  74  44  80  70  82  51  55  17  46  61  43  48  42  16  14  33  60
   11  22  44  5  10  20  40  80  77  71  59  35  70  57  31  62  41  82  81  79  75  67  51  19  38  76  69  55  27  54  25  50  17  34  68  53  23  46  9  18  36  72  61  39  78  73  63  43  3  6  12  24  48  13  26  52  21  42  1  2  4  8  16  32  64  45  7  14  28  56  29  58  33  66  49  15  30  60  37  74  65  47
   11  22  65  33  62  76  17  44  37  73  29  5  38  28  34  55  53  48  36  2  71  40  15  16  31  49  9  39  61  45  19  66  1  64  68  59  67  47  10  13  41  82  54  51  6  26  18  27  23  42  25  60  4  20  80  50  8  72  57  56  81  30  43  77  7  12  14  75  69  79  46  70  32  78  3  58  35  21  74  24  63  52
   11  24  45  37  34  58  33  50  79  47  77  71  28  46  68  63  1  10  48  60  67  8  53  2  57  41  31  59  3  81  13  76  29  14  56  23  25  61  62  73  39  80  32  21  20  66  64  15  55  70  35  54  40  44  18  72  82  16  43  12  49  26  19  7  51  42  22  27  5  69  30  36  6  38  9  74  17  75  78  4  65  52
   11  24  75  58  36  71  4  54  65  6  81  56  9  80  1  55  37  43  41  14  23  20  21  76  30  73  31  45  68  5  26  19  49  39  70  32  17  22  48  67  33  72  59  8  25  47  12  79  29  18  77  2  27  74  3  82  28  46  40  42  69  60  63  62  7  53  10  52  38  15  78  57  64  34  44  13  51  66  61  35  16  50
   11  28  5  45  60  22  65  62  81  77  9  39  8  82  54  79  61  16  72  12  59  26  47  56  27  25  75  17  51  71  1  14  3  78  32  33  23  7  2  29  35  76  70  43  48  64  74  73  37  44  55  42  30  10  58  34  66  68  15  6  67  18  53  31  57  20  38  13  41  49  80  50  36  40  21  24  63  19  4  46  69  52
   11  34  27  57  58  50  31  80  43  81  71  73  60  54  74  21  69  66  26  22  47  12  79  14  23  1  59  77  41  15  65  44  5  10  78  7  61  49  76  45  29  70  4  35  8  20  48  37  51  46  3  24  56  82  36  18  42  64  55  38  53  6  63  67  25  28  62  33  13  19  32  30  40  2  39  72  9  17  16  68  75  52
   11  36  7  61  30  32  47  4  3  55  37  57  50  72  26  29  17  28  38  80  43  62  35  82  49  75  81  15  65  51  59  54  33  42  66  53  19  63  46  23  27  68  64  5  22  60  12  25  1  74  13  18  10  24  56  40  34  8  41  76  21  2  39  79  69  58  70  67  31  9  16  78  14  44  45  6  73  71  20  48  77  52
   11  38  69  65  2  14  63  10  45  29  3  41  40  8  60  37  47  72  50  56  39  30  73  68  75  67  21  35  7  5  53  64  61  74  54  17  59  77  16  1  25  66  42  57  36  18  58  13  33  20  23  12  46  48  76  62  26  34  27  32  71  80  15  9  31  6  78  19  49  81  82  44  70  4  51  22  55  43  24  28  79  52
   11  39  10  43  77  24  70  52  41  2  75  32  38  14  27  58  17  15  23  74  36  22  78  20  3  71  48  57  21  82  4  67  64  76  28  54  33  34  30  46  65  72  44  73  40  6  59  13  31  42  81  8  51  45  69  56  25  66  68  60  9  47  61  5  63  80  12  35  26  62  1  79  16  19  7  55  29  50  49  53  37  18
   11  40  49  69  56  78  79  16  5  3  51  25  30  26  12  45  77  34  62  32  35  80  29  54  19  59  43  55  31  41  47  74  7  24  42  63  17  9  68  61  23  64  20  27  50  58  22  1  65  48  33  6  82  72  14  2  18  60  13  70  39  76  73  21  75  36  4  53  67  71  66  10  44  46  57  38  37  15  28  8  81  52
   11  46  71  81  54  24  45  34  49  7  31  59  82  80  32  69  3  2  16  42  23  66  61  12  15  35  27  33  21  67  29  22  9  38  6  37  55  51  60  77  17  58  36  19  10  14  78  47  79  50  63  70  26  62  74  68  76  56  53  20  25  64  1  57  43  44  28  73  39  41  18  72  48  8  75  4  65  13  40  30  5  52
   11  47  65  74  37  60  30  15  49  66  33  58  29  56  28  14  7  45  64  32  16  8  4  2  1  42  21  52  26  13  48  24  12  6  3  43  63  73  78  39  61  72  36  18  9  46  23  53  68  34  17  50  25  54  27  55  69  76  38  19  51  67  75  79  81  82  41  62  31  57  70  35  59  71  77  80  40  20  10  5  44  22
   11  48  51  3  26  6  61  40  9  63  79  43  72  16  66  77  33  46  28  18  19  34  17  80  41  27  49  53  45  21  23  32  37  70  76  1  13  65  30  55  15  56  14  71  24  54  42  35  29  78  73  64  62  4  12  8  68  82  39  58  75  60  59  69  5  74  36  25  57  31  2  38  22  50  81  20  47  67  44  10  7  52
   11  50  16  35  61  66  51  13  44  34  64  57  78  15  38  52  10  53  7  62  63  60  69  42  40  46  28  82  3  74  27  2  77  18  29  79  12  47  25  8  59  72  33  67  48  22  17  32  70  39  49  19  26  5  68  45  31  73  30  76  21  20  23  14  41  43  37  55  1  80  9  56  81  6  65  54  4  71  36  58  75  24
   11  50  31  7  80  70  77  46  51  37  45  27  62  34  18  3  63  8  40  76  15  2  55  66  67  19  71  73  69  57  17  42  65  20  64  47  53  79  82  33  13  54  74  41  38  12  6  23  61  24  1  58  16  28  32  30  60  26  25  14  43  56  35  81  49  22  44  59  75  21  68  4  78  10  5  36  29  39  48  72  9  52
   11  54  73  15  24  34  27  58  53  67  59  77  42  70  4  19  41  14  64  28  7  20  49  38  37  3  33  31  35  47  5  62  39  2  40  57  51  25  22  71  9  50  30  63  66  10  16  81  43  80  21  46  6  76  72  74  44  78  79  8  61  48  69  23  55  82  60  45  29  1  36  18  26  12  17  68  75  65  56  32  13  52
   11  58  33  23  50  80  59  70  55  15  73  45  22  24  72  35  19  20  6  62  81  38  43  10  7  69  77  71  1  37  75  82  13  66  16  67  49  53  44  27  5  46  68  3  12  8  26  57  25  54  41  34  78  42  30  36  28  48  51  2  79  40  21  47  61  60  76  31  65  63  4  32  56  14  29  18  39  9  64  74  17  52
   11  60  13  27  22  62  75  76  15  71  39  29  12  42  24  43  49  64  18  38  77  6  81  78  33  61  17  9  25  73  69  10  41  16  4  31  7  67  14  5  3  44  46  55  26  48  72  45  57  82  51  28  32  66  50  58  20  74  37  40  47  36  79  59  23  8  2  65  1  53  70  80  30  56  35  34  21  63  68  54  19  52
   11  60  33  14  16  42  48  43  61  46  17  55  51  82  70  80  44  74  49  56  64  2  26  6  78  18  68  54  38  79  31  71  10  47  30  58  7  8  21  24  63  72  23  50  69  67  41  35  40  22  37  66  28  32  1  13  3  39  9  34  27  19  81  57  77  5  65  15  29  45  4  52  12  73  36  53  25  76  75  62  59  20
   11  62  25  73  4  15  77  19  9  13  28  22  41  50  63  8  30  71  38  18  26  56  44  82  17  43  16  60  59  76  36  52  29  5  81  34  3  32  37  35  69  72  21  58  10  79  68  6  64  74  70  55  61  42  33  20  75  53  12  45  65  57  27  39  1  66  40  67  23  24  7  47  31  54  78  2  49  80  51  46  48  14
   11  64  55  35  48  26  25  6  17  19  53  79  74  78  10  59  27  70  42  72  69  24  75  50  3  45  61  49  73  63  57  30  15  80  62  41  5  13  36  43  81  40  2  77  54  46  82  21  39  56  71  16  22  32  8  20  4  44  9  34  65  28  31  1  29  68  18  51  37  33  38  12  60  58  47  66  67  7  76  14  23  52
   11  68  15  43  74  72  57  18  19  49  67  47  54  32  78  75  5  76  66  24  61  42  69  22  55  29  23  7  39  53  45  50  71  62  38  51  3  41  58  81  77  36  40  17  82  44  10  79  21  30  9  4  12  80  48  64  70  14  63  28  1  20  65  25  35  46  34  37  73  13  6  26  8  60  59  16  31  33  2  56  27  52
   11  70  77  47  46  54  73  24  61  23  33  31  44  50  30  1  35  38  78  82  57  10  25  8  81  21  45  27  63  7  39  60  17  12  26  15  43  55  28  59  75  34  18  69  14  2  56  67  53  58  19  80  48  22  68  4  62  40  49  66  51  16  41  37  79  76  42  71  9  3  72  74  64  20  65  32  13  5  6  36  29  52
   11  71  81  55  23  73  26  32  33  47  77  82  69  53  78  13  16  58  65  80  41  76  68  39  48  8  29  74  40  62  38  34  61  24  4  56  37  20  31  19  17  72  12  2  28  60  10  57  51  50  36  6  1  14  30  5  70  67  25  18  3  42  7  15  44  35  75  54  9  43  21  45  49  22  59  79  27  46  63  52  64  66
   11  72  57  51  18  36  7  30  21  79  81  15  34  68  64  9  65  82  8  58  53  60  63  76  25  13  67  47  5  43  33  70  45  44  14  61  1  69  80  37  73  32  78  39  28  42  20  55  3  4  29  74  2  46  6  26  54  66  35  22  19  12  17  49  41  24  50  23  27  75  56  40  38  62  71  48  77  59  10  16  31  52
   11  74  37  55  72  18  23  36  63  53  47  81  24  4  16  17  13  44  20  34  49  28  19  62  51  5  7  67  29  79  27  80  73  76  2  25  41  1  50  15  71  30  56  9  42  82  66  43  35  32  39  68  38  70  26  48  46  10  21  60  69  8  75  61  3  54  58  57  45  65  40  6  12  22  77  64  59  31  14  78  33  52
   11  76  12  15  81  39  28  35  23  8  10  54  26  74  51  43  33  62  36  45  77  34  1  22  69  24  30  79  78  56  70  46  16  20  25  52  65  19  3  66  41  72  7  71  68  2  44  55  48  60  75  73  29  57  9  32  40  50  21  47  38  6  49  82  61  14  59  53  4  5  27  13  37  67  63  58  31  18  64  80  17  42
   11  79  9  42  30  57  17  24  29  80  69  73  64  22  75  18  1  60  31  34  48  58  77  55  63  45  44  67  36  2  37  62  68  13  33  71  27  43  7  5  51  72  4  74  41  53  26  66  59  54  3  14  10  19  61  8  65  82  23  52  49  35  25  6  28  20  38  39  16  47  81  46  21  15  70  50  12  56  40  76  78  32
   11  80  31  67  27  53  61  6  21  32  29  60  44  71  41  19  25  46  78  24  1  45  33  74  10  35  81  76  17  18  63  13  4  14  49  47  40  57  75  55  68  72  3  52  16  56  30  22  77  62  51  54  23  39  12  42  64  58  37  5  59  82  38  50  9  73  48  2  7  66  65  20  70  79  69  34  36  43  26  8  28  15
   11  80  59  67  70  46  71  54  25  57  27  33  76  58  36  41  21  12  56  44  37  14  51  20  47  63  73  45  19  23  9  28  75  8  48  81  79  43  42  31  65  24  72  1  2  38  40  7  49  34  69  50  64  60  4  32  22  6  61  10  55  78  3  15  53  62  82  77  17  35  74  68  16  66  13  30  5  29  26  18  39  52
   12  5  9  66  69  8  31  6  44  46  33  76  4  57  3  22  23  58  38  2  70  43  11  53  29  19  1  35  63  47  68  56  51  42  59  73  65  34  28  67  21  71  78  74  17  14  75  52  77  39  37  50  7  79  26  80  61  60  25  45  81  13  40  72  30  54  64  82  48  20  36  15  27  32  41  24  10  18  49  55  16  62
   12  11  22  10  67  21  4  9  32  66  70  20  17  3  77  8  38  31  47  65  14  69  34  19  40  16  42  2  82  76  56  7  80  37  59  30  74  46  27  64  54  13  23  68  5  33  71  18  78  39  48  15  35  41  43  1  57  81  60  75  28  55  24  6  72  79  49  36  44  58  61  29  25  73  50  45  62  26  51  63  52  53
   12  13  2  14  39  3  20  15  74  40  36  4  7  21  29  16  68  75  59  41  10  37  72  5  66  8  64  22  24  30  50  17  26  69  47  76  32  60  79  42  52  11  1  38  19  73  35  6  28  67  58  9  71  65  63  23  49  25  46  31  78  51  82  18  34  27  57  70  62  48  45  77  81  33  56  61  44  80  55  43  54  53
   12  14  44  79  23  13  29  20  51  18  21  66  77  76  61  2  30  35  27  73  16  74  31  50  3  45  11  82  68  24  28  5  75  46  26  58  40  19  36  42  49  71  69  39  4  60  70  54  63  32  65  62  17  6  7  22  81  53  48  56  10  67  9  52  33  80  38  72  1  15  59  55  78  8  37  57  25  43  64  47  41  34
   12  15  64  18  11  67  36  21  34  14  2  70  79  39  63  24  16  37  71  17  6  5  28  73  10  82  4  42  48  66  44  27  54  19  35  40  72  74  49  20  50  9  61  8  33  31  81  76  60  13  68  3  25  7  1  45  41  51  32  69  46  47  58  30  78  57  65  22  80  38  29  43  55  75  62  77  26  52  59  23  56  53
   12  17  44  22  65  49  52  27  76  70  50  54  69  57  15  32  46  81  1  75  2  55  66  59  36  74  26  62  72  20  38  37  82  51  23  4  30  6  19  80  48  7  39  60  47  71  45  64  10  41  78  79  61  31  21  67  33  77  18  25  14  43  34  42  40  5  73  56  16  28  13  9  29  35  68  11  8  24  63  3  58  53
   12  19  24  26  37  31  68  33  36  44  16  38  59  75  49  40  76  43  13  51  80  23  22  45  62  66  48  82  14  56  32  47  28  1  11  50  70  20  71  58  46  5  17  30  61  29  9  52  42  69  6  73  15  55  41  7  25  21  4  63  64  39  10  54  2  35  81  8  34  18  79  57  3  77  74  27  72  78  67  65  60  53
   12  19  37  24  38  74  48  76  65  13  69  47  26  55  11  52  27  22  21  54  44  42  25  5  1  50  10  2  17  20  4  34  40  8  68  80  16  53  77  32  23  71  64  46  59  45  9  35  7  18  70  14  36  57  28  72  31  56  61  62  29  39  41  58  78  82  33  73  81  66  63  79  49  43  75  15  3  67  30  6  51  60
   12  21  4  30  9  13  2  39  78  18  64  22  49  11  1  48  24  5  25  27  76  73  60  31  6  58  70  20  38  10  26  57  56  33  81  14  28  34  41  36  44  3  77  82  75  69  55  40  74  15  16  67  51  79  61  29  17  47  72  19  32  35  68  66  46  65  7  42  52  8  63  23  59  37  80  43  54  50  71  45  62  53
   12  23  66  34  63  77  18  45  38  74  30  6  39  29  35  56  54  49  37  3  72  41  16  17  32  50  10  40  62  46  20  67  2  65  69  60  68  48  11  14  42  1  55  52  7  27  19  28  24  43  26  61  5  21  81  51  9  73  58  57  82  31  44  78  8  13  15  76  70  80  47  71  33  79  4  59  36  22  75  25  64  53
   12  25  46  38  35  59  34  51  80  48  78  72  29  47  69  64  2  11  49  61  68  9  54  3  58  42  32  60  4  82  14  77  30  15  57  24  26  62  63  74  40  81  33  22  21  67  65  16  56  71  36  55  41  45  19  73  1  17  44  13  50  27  20  8  52  43  23  28  6  70  31  37  7  39  10  75  18  76  79  5  66  53
   12  32  30  80  75  34  63  2  33  5  41  54  61  52  28  47  70  76  9  24  64  60  77  67  68  43  4  66  10  82  25  39  21  56  11  57  69  18  48  45  37  71  51  53  3  8  49  20  81  50  78  42  29  22  31  55  36  13  7  74  59  19  23  6  16  15  40  79  17  73  1  58  44  62  27  72  26  14  65  35  38  46
   12  33  48  54  5  69  16  75  2  26  24  8  71  37  41  14  40  23  15  47  52  45  42  29  80  10  38  58  18  62  72  35  60  61  9  44  22  36  25  68  32  73  27  66  77  63  3  50  20  19  76  31  21  59  17  79  51  39  70  1  4  11  6  56  64  81  55  82  78  30  49  65  67  43  34  57  28  46  13  7  74  53
   12  34  41  47  64  43  25  57  37  8  78  55  59  15  1  72  38  80  33  52  9  67  10  56  48  53  81  22  7  6  17  62  65  32  63  54  70  60  4  39  69  71  49  42  36  19  40  58  26  46  75  5  28  24  68  82  11  45  3  50  31  74  16  73  27  35  30  2  61  76  77  66  21  18  51  20  29  13  23  79  44  14
   12  37  8  62  31  33  48  5  4  56  38  58  51  73  27  30  18  29  39  81  44  63  36  1  50  76  82  16  66  52  60  55  34  43  67  54  20  64  47  24  28  69  65  6  23  61  13  26  2  75  14  19  11  25  57  41  35  9  42  77  22  3  40  80  70  59  71  68  32  10  17  79  15  45  46  7  74  72  21  49  78  53
   12  39  70  66  3  15  64  11  46  30  4  42  41  9  61  38  48  73  51  57  40  31  74  69  76  68  22  36  8  6  54  65  62  75  55  18  60  78  17  2  26  67  43  58  37  19  59  14  34  21  24  13  47  49  77  63  27  35  28  33  72  81  16  10  32  7  79  20  50  82  1  45  71  5  52  23  56  44  25  29  80  53
   12  43  30  74  29  61  14  23  48  60  18  10  21  45  47  54  26  79  75  9  32  49  68  41  46  52  66  76  56  78  42  3  36  57  31  28  58  24  39  40  22  63  81  80  65  17  69  72  16  77  44  1  37  15  35  25  11  5  82  27  8  73  50  34  38  67  13  6  4  62  51  59  19  7  64  55  20  70  33  71  2  53
   12  46  38  35  65  14  26  72  27  62  44  58  1  73  17  79  40  15  16  6  23  19  59  74  7  13  36  55  31  22  29  42  78  50  81  20  49  8  3  53  51  71  37  45  48  18  69  57  11  56  21  39  25  82  10  66  4  43  68  67  77  60  64  24  9  76  70  47  28  52  61  54  41  5  33  2  63  34  75  80  30  32
   12  50  70  15  21  46  81  47  16  39  38  20  28  6  25  35  49  52  23  82  65  8  61  19  10  14  3  54  59  66  26  53  41  74  4  72  51  5  7  43  27  71  33  13  68  62  37  2  36  67  44  45  63  55  77  58  48  34  31  60  1  18  75  22  64  73  69  80  29  24  17  57  30  42  9  79  11  32  78  76  40  56
   12  51  32  8  81  71  78  47  52  38  46  28  63  35  19  4  64  9  41  77  16  3  56  67  68  20  72  74  70  58  18  43  66  21  65  48  54  80  1  34  14  55  75  42  39  13  7  24  62  25  2  59  17  29  33  31  61  27  26  15  44  57  36  82  50  23  45  60  76  22  69  5  79  11  6  37  30  40  49  73  10  53
   12  54  77  56  3  55  40  14  63  76  10  45  78  19  44  32  61  67  11  8  36  79  65  2  9  82  37  42  23  62  30  52  68  57  49  13  17  35  33  24  25  71  29  6  27  80  28  43  69  20  7  73  38  5  64  39  51  22  16  72  75  47  4  18  81  74  1  46  41  60  21  53  31  15  26  34  70  66  48  50  59  58
   12  55  74  16  25  35  28  59  54  68  60  78  43  71  5  20  42  15  65  29  8  21  50  39  38  4  34  32  36  48  6  63  40  3  41  58  52  26  23  72  10  51  31  64  67  11  17  82  44  81  22  47  7  77  73  75  45  79  80  9  62  49  70  24  56  1  61  46  30  2  37  19  27  13  18  69  76  66  57  33  14  53
   12  56  40  76  78  32  11  79  9  42  30  57  17  24  29  80  69  73  64  22  75  18  1  60  31  34  48  58  77  55  63  45  44  67  36  2  37  62  68  13  33  71  27  43  7  5  51  72  4  74  41  53  26  66  59  54  3  14  10  19  61  8  65  82  23  52  49  35  25  6  28  20  38  39  16  47  81  46  21  15  70  50
   12  58  59  50  48  66  70  34  26  15  31  53  21  60  41  46  1  74  81  18  4  47  75  72  16  22  51  39  64  5  38  73  7  20  69  43  28  80  27  6  29  71  25  24  33  35  17  13  49  57  68  52  30  62  23  42  37  82  9  2  65  79  36  8  11  67  61  32  44  19  78  45  10  76  63  14  40  55  3  56  77  54
   12  59  34  24  51  81  60  71  56  16  74  46  23  25  73  36  20  21  7  63  82  39  44  11  8  70  78  72  2  38  76  1  14  67  17  68  50  54  45  28  6  47  69  4  13  9  27  58  26  55  42  35  79  43  31  37  29  49  52  3  80  41  22  48  62  61  77  32  66  64  5  33  57  15  30  19  40  10  65  75  18  53
   12  60  51  6  30  67  3  15  75  43  49  79  63  66  81  73  33  82  78  58  41  39  29  62  61  56  31  72  28  57  36  14  70  18  7  35  9  45  59  46  64  71  23  32  77  53  16  80  68  8  40  34  4  20  17  2  10  50  1  5  25  42  44  54  21  22  27  52  11  55  26  47  69  13  65  76  48  74  38  24  37  19
   12  61  14  28  23  63  76  77  16  72  40  30  13  43  25  44  50  65  19  39  78  7  82  79  34  62  18  10  26  74  70  11  42  17  5  32  8  68  15  6  4  45  47  56  27  49  73  46  58  1  52  29  33  67  51  59  21  75  38  41  48  37  80  60  24  9  3  66  2  54  71  81  31  57  36  35  22  64  69  55  20  53
   12  65  56  36  49  27  26  7  18  20  54  80  75  79  11  60  28  71  43  73  70  25  76  51  4  46  62  50  74  64  58  31  16  81  63  42  6  14  37  44  82  41  3  78  55  47  1  22  40  57  72  17  23  33  9  21  5  45  10  35  66  29  32  2  30  69  19  52  38  34  39  13  61  59  48  67  68  8  77  15  24  53
   12  69  16  44  75  73  58  19  20  50  68  48  55  33  79  76  6  77  67  25  62  43  70  23  56  30  24  8  40  54  46  51  72  63  39  52  4  42  59  82  78  37  41  18  1  45  11  80  22  31  10  5  13  81  49  65  71  15  64  29  2  21  66  26  36  47  35  38  74  14  7  27  9  61  60  17  32  34  3  57  28  53
   12  71  78  48  47  55  74  25  62  24  34  32  45  51  31  2  36  39  79  1  58  11  26  9  82  22  46  28  64  8  40  61  18  13  27  16  44  56  29  60  76  35  19  70  15  3  57  68  54  59  20  81  49  23  69  5  63  41  50  67  52  17  42  38  80  77  43  72  10  4  73  75  65  21  66  33  14  6  7  37  30  53
   12  73  36  53  25  76  75  62  59  20  11  60  33  14  16  42  48  43  61  46  17  55  51  82  70  80  44  74  49  56  64  2  26  6  78  18  68  54  38  79  31  71  10  47  30  58  7  8  21  24  63  72  23  50  69  67  41  35  40  22  37  66  28  32  1  13  3  39  9  34  27  19  81  57  77  5  65  15  29  45  4  52
   12  74  69  52  44  50  4  80  23  45  70  72  29  82  63  15  51  24  65  55  21  5  17  8  77  46  7  57  61  58  81  43  30  19  48  47  27  42  10  34  16  71  9  14  31  39  33  79  3  60  38  13  11  54  1  20  68  32  59  18  28  62  78  66  75  6  37  76  26  22  25  2  40  53  64  35  36  56  41  73  49  67
   12  76  11  42  17  80  64  18  31  58  63  67  37  13  27  5  4  53  59  14  61  82  49  6  38  47  21  50  40  32  9  57  29  73  75  60  48  55  44  2  68  71  7  72  41  66  3  19  65  52  25  20  16  46  70  56  78  79  30  24  69  22  1  34  77  45  36  62  33  43  51  74  26  54  10  8  23  35  28  39  81  15
   12  79  80  64  17  65  56  49  66  2  62  50  5  41  3  34  74  51  45  69  42  47  14  35  22  72  52  26  78  70  16  19  48  59  61  36  40  30  73  54  68  27  13  32  71  81  77  20  18  7  60  57  29  37  67  11  31  63  76  55  6  1  28  4  10  33  75  44  82  46  9  21  43  25  8  15  24  58  23  39  38  53
   12  81  60  68  71  47  72  55  26  58  28  34  77  59  37  42  22  13  57  45  38  15  52  21  48  64  74  46  20  24  10  29  76  9  49  82  80  44  43  32  66  25  73  2  3  39  41  8  50  35  70  51  65  61  5  33  23  7  62  11  56  79  4  16  54  63  1  78  18  36  75  69  17  67  14  31  6  30  27  19  40  53
   13  4  21  77  16  12  23  68  29  7  43  3  58  14  24  59  1  20  82  80  31  34  47  76  19  49  37  5  69  15  81  50  51  74  26  11  79  73  66  71  63  22  30  25  32  38  52  67  33  10  9  40  56  28  46  78  8  60  35  6  75  72  39  41  61  42  18  65  55  17  44  2  48  70  27  64  53  57  36  62  45  54
   13  7  74  59  19  23  6  16  15  40  79  17  73  1  58  44  62  27  72  26  14  65  35  38  46  12  32  30  80  75  34  63  2  33  5  41  54  61  52  28  47  70  76  9  24  64  60  77  67  68  43  4  66  10  82  25  39  21  56  11  57  69  18  48  45  37  71  51  53  3  8  49  20  81  50  78  42  29  22  31  55  36
   13  9  19  77  15  4  73  25  62  11  14  48  46  51  80  49  2  78  54  31  47  7  24  23  67  40  66  1  39  27  57  65  45  12  53  75  20  33  42  61  55  70  74  64  6  68  79  10  58  21  72  69  35  37  32  3  34  81  5  29  52  36  76  59  60  16  43  17  82  44  56  26  18  38  71  30  8  63  50  41  22  28
   13  10  43  7  14  40  71  4  73  11  23  37  28  68  44  1  9  70  36  8  19  20  79  34  15  25  21  65  59  41  63  80  53  6  72  67  35  33  58  5  57  16  46  17  74  76  26  31  47  12  39  22  82  18  24  62  66  56  75  38  61  60  49  77  29  50  42  3  27  69  78  64  52  32  45  30  81  55  48  2  51  54
   13  12  23  11  68  22  5  10  33  67  71  21  18  4  78  9  39  32  48  66  15  70  35  20  41  17  43  3  1  77  57  8  81  38  60  31  75  47  28  65  55  14  24  69  6  34  72  19  79  40  49  16  36  42  44  2  58  82  61  76  29  56  25  7  73  80  50  37  45  59  62  30  26  74  51  46  63  27  52  64  53  54
   13  12  43  78  72  9  53  17  54  69  19  75  82  31  35  77  20  44  47  37  15  33  56  7  32  4  42  26  24  3  73  61  18  23  34  25  55  38  67  81  62  70  71  40  5  11  74  30  66  29  14  64  8  1  52  48  6  63  39  36  46  68  50  27  76  51  79  41  57  59  80  10  22  65  60  49  58  28  45  16  2  21
   13  16  65  19  12  68  37  22  35  15  3  71  80  40  64  25  17  38  72  18  7  6  29  74  11  1  5  43  49  67  45  28  55  20  36  41  73  75  50  21  51  10  62  9  34  32  82  77  61  14  69  4  26  8  2  46  42  52  33  70  47  48  59  31  79  58  66  23  81  39  30  44  56  76  63  78  27  53  60  24  57  54
   13  18  45  23  66  50  53  28  77  71  51  55  70  58  16  33  47  82  2  76  3  56  67  60  37  75  27  63  73  21  39  38  1  52  24  5  31  7  20  81  49  8  40  61  48  72  46  65  11  42  79  80  62  32  22  68  34  78  19  26  15  44  35  43  41  6  74  57  17  29  14  10  30  36  69  12  9  25  64  4  59  54
   13  20  25  27  38  32  69  34  37  45  17  39  60  76  50  41  77  44  14  52  81  24  23  46  63  67  49  1  15  57  33  48  29  2  12  51  71  21  72  59  47  6  18  31  62  30  10  53  43  70  7  74  16  56  42  8  26  22  5  64  65  40  11  55  3  36  82  9  35  19  80  58  4  78  75  28  73  79  68  66  61  54
   13  22  5  31  10  14  3  40  79  19  65  23  50  12  2  49  25  6  26  28  77  74  61  32  7  59  71  21  39  11  27  58  57  34  82  15  29  35  42  37  45  4  78  1  76  70  56  41  75  16  17  68  52  80  62  30  18  48  73  20  33  36  69  67  47  66  8  43  53  9  64  24  60  38  81  44  55  51  72  46  63  54
   13  23  79  44  14  12  34  41  47  64  43  25  57  37  8  78  55  59  15  1  72  38  80  33  52  9  67  10  56  48  53  81  22  7  6  17  62  65  32  63  54  70  60  4  39  69  71  49  42  36  19  40  58  26  46  75  5  28  24  68  82  11  45  3  50  31  74  16  73  27  35  30  2  61  76  77  66  21  18  51  20  29
   13  24  67  35  64  78  19  46  39  75  31  7  40  30  36  57  55  50  38  4  73  42  17  18  33  51  11  41  63  47  21  68  3  66  70  61  69  49  12  15  43  2  56  53  8  28  20  29  25  44  27  62  6  22  82  52  10  74  59  58  1  32  45  79  9  14  16  77  71  81  48  72  34  80  5  60  37  23  76  26  65  54
   13  26  47  39  36  60  35  52  81  49  79  73  30  48  70  65  3  12  50  62  69  10  55  4  59  43  33  61  5  1  15  78  31  16  58  25  27  63  64  75  41  82  34  23  22  68  66  17  57  72  37  56  42  46  20  74  2  18  45  14  51  28  21  9  53  44  24  29  7  71  32  38  8  40  11  76  19  77  80  6  67  54
   13  29  20  51  18  21  66  77  76  61  2  30  35  27  73  16  74  31  50  3  45  11  82  68  24  28  5  75  46  26  58  40  19  36  42  49  71  69  39  4  60  70  54  63  32  65  62  17  6  7  22  81  53  48  56  10  67  9  52  33  80  38  72  1  15  59  55  78  8  37  57  25  43  64  47  41  34  12  14  44  79  23
   13  31  42  81  8  51  45  69  56  25  66  68  60  9  47  61  5  63  80  12  35  26  62  1  79  16  19  7  55  29  50  49  53  37  18  11  39  10  43  77  24  70  52  41  2  75  32  38  14  27  58  17  15  23  74  36  22  78  20  3  71  48  57  21  82  4  67  64  76  28  54  33  34  30  46  65  72  44  73  40  6  59
   13  33  71  27  43  7  5  51  72  4  74  41  53  26  66  59  54  3  14  10  19  61  8  65  82  23  52  49  35  25  6  28  20  38  39  16  47  81  46  21  15  70  50  12  56  40  76  78  32  11  79  9  42  30  57  17  24  29  80  69  73  64  22  75  18  1  60  31  34  48  58  77  55  63  45  44  67  36  2  37  62  68
   13  34  49  55  6  70  17  76  3  27  25  9  72  38  42  15  41  24  16  48  53  46  43  30  81  11  39  59  19  63  73  36  61  62  10  45  23  37  26  69  33  74  28  67  78  64  4  51  21  20  77  32  22  60  18  80  52  40  71  2  5  12  7  57  65  82  56  1  79  31  50  66  68  44  35  58  29  47  14  8  75  54
   13  38  9  63  32  34  49  6  5  57  39  59  52  74  28  31  19  30  40  82  45  64  37  2  51  77  1  17  67  53  61  56  35  44  68  55  21  65  48  25  29  70  66  7  24  62  14  27  3  76  15  20  12  26  58  42  36  10  43  78  23  4  41  81  71  60  72  69  33  11  18  80  16  46  47  8  75  73  22  50  79  54
   13  44  31  75  30  62  15  24  49  61  19  11  22  46  48  55  27  80  76  10  33  50  69  42  47  53  67  77  57  79  43  4  37  58  32  29  59  25  40  41  23  64  82  81  66  18  70  73  17  78  45  2  38  16  36  26  12  6  1  28  9  74  51  35  39  68  14  7  5  63  52  60  20  8  65  56  21  71  34  72  3  54
   13  44  34  64  57  78  15  38  52  10  53  7  62  63  60  69  42  40  46  28  82  3  74  27  2  77  18  29  79  12  47  25  8  59  72  33  67  48  22  17  32  70  39  49  19  26  5  68  45  31  73  30  76  21  20  23  14  41  43  37  55  1  80  9  56  81  6  65  54  4  71  36  58  75  24  11  50  16  35  61  66  51
   13  46  11  79  2  44  31  30  9  35  67  77  12  64  82  63  57  42  6  68  29  18  25  28  73  45  7  15  81  33  37  14  65  8  20  75  17  39  10  19  21  62  60  51  80  58  34  61  49  24  55  78  74  40  56  48  4  32  69  66  59  70  27  47  1  16  22  41  23  53  36  26  76  50  71  72  3  43  38  52  5  54
   13  51  66  61  35  16  50  11  24  75  58  36  71  4  54  65  6  81  56  9  80  1  55  37  43  41  14  23  20  21  76  30  73  31  45  68  5  26  19  49  39  70  32  17  22  48  67  33  72  59  8  25  47  12  79  29  18  77  2  27  74  3  82  28  46  40  42  69  60  63  62  7  53  10  52  38  15  78  57  64  34  44
   13  56  75  17  26  36  29  60  55  69  61  79  44  72  6  21  43  16  66  30  9  22  51  40  39  5  35  33  37  49  7  64  41  4  42  59  53  27  24  73  11  52  32  65  68  12  18  1  45  82  23  48  8  78  74  76  46  80  81  10  63  50  71  25  57  2  62  47  31  3  38  20  28  14  19  70  77  67  58  34  15  54
   13  58  55  21  80  18  45  66  15  43  27  63  34  8  40  29  73  60  78  6  5  72  7  26  65  79  57  53  61  3  1  74  69  36  30  23  11  41  76  51  9  50  10  35  82  52  64  71  77  28  33  42  44  20  12  16  38  24  67  48  31  46  47  37  19  32  70  81  49  75  22  68  2  56  25  4  59  39  62  14  17  54
   13  59  6  40  73  44  72  65  46  30  34  33  54  28  76  64  67  4  82  21  57  48  71  3  20  78  22  36  74  23  15  17  58  27  14  38  32  75  2  41  52  70  24  77  43  10  39  11  18  37  53  49  50  29  55  7  19  16  79  1  62  26  35  12  80  63  5  61  47  9  60  68  66  25  56  69  45  51  8  81  42  31
   13  64  77  33  78  46  11  2  59  47  7  15  4  62  60  53  81  28  32  16  75  58  39  66  61  55  41  31  51  29  65  22  71  50  76  79  49  1  68  67  3  44  26  27  42  8  38  35  9  30  63  24  70  10  72  82  14  20  25  80  17  34  57  73  69  40  12  19  21  45  56  48  6  18  43  52  5  37  74  36  23  54
   13  65  76  48  74  38  24  37  19  12  60  51  6  30  67  3  15  75  43  49  79  63  66  81  73  33  82  78  58  41  39  29  62  61  56  31  72  28  57  36  14  70  18  7  35  9  45  59  46  64  71  23  32  77  53  16  80  68  8  40  34  4  20  17  2  10  50  1  5  25  42  44  54  21  22  27  52  11  55  26  47  69
   13  66  57  37  50  28  27  8  19  21  55  81  76  80  12  61  29  72  44  74  71  26  77  52  5  47  63  51  75  65  59  32  17  82  64  43  7  15  38  45  1  42  4  79  56  48  2  23  41  58  73  18  24  34  10  22  6  46  11  36  67  30  33  3  31  70  20  53  39  35  40  14  62  60  49  68  69  9  78  16  25  54
   13  68  62  37  2  36  67  44  45  63  55  77  58  48  34  31  60  1  18  75  22  64  73  69  80  29  24  17  57  30  42  9  79  11  32  78  76  40  56  12  50  70  15  21  46  81  47  16  39  38  20  28  6  25  35  49  52  23  82  65  8  61  19  10  14  3  54  59  66  26  53  41  74  4  72  51  5  7  43  27  71  33
   13  69  47  26  55  11  52  27  22  21  54  44  42  25  5  1  50  10  2  17  20  4  34  40  8  68  80  16  53  77  32  23  71  64  46  59  45  9  35  7  18  70  14  36  57  28  72  31  56  61  62  29  39  41  58  78  82  33  73  81  66  63  79  49  43  75  15  3  67  30  6  51  60  12  19  37  24  38  74  48  76  65
   13  70  17  45  76  74  59  20  21  51  69  49  56  34  80  77  7  78  68  26  63  44  71  24  57  31  25  9  41  55  47  52  73  64  40  53  5  43  60  1  79  38  42  19  2  46  12  81  23  32  11  6  14  82  50  66  72  16  65  30  3  22  67  27  37  48  36  39  75  15  8  28  10  62  61  18  33  35  4  58  29  54
   13  72  79  49  48  56  75  26  63  25  35  33  46  52  32  3  37  40  80  2  59  12  27  10  1  23  47  29  65  9  41  62  19  14  28  17  45  57  30  61  77  36  20  71  16  4  58  69  55  60  21  82  50  24  70  6  64  42  51  68  53  18  43  39  81  78  44  73  11  5  74  76  66  22  67  34  15  7  8  38  31  54
   13  80  81  65  18  66  57  50  67  3  63  51  6  42  4  35  75  52  46  70  43  48  15  36  23  73  53  27  79  71  17  20  49  60  62  37  41  31  74  55  69  28  14  33  72  82  78  21  19  8  61  58  30  38  68  12  32  64  77  56  7  2  29  5  11  34  76  45  1  47  10  22  44  26  9  16  25  59  24  40  39  54
   14  4  13  63  18  17  76  81  35  10  74  33  45  1  24  78  46  25  19  41  71  44  60  29  32  21  6  61  53  27  67  31  80  11  15  28  8  26  43  36  34  69  79  70  20  65  66  7  2  48  73  9  50  38  82  59  5  37  58  64  42  12  39  23  54  51  62  77  22  30  56  16  52  3  72  68  55  75  57  40  47  49
   14  5  22  78  17  13  24  69  30  8  44  4  59  15  25  60  2  21  1  81  32  35  48  77  20  50  38  6  70  16  82  51  52  75  27  12  80  74  67  72  64  23  31  26  33  39  53  68  34  11  10  41  57  29  47  79  9  61  36  7  76  73  40  42  62  43  19  66  56  18  45  3  49  71  28  65  54  58  37  63  46  55
   14  9  64  4  43  59  56  81  32  38  58  54  39  51  11  76  62  27  25  33  24  53  42  49  72  34  82  46  36  6  70  71  26  57  3  22  78  20  7  28  60  19  69  48  61  37  63  44  16  67  30  29  47  77  5  41  75  31  8  1  12  65  74  66  68  21  35  52  10  80  13  17  79  73  40  15  18  2  45  23  50  55
   14  11  62  25  73  4  15  77  19  9  13  28  22  41  50  63  8  30  71  38  18  26  56  44  82  17  43  16  60  59  76  36  52  29  5  81  34  3  32  37  35  69  72  21  58  10  79  68  6  64  74  70  55  61  42  33  20  75  53  12  45  65  57  27  39  1  66  40  67  23  24  7  47  31  54  78  2  49  80  51  46  48
   14  12  34  41  47  64  43  25  57  37  8  78  55  59  15  1  72  38  80  33  52  9  67  10  56  48  53  81  22  7  6  17  62  65  32  63  54  70  60  4  39  69  71  49  42  36  19  40  58  26  46  75  5  28  24  68  82  11  45  3  50  31  74  16  73  27  35  30  2  61  76  77  66  21  18  51  20  29  13  23  79  44
   14  13  24  12  69  23  6  11  34  68  72  22  19  5  79  10  40  33  49  67  16  71  36  21  42  18  44  4  2  78  58  9  82  39  61  32  76  48  29  66  56  15  25  70  7  35  73  20  80  41  50  17  37  43  45  3  59  1  62  77  30  57  26  8  74  81  51  38  46  60  63  31  27  75  52  47  64  28  53  65  54  55
   14  17  66  20  13  69  38  23  36  16  4  72  81  41  65  26  18  39  73  19  8  7  30  75  12  2  6  44  50  68  46  29  56  21  37  42  74  76  51  22  52  11  63  10  35  33  1  78  62  15  70  5  27  9  3  47  43  53  34  71  48  49  60  32  80  59  67  24  82  40  31  45  57  77  64  79  28  54  61  25  58  55
   14  19  46  24  67  51  54  29  78  72  52  56  71  59  17  34  48  1  3  77  4  57  68  61  38  76  28  64  74  22  40  39  2  53  25  6  32  8  21  82  50  9  41  62  49  73  47  66  12  43  80  81  63  33  23  69  35  79  20  27  16  45  36  44  42  7  75  58  18  30  15  11  31  37  70  13  10  26  65  5  60  55
   14  21  26  28  39  33  70  35  38  46  18  40  61  77  51  42  78  45  15  53  82  25  24  47  64  68  50  2  16  58  34  49  30  3  13  52  72  22  73  60  48  7  19  32  63  31  11  54  44  71  8  75  17  57  43  9  27  23  6  65  66  41  12  56  4  37  1  10  36  20  81  59  5  79  76  29  74  80  69  67  62  55
   14  27  58  17  15  23  74  36  22  78  20  3  71  48  57  21  82  4  67  64  76  28  54  33  34  30  46  65  72  44  73  40  6  59  13  31  42  81  8  51  45  69  56  25  66  68  60  9  47  61  5  63  80  12  35  26  62  1  79  16  19  7  55  29  50  49  53  37  18  11  39  10  43  77  24  70  52  41  2  75  32  38
   14  35  50  56  7  71  18  77  4  28  26  10  73  39  43  16  42  25  17  49  54  47  44  31  82  12  40  60  20  64  74  37  62  63  11  46  24  38  27  70  34  75  29  68  79  65  5  52  22  21  78  33  23  61  19  81  53  41  72  3  6  13  8  58  66  1  57  2  80  32  51  67  69  45  36  59  30  48  15  9  76  55
   14  38  32  75  2  41  52  70  24  77  43  10  39  11  18  37  53  49  50  29  55  7  19  16  79  1  62  26  35  12  80  63  5  61  47  9  60  68  66  25  56  69  45  51  8  81  42  31  13  59  6  40  73  44  72  65  46  30  34  33  54  28  76  64  67  4  82  21  57  48  71  3  20  78  22  36  74  23  15  17  58  27
   14  39  10  64  33  35  50  7  6  58  40  60  53  75  29  32  20  31  41  1  46  65  38  3  52  78  2  18  68  54  62  57  36  45  69  56  22  66  49  26  30  71  67  8  25  63  15  28  4  77  16  21  13  27  59  43  37  11  44  79  24  5  42  82  72  61  73  70  34  12  19  81  17  47  48  9  76  74  23  51  80  55
   14  40  55  3  56  77  54  12  58  59  50  48  66  70  34  26  15  31  53  21  60  41  46  1  74  81  18  4  47  75  72  16  22  51  39  64  5  38  73  7  20  69  43  28  80  27  6  29  71  25  24  33  35  17  13  49  57  68  52  30  62  23  42  37  82  9  2  65  79  36  8  11  67  61  32  44  19  78  45  10  76  63
   14  45  32  76  31  63  16  25  50  62  20  12  23  47  49  56  28  81  77  11  34  51  70  43  48  54  68  78  58  80  44  5  38  59  33  30  60  26  41  42  24  65  1  82  67  19  71  74  18  79  46  3  39  17  37  27  13  7  2  29  10  75  52  36  40  69  15  8  6  64  53  61  21  9  66  57  22  72  35  73  4  55
   14  47  12  80  3  45  32  31  10  36  68  78  13  65  1  64  58  43  7  69  30  19  26  29  74  46  8  16  82  34  38  15  66  9  21  76  18  40  11  20  22  63  61  52  81  59  35  62  50  25  56  79  75  41  57  49  5  33  70  67  60  71  28  48  2  17  23  42  24  54  37  27  77  51  72  73  4  44  39  53  6  55
   14  57  76  18  27  37  30  61  56  70  62  80  45  73  7  22  44  17  67  31  10  23  52  41  40  6  36  34  38  50  8  65  42  5  43  60  54  28  25  74  12  53  33  66  69  13  19  2  46  1  24  49  9  79  75  77  47  81  82  11  64  51  72  26  58  3  63  48  32  4  39  21  29  15  20  71  78  68  59  35  16  55
   14  59  56  22  81  19  46  67  16  44  28  64  35  9  41  30  74  61  79  7  6  73  8  27  66  80  58  54  62  4  2  75  70  37  31  24  12  42  77  52  10  51  11  36  1  53  65  72  78  29  34  43  45  21  13  17  39  25  68  49  32  47  48  38  20  33  71  82  50  76  23  69  3  57  26  5  60  40  63  15  18  55
   14  63  76  10  45  78  19  44  32  61  67  11  8  36  79  65  2  9  82  37  42  23  62  30  52  68  57  49  13  17  35  33  24  25  71  29  6  27  80  28  43  69  20  7  73  38  5  64  39  51  22  16  72  75  47  4  18  81  74  1  46  41  60  21  53  31  15  26  34  70  66  48  50  59  58  12  54  77  56  3  55  40
   14  65  78  34  79  47  12  3  60  48  8  16  5  63  61  54  82  29  33  17  76  59  40  67  62  56  42  32  52  30  66  23  72  51  77  80  50  2  69  68  4  45  27  28  43  9  39  36  10  31  64  25  71  11  73  1  15  21  26  81  18  35  58  74  70  41  13  20  22  46  57  49  7  19  44  53  6  38  75  37  24  55
   14  71  18  46  77  75  60  21  22  52  70  50  57  35  81  78  8  79  69  27  64  45  72  25  58  32  26  10  42  56  48  53  74  65  41  54  6  44  61  2  80  39  43  20  3  47  13  82  24  33  12  7  15  1  51  67  73  17  66  31  4  23  68  28  38  49  37  40  76  16  9  29  11  63  62  19  34  36  5  59  30  55
   14  73  80  50  49  57  76  27  64  26  36  34  47  53  33  4  38  41  81  3  60  13  28  11  2  24  48  30  66  10  42  63  20  15  29  18  46  58  31  62  78  37  21  72  17  5  59  70  56  61  22  1  51  25  71  7  65  43  52  69  54  19  44  40  82  79  45  74  12  6  75  77  67  23  68  35  16  8  9  39  32  55
   14  75  52  77  39  37  50  7  79  26  80  61  60  25  45  81  13  40  72  30  54  64  82  48  20  36  15  27  32  41  24  10  18  49  55  16  62  12  5  9  66  69  8  31  6  44  46  33  76  4  57  3  22  23  58  38  2  70  43  11  53  29  19  1  35  63  47  68  56  51  42  59  73  65  34  28  67  21  71  78  74  17
   14  77  40  58  75  21  26  39  66  56  50  2  27  7  19  20  16  47  23  37  52  31  22  65  54  8  10  70  32  82  30  1  76  79  5  28  44  4  53  18  74  33  59  12  45  3  69  46  38  35  42  71  41  73  29  51  49  13  24  63  72  11  78  64  6  57  61  60  48  68  43  9  15  25  80  67  62  34  17  81  36  55
   15  2  63  71  74  50  75  58  29  61  31  37  80  62  40  45  25  16  60  48  41  18  55  24  51  67  77  49  23  27  13  32  79  12  52  3  1  47  46  35  69  28  76  5  6  42  44  11  53  38  73  54  68  64  8  36  26  10  65  14  59  82  7  19  57  66  4  81  21  39  78  72  20  70  17  34  9  33  30  22  43  56
   15  4  43  75  46  32  9  64  71  35  79  21  70  80  74  53  55  60  72  24  37  68  11  10  77  59  17  69  47  63  7  42  25  44  40  49  41  61  16  13  67  26  54  57  20  82  8  81  3  66  1  48  22  6  28  58  18  36  51  52  27  78  65  31  19  14  12  33  39  29  62  38  76  30  23  50  73  5  34  2  45  56
   15  6  23  79  18  14  25  70  31  9  45  5  60  16  26  61  3  22  2  82  33  36  49  78  21  51  39  7  71  17  1  52  53  76  28  13  81  75  68  73  65  24  32  27  34  40  54  69  35  12  11  42  58  30  48  80  10  62  37  8  77  74  41  43  63  44  20  67  57  19  46  4  50  72  29  66  55  59  38  64  47  56
   15  11  80  31  67  27  53  61  6  21  32  29  60  44  71  41  19  25  46  78  24  1  45  33  74  10  35  81  76  17  18  63  13  4  14  49  47  40  57  75  55  68  72  3  52  16  56  30  22  77  62  51  54  23  39  12  42  64  58  37  5  59  82  38  50  9  73  48  2  7  66  65  20  70  79  69  34  36  43  26  8  28
   15  14  25  13  70  24  7  12  35  69  73  23  20  6  80  11  41  34  50  68  17  72  37  22  43  19  45  5  3  79  59  10  1  40  62  33  77  49  30  67  57  16  26  71  8  36  74  21  81  42  51  18  38  44  46  4  60  2  63  78  31  58  27  9  75  82  52  39  47  61  64  32  28  76  53  48  65  29  54  66  55  56
   15  20  47  25  68  52  55  30  79  73  53  57  72  60  18  35  49  2  4  78  5  58  69  62  39  77  29  65  75  23  41  40  3  54  26  7  33  9  22  1  51  10  42  63  50  74  48  67  13  44  81  82  64  34  24  70  36  80  21  28  17  46  37  45  43  8  76  59  19  31  16  12  32  38  71  14  11  27  66  6  61  56
   15  30  29  45  10  44  53  60  43  25  47  59  22  68  24  75  35  58  64  40  67  62  13  74  5  37  57  1  31  39  11  8  61  50  48  73  69  79  36  55  41  82  14  77  38  28  32  7  9  20  49  52  80  72  42  16  78  46  33  54  21  26  81  23  17  76  34  65  27  63  18  6  66  2  19  12  3  51  4  70  71  56
   15  30  60  37  74  65  47  11  22  44  5  10  20  40  80  77  71  59  35  70  57  31  62  41  82  81  79  75  67  51  19  38  76  69  55  27  54  25  50  17  34  68  53  23  46  9  18  36  72  61  39  78  73  63  43  3  6  12  24  48  13  26  52  21  42  1  2  4  8  16  32  64  45  7  14  28  56  29  58  33  66  49
   15  32  9  49  64  26  69  66  3  81  13  43  12  4  58  1  65  20  76  16  63  30  51  60  31  29  79  21  55  75  5  18  7  82  36  37  27  11  6  33  39  80  74  47  52  68  78  77  41  48  59  46  34  14  62  38  70  72  19  10  71  22  57  35  61  24  42  17  45  53  2  54  40  44  25  28  67  23  8  50  73  56
   15  34  71  53  36  8  3  72  45  55  61  27  2  22  10  9  13  64  6  74  59  80  7  46  57  21  19  41  79  29  81  28  35  32  24  1  67  25  58  11  37  78  52  17  66  26  42  65  73  76  69  40  70  38  82  60  62  16  5  48  39  18  33  47  23  54  50  51  63  43  68  20  14  4  31  44  49  77  12  30  75  56
   15  36  51  57  8  72  19  78  5  29  27  11  74  40  44  17  43  26  18  50  55  48  45  32  1  13  41  61  21  65  75  38  63  64  12  47  25  39  28  71  35  76  30  69  80  66  6  53  23  22  79  34  24  62  20  82  54  42  73  4  7  14  9  59  67  2  58  3  81  33  52  68  70  46  37  60  31  49  16  10  77  56
   15  38  31  61  62  54  35  2  47  3  75  77  64  58  78  25  73  70  30  26  51  16  1  18  27  5  63  81  45  19  69  48  9  14  82  11  65  53  80  49  33  74  8  39  12  24  52  41  55  50  7  28  60  4  40  22  46  68  59  42  57  10  67  71  29  32  66  37  17  23  36  34  44  6  43  76  13  21  20  72  79  56
   15  41  18  16  5  69  6  33  57  23  2  11  19  63  56  59  34  21  74  75  39  7  80  25  13  30  82  36  32  10  55  12  66  31  46  4  22  38  43  29  35  68  42  65  67  78  14  77  50  26  60  81  72  64  20  27  24  49  62  9  8  44  76  3  58  70  53  1  47  51  73  28  71  17  52  37  79  61  45  40  54  48
   15  46  33  77  32  64  17  26  51  63  21  13  24  48  50  57  29  82  78  12  35  52  71  44  49  55  69  79  59  81  45  6  39  60  34  31  61  27  42  43  25  66  2  1  68  20  72  75  19  80  47  4  40  18  38  28  14  8  3  30  11  76  53  37  41  70  16  9  7  65  54  62  22  10  67  58  23  73  36  74  5  56
   15  48  13  81  4  46  33  32  11  37  69  79  14  66  2  65  59  44  8  70  31  20  27  30  75  47  9  17  1  35  39  16  67  10  22  77  19  41  12  21  23  64  62  53  82  60  36  63  51  26  57  80  76  42  58  50  6  34  71  68  61  72  29  49  3  18  24  43  25  55  38  28  78  52  73  74  5  45  40  54  7  56
   15  48  54  40  45  61  79  37  52  17  71  28  73  51  47  1  53  70  58  3  76  44  8  9  62  49  24  27  20  64  72  81  60  26  50  77  14  78  67  65  42  68  35  29  43  38  22  4  46  31  66  12  55  10  32  36  82  30  13  25  80  7  39  75  74  21  34  59  56  63  19  11  2  23  57  33  6  69  5  16  18  41
   15  49  66  33  58  29  56  28  14  7  45  64  32  16  8  4  2  1  42  21  52  26  13  48  24  12  6  3  43  63  73  78  39  61  72  36  18  9  46  23  53  68  34  17  50  25  54  27  55  69  76  38  19  51  67  75  79  81  82  41  62  31  57  70  35  59  71  77  80  40  20  10  5  44  22  11  47  65  74  37  60  30
   15  50  75  3  58  28  49  38  53  11  35  63  4  2  36  73  7  6  20  46  27  70  65  16  19  39  31  37  25  71  33  26  13  42  10  41  59  55  64  81  21  62  40  23  14  18  82  51  1  54  67  74  30  66  78  72  80  60  57  24  29  68  5  61  47  48  32  77  43  45  22  76  52  12  79  8  69  17  44  34  9  56
   15  58  77  19  28  38  31  62  57  71  63  81  46  74  8  23  45  18  68  32  11  24  53  42  41  7  37  35  39  51  9  66  43  6  44  61  55  29  26  75  13  54  34  67  70  14  20  3  47  2  25  50  10  80  76  78  48  82  1  12  65  52  73  27  59  4  64  49  33  5  40  22  30  16  21  72  79  69  60  36  17  56
   15  62  37  27  54  2  63  74  59  19  77  49  26  28  76  39  23  24  10  66  3  42  47  14  11  73  81  75  5  41  79  4  17  70  20  71  53  57  48  31  9  50  72  7  16  12  30  61  29  58  45  38  82  46  34  40  32  52  55  6  1  44  25  51  65  64  80  35  69  67  8  36  60  18  33  22  43  13  68  78  21  56
   15  64  17  31  26  66  79  80  19  75  43  33  16  46  28  47  53  68  22  42  81  10  3  82  37  65  21  13  29  77  73  14  45  20  8  35  11  71  18  9  7  48  50  59  30  52  76  49  61  4  55  32  36  70  54  62  24  78  41  44  51  40  1  63  27  12  6  69  5  57  74  2  34  60  39  38  25  67  72  58  23  56
   15  66  79  35  80  48  13  4  61  49  9  17  6  64  62  55  1  30  34  18  77  60  41  68  63  57  43  33  53  31  67  24  73  52  78  81  51  3  70  69  5  46  28  29  44  10  40  37  11  32  65  26  72  12  74  2  16  22  27  82  19  36  59  75  71  42  14  21  23  47  58  50  8  20  45  54  7  39  76  38  25  56
   15  70  39  43  24  12  45  16  63  79  23  67  68  18  48  71  61  36  58  52  69  78  35  40  33  41  5  73  19  21  55  44  47  34  54  9  49  31  10  25  1  42  66  51  72  8  50  13  75  6  3  14  62  60  32  46  82  74  81  76  37  28  11  17  77  20  30  7  59  27  26  64  38  22  57  4  53  65  2  80  29  56
   15  70  50  12  56  40  76  78  32  11  79  9  42  30  57  17  24  29  80  69  73  64  22  75  18  1  60  31  34  48  58  77  55  63  45  44  67  36  2  37  62  68  13  33  71  27  43  7  5  51  72  4  74  41  53  26  66  59  54  3  14  10  19  61  8  65  82  23  52  49  35  25  6  28  20  38  39  16  47  81  46  21
   15  74  81  51  50  58  77  28  65  27  37  35  48  54  34  5  39  42  82  4  61  14  29  12  3  25  49  31  67  11  43  64  21  16  30  19  47  59  32  63  79  38  22  73  18  6  60  71  57  62  23  2  52  26  72  8  66  44  53  70  55  20  45  41  1  80  46  75  13  7  76  78  68  24  69  36  17  9  10  40  33  56
   15  80  21  63  48  4  43  46  27  31  17  69  18  26  54  29  47  10  36  14  49  82  61  52  81  1  33  9  57  37  25  12  23  30  76  75  3  19  24  79  73  32  38  65  60  44  34  35  71  64  53  66  78  16  50  74  42  40  11  20  41  8  55  77  51  6  70  13  67  59  28  58  72  68  5  2  45  7  22  62  39  56
   16  2  21  13  12  43  78  72  9  53  17  54  69  19  75  82  31  35  77  20  44  47  37  15  33  56  7  32  4  42  26  24  3  73  61  18  23  34  25  55  38  67  81  62  70  71  40  5  11  74  30  66  29  14  64  8  1  52  48  6  63  39  36  46  68  50  27  76  51  79  41  57  59  80  10  22  65  60  49  58  28  45
   16  5  44  76  47  33  10  65  72  36  80  22  71  81  75  54  56  61  73  25  38  69  12  11  78  60  18  70  48  64  8  43  26  45  41  50  42  62  17  14  68  27  55  58  21  1  9  82  4  67  2  49  23  7  29  59  19  37  52  53  28  79  66  32  20  15  13  34  40  30  63  39  77  31  24  51  74  6  35  3  46  57
   16  5  69  6  33  57  23  2  11  19  63  56  59  34  21  74  75  39  7  80  25  13  30  82  36  32  10  55  12  66  31  46  4  22  38  43  29  35  68  42  65  67  78  14  77  50  26  60  81  72  64  20  27  24  49  62  9  8  44  76  3  58  70  53  1  47  51  73  28  71  17  52  37  79  61  45  40  54  48  15  41  18
   16  7  24  80  19  15  26  71  32  10  46  6  61  17  27  62  4  23  3  1  34  37  50  79  22  52  40  8  72  18  2  53  54  77  29  14  82  76  69  74  66  25  33  28  35  41  55  70  36  13  12  43  59  31  49  81  11  63  38  9  78  75  42  44  64  45  21  68  58  20  47  5  51  73  30  67  56  60  39  65  48  57
   16  13  46  10  17  43  74  7  76  14  26  40  31  71  47  4  12  73  39  11  22  23  82  37  18  28  24  68  62  44  66  1  56  9  75  70  38  36  61  8  60  19  49  20  77  79  29  34  50  15  42  25  3  21  27  65  69  59  78  41  64  63  52  80  32  53  45  6  30  72  81  67  55  35  48  33  2  58  51  5  54  57
   16  15  26  14  71  25  8  13  36  70  74  24  21  7  81  12  42  35  51  69  18  73  38  23  44  20  46  6  4  80  60  11  2  41  63  34  78  50  31  68  58  17  27  72  9  37  75  22  82  43  52  19  39  45  47  5  61  3  64  79  32  59  28  10  76  1  53  40  48  62  65  33  29  77  54  49  66  30  55  67  56  57
   16  17  6  18  43  7  24  19  78  44  40  8  11  25  33  20  72  79  63  45  14  41  76  9  70  12  68  26  28  34  54  21  30  73  51  80  36  64  1  46  56  15  5  42  23  77  39  10  32  71  62  13  75  69  67  27  53  29  50  35  82  55  4  22  38  31  61  74  66  52  49  81  3  37  60  65  48  2  59  47  58  57
   16  21  48  26  69  53  56  31  80  74  54  58  73  61  19  36  50  3  5  79  6  59  70  63  40  78  30  66  76  24  42  41  4  55  27  8  34  10  23  2  52  11  43  64  51  75  49  68  14  45  82  1  65  35  25  71  37  81  22  29  18  47  38  46  44  9  77  60  20  32  17  13  33  39  72  15  12  28  67  7  62  57
   16  24  36  54  81  80  37  14  21  73  68  19  70  22  33  8  12  18  27  82  40  60  7  52  78  34  51  35  11  58  4  6  9  55  41  20  30  45  26  39  17  67  59  47  29  2  3  46  69  62  10  15  64  13  61  50  75  71  65  56  1  43  23  76  31  5  49  32  48  72  25  79  77  74  28  42  63  53  38  57  44  66
   16  31  30  46  11  45  54  61  44  26  48  60  23  69  25  76  36  59  65  41  68  63  14  75  6  38  58  2  32  40  12  9  62  51  49  74  70  80  37  56  42  1  15  78  39  29  33  8  10  21  50  53  81  73  43  17  79  47  34  55  22  27  82  24  18  77  35  66  28  64  19  7  67  3  20  13  4  52  5  71  72  57
   16  35  61  66  51  13  44  34  64  57  78  15  38  52  10  53  7  62  63  60  69  42  40  46  28  82  3  74  27  2  77  18  29  79  12  47  25  8  59  72  33  67  48  22  17  32  70  39  49  19  26  5  68  45  31  73  30  76  21  20  23  14  41  43  37  55  1  80  9  56  81  6  65  54  4  71  36  58  75  24  11  50
   16  35  72  54  37  9  4  73  46  56  62  28  3  23  11  10  14  65  7  75  60  81  8  47  58  22  20  42  80  30  82  29  36  33  25  2  68  26  59  12  38  79  53  18  67  27  43  66  74  77  70  41  71  39  1  61  63  17  6  49  40  19  34  48  24  55  51  52  64  44  69  21  15  5  32  45  50  78  13  31  76  57
   16  39  32  62  63  55  36  3  48  4  76  78  65  59  79  26  74  71  31  27  52  17  2  19  28  6  64  82  46  20  70  49  10  15  1  12  66  54  81  50  34  75  9  40  13  25  53  42  56  51  8  29  61  5  41  23  47  69  60  43  58  11  68  72  30  33  67  38  18  24  37  35  45  7  44  77  14  22  21  73  80  57
   16  47  34  78  33  65  18  27  52  64  22  14  25  49  51  58  30  1  79  13  36  53  72  45  50  56  70  80  60  82  46  7  40  61  35  32  62  28  43  44  26  67  3  2  69  21  73  76  20  81  48  5  41  19  39  29  15  9  4  31  12  77  54  38  42  71  17  10  8  66  55  63  23  11  68  59  24  74  37  75  6  57
   16  50  11  24  75  58  36  71  4  54  65  6  81  56  9  80  1  55  37  43  41  14  23  20  21  76  30  73  31  45  68  5  26  19  49  39  70  32  17  22  48  67  33  72  59  8  25  47  12  79  29  18  77  2  27  74  3  82  28  46  40  42  69  60  63  62  7  53  10  52  38  15  78  57  64  34  44  13  51  66  61  35
   16  51  76  4  59  29  50  39  54  12  36  64  5  3  37  74  8  7  21  47  28  71  66  17  20  40  32  38  26  72  34  27  14  43  11  42  60  56  65  82  22  63  41  24  15  19  1  52  2  55  68  75  31  67  79  73  81  61  58  25  30  69  6  62  48  49  33  78  44  46  23  77  53  13  80  9  70  18  45  35  10  57
   16  52  3  72  68  55  75  57  40  47  49  14  4  13  63  18  17  76  81  35  10  74  33  45  1  24  78  46  25  19  41  71  44  60  29  32  21  6  61  53  27  67  31  80  11  15  28  8  26  43  36  34  69  79  70  20  65  66  7  2  48  73  9  50  38  82  59  5  37  58  64  42  12  39  23  54  51  62  77  22  30  56
   16  54  37  73  70  8  27  60  78  35  4  55  30  39  59  2  69  15  61  71  1  76  49  72  77  42  38  66  36  80  21  19  33  18  40  52  51  58  9  20  26  67  29  46  10  13  75  56  23  5  48  79  28  53  44  24  81  14  68  22  12  82  7  34  11  6  41  45  17  47  3  62  64  50  65  43  31  32  25  74  63  57
   16  56  30  22  77  62  51  54  23  39  12  42  64  58  37  5  59  82  38  50  9  73  48  2  7  66  65  20  70  79  69  34  36  43  26  8  28  15  11  80  31  67  27  53  61  6  21  32  29  60  44  71  41  19  25  46  78  24  1  45  33  74  10  35  81  76  17  18  63  13  4  14  49  47  40  57  75  55  68  72  3  52
   16  57  63  74  25  32  31  43  65  50  64  62  3  47  17  45  41  6  11  34  7  82  12  22  68  14  81  24  44  53  28  79  48  5  23  56  75  13  10  46  29  67  26  20  9  58  51  52  40  18  33  19  21  80  36  66  38  42  77  72  49  76  1  71  61  15  69  2  59  39  30  55  4  35  78  60  27  8  70  73  37  54
   16  63  38  28  55  3  64  75  60  20  78  50  27  29  77  40  24  25  11  67  4  43  48  15  12  74  82  76  6  42  80  5  18  71  21  72  54  58  49  32  10  51  73  8  17  13  31  62  30  59  46  39  1  47  35  41  33  53  56  7  2  45  26  52  66  65  81  36  70  68  9  37  61  19  34  23  44  14  69  79  22  57
   16  65  18  32  27  67  80  81  20  76  44  34  17  47  29  48  54  69  23  43  82  11  4  1  38  66  22  14  30  78  74  15  46  21  9  36  12  72  19  10  8  49  51  60  31  53  77  50  62  5  56  33  37  71  55  63  25  79  42  45  52  41  2  64  28  13  7  70  6  58  75  3  35  61  40  39  26  68  73  59  24  57
   16  66  44  57  38  53  63  42  28  74  77  79  25  72  48  32  49  5  31  76  23  43  1  56  65  71  75  50  61  13  64  15  10  62  69  46  3  2  29  47  59  67  17  39  26  45  30  20  41  55  9  6  4  58  11  35  51  34  78  52  7  60  40  82  27  18  12  8  33  22  70  19  68  73  21  14  37  80  81  54  36  24
   16  67  80  36  81  49  14  5  62  50  10  18  7  65  63  56  2  31  35  19  78  61  42  69  64  58  44  34  54  32  68  25  74  53  79  82  52  4  71  70  6  47  29  30  45  11  41  38  12  33  66  27  73  13  75  3  17  23  28  1  20  37  60  76  72  43  15  22  24  48  59  51  9  21  46  55  8  40  77  39  26  57
   16  71  40  44  25  13  46  17  64  80  24  68  69  19  49  72  62  37  59  53  70  79  36  41  34  42  6  74  20  22  56  45  48  35  55  10  50  32  11  26  2  43  67  52  73  9  51  14  76  7  4  15  63  61  33  47  1  75  82  77  38  29  12  18  78  21  31  8  60  28  27  65  39  23  58  5  54  66  3  81  30  57
   16  81  22  64  49  5  44  47  28  32  18  70  19  27  55  30  48  11  37  15  50  1  62  53  82  2  34  10  58  38  26  13  24  31  77  76  4  20  25  80  74  33  39  66  61  45  35  36  72  65  54  67  79  17  51  75  43  41  12  21  42  9  56  78  52  7  71  14  68  60  29  59  73  69  6  3  46  8  23  63  40  57
   17  2  3  69  22  70  61  54  71  7  67  55  10  46  8  39  79  56  50  74  47  52  19  40  27  77  57  31  1  75  21  24  53  64  66  41  45  35  78  59  73  32  18  37  76  4  82  25  23  12  65  62  34  42  72  16  36  68  81  60  11  6  33  9  15  38  80  49  5  51  14  26  48  30  13  20  29  63  28  44  43  58
   17  6  7  22  81  53  48  56  10  67  9  52  33  80  38  72  1  15  59  55  78  8  37  57  25  43  64  47  41  34  12  14  44  79  23  13  29  20  51  18  21  66  77  76  61  2  30  35  27  73  16  74  31  50  3  45  11  82  68  24  28  5  75  46  26  58  40  19  36  42  49  71  69  39  4  60  70  54  63  32  65  62
   17  8  25  81  20  16  27  72  33  11  47  7  62  18  28  63  5  24  4  2  35  38  51  80  23  53  41  9  73  19  3  54  55  78  30  15  1  77  70  75  67  26  34  29  36  42  56  71  37  14  13  44  60  32  50  82  12  64  39  10  79  76  43  45  65  46  22  69  59  21  48  6  52  74  31  68  57  61  40  66  49  58
   17  10  5  3  74  80  43  78  75  67  13  73  52  36  62  71  35  68  16  60  31  6  7  66  49  45  63  29  15  55  79  64  1  28  18  61  41  9  40  53  65  24  12  81  50  82  20  59  69  42  23  38  14  56  70  22  4  8  25  48  47  72  19  57  27  76  30  21  77  11  32  54  26  34  37  2  39  33  44  46  51  58
   17  22  48  67  33  72  59  8  25  47  12  79  29  18  77  2  27  74  3  82  28  46  40  42  69  60  63  62  7  53  10  52  38  15  78  57  64  34  44  13  51  66  61  35  16  50  11  24  75  58  36  71  4  54  65  6  81  56  9  80  1  55  37  43  41  14  23  20  21  76  30  73  31  45  68  5  26  19  49  39  70  32
   17  22  49  27  70  54  57  32  81  75  55  59  74  62  20  37  51  4  6  80  7  60  71  64  41  79  31  67  77  25  43  42  5  56  28  9  35  11  24  3  53  12  44  65  52  76  50  69  15  46  1  2  66  36  26  72  38  82  23  30  19  48  39  47  45  10  78  61  21  33  18  14  34  40  73  16  13  29  68  8  63  58
   17  32  31  47  12  46  55  62  45  27  49  61  24  70  26  77  37  60  66  42  69  64  15  76  7  39  59  3  33  41  13  10  63  52  50  75  71  81  38  57  43  2  16  79  40  30  34  9  11  22  51  54  82  74  44  18  80  48  35  56  23  28  1  25  19  78  36  67  29  65  20  8  68  4  21  14  5  53  6  72  73  58
   17  32  70  39  49  19  26  5  68  45  31  73  30  76  21  20  23  14  41  43  37  55  1  80  9  56  81  6  65  54  4  71  36  58  75  24  11  50  16  35  61  66  51  13  44  34  64  57  78  15  38  52  10  53  7  62  63  60  69  42  40  46  28  82  3  74  27  2  77  18  29  79  12  47  25  8  59  72  33  67  48  22
   17  36  73  55  38  10  5  74  47  57  63  29  4  24  12  11  15  66  8  76  61  82  9  48  59  23  21  43  81  31  1  30  37  34  26  3  69  27  60  13  39  80  54  19  68  28  44  67  75  78  71  42  72  40  2  62  64  18  7  50  41  20  35  49  25  56  52  53  65  45  70  22  16  6  33  46  51  79  14  32  77  58
   17  40  33  63  64  56  37  4  49  5  77  79  66  60  80  27  75  72  32  28  53  18  3  20  29  7  65  1  47  21  71  50  11  16  2  13  67  55  82  51  35  76  10  41  14  26  54  43  57  52  9  30  62  6  42  24  48  70  61  44  59  12  69  73  31  34  68  39  19  25  38  36  46  8  45  78  15  23  22  74  81  58
   17  44  75  71  8  20  69  16  51  35  9  47  46  14  66  43  53  78  56  62  45  36  79  74  81  73  27  41  13  11  59  70  67  80  60  23  65  1  22  7  31  72  48  63  42  24  64  19  39  26  29  18  52  54  82  68  32  40  33  38  77  4  21  15  37  12  2  25  55  5  6  50  76  10  57  28  61  49  30  34  3  58
   17  48  35  79  34  66  19  28  53  65  23  15  26  50  52  59  31  2  80  14  37  54  73  46  51  57  71  81  61  1  47  8  41  62  36  33  63  29  44  45  27  68  4  3  70  22  74  77  21  82  49  6  42  20  40  30  16  10  5  32  13  78  55  39  43  72  18  11  9  67  56  64  24  12  69  60  25  75  38  76  7  58
   17  52  77  5  60  30  51  40  55  13  37  65  6  4  38  75  9  8  22  48  29  72  67  18  21  41  33  39  27  73  35  28  15  44  12  43  61  57  66  1  23  64  42  25  16  20  2  53  3  56  69  76  32  68  80  74  82  62  59  26  31  70  7  63  49  50  34  79  45  47  24  78  54  14  81  10  71  19  46  36  11  58
   17  62  59  25  2  22  49  70  19  47  31  67  38  12  44  33  77  64  82  10  9  76  11  30  69  1  61  57  65  7  5  78  73  40  34  27  15  45  80  55  13  54  14  39  4  56  68  75  81  32  37  46  48  24  16  20  42  28  71  52  35  50  51  41  23  36  74  3  53  79  26  72  6  60  29  8  63  43  66  18  21  58
   17  67  59  47  29  2  3  46  69  62  10  15  64  13  61  50  75  71  65  56  1  43  23  76  31  5  49  32  48  72  25  79  77  74  28  42  63  53  38  57  44  66  16  24  36  54  81  80  37  14  21  73  68  19  70  22  33  8  12  18  27  82  40  60  7  52  78  34  51  35  11  58  4  6  9  55  41  20  30  45  26  39
   17  74  21  49  80  78  63  24  25  55  73  53  60  38  2  81  11  82  72  30  67  48  75  28  61  35  29  13  45  59  51  56  77  68  44  57  9  47  64  5  1  42  46  23  6  50  16  3  27  36  15  10  18  4  54  70  76  20  69  34  7  26  71  31  41  52  40  43  79  19  12  32  14  66  65  22  37  39  8  62  33  58
   17  80  64  18  31  58  63  67  37  13  27  5  4  53  59  14  61  82  49  6  38  47  21  50  40  32  9  57  29  73  75  60  48  55  44  2  68  71  7  72  41  66  3  19  65  52  25  20  16  46  70  56  78  79  30  24  69  22  1  34  77  45  36  62  33  43  51  74  26  54  10  8  23  35  28  39  81  15  12  76  11  42
   18  3  4  70  23  71  62  55  72  8  68  56  11  47  9  40  80  57  51  75  48  53  20  41  28  78  58  32  2  76  22  25  54  65  67  42  46  36  79  60  74  33  19  38  77  5  1  26  24  13  66  63  35  43  73  17  37  69  82  61  12  7  34  10  16  39  81  50  6  52  15  27  49  31  14  21  30  64  29  45  44  59
   18  9  46  23  53  68  34  17  50  25  54  27  55  69  76  38  19  51  67  75  79  81  82  41  62  31  57  70  35  59  71  77  80  40  20  10  5  44  22  11  47  65  74  37  60  30  15  49  66  33  58  29  56  28  14  7  45  64  32  16  8  4  2  1  42  21  52  26  13  48  24  12  6  3  43  63  73  78  39  61  72  36
   18  11  6  4  75  81  44  79  76  68  14  74  53  37  63  72  36  69  17  61  32  7  8  67  50  46  64  30  16  56  80  65  2  29  19  62  42  10  41  54  66  25  13  82  51  1  21  60  70  43  24  39  15  57  71  23  5  9  26  49  48  73  20  58  28  77  31  22  78  12  33  55  27  35  38  3  40  34  45  47  52  59
   18  21  66  77  76  61  2  30  35  27  73  16  74  31  50  3  45  11  82  68  24  28  5  75  46  26  58  40  19  36  42  49  71  69  39  4  60  70  54  63  32  65  62  17  6  7  22  81  53  48  56  10  67  9  52  33  80  38  72  1  15  59  55  78  8  37  57  25  43  64  47  41  34  12  14  44  79  23  13  29  20  51
   18  23  34  25  55  38  67  81  62  70  71  40  5  11  74  30  66  29  14  64  8  1  52  48  6  63  39  36  46  68  50  27  76  51  79  41  57  59  80  10  22  65  60  49  58  28  45  16  2  21  13  12  43  78  72  9  53  17  54  69  19  75  82  31  35  77  20  44  47  37  15  33  56  7  32  4  42  26  24  3  73  61
   18  27  10  36  15  19  8  45  2  24  70  28  55  17  7  54  30  11  31  33  82  79  66  37  12  64  76  26  44  16  32  63  62  39  5  20  34  40  47  42  50  9  1  6  81  75  61  46  80  21  22  73  57  3  67  35  23  53  78  25  38  41  74  72  52  71  13  48  58  14  69  29  65  43  4  49  60  56  77  51  68  59
   18  33  32  48  13  47  56  63  46  28  50  62  25  71  27  78  38  61  67  43  70  65  16  77  8  40  60  4  34  42  14  11  64  53  51  76  72  82  39  58  44  3  17  80  41  31  35  10  12  23  52  55  1  75  45  19  81  49  36  57  24  29  2  26  20  79  37  68  30  66  21  9  69  5  22  15  6  54  7  73  74  59
   18  35  12  52  67  29  72  69  6  2  16  46  15  7  61  4  68  23  79  19  66  33  54  63  34  32  82  24  58  78  8  21  10  3  39  40  30  14  9  36  42  1  77  50  55  71  81  80  44  51  62  49  37  17  65  41  73  75  22  13  74  25  60  38  64  27  45  20  48  56  5  57  43  47  28  31  70  26  11  53  76  59
   18  37  74  56  39  11  6  75  48  58  64  30  5  25  13  12  16  67  9  77  62  1  10  49  60  24  22  44  82  32  2  31  38  35  27  4  70  28  61  14  40  81  55  20  69  29  45  68  76  79  72  43  73  41  3  63  65  19  8  51  42  21  36  50  26  57  53  54  66  46  71  23  17  7  34  47  52  80  15  33  78  59
   18  39  54  60  11  75  22  81  8  32  30  14  77  43  47  20  46  29  21  53  58  51  48  35  4  16  44  64  24  68  78  41  66  67  15  50  28  42  31  74  38  79  33  72  1  69  9  56  26  25  82  37  27  65  23  3  57  45  76  7  10  17  12  62  70  5  61  6  2  36  55  71  73  49  40  63  34  52  19  13  80  59
   18  43  14  68  37  39  54  11  10  62  44  64  57  79  33  36  24  35  45  5  50  69  42  7  56  82  6  22  72  58  66  61  40  49  73  60  26  70  53  30  34  75  71  12  29  67  19  32  8  81  20  25  17  31  63  47  41  15  48  1  28  9  46  4  76  65  77  74  38  16  23  3  21  51  52  13  80  78  27  55  2  59
   18  45  76  72  9  21  70  17  52  36  10  48  47  15  67  44  54  79  57  63  46  37  80  75  82  74  28  42  14  12  60  71  68  81  61  24  66  2  23  8  32  73  49  64  43  25  65  20  40  27  30  19  53  55  1  69  33  41  34  39  78  5  22  16  38  13  3  26  56  6  7  51  77  11  58  29  62  50  31  35  4  59
   18  47  56  76  63  3  4  23  12  10  58  32  37  33  19  52  2  41  69  39  42  5  36  61  26  66  50  62  38  48  54  81  14  31  49  70  24  16  75  68  30  71  27  34  57  65  29  8  72  55  40  13  7  79  21  9  25  67  20  77  46  1  80  28  82  43  11  60  74  78  73  17  51  53  64  45  44  22  35  15  6  59
   18  49  36  80  35  67  20  29  54  66  24  16  27  51  53  60  32  3  81  15  38  55  74  47  52  58  72  82  62  2  48  9  42  63  37  34  64  30  45  46  28  69  5  4  71  23  75  78  22  1  50  7  43  21  41  31  17  11  6  33  14  79  56  40  44  73  19  12  10  68  57  65  25  13  70  61  26  76  39  77  8  59
   18  55  58  10  33  13  68  47  16  70  4  50  79  23  73  2  40  53  35  25  26  41  24  5  48  34  56  60  52  28  30  39  44  77  1  8  20  72  37  62  22  63  21  78  31  61  49  42  36  3  80  71  69  11  19  15  75  7  46  65  82  67  66  76  12  81  43  32  64  38  9  45  29  57  6  27  54  74  51  17  14  59
   18  61  73  3  24  26  42  4  32  7  56  33  15  37  47  44  20  77  35  31  82  75  19  69  54  17  53  9  72  78  43  12  13  21  2  16  45  28  58  49  60  65  22  10  80  59  57  41  79  51  76  27  50  68  46  36  39  63  6  48  52  1  8  64  14  29  66  30  74  11  5  40  71  70  62  81  67  38  55  25  34  23
   18  63  60  26  3  23  50  71  20  48  32  68  39  13  45  34  78  65  1  11  10  77  12  31  70  2  62  58  66  8  6  79  74  41  35  28  16  46  81  56  14  55  15  40  5  57  69  76  82  33  38  47  49  25  17  21  43  29  72  53  36  51  52  42  24  37  75  4  54  80  27  73  7  61  30  9  64  44  67  19  22  59
   18  81  44  62  79  25  30  43  70  60  54  6  31  11  23  24  20  51  27  41  56  35  26  69  58  12  14  74  36  4  34  5  80  1  9  32  48  8  57  22  78  37  63  16  49  7  73  50  42  39  46  75  45  77  33  55  53  17  28  67  76  15  82  68  10  61  65  64  52  72  47  13  19  29  2  71  66  38  21  3  40  59
   19  2  25  67  52  8  47  50  31  35  21  73  22  30  58  33  51  14  40  18  53  4  65  56  3  5  37  13  61  41  29  16  27  34  80  79  7  23  28  1  77  36  42  69  64  48  38  39  75  68  57  70  82  20  54  78  46  44  15  24  45  12  59  81  55  10  74  17  71  63  32  62  76  72  9  6  49  11  26  66  43  60
   19  4  62  48  80  78  47  23  66  27  45  75  42  70  6  10  72  37  34  29  76  16  82  26  71  63  22  9  15  25  14  51  2  31  24  40  39  65  53  33  55  64  79  21  35  3  5  36  60  17  56  38  8  41  13  77  73  11  46  49  54  7  67  1  57  12  20  61  74  68  58  69  32  81  52  59  43  44  18  30  50  28
   19  12  60  51  6  30  67  3  15  75  43  49  79  63  66  81  73  33  82  78  58  41  39  29  62  61  56  31  72  28  57  36  14  70  18  7  35  9  45  59  46  64  71  23  32  77  53  16  80  68  8  40  34  4  20  17  2  10  50  1  5  25  42  44  54  21  22  27  52  11  55  26  47  69  13  65  76  48  74  38  24  37
   19  14  69  9  48  64  61  4  37  43  63  59  44  56  16  81  67  32  30  38  29  58  47  54  77  39  5  51  41  11  75  76  31  62  8  27  1  25  12  33  65  24  74  53  66  42  68  49  21  72  35  34  52  82  10  46  80  36  13  6  17  70  79  71  73  26  40  57  15  3  18  22  2  78  45  20  23  7  50  28  55  60
   19  18  29  17  74  28  11  16  39  73  77  27  24  10  2  15  45  38  54  72  21  76  41  26  47  23  49  9  7  1  63  14  5  44  66  37  81  53  34  71  61  20  30  75  12  40  78  25  3  46  55  22  42  48  50  8  64  6  67  82  35  62  31  13  79  4  56  43  51  65  68  36  32  80  57  52  69  33  58  70  59  60
   19  28  11  37  16  20  9  46  3  25  71  29  56  18  8  55  31  12  32  34  1  80  67  38  13  65  77  27  45  17  33  64  63  40  6  21  35  41  48  43  51  10  2  7  82  76  62  47  81  22  23  74  58  4  68  36  24  54  79  26  39  42  75  73  53  72  14  49  59  15  70  30  66  44  5  50  61  57  78  52  69  60
   19  30  43  81  58  61  57  7  46  77  8  17  5  21  55  65  24  51  15  63  82  29  72  70  45  23  80  4  50  44  52  69  74  12  67  49  73  41  56  36  35  64  53  40  2  25  22  26  76  37  6  75  66  78  62  28  18  59  32  68  20  1  54  11  13  38  60  3  79  33  39  31  14  9  71  16  34  10  42  27  47  48
   19  34  33  49  14  48  57  64  47  29  51  63  26  72  28  79  39  62  68  44  71  66  17  78  9  41  61  5  35  43  15  12  65  54  52  77  73  1  40  59  45  4  18  81  42  32  36  11  13  24  53  56  2  76  46  20  82  50  37  58  25  30  3  27  21  80  38  69  31  67  22  10  70  6  23  16  7  55  8  74  75  60
   19  36  13  53  68  30  73  70  7  3  17  47  16  8  62  5  69  24  80  20  67  34  55  64  35  33  1  25  59  79  9  22  11  4  40  41  31  15  10  37  43  2  78  51  56  72  82  81  45  52  63  50  38  18  66  42  74  76  23  14  75  26  61  39  65  28  46  21  49  57  6  58  44  48  29  32  71  27  12  54  77  60
   19  38  75  57  40  12  7  76  49  59  65  31  6  26  14  13  17  68  10  78  63  2  11  50  61  25  23  45  1  33  3  32  39  36  28  5  71  29  62  15  41  82  56  21  70  30  46  69  77  80  73  44  74  42  4  64  66  20  9  52  43  22  37  51  27  58  54  55  67  47  72  24  18  8  35  48  53  81  16  34  79  60
   19  44  15  69  38  40  55  12  11  63  45  65  58  80  34  37  25  36  46  6  51  70  43  8  57  1  7  23  73  59  67  62  41  50  74  61  27  71  54  31  35  76  72  13  30  68  20  33  9  82  21  26  18  32  64  48  42  16  49  2  29  10  47  5  77  66  78  75  39  17  24  4  22  52  53  14  81  79  28  56  3  60
   19  46  77  73  10  22  71  18  53  37  11  49  48  16  68  45  55  80  58  64  47  38  81  76  1  75  29  43  15  13  61  72  69  82  62  25  67  3  24  9  33  74  50  65  44  26  66  21  41  28  31  20  54  56  2  70  34  42  35  40  79  6  23  17  39  14  4  27  57  7  8  52  78  12  59  30  63  51  32  36  5  60
   19  48  47  27  42  10  34  16  71  9  14  31  39  33  79  3  60  38  13  11  54  1  20  68  32  59  18  28  62  78  66  75  6  37  76  26  22  25  2  40  53  64  35  36  56  41  73  49  67  12  74  69  52  44  50  4  80  23  45  70  72  29  82  63  15  51  24  65  55  21  5  17  8  77  46  7  57  61  58  81  43  30
   19  64  61  27  4  24  51  72  21  49  33  69  40  14  46  35  79  66  2  12  11  78  13  32  71  3  63  59  67  9  7  80  75  42  36  29  17  47  82  57  15  56  16  41  6  58  70  77  1  34  39  48  50  26  18  22  44  30  73  54  37  52  53  43  25  38  76  5  55  81  28  74  8  62  31  10  65  45  68  20  23  60
   20  9  48  80  51  37  14  69  76  40  2  26  75  3  79  58  60  65  77  29  42  73  16  15  82  64  22  74  52  68  12  47  30  49  45  54  46  66  21  18  72  31  59  62  25  5  13  4  8  71  6  53  27  11  33  63  23  41  56  57  32  1  70  36  24  19  17  38  44  34  67  43  81  35  28  55  78  10  39  7  50  61
   20  9  58  51  52  40  18  33  19  21  80  36  66  38  42  77  72  49  76  1  71  61  15  69  2  59  39  30  55  4  35  78  60  27  8  70  73  37  54  16  57  63  74  25  32  31  43  65  50  64  62  3  47  17  45  41  6  11  34  7  82  12  22  68  14  81  24  44  53  28  79  48  5  23  56  75  13  10  46  29  67  26
   20  11  28  2  23  19  30  75  36  14  50  10  65  21  31  66  8  27  7  5  38  41  54  1  26  56  44  12  76  22  6  57  58  81  33  18  4  80  73  78  70  29  37  32  39  45  59  74  40  17  16  47  63  35  53  3  15  67  42  13  82  79  46  48  68  49  25  72  62  24  51  9  55  77  34  71  60  64  43  69  52  61
   20  17  50  14  21  47  78  11  80  18  30  44  35  75  51  8  16  77  43  15  26  27  4  41  22  32  28  72  66  48  70  5  60  13  79  74  42  40  65  12  64  23  53  24  81  1  33  38  54  19  46  29  7  25  31  69  73  63  82  45  68  67  56  2  36  57  49  10  34  76  3  71  59  39  52  37  6  62  55  9  58  61
   20  19  30  18  75  29  12  17  40  74  78  28  25  11  3  16  46  39  55  73  22  77  42  27  48  24  50  10  8  2  64  15  6  45  67  38  82  54  35  72  62  21  31  76  13  41  79  26  4  47  56  23  43  49  51  9  65  7  68  1  36  63  32  14  80  5  57  44  52  66  69  37  33  81  58  53  70  34  59  71  60  61
   20  29  12  38  17  21  10  47  4  26  72  30  57  19  9  56  32  13  33  35  2  81  68  39  14  66  78  28  46  18  34  65  64  41  7  22  36  42  49  44  52  11  3  8  1  77  63  48  82  23  24  75  59  5  69  37  25  55  80  27  40  43  76  74  54  73  15  50  60  16  71  31  67  45  6  51  62  58  79  53  70  61
   20  29  13  23  79  44  14  12  34  41  47  64  43  25  57  37  8  78  55  59  15  1  72  38  80  33  52  9  67  10  56  48  53  81  22  7  6  17  62  65  32  63  54  70  60  4  39  69  71  49  42  36  19  40  58  26  46  75  5  28  24  68  82  11  45  3  50  31  74  16  73  27  35  30  2  61  76  77  66  21  18  51
   20  35  34  50  15  49  58  65  48  30  52  64  27  73  29  80  40  63  69  45  72  67  18  79  10  42  62  6  36  44  16  13  66  55  53  78  74  2  41  60  46  5  19  82  43  33  37  12  14  25  54  57  3  77  47  21  1  51  38  59  26  31  4  28  22  81  39  70  32  68  23  11  71  7  24  17  8  56  9  75  76  61
   20  37  14  54  69  31  74  71  8  4  18  48  17  9  63  6  70  25  81  21  68  35  56  65  36  34  2  26  60  80  10  23  12  5  41  42  32  16  11  38  44  3  79  52  57  73  1  82  46  53  64  51  39  19  67  43  75  77  24  15  76  27  62  40  66  29  47  22  50  58  7  59  45  49  30  33  72  28  13  55  78  61
   20  47  78  74  11  23  72  19  54  38  12  50  49  17  69  46  56  81  59  65  48  39  82  77  2  76  30  44  16  14  62  73  70  1  63  26  68  4  25  10  34  75  51  66  45  27  67  22  42  29  32  21  55  57  3  71  35  43  36  41  80  7  24  18  40  15  5  28  58  8  9  53  79  13  60  31  64  52  33  37  6  61
   20  51  18  21  66  77  76  61  2  30  35  27  73  16  74  31  50  3  45  11  82  68  24  28  5  75  46  26  58  40  19  36  42  49  71  69  39  4  60  70  54  63  32  65  62  17  6  7  22  81  53  48  56  10  67  9  52  33  80  38  72  1  15  59  55  78  8  37  57  25  43  64  47  41  34  12  14  44  79  23  13  29
   20  59  40  16  7  79  4  55  60  46  54  36  71  43  27  12  72  17  49  3  24  11  64  75  76  28  80  82  78  66  26  51  74  29  73  56  62  6  9  42  22  63  1  50  47  21  15  32  70  33  10  67  25  37  41  39  69  35  34  23  52  65  44  8  58  31  53  68  2  30  77  13  5  19  14  45  38  48  57  81  18  61
   20  69  22  36  31  71  2  3  24  80  48  38  21  51  33  52  58  73  27  47  4  15  8  5  42  70  26  18  34  82  78  19  50  25  13  40  16  76  23  14  12  53  55  64  35  57  81  54  66  9  60  37  41  75  59  67  29  1  46  49  56  45  6  68  32  17  11  74  10  62  79  7  39  65  44  43  30  72  77  63  28  61
   20  71  2  40  3  53  18  9  66  54  14  22  11  69  67  60  6  35  39  23  82  65  46  73  68  62  48  38  58  36  72  29  78  57  1  4  56  8  75  74  10  51  33  34  49  15  45  42  16  37  70  31  77  17  79  7  21  27  32  5  24  41  64  80  76  47  19  26  28  52  63  55  13  25  50  59  12  44  81  43  30  61
   20  81  66  60  27  45  16  39  30  6  8  24  43  77  73  18  74  9  17  67  62  69  72  3  34  22  76  56  14  52  42  79  54  53  23  70  10  78  7  46  82  41  5  48  37  51  29  64  12  13  38  1  11  55  15  35  63  75  44  31  28  21  26  58  50  33  59  32  36  2  65  49  47  71  80  57  4  68  19  25  40  61
   21  8  69  77  80  56  81  64  35  67  37  43  4  68  46  51  31  22  66  54  47  24  61  30  57  73  1  55  29  33  19  38  3  18  58  9  7  53  52  41  75  34  82  11  12  48  50  17  59  44  79  60  74  70  14  42  32  16  71  20  65  6  13  25  63  72  10  5  27  45  2  78  26  76  23  40  15  39  36  28  49  62
   21  12  29  3  24  20  31  76  37  15  51  11  66  22  32  67  9  28  8  6  39  42  55  2  27  57  45  13  77  23  7  58  59  82  34  19  5  81  74  79  71  30  38  33  40  46  60  75  41  18  17  48  64  36  54  4  16  68  43  14  1  80  47  49  69  50  26  73  63  25  52  10  56  78  35  72  61  65  44  70  53  62
   21  18  51  15  22  48  79  12  81  19  31  45  36  76  52  9  17  78  44  16  27  28  5  42  23  33  29  73  67  49  71  6  61  14  80  75  43  41  66  13  65  24  54  25  82  2  34  39  55  20  47  30  8  26  32  70  74  64  1  46  69  68  57  3  37  58  50  11  35  77  4  72  60  40  53  38  7  63  56  10  59  62
   21  54  19  5  10  52  39  38  17  43  75  3  20  72  8  71  65  50  14  76  37  26  33  36  81  53  15  23  7  41  45  22  73  16  28  1  25  47  18  27  29  70  68  59  6  66  42  69  57  32  63  4  82  48  64  56  12  40  77  74  67  78  35  55  9  24  30  49  31  61  44  34  2  58  79  80  11  51  46  60  13  62
