   1  3  33  5  57  35  48  7  65  59  58  37  14  50  19  9  64  67  53  61  10  60  6  39  43  16  27  52  47  21  28  11  20  66  34  69  31  55  46  63  56  12  17  62  51  8  4  41  25  45  26  18  32  29  44  54  15  49  2  23  24  30  42  13  70  22  40  68  38  36
   1  5  65  9  43  69  60  13  59  47  10  3  62  64  37  17  22  63  35  51  54  14  46  7  15  66  53  68  23  41  20  21  4  26  32  67  61  39  56  55  6  58  33  18  31  50  42  11  49  19  16  70  28  57  52  2  29  27  38  45  12  24  48  25  34  8  44  30  40  36
   1  7  27  13  29  33  2  19  53  35  32  39  40  8  55  25  50  59  17  41  28  38  16  45  57  46  9  14  69  61  12  31  58  56  30  65  21  23  66  47  26  34  49  44  11  22  10  51  3  63  6  52  24  15  60  20  43  5  4  67  70  18  54  37  68  64  48  62  42  36
   1  9  59  17  15  67  14  25  47  23  54  5  18  22  3  33  8  55  69  31  2  62  56  13  29  26  35  30  45  11  4  41  42  16  28  63  51  7  6  39  46  10  65  70  61  64  48  21  27  37  66  34  20  43  68  38  57  53  40  19  58  12  60  49  32  50  52  24  44  36
   1  11  50  53  15  23  40  14  12  61  32  68  38  63  54  26  2  22  29  35  30  46  9  28  24  51  64  65  5  55  37  52  4  44  58  70  60  21  18  56  48  31  57  59  10  39  3  33  8  17  45  69  49  42  36  41  25  62  43  47  20  7  6  66  16  34  19  67  27  13
   1  13  27  67  19  34  16  66  6  7  20  47  43  62  25  41  36  42  49  69  45  17  8  33  3  39  10  59  57  31  48  56  18  21  60  70  58  44  4  52  37  55  5  65  64  51  24  28  9  46  30  35  29  22  2  26  54  63  38  68  32  61  12  14  40  23  15  53  50  11
   1  13  53  25  57  65  38  37  35  69  28  7  44  50  39  49  64  47  33  11  20  40  66  19  43  56  17  62  67  51  58  61  10  6  24  59  41  45  26  23  16  32  27  52  21  8  54  31  5  55  46  68  12  29  14  4  15  9  42  63  34  70  2  3  30  22  60  18  48  36
   1  19  9  37  15  27  4  55  17  33  24  45  48  22  23  3  8  35  49  51  12  42  46  63  29  66  25  40  65  41  34  21  32  26  18  53  61  67  56  69  6  30  5  60  31  64  28  11  7  47  16  14  70  43  38  58  57  13  10  59  68  52  20  39  62  50  2  44  54  36
   1  22  58  69  27  26  4  17  19  63  37  33  16  68  5  39  6  61  64  59  20  14  24  31  43  23  9  56  25  53  30  21  36  11  29  70  49  13  2  44  45  67  54  52  8  34  38  55  3  66  32  65  10  7  12  51  57  47  40  28  48  62  15  46  18  41  50  35  60  42
   1  23  3  45  57  25  28  67  5  9  68  47  4  50  59  19  64  27  13  31  30  20  56  69  43  26  7  2  17  11  18  41  70  16  14  49  51  35  6  53  46  52  37  42  61  8  34  21  55  65  66  48  62  29  54  24  15  39  12  33  44  40  32  63  60  22  10  38  58  36
   1  25  35  49  43  59  40  3  69  67  20  13  52  64  7  27  22  23  65  21  4  44  26  37  15  6  33  18  63  31  10  51  54  46  12  47  11  19  16  45  66  28  53  68  41  50  2  61  9  39  56  30  58  57  62  42  29  17  48  55  32  34  38  5  24  8  14  70  60  36
   1  27  67  53  29  23  52  9  63  55  42  49  30  8  25  35  50  19  47  11  48  68  66  5  57  56  59  34  39  51  2  61  38  6  10  45  41  3  26  37  16  4  69  24  21  22  40  31  33  13  46  12  54  15  70  60  43  65  14  7  20  28  44  17  58  64  18  32  62  36
   1  33  23  65  57  55  18  27  45  19  38  17  34  50  9  59  64  7  63  51  40  70  46  49  43  66  67  12  37  41  48  21  60  26  4  39  61  25  56  13  6  2  47  32  31  8  14  11  35  5  16  28  42  29  24  44  15  69  52  3  54  10  62  53  20  22  30  58  68  36
   1  33  24  11  8  51  50  17  64  53  45  65  15  69  5  23  49  55  40  42  37  14  36  52  12  41  4  61  25  44  32  62  58  68  43  70  38  47  60  63  20  21  54  7  18  26  6  56  2  66  48  22  16  31  29  34  57  35  19  59  30  67  10  46  27  39  9  13  3  28
   1  35  18  62  40  51  10  66  38  52  45  13  29  21  25  23  24  59  6  68  37  17  27  22  60  41  15  28  57  7  32  55  8  67  2  70  36  53  9  31  20  61  5  33  19  26  58  42  50  46  48  47  12  65  3  34  54  44  49  11  30  56  43  14  64  39  16  63  4  69
   1  37  17  3  29  53  42  39  33  65  12  19  60  8  45  5  50  69  27  31  58  48  56  55  57  26  49  44  59  11  32  41  28  16  70  35  51  63  6  67  46  24  9  14  61  22  20  21  13  23  66  62  34  15  40  10  43  25  54  47  30  68  4  7  18  64  38  52  2  36
   1  44  19  55  6  51  43  46  36  22  45  63  3  61  57  23  18  11  58  67  37  66  64  47  9  41  29  69  54  33  32  59  40  56  50  70  27  52  16  65  20  28  25  35  49  26  8  68  10  14  48  53  60  13  4  34  5  7  24  62  30  42  2  17  38  39  12  31  15  21
   1  45  5  19  43  49  20  63  9  17  30  23  42  64  47  37  22  53  25  61  24  4  6  67  15  16  13  38  33  21  70  11  34  66  62  27  31  69  46  35  56  68  3  48  51  50  32  41  39  59  26  60  18  57  2  12  29  7  58  65  52  44  28  55  14  8  54  40  10  36
   1  47  37  23  29  13  32  69  3  5  52  59  20  8  65  45  50  49  7  51  68  28  46  35  57  66  39  54  9  41  62  21  18  26  60  25  61  53  56  27  6  44  19  4  31  22  70  11  63  33  16  42  14  15  10  30  43  55  24  17  40  38  34  67  48  64  58  2  12  36
   1  52  6  28  36  26  3  14  18  13  37  7  9  42  54  39  40  21  27  55  20  46  49  63  10  23  60  67  5  47  30  69  38  59  15  70  19  65  43  35  45  68  57  53  58  34  64  62  29  17  32  31  50  44  16  51  25  22  8  61  48  11  4  66  24  41  2  33  12  56
   1  53  40  61  38  26  29  46  24  65  37  44  60  56  57  39  8  69  36  62  20  66  19  13  50  23  12  68  54  22  30  28  64  55  4  70  18  31  10  33  45  42  25  47  6  34  27  11  15  14  32  63  2  35  9  51  5  52  58  21  48  59  3  17  49  41  43  7  16  67
   1  59  19  47  15  7  34  35  37  3  44  65  28  22  33  23  8  25  39  61  52  32  6  53  29  16  55  10  5  21  14  11  62  66  48  13  31  27  46  49  56  40  45  20  51  64  18  41  67  17  26  4  60  43  58  68  57  63  30  9  38  2  70  69  42  50  12  54  24  36
   1  61  29  65  60  39  36  66  50  68  30  55  18  33  25  34  15  63  9  52  48  17  43  67  40  26  24  44  57  69  20  13  12  22  64  70  10  42  6  11  32  35  5  21  3  41  16  53  38  46  37  56  8  62  19  23  54  28  4  31  45  47  27  14  2  51  58  59  49  7
   1  65  36  68  18  34  9  17  40  44  20  22  10  11  5  41  38  56  19  28  45  14  58  7  29  39  50  55  25  63  48  67  24  69  12  70  6  35  3  53  37  62  54  31  27  51  49  61  60  66  30  33  15  52  43  26  57  13  64  42  32  21  16  46  8  23  4  47  2  59
   2  4  34  6  58  36  49  8  66  60  59  38  15  51  20  10  65  68  54  62  11  61  7  40  44  17  28  53  48  22  29  12  21  67  35  70  32  56  47  64  57  13  18  63  52  9  5  42  26  46  27  19  33  30  45  55  16  50  3  24  25  31  43  14  1  23  41  69  39  37
   2  6  66  10  44  70  61  14  60  48  11  4  63  65  38  18  23  64  36  52  55  15  47  8  16  67  54  69  24  42  21  22  5  27  33  68  62  40  57  56  7  59  34  19  32  51  43  12  50  20  17  1  29  58  53  3  30  28  39  46  13  25  49  26  35  9  45  31  41  37
   2  8  28  14  30  34  3  20  54  36  33  40  41  9  56  26  51  60  18  42  29  39  17  46  58  47  10  15  70  62  13  32  59  57  31  66  22  24  67  48  27  35  50  45  12  23  11  52  4  64  7  53  25  16  61  21  44  6  5  68  1  19  55  38  69  65  49  63  43  37
   2  10  60  18  16  68  15  26  48  24  55  6  19  23  4  34  9  56  70  32  3  63  57  14  30  27  36  31  46  12  5  42  43  17  29  64  52  8  7  40  47  11  66  1  62  65  49  22  28  38  67  35  21  44  69  39  58  54  41  20  59  13  61  50  33  51  53  25  45  37
   2  13  49  70  29  11  36  21  30  53  25  56  9  23  43  31  24  14  20  59  64  61  6  39  5  68  16  33  37  63  19  17  4  26  27  69  58  22  1  42  60  35  50  41  18  46  15  62  48  28  40  47  57  51  12  7  10  65  32  66  3  55  38  34  8  52  54  67  45  44
   2  14  27  47  45  31  4  28  54  23  19  62  8  56  37  46  38  53  16  41  3  21  5  35  32  11  6  42  10  70  64  22  12  13  20  69  57  44  24  26  40  67  43  17  48  52  9  63  15  34  25  33  18  55  30  68  50  66  36  39  60  65  29  61  1  7  49  59  58  51
   2  14  54  26  58  66  39  38  36  70  29  8  45  51  40  50  65  48  34  12  21  41  67  20  44  57  18  63  68  52  59  62  11  7  25  60  42  46  27  24  17  33  28  53  22  9  55  32  6  56  47  69  13  30  15  5  16  10  43  64  35  1  3  4  31  23  61  19  49  37
   2  17  38  39  12  31  15  21  1  44  19  55  6  51  43  46  36  22  45  63  3  61  57  23  18  11  58  67  37  66  64  47  9  41  29  69  54  33  32  59  40  56  50  70  27  52  16  65  20  28  25  35  49  26  8  68  10  14  48  53  60  13  4  34  5  7  24  62  30  42
   2  18  48  34  30  64  63  50  24  46  3  10  1  9  6  66  51  40  68  62  39  19  7  26  58  17  70  25  20  22  43  12  49  67  21  56  32  14  47  8  57  55  60  35  52  23  61  42  54  4  27  33  5  16  31  41  44  36  45  38  11  59  15  28  29  65  69  13  53  37
   2  20  10  38  16  28  5  56  18  34  25  46  49  23  24  4  9  36  50  52  13  43  47  64  30  67  26  41  66  42  35  22  33  27  19  54  62  68  57  70  7  31  6  61  32  65  29  12  8  48  17  15  1  44  39  59  58  14  11  60  69  53  21  40  63  51  3  45  55  37
   2  22  29  35  30  46  9  28  24  51  64  65  5  55  37  52  4  44  58  70  60  21  18  56  48  31  57  59  10  39  3  33  8  17  45  69  49  42  36  41  25  62  43  47  20  7  6  66  16  34  19  67  27  13  1  11  50  53  15  23  40  14  12  61  32  68  38  63  54  26
   2  23  16  42  57  52  30  61  27  62  3  70  24  63  50  7  45  56  5  22  40  34  36  59  4  46  32  13  43  33  60  51  54  53  6  69  48  55  29  14  19  41  10  44  9  68  1  47  8  21  64  26  15  66  49  31  37  35  12  67  25  39  58  28  38  11  20  17  18  65
   2  24  4  46  58  26  29  68  6  10  69  48  5  51  60  20  65  28  14  32  31  21  57  70  44  27  8  3  18  12  19  42  1  17  15  50  52  36  7  54  47  53  38  43  62  9  35  22  56  66  67  49  63  30  55  25  16  40  13  34  45  41  33  64  61  23  11  39  59  37
   2  26  36  50  44  60  41  4  70  68  21  14  53  65  8  28  23  24  66  22  5  45  27  38  16  7  34  19  64  32  11  52  55  47  13  48  12  20  17  46  67  29  54  69  42  51  3  62  10  40  57  31  59  58  63  43  30  18  49  56  33  35  39  6  25  9  15  1  61  37
   2  26  54  63  38  68  32  61  12  14  40  23  15  53  50  11  1  13  27  67  19  34  16  66  6  7  20  47  43  62  25  41  36  42  49  69  45  17  8  33  3  39  10  59  57  31  48  56  18  21  60  70  58  44  4  52  37  55  5  65  64  51  24  28  9  46  30  35  29  22
   2  28  68  54  30  24  53  10  64  56  43  50  31  9  26  36  51  20  48  12  49  69  67  6  58  57  60  35  40  52  3  62  39  7  11  46  42  4  27  38  17  5  70  25  22  23  41  32  34  14  47  13  55  16  1  61  44  66  15  8  21  29  45  18  59  65  19  33  63  37
   2  33  12  56  1  52  6  28  36  26  3  14  18  13  37  7  9  42  54  39  40  21  27  55  20  46  49  63  10  23  60  67  5  47  30  69  38  59  15  70  19  65  43  35  45  68  57  53  58  34  64  62  29  17  32  31  50  44  16  51  25  22  8  61  48  11  4  66  24  41
   2  34  24  66  58  56  19  28  46  20  39  18  35  51  10  60  65  8  64  52  41  1  47  50  44  67  68  13  38  42  49  22  61  27  5  40  62  26  57  14  7  3  48  33  32  9  15  12  36  6  17  29  43  30  25  45  16  70  53  4  55  11  63  54  21  23  31  59  69  37
   2  35  9  51  5  52  58  21  48  59  3  17  49  41  43  7  16  67  1  53  40  61  38  26  29  46  24  65  37  44  60  56  57  39  8  69  36  62  20  66  19  13  50  23  12  68  54  22  30  28  64  55  4  70  18  31  10  33  45  42  25  47  6  34  27  11  15  14  32  63
   2  36  56  70  44  20  31  34  40  8  61  54  13  65  28  68  23  4  46  42  15  25  17  18  16  47  24  29  14  62  41  32  45  57  3  38  22  10  67  6  27  49  64  59  12  51  53  52  60  50  7  11  39  58  33  63  30  48  19  26  43  5  69  66  55  9  35  21  1  37
   2  38  18  4  30  54  43  40  34  66  13  20  61  9  46  6  51  70  28  32  59  49  57  56  58  27  50  45  60  12  33  42  29  17  1  36  52  64  7  68  47  25  10  15  62  23  21  22  14  24  67  63  35  16  41  11  44  26  55  48  31  69  5  8  19  65  39  53  3  37
   2  39  15  44  6  46  45  61  18  67  64  41  54  59  50  52  20  35  8  14  60  34  24  42  38  31  1  55  43  22  3  23  58  66  9  69  32  56  27  65  25  26  10  53  4  7  30  17  12  21  19  51  36  63  57  11  37  47  29  33  40  70  16  28  49  68  48  13  5  62
   2  40  50  8  16  18  55  46  28  54  35  56  39  23  64  14  9  66  10  22  33  3  27  24  30  7  6  61  36  32  25  52  13  47  69  34  12  48  17  60  67  1  26  41  42  65  59  62  38  68  57  45  31  44  49  29  58  4  21  70  19  63  11  20  53  51  43  15  5  37
   2  41  24  66  4  11  48  61  8  22  25  51  16  44  50  31  32  17  29  62  64  34  58  53  57  68  45  35  43  65  19  70  15  59  38  69  30  47  5  67  60  23  10  63  49  46  20  55  27  21  40  39  54  42  9  7  37  13  18  14  3  26  36  28  6  52  1  56  12  33
   2  42  30  62  24  7  5  34  4  13  60  53  48  14  10  68  8  26  49  35  25  28  20  65  16  52  27  70  50  56  40  59  32  33  54  69  29  41  9  47  64  66  37  67  58  11  18  23  57  61  3  63  45  22  36  46  43  51  6  55  19  44  1  21  15  31  12  39  38  17
   2  44  45  67  54  52  8  34  38  55  3  66  32  65  10  7  12  51  57  47  40  28  48  62  15  46  18  41  50  35  60  42  1  22  58  69  27  26  4  17  19  63  37  33  16  68  5  39  6  61  64  59  20  14  24  31  43  23  9  56  25  53  30  21  36  11  29  70  49  13
   2  46  6  20  44  50  21  64  10  18  31  24  43  65  48  38  23  54  26  62  25  5  7  68  16  17  14  39  34  22  1  12  35  67  63  28  32  70  47  36  57  69  4  49  52  51  33  42  40  60  27  61  19  58  3  13  30  8  59  66  53  45  29  56  15  9  55  41  11  37
   2  47  4  23  8  46  16  21  32  42  64  13  57  26  43  52  15  33  30  66  60  61  49  51  27  31  54  62  37  53  3  35  6  70  12  69  24  67  48  63  25  55  50  39  29  7  58  14  45  28  19  56  38  41  5  11  10  22  20  44  40  17  9  34  18  68  36  65  1  59
   2  48  38  24  30  14  33  70  4  6  53  60  21  9  66  46  51  50  8  52  69  29  47  36  58  67  40  55  10  42  63  22  19  27  61  26  62  54  57  28  7  45  20  5  32  23  1  12  64  34  17  43  15  16  11  31  44  56  25  18  41  39  35  68  49  65  59  3  13  37
   2  50  70  28  16  48  45  6  68  64  5  26  69  23  14  54  9  46  60  42  43  53  17  4  30  47  66  1  56  62  55  32  3  57  59  24  22  38  67  20  27  21  36  31  12  65  39  52  18  8  7  25  11  44  19  49  58  34  61  40  29  33  41  10  13  51  63  35  15  37
   2  51  58  59  49  7  1  61  29  65  60  39  36  66  50  68  30  55  18  33  25  34  15  63  9  52  48  17  43  67  40  26  24  44  57  69  20  13  12  22  64  70  10  42  6  11  32  35  5  21  3  41  16  53  38  46  37  56  8  62  19  23  54  28  4  31  45  47  27  14
   2  53  20  33  58  46  12  34  49  56  64  63  1  62  10  52  29  23  6  17  60  28  32  67  36  31  5  26  50  47  3  44  30  14  16  69  18  51  38  13  25  59  37  22  15  7  8  70  9  61  19  42  48  65  54  11  43  39  4  35  40  66  45  21  24  68  27  41  57  55
   2  54  64  36  58  46  69  18  56  40  49  28  25  51  50  70  65  38  24  22  61  31  27  10  44  7  48  33  8  32  39  52  41  47  55  20  12  6  17  4  67  43  68  13  42  9  45  62  66  26  57  59  3  30  35  15  16  60  63  14  5  21  53  34  11  23  1  29  19  37
   2  55  57  41  27  68  24  21  45  66  40  35  4  39  43  11  54  65  48  42  19  61  9  70  8  7  15  22  37  59  25  13  38  51  18  69  16  14  30  44  3  47  50  26  5  31  36  67  32  28  60  17  6  23  29  52  10  62  1  63  64  56  49  34  12  46  58  33  20  53
   2  56  6  26  18  7  54  21  20  63  60  47  38  70  43  68  58  62  32  44  25  61  4  41  12  52  36  14  37  42  40  55  49  23  5  69  15  65  45  53  64  17  50  51  8  11  24  33  1  28  3  13  9  39  27  46  10  67  30  59  19  35  57  34  29  31  16  22  48  66
   2  56  26  40  44  10  11  24  50  28  1  64  3  65  68  8  23  34  6  12  35  55  67  48  16  57  4  49  54  52  31  62  25  7  53  18  42  60  27  66  17  19  14  39  22  51  13  32  20  70  47  41  69  58  43  33  30  38  29  36  63  15  59  46  45  9  5  61  21  37
   2  59  1  65  36  68  18  34  9  17  40  44  20  22  10  11  5  41  38  56  19  28  45  14  58  7  29  39  50  55  25  63  48  67  24  69  12  70  6  35  3  53  37  62  54  31  27  51  49  61  60  66  30  33  15  52  43  26  57  13  64  42  32  21  16  46  8  23  4  47
   2  60  20  48  16  8  35  36  38  4  45  66  29  23  34  24  9  26  40  62  53  33  7  54  30  17  56  11  6  22  15  12  63  67  49  14  32  28  47  50  57  41  46  21  52  65  19  42  68  18  27  5  61  44  59  69  58  64  31  10  39  3  1  70  43  51  13  55  25  37
   2  62  5  13  48  68  49  28  16  70  40  33  29  47  37  11  57  63  36  51  19  21  12  17  30  7  4  53  10  26  25  65  27  56  32  69  9  66  58  23  3  22  43  55  1  31  38  42  24  34  60  14  8  35  20  52  50  59  54  41  64  67  18  61  45  46  6  44  15  39
   2  63  32  14  15  11  27  34  6  47  25  42  45  33  10  31  18  70  4  55  64  28  30  22  54  68  12  23  50  13  19  66  20  62  36  69  8  39  57  56  60  44  37  65  24  46  29  26  38  61  40  53  1  67  16  7  43  41  49  17  3  59  48  21  58  52  5  51  9  35
   2  64  14  56  58  6  59  48  26  50  19  68  55  51  70  40  65  18  4  42  1  11  17  60  44  47  38  43  28  62  69  32  31  57  45  10  22  66  67  34  27  63  8  3  12  9  25  52  46  36  7  39  53  30  5  35  16  20  33  54  15  61  13  24  41  23  21  49  29  37
   2  65  18  17  20  11  38  28  58  39  25  67  12  35  37  31  49  66  15  26  64  21  8  47  1  68  9  44  10  41  19  14  29  55  48  69  6  53  54  51  60  33  43  13  32  46  4  59  36  34  40  22  5  56  45  7  50  63  24  70  3  62  27  61  30  52  57  42  16  23
   2  66  46  60  44  40  1  54  20  38  41  34  33  65  18  48  23  14  56  32  45  35  57  28  16  27  64  59  4  12  61  42  15  17  43  8  52  50  7  26  47  39  24  29  62  51  63  22  70  10  67  21  49  58  13  53  30  68  69  6  3  55  19  36  5  9  25  11  31  37
   2  66  48  22  16  31  29  34  57  35  19  59  30  67  10  46  27  39  9  13  3  28  1  33  24  11  8  51  50  17  64  53  45  65  15  69  5  23  49  55  40  42  37  14  36  52  12  41  4  61  25  44  32  62  58  68  43  70  38  47  60  63  20  21  54  7  18  26  6  56
   2  68  8  64  30  4  13  60  14  26  63  70  11  9  36  56  51  10  38  22  19  59  27  66  58  7  20  5  50  32  53  52  69  47  41  6  12  34  17  18  67  15  40  55  42  23  31  62  24  54  57  3  45  16  21  1  44  46  35  28  61  49  25  48  39  65  29  43  33  37
   3  5  35  7  59  37  50  9  67  61  60  39  16  52  21  11  66  69  55  63  12  62  8  41  45  18  29  54  49  23  30  13  22  68  36  1  33  57  48  65  58  14  19  64  53  10  6  43  27  47  28  20  34  31  46  56  17  51  4  25  26  32  44  15  2  24  42  70  40  38
   3  7  67  11  45  1  62  15  61  49  12  5  64  66  39  19  24  65  37  53  56  16  48  9  17  68  55  70  25  43  22  23  6  28  34  69  63  41  58  57  8  60  35  20  33  52  44  13  51  21  18  2  30  59  54  4  31  29  40  47  14  26  50  27  36  10  46  32  42  38
   3  9  29  15  31  35  4  21  55  37  34  41  42  10  57  27  52  61  19  43  30  40  18  47  59  48  11  16  1  63  14  33  60  58  32  67  23  25  68  49  28  36  51  46  13  24  12  53  5  65  8  54  26  17  62  22  45  7  6  69  2  20  56  39  70  66  50  64  44  38
   3  11  61  19  17  69  16  27  49  25  56  7  20  24  5  35  10  57  1  33  4  64  58  15  31  28  37  32  47  13  6  43  44  18  30  65  53  9  8  41  48  12  67  2  63  66  50  23  29  39  68  36  22  45  70  40  59  55  42  21  60  14  62  51  34  52  54  26  46  38
   3  14  18  13  37  7  9  42  54  39  40  21  27  55  20  46  49  63  10  23  60  67  5  47  30  69  38  59  15  70  19  65  43  35  45  68  57  53  58  34  64  62  29  17  32  31  50  44  16  51  25  22  8  61  48  11  4  66  24  41  2  33  12  56  1  52  6  28  36  26
   3  15  55  27  59  67  40  39  37  1  30  9  46  52  41  51  66  49  35  13  22  42  68  21  45  58  19  64  69  53  60  63  12  8  26  61  43  47  28  25  18  34  29  54  23  10  56  33  7  57  48  70  14  31  16  6  17  11  44  65  36  2  4  5  32  24  62  20  50  38
   3  17  49  41  43  7  16  67  1  53  40  61  38  26  29  46  24  65  37  44  60  56  57  39  8  69  36  62  20  66  19  13  50  23  12  68  54  22  30  28  64  55  4  70  18  31  10  33  45  42  25  47  6  34  27  11  15  14  32  63  2  35  9  51  5  52  58  21  48  59
   3  19  49  35  31  65  64  51  25  47  4  11  2  10  7  67  52  41  69  63  40  20  8  27  59  18  1  26  21  23  44  13  50  68  22  57  33  15  48  9  58  56  61  36  53  24  62  43  55  5  28  34  6  17  32  42  45  37  46  39  12  60  16  29  30  66  70  14  54  38
   3  21  5  35  32  11  6  42  10  70  64  22  12  13  20  69  57  44  24  26  40  67  43  17  48  52  9  63  15  34  25  33  18  55  30  68  50  66  36  39  60  65  29  61  1  7  49  59  58  51  2  14  27  47  45  31  4  28  54  23  19  62  8  56  37  46  38  53  16  41
   3  21  11  39  17  29  6  57  19  35  26  47  50  24  25  5  10  37  51  53  14  44  48  65  31  68  27  42  67  43  36  23  34  28  20  55  63  69  58  1  8  32  7  62  33  66  30  13  9  49  18  16  2  45  40  60  59  15  12  61  70  54  22  41  64  52  4  46  56  38
   3  22  43  55  1  31  38  42  24  34  60  14  8  35  20  52  50  59  54  41  64  67  18  61  45  46  6  44  15  39  2  62  5  13  48  68  49  28  16  70  40  33  29  47  37  11  57  63  36  51  19  21  12  17  30  7  4  53  10  26  25  65  27  56  32  69  9  66  58  23
   3  23  58  66  9  69  32  56  27  65  25  26  10  53  4  7  30  17  12  21  19  51  36  63  57  11  37  47  29  33  40  70  16  28  49  68  48  13  5  62  2  39  15  44  6  46  45  61  18  67  64  41  54  59  50  52  20  35  8  14  60  34  24  42  38  31  1  55  43  22
   3  25  5  47  59  27  30  69  7  11  70  49  6  52  61  21  66  29  15  33  32  22  58  1  45  28  9  4  19  13  20  43  2  18  16  51  53  37  8  55  48  54  39  44  63  10  36  23  57  67  68  50  64  31  56  26  17  41  14  35  46  42  34  65  62  24  12  40  60  38
   3  26  36  28  6  52  1  56  12  33  2  41  24  66  4  11  48  61  8  22  25  51  16  44  50  31  32  17  29  62  64  34  58  53  57  68  45  35  43  65  19  70  15  59  38  69  30  47  5  67  60  23  10  63  49  46  20  55  27  21  40  39  54  42  9  7  37  13  18  14
   3  27  37  51  45  61  42  5  1  69  22  15  54  66  9  29  24  25  67  23  6  46  28  39  17  8  35  20  65  33  12  53  56  48  14  49  13  21  18  47  68  30  55  70  43  52  4  63  11  41  58  32  60  59  64  44  31  19  50  57  34  36  40  7  26  10  16  2  62  38
   3  28  1  33  24  11  8  51  50  17  64  53  45  65  15  69  5  23  49  55  40  42  37  14  36  52  12  41  4  61  25  44  32  62  58  68  43  70  38  47  60  63  20  21  54  7  18  26  6  56  2  66  48  22  16  31  29  34  57  35  19  59  30  67  10  46  27  39  9  13
   3  29  69  55  31  25  54  11  65  57  44  51  32  10  27  37  52  21  49  13  50  70  68  7  59  58  61  36  41  53  4  63  40  8  12  47  43  5  28  39  18  6  1  26  23  24  42  33  35  15  48  14  56  17  2  62  45  67  16  9  22  30  46  19  60  66  20  34  64  38
   3  33  8  17  45  69  49  42  36  41  25  62  43  47  20  7  6  66  16  34  19  67  27  13  1  11  50  53  15  23  40  14  12  61  32  68  38  63  54  26  2  22  29  35  30  46  9  28  24  51  64  65  5  55  37  52  4  44  58  70  60  21  18  56  48  31  57  59  10  39
   3  34  54  44  49  11  30  56  43  14  64  39  16  63  4  69  1  35  18  62  40  51  10  66  38  52  45  13  29  21  25  23  24  59  6  68  37  17  27  22  60  41  15  28  57  7  32  55  8  67  2  70  36  53  9  31  20  61  5  33  19  26  58  42  50  46  48  47  12  65
   3  35  6  70  12  69  24  67  48  63  25  55  50  39  29  7  58  14  45  28  19  56  38  41  5  11  10  22  20  44  40  17  9  34  18  68  36  65  1  59  2  47  4  23  8  46  16  21  32  42  64  13  57  26  43  52  15  33  30  66  60  61  49  51  27  31  54  62  37  53
   3  37  57  1  45  21  32  35  41  9  62  55  14  66  29  69  24  5  47  43  16  26  18  19  17  48  25  30  15  63  42  33  46  58  4  39  23  11  68  7  28  50  65  60  13  52  54  53  61  51  8  12  40  59  34  64  31  49  20  27  44  6  70  67  56  10  36  22  2  38
   3  39  10  59  57  31  48  56  18  21  60  70  58  44  4  52  37  55  5  65  64  51  24  28  9  46  30  35  29  22  2  26  54  63  38  68  32  61  12  14  40  23  15  53  50  11  1  13  27  67  19  34  16  66  6  7  20  47  43  62  25  41  36  42  49  69  45  17  8  33
   3  39  19  5  31  55  44  41  35  67  14  21  62  10  47  7  52  1  29  33  60  50  58  57  59  28  51  46  61  13  34  43  30  18  2  37  53  65  8  69  48  26  11  16  63  24  22  23  15  25  68  64  36  17  42  12  45  27  56  49  32  70  6  9  20  66  40  54  4  38
   3  41  16  53  38  46  37  56  8  62  19  23  54  28  4  31  45  47  27  14  2  51  58  59  49  7  1  61  29  65  60  39  36  66  50  68  30  55  18  33  25  34  15  63  9  52  48  17  43  67  40  26  24  44  57  69  20  13  12  22  64  70  10  42  6  11  32  35  5  21
   3  41  51  9  17  19  56  47  29  55  36  57  40  24  65  15  10  67  11  23  34  4  28  25  31  8  7  62  37  33  26  53  14  48  70  35  13  49  18  61  68  2  27  42  43  66  60  63  39  69  58  46  32  45  50  30  59  5  22  1  20  64  12  21  54  52  44  16  6  38
   3  44  30  14  16  69  18  51  38  13  25  59  37  22  15  7  8  70  9  61  19  42  48  65  54  11  43  39  4  35  40  66  45  21  24  68  27  41  57  55  2  53  20  33  58  46  12  34  49  56  64  63  1  62  10  52  29  23  6  17  60  28  32  67  36  31  5  26  50  47
   3  47  7  21  45  51  22  65  11  19  32  25  44  66  49  39  24  55  27  63  26  6  8  69  17  18  15  40  35  23  2  13  36  68  64  29  33  1  48  37  58  70  5  50  53  52  34  43  41  61  28  62  20  59  4  14  31  9  60  67  54  46  30  57  16  10  56  42  12  38
   3  47  50  26  5  31  36  67  32  28  60  17  6  23  29  52  10  62  1  63  64  56  49  34  12  46  58  33  20  53  2  55  57  41  27  68  24  21  45  66  40  35  4  39  43  11  54  65  48  42  19  61  9  70  8  7  15  22  37  59  25  13  38  51  18  69  16  14  30  44
   3  49  39  25  31  15  34  1  5  7  54  61  22  10  67  47  52  51  9  53  70  30  48  37  59  68  41  56  11  43  64  23  20  28  62  27  63  55  58  29  8  46  21  6  33  24  2  13  65  35  18  44  16  17  12  32  45  57  26  19  42  40  36  69  50  66  60  4  14  38
   3  55  38  34  8  52  54  67  45  44  2  13  49  70  29  11  36  21  30  53  25  56  9  23  43  31  24  14  20  59  64  61  6  39  5  68  16  33  37  63  19  17  4  26  27  69  58  22  1  42  60  35  50  41  18  46  15  62  48  28  40  47  57  51  12  7  10  65  32  66
   3  55  65  37  59  47  70  19  57  41  50  29  26  52  51  1  66  39  25  23  62  32  28  11  45  8  49  34  9  33  40  53  42  48  56  21  13  7  18  5  68  44  69  14  43  10  46  63  67  27  58  60  4  31  36  16  17  61  64  15  6  22  54  35  12  24  2  30  20  38
   3  57  27  41  45  11  12  25  51  29  2  65  4  66  69  9  24  35  7  13  36  56  68  49  17  58  5  50  55  53  32  63  26  8  54  19  43  61  28  67  18  20  15  40  23  52  14  33  21  1  48  42  70  59  44  34  31  39  30  37  64  16  60  47  46  10  6  62  22  38
   3  59  48  21  58  52  5  51  9  35  2  63  32  14  15  11  27  34  6  47  25  42  45  33  10  31  18  70  4  55  64  28  30  22  54  68  12  23  50  13  19  66  20  62  36  69  8  39  57  56  60  44  37  65  24  46  29  26  38  61  40  53  1  67  16  7  43  41  49  17
   3  61  21  49  17  9  36  37  39  5  46  67  30  24  35  25  10  27  41  63  54  34  8  55  31  18  57  12  7  23  16  13  64  68  50  15  33  29  48  51  58  42  47  22  53  66  20  43  69  19  28  6  62  45  60  70  59  65  32  11  40  4  2  1  44  52  14  56  26  38
   3  61  57  23  18  11  58  67  37  66  64  47  9  41  29  69  54  33  32  59  40  56  50  70  27  52  16  65  20  28  25  35  49  26  8  68  10  14  48  53  60  13  4  34  5  7  24  62  30  42  2  17  38  39  12  31  15  21  1  44  19  55  6  51  43  46  36  22  45  63
   3  63  45  22  36  46  43  51  6  55  19  44  1  21  15  31  12  39  38  17  2  42  30  62  24  7  5  34  4  13  60  53  48  14  10  68  8  26  49  35  25  28  20  65  16  52  27  70  50  56  40  59  32  33  54  69  29  41  9  47  64  66  37  67  58  11  18  23  57  61
   3  65  12  47  48  46  50  42  58  26  19  33  5  61  20  31  9  53  36  70  2  67  8  55  32  7  57  28  15  41  60  22  27  17  37  68  6  59  24  23  25  21  29  13  45  52  38  66  10  51  40  62  18  35  1  69  4  63  16  39  64  14  43  56  30  11  49  44  54  34
   3  65  15  57  59  7  60  49  27  51  20  69  56  52  1  41  66  19  5  43  2  12  18  61  45  48  39  44  29  63  70  33  32  58  46  11  23  67  68  35  28  64  9  4  13  10  26  53  47  37  8  40  54  31  6  36  17  21  34  55  16  62  14  25  42  24  22  50  30  38
   3  66  32  65  10  7  12  51  57  47  40  28  48  62  15  46  18  41  50  35  60  42  1  22  58  69  27  26  4  17  19  63  37  33  16  68  5  39  6  61  64  59  20  14  24  31  43  23  9  56  25  53  30  21  36  11  29  70  49  13  2  44  45  67  54  52  8  34  38  55
   3  67  47  61  45  41  2  55  21  39  42  35  34  66  19  49  24  15  57  33  46  36  58  29  17  28  65  60  5  13  62  43  16  18  44  9  53  51  8  27  48  40  25  30  63  52  64  23  1  11  68  22  50  59  14  54  31  69  70  7  4  56  20  37  6  10  26  12  32  38
   3  69  9  65  31  5  14  61  15  27  64  1  12  10  37  57  52  11  39  23  20  60  28  67  59  8  21  6  51  33  54  53  70  48  42  7  13  35  18  19  68  16  41  56  43  24  32  63  25  55  58  4  46  17  22  2  45  47  36  29  62  50  26  49  40  66  30  44  34  38
   4  2  42  70  18  40  27  68  10  16  17  38  61  25  56  66  11  8  22  14  65  15  69  36  32  59  48  23  28  54  47  64  55  9  41  6  44  20  29  12  19  63  58  13  24  67  1  34  50  30  49  57  43  46  31  21  60  26  3  52  51  45  33  62  5  53  35  7  37  39
   4  7  30  17  12  21  19  51  36  63  57  11  37  47  29  33  40  70  16  28  49  68  48  13  5  62  2  39  15  44  6  46  45  61  18  67  64  41  54  59  50  52  20  35  8  14  60  34  24  42  38  31  1  55  43  22  3  23  58  66  9  69  32  56  27  65  25  26  10  53
   4  8  68  12  46  2  63  16  62  50  13  6  65  67  40  20  25  66  38  54  57  17  49  10  18  69  56  1  26  44  23  24  7  29  35  70  64  42  59  58  9  61  36  21  34  53  45  14  52  22  19  3  31  60  55  5  32  30  41  48  15  27  51  28  37  11  47  33  43  39
   4  10  30  16  32  36  5  22  56  38  35  42  43  11  58  28  53  62  20  44  31  41  19  48  60  49  12  17  2  64  15  34  61  59  33  68  24  26  69  50  29  37  52  47  14  25  13  54  6  66  9  55  27  18  63  23  46  8  7  70  3  21  57  40  1  67  51  65  45  39
   4  11  48  61  8  22  25  51  16  44  50  31  32  17  29  62  64  34  58  53  57  68  45  35  43  65  19  70  15  59  38  69  30  47  5  67  60  23  10  63  49  46  20  55  27  21  40  39  54  42  9  7  37  13  18  14  3  26  36  28  6  52  1  56  12  33  2  41  24  66
   4  12  62  20  18  70  17  28  50  26  57  8  21  25  6  36  11  58  2  34  5  65  59  16  32  29  38  33  48  14  7  44  45  19  31  66  54  10  9  42  49  13  68  3  64  67  51  24  30  40  69  37  23  46  1  41  60  56  43  22  61  15  63  52  35  53  55  27  47  39
   4  13  60  53  48  14  10  68  8  26  49  35  25  28  20  65  16  52  27  70  50  56  40  59  32  33  54  69  29  41  9  47  64  66  37  67  58  11  18  23  57  61  3  63  45  22  36  46  43  51  6  55  19  44  1  21  15  31  12  39  38  17  2  42  30  62  24  7  5  34
   4  16  56  28  60  68  41  40  38  2  31  10  47  53  42  52  67  50  36  14  23  43  69  22  46  59  20  65  70  54  61  64  13  9  27  62  44  48  29  26  19  35  30  55  24  11  57  34  8  58  49  1  15  32  17  7  18  12  45  66  37  3  5  6  33  25  63  21  51  39
   4  17  19  63  37  33  16  68  5  39  6  61  64  59  20  14  24  31  43  23  9  56  25  53  30  21  36  11  29  70  49  13  2  44  45  67  54  52  8  34  38  55  3  66  32  65  10  7  12  51  57  47  40  28  48  62  15  46  18  41  50  35  60  42  1  22  58  69  27  26
   4  20  50  36  32  66  65  52  26  48  5  12  3  11  8  68  53  42  70  64  41  21  9  28  60  19  2  27  22  24  45  14  51  69  23  58  34  16  49  10  59  57  62  37  54  25  63  44  56  6  29  35  7  18  33  43  46  38  47  40  13  61  17  30  31  67  1  15  55  39
   4  22  12  40  18  30  7  58  20  36  27  48  51  25  26  6  11  38  52  54  15  45  49  66  32  69  28  43  68  44  37  24  35  29  21  56  64  70  59  2  9  33  8  63  34  67  31  14  10  50  19  17  3  46  41  61  60  16  13  62  1  55  23  42  65  53  5  47  57  39
   4  26  6  48  60  28  31  70  8  12  1  50  7  53  62  22  67  30  16  34  33  23  59  2  46  29  10  5  20  14  21  44  3  19  17  52  54  38  9  56  49  55  40  45  64  11  37  24  58  68  69  51  65  32  57  27  18  42  15  36  47  43  35  66  63  25  13  41  61  39
   4  26  27  69  58  22  1  42  60  35  50  41  18  46  15  62  48  28  40  47  57  51  12  7  10  65  32  66  3  55  38  34  8  52  54  67  45  44  2  13  49  70  29  11  36  21  30  53  25  56  9  23  43  31  24  14  20  59  64  61  6  39  5  68  16  33  37  63  19  17
   4  28  38  52  46  62  43  6  2  70  23  16  55  67  10  30  25  26  68  24  7  47  29  40  18  9  36  21  66  34  13  54  57  49  15  50  14  22  19  48  69  31  56  1  44  53  5  64  12  42  59  33  61  60  65  45  32  20  51  58  35  37  41  8  27  11  17  3  63  39
   4  28  54  23  19  62  8  56  37  46  38  53  16  41  3  21  5  35  32  11  6  42  10  70  64  22  12  13  20  69  57  44  24  26  40  67  43  17  48  52  9  63  15  34  25  33  18  55  30  68  50  66  36  39  60  65  29  61  1  7  49  59  58  51  2  14  27  47  45  31
   4  31  45  47  27  14  2  51  58  59  49  7  1  61  29  65  60  39  36  66  50  68  30  55  18  33  25  34  15  63  9  52  48  17  43  67  40  26  24  44  57  69  20  13  12  22  64  70  10  42  6  11  32  35  5  21  3  41  16  53  38  46  37  56  8  62  19  23  54  28
   4  34  5  7  24  62  30  42  2  17  38  39  12  31  15  21  1  44  19  55  6  51  43  46  36  22  45  63  3  61  57  23  18  11  58  67  37  66  64  47  9  41  29  69  54  33  32  59  40  56  50  70  27  52  16  65  20  28  25  35  49  26  8  68  10  14  48  53  60  13
   4  35  40  66  45  21  24  68  27  41  57  55  2  53  20  33  58  46  12  34  49  56  64  63  1  62  10  52  29  23  6  17  60  28  32  67  36  31  5  26  50  47  3  44  30  14  16  69  18  51  38  13  25  59  37  22  15  7  8  70  9  61  19  42  48  65  54  11  43  39
   4  38  58  2  46  22  33  36  42  10  63  56  15  67  30  70  25  6  48  44  17  27  19  20  18  49  26  31  16  64  43  34  47  59  5  40  24  12  69  8  29  51  66  61  14  53  55  54  62  52  9  13  41  60  35  65  32  50  21  28  45  7  1  68  57  11  37  23  3  39
   4  39  43  11  54  65  48  42  19  61  9  70  8  7  15  22  37  59  25  13  38  51  18  69  16  14  30  44  3  47  50  26  5  31  36  67  32  28  60  17  6  23  29  52  10  62  1  63  64  56  49  34  12  46  58  33  20  53  2  55  57  41  27  68  24  21  45  66  40  35
   4  40  20  6  32  56  45  42  36  68  15  22  63  11  48  8  53  2  30  34  61  51  59  58  60  29  52  47  62  14  35  44  31  19  3  38  54  66  9  70  49  27  12  17  64  25  23  24  16  26  69  65  37  18  43  13  46  28  57  50  33  1  7  10  21  67  41  55  5  39
   4  41  12  52  36  14  37  42  40  55  49  23  5  69  15  65  45  53  64  17  50  51  8  11  24  33  1  28  3  13  9  39  27  46  10  67  30  59  19  35  57  34  29  31  16  22  48  66  2  56  6  26  18  7  54  21  20  63  60  47  38  70  43  68  58  62  32  44  25  61
   4  42  52  10  18  20  57  48  30  56  37  58  41  25  66  16  11  68  12  24  35  5  29  26  32  9  8  63  38  34  27  54  15  49  1  36  14  50  19  62  69  3  28  43  44  67  61  64  40  70  59  47  33  46  51  31  60  6  23  2  21  65  13  22  55  53  45  17  7  39
   4  46  32  13  43  33  60  51  54  53  6  69  48  55  29  14  19  41  10  44  9  68  1  47  8  21  64  26  15  66  49  31  37  35  12  67  25  39  58  28  38  11  20  17  18  65  2  23  16  42  57  52  30  61  27  62  3  70  24  63  50  7  45  56  5  22  40  34  36  59
   4  47  2  59  1  65  36  68  18  34  9  17  40  44  20  22  10  11  5  41  38  56  19  28  45  14  58  7  29  39  50  55  25  63  48  67  24  69  12  70  6  35  3  53  37  62  54  31  27  51  49  61  60  66  30  33  15  52  43  26  57  13  64  42  32  21  16  46  8  23
   4  48  8  22  46  52  23  66  12  20  33  26  45  67  50  40  25  56  28  64  27  7  9  70  18  19  16  41  36  24  3  14  37  69  65  30  34  2  49  38  59  1  6  51  54  53  35  44  42  62  29  63  21  60  5  15  32  10  61  68  55  47  31  58  17  11  57  43  13  39
   4  50  40  26  32  16  35  2  6  8  55  62  23  11  68  48  53  52  10  54  1  31  49  38  60  69  42  57  12  44  65  24  21  29  63  28  64  56  59  30  9  47  22  7  34  25  3  14  66  36  19  45  17  18  13  33  46  58  27  20  43  41  37  70  51  67  61  5  15  39
   4  52  2  30  18  50  47  8  70  66  7  28  1  25  16  56  11  48  62  44  45  55  19  6  32  49  68  3  58  64  57  34  5  59  61  26  24  40  69  22  29  23  38  33  14  67  41  54  20  10  9  27  13  46  21  51  60  36  63  42  31  35  43  12  15  53  65  37  17  39
   4  53  10  26  25  65  27  56  32  69  9  66  58  23  3  22  43  55  1  31  38  42  24  34  60  14  8  35  20  52  50  59  54  41  64  67  18  61  45  46  6  44  15  39  2  62  5  13  48  68  49  28  16  70  40  33  29  47  37  11  57  63  36  51  19  21  12  17  30  7
   4  56  66  38  60  48  1  20  58  42  51  30  27  53  52  2  67  40  26  24  63  33  29  12  46  9  50  35  10  34  41  54  43  49  57  22  14  8  19  6  69  45  70  15  44  11  47  64  68  28  59  61  5  32  37  17  18  62  65  16  7  23  55  36  13  25  3  31  21  39
   4  58  28  42  46  12  13  26  52  30  3  66  5  67  70  10  25  36  8  14  37  57  69  50  18  59  6  51  56  54  33  64  27  9  55  20  44  62  29  68  19  21  16  41  24  53  15  34  22  2  49  43  1  60  45  35  32  40  31  38  65  17  61  48  47  11  7  63  23  39
   4  59  36  34  40  22  5  56  45  7  50  63  24  70  3  62  27  61  30  52  57  42  16  23  2  65  18  17  20  11  38  28  58  39  25  67  12  35  37  31  49  66  15  26  64  21  8  47  1  68  9  44  10  41  19  14  29  55  48  69  6  53  54  51  60  33  43  13  32  46
   4  61  25  44  32  62  58  68  43  70  38  47  60  63  20  21  54  7  18  26  6  56  2  66  48  22  16  31  29  34  57  35  19  59  30  67  10  46  27  39  9  13  3  28  1  33  24  11  8  51  50  17  64  53  45  65  15  69  5  23  49  55  40  42  37  14  36  52  12  41
   4  62  22  50  18  10  37  38  40  6  47  68  31  25  36  26  11  28  42  64  55  35  9  56  32  19  58  13  8  24  17  14  65  69  51  16  34  30  49  52  59  43  48  23  54  67  21  44  70  20  29  7  63  46  61  1  60  66  33  12  41  5  3  2  45  53  15  57  27  39
   4  66  16  58  60  8  61  50  28  52  21  70  57  53  2  42  67  20  6  44  3  13  19  62  46  49  40  45  30  64  1  34  33  59  47  12  24  68  69  36  29  65  10  5  14  11  27  54  48  38  9  41  55  32  7  37  18  22  35  56  17  63  15  26  43  25  23  51  31  39
   4  66  24  41  2  33  12  56  1  52  6  28  36  26  3  14  18  13  37  7  9  42  54  39  40  21  27  55  20  46  49  63  10  23  60  67  5  47  30  69  38  59  15  70  19  65  43  35  45  68  57  53  58  34  64  62  29  17  32  31  50  44  16  51  25  22  8  61  48  11
   4  68  48  62  46  42  3  56  22  40  43  36  35  67  20  50  25  16  58  34  47  37  59  30  18  29  66  61  6  14  63  44  17  19  45  10  54  52  9  28  49  41  26  31  64  53  65  24  2  12  69  23  51  60  15  55  32  70  1  8  5  57  21  38  7  11  27  13  33  39
   5  7  24  62  30  42  2  17  38  39  12  31  15  21  1  44  19  55  6  51  43  46  36  22  45  63  3  61  57  23  18  11  58  67  37  66  64  47  9  41  29  69  54  33  32  59  40  56  50  70  27  52  16  65  20  28  25  35  49  26  8  68  10  14  48  53  60  13  4  34
   5  7  37  9  61  39  52  11  69  63  62  41  18  54  23  13  68  1  57  65  14  64  10  43  47  20  31  56  51  25  32  15  24  70  38  3  35  59  50  67  60  16  21  66  55  12  8  45  29  49  30  22  36  33  48  58  19  53  6  27  28  34  46  17  4  26  44  2  42  40
   5  9  69  13  47  3  64  17  63  51  14  7  66  68  41  21  26  67  39  55  58  18  50  11  19  70  57  2  27  45  24  25  8  30  36  1  65  43  60  59  10  62  37  22  35  54  46  15  53  23  20  4  32  61  56  6  33  31  42  49  16  28  52  29  38  12  48  34  44  40
   5  11  10  22  20  44  40  17  9  34  18  68  36  65  1  59  2  47  4  23  8  46  16  21  32  42  64  13  57  26  43  52  15  33  30  66  60  61  49  51  27  31  54  62  37  53  3  35  6  70  12  69  24  67  48  63  25  55  50  39  29  7  58  14  45  28  19  56  38  41
   5  11  31  17  33  37  6  23  57  39  36  43  44  12  59  29  54  63  21  45  32  42  20  49  61  50  13  18  3  65  16  35  62  60  34  69  25  27  70  51  30  38  53  48  15  26  14  55  7  67  10  56  28  19  64  24  47  9  8  1  4  22  58  41  2  68  52  66  46  40
   5  13  48  68  49  28  16  70  40  33  29  47  37  11  57  63  36  51  19  21  12  17  30  7  4  53  10  26  25  65  27  56  32  69  9  66  58  23  3  22  43  55  1  31  38  42  24  34  60  14  8  35  20  52  50  59  54  41  64  67  18  61  45  46  6  44  15  39  2  62
   5  13  63  21  19  1  18  29  51  27  58  9  22  26  7  37  12  59  3  35  6  66  60  17  33  30  39  34  49  15  8  45  46  20  32  67  55  11  10  43  50  14  69  4  65  68  52  25  31  41  70  38  24  47  2  42  61  57  44  23  62  16  64  53  36  54  56  28  48  40
   5  17  57  29  61  69  42  41  39  3  32  11  48  54  43  53  68  51  37  15  24  44  70  23  47  60  21  66  1  55  62  65  14  10  28  63  45  49  30  27  20  36  31  56  25  12  58  35  9  59  50  2  16  33  18  8  19  13  46  67  38  4  6  7  34  26  64  22  52  40
   5  21  3  41  16  53  38  46  37  56  8  62  19  23  54  28  4  31  45  47  27  14  2  51  58  59  49  7  1  61  29  65  60  39  36  66  50  68  30  55  18  33  25  34  15  63  9  52  48  17  43  67  40  26  24  44  57  69  20  13  12  22  64  70  10  42  6  11  32  35
   5  21  51  37  33  67  66  53  27  49  6  13  4  12  9  69  54  43  1  65  42  22  10  29  61  20  3  28  23  25  46  15  52  70  24  59  35  17  50  11  60  58  63  38  55  26  64  45  57  7  30  36  8  19  34  44  47  39  48  41  14  62  18  31  32  68  2  16  56  40
   5  22  40  34  36  59  4  46  32  13  43  33  60  51  54  53  6  69  48  55  29  14  19  41  10  44  9  68  1  47  8  21  64  26  15  66  49  31  37  35  12  67  25  39  58  28  38  11  20  17  18  65  2  23  16  42  57  52  30  61  27  62  3  70  24  63  50  7  45  56
   5  23  13  41  19  31  8  59  21  37  28  49  52  26  27  7  12  39  53  55  16  46  50  67  33  70  29  44  69  45  38  25  36  30  22  57  65  1  60  3  10  34  9  64  35  68  32  15  11  51  20  18  4  47  42  62  61  17  14  63  2  56  24  43  66  54  6  48  58  40
   5  26  50  47  3  44  30  14  16  69  18  51  38  13  25  59  37  22  15  7  8  70  9  61  19  42  48  65  54  11  43  39  4  35  40  66  45  21  24  68  27  41  57  55  2  53  20  33  58  46  12  34  49  56  64  63  1  62  10  52  29  23  6  17  60  28  32  67  36  31
   5  27  7  49  61  29  32  1  9  13  2  51  8  54  63  23  68  31  17  35  34  24  60  3  47  30  11  6  21  15  22  45  4  20  18  53  55  39  10  57  50  56  41  46  65  12  38  25  59  69  70  52  66  33  58  28  19  43  16  37  48  44  36  67  64  26  14  42  62  40
   5  29  39  53  47  63  44  7  3  1  24  17  56  68  11  31  26  27  69  25  8  48  30  41  19  10  37  22  67  35  14  55  58  50  16  51  15  23  20  49  70  32  57  2  45  54  6  65  13  43  60  34  62  61  66  46  33  21  52  59  36  38  42  9  28  12  18  4  64  40
   5  31  36  67  32  28  60  17  6  23  29  52  10  62  1  63  64  56  49  34  12  46  58  33  20  53  2  55  57  41  27  68  24  21  45  66  40  35  4  39  43  11  54  65  48  42  19  61  9  70  8  7  15  22  37  59  25  13  38  51  18  69  16  14  30  44  3  47  50  26
   5  33  19  26  58  42  50  46  48  47  12  65  3  34  54  44  49  11  30  56  43  14  64  39  16  63  4  69  1  35  18  62  40  51  10  66  38  52  45  13  29  21  25  23  24  59  6  68  37  17  27  22  60  41  15  28  57  7  32  55  8  67  2  70  36  53  9  31  20  61
   5  34  4  13  60  53  48  14  10  68  8  26  49  35  25  28  20  65  16  52  27  70  50  56  40  59  32  33  54  69  29  41  9  47  64  66  37  67  58  11  18  23  57  61  3  63  45  22  36  46  43  51  6  55  19  44  1  21  15  31  12  39  38  17  2  42  30  62  24  7
   5  35  32  11  6  42  10  70  64  22  12  13  20  69  57  44  24  26  40  67  43  17  48  52  9  63  15  34  25  33  18  55  30  68  50  66  36  39  60  65  29  61  1  7  49  59  58  51  2  14  27  47  45  31  4  28  54  23  19  62  8  56  37  46  38  53  16  41  3  21
   5  37  27  69  61  59  22  31  49  23  42  21  38  54  13  63  68  11  67  55  44  4  50  53  47  70  1  16  41  45  52  25  64  30  8  43  65  29  60  17  10  6  51  36  35  12  18  15  39  9  20  32  46  33  28  48  19  3  56  7  58  14  66  57  24  26  34  62  2  40
   5  39  59  3  47  23  34  37  43  11  64  57  16  68  31  1  26  7  49  45  18  28  20  21  19  50  27  32  17  65  44  35  48  60  6  41  25  13  70  9  30  52  67  62  15  54  56  55  63  53  10  14  42  61  36  66  33  51  22  29  46  8  2  69  58  12  38  24  4  40
   5  41  21  7  33  57  46  43  37  69  16  23  64  12  49  9  54  3  31  35  62  52  60  59  61  30  53  48  63  15  36  45  32  20  4  39  55  67  10  1  50  28  13  18  65  26  24  25  17  27  70  66  38  19  44  14  47  29  58  51  34  2  8  11  22  68  42  56  6  40
   5  41  38  56  19  28  45  14  58  7  29  39  50  55  25  63  48  67  24  69  12  70  6  35  3  53  37  62  54  31  27  51  49  61  60  66  30  33  15  52  43  26  57  13  64  42  32  21  16  46  8  23  4  47  2  59  1  65  36  68  18  34  9  17  40  44  20  22  10  11
   5  43  53  11  19  21  58  49  31  57  38  59  42  26  67  17  12  69  13  25  36  6  30  27  33  10  9  64  39  35  28  55  16  50  2  37  15  51  20  63  70  4  29  44  45  68  62  65  41  1  60  48  34  47  52  32  61  7  24  3  22  66  14  23  56  54  46  18  8  40
   5  49  9  23  47  53  24  67  13  21  34  27  46  68  51  41  26  57  29  65  28  8  10  1  19  20  17  42  37  25  4  15  38  70  66  31  35  3  50  39  60  2  7  52  55  54  36  45  43  63  30  64  22  61  6  16  33  11  62  69  56  48  32  59  18  12  58  44  14  40
   5  51  9  35  2  63  32  14  15  11  27  34  6  47  25  42  45  33  10  31  18  70  4  55  64  28  30  22  54  68  12  23  50  13  19  66  20  62  36  69  8  39  57  56  60  44  37  65  24  46  29  26  38  61  40  53  1  67  16  7  43  41  49  17  3  59  48  21  58  52
   5  51  41  27  33  17  36  3  7  9  56  63  24  12  69  49  54  53  11  55  2  32  50  39  61  70  43  58  13  45  66  25  22  30  64  29  65  57  60  31  10  48  23  8  35  26  4  15  67  37  20  46  18  19  14  34  47  59  28  21  44  42  38  1  52  68  62  6  16  40
   5  52  58  21  48  59  3  17  49  41  43  7  16  67  1  53  40  61  38  26  29  46  24  65  37  44  60  56  57  39  8  69  36  62  20  66  19  13  50  23  12  68  54  22  30  28  64  55  4  70  18  31  10  33  45  42  25  47  6  34  27  11  15  14  32  63  2  35  9  51
   5  53  3  31  19  51  48  9  1  67  8  29  2  26  17  57  12  49  63  45  46  56  20  7  33  50  69  4  59  65  58  35  6  60  62  27  25  41  70  23  30  24  39  34  15  68  42  55  21  11  10  28  14  47  22  52  61  37  64  43  32  36  44  13  16  54  66  38  18  40
   5  55  37  52  4  44  58  70  60  21  18  56  48  31  57  59  10  39  3  33  8  17  45  69  49  42  36  41  25  62  43  47  20  7  6  66  16  34  19  67  27  13  1  11  50  53  15  23  40  14  12  61  32  68  38  63  54  26  2  22  29  35  30  46  9  28  24  51  64  65
   5  56  45  7  50  63  24  70  3  62  27  61  30  52  57  42  16  23  2  65  18  17  20  11  38  28  58  39  25  67  12  35  37  31  49  66  15  26  64  21  8  47  1  68  9  44  10  41  19  14  29  55  48  69  6  53  54  51  60  33  43  13  32  46  4  59  36  34  40  22
   5  57  67  39  61  49  2  21  59  43  52  31  28  54  53  3  68  41  27  25  64  34  30  13  47  10  51  36  11  35  42  55  44  50  58  23  15  9  20  7  70  46  1  16  45  12  48  65  69  29  60  62  6  33  38  18  19  63  66  17  8  24  56  37  14  26  4  32  22  40
   5  59  29  43  47  13  14  27  53  31  4  67  6  68  1  11  26  37  9  15  38  58  70  51  19  60  7  52  57  55  34  65  28  10  56  21  45  63  30  69  20  22  17  42  25  54  16  35  23  3  50  44  2  61  46  36  33  41  32  39  66  18  62  49  48  12  8  64  24  40
   5  61  20  31  9  53  36  70  2  67  8  55  32  7  57  28  15  41  60  22  27  17  37  68  6  59  24  23  25  21  29  13  45  52  38  66  10  51  40  62  18  35  1  69  4  63  16  39  64  14  43  56  30  11  49  44  54  34  3  65  12  47  48  46  50  42  58  26  19  33
   5  62  2  39  15  44  6  46  45  61  18  67  64  41  54  59  50  52  20  35  8  14  60  34  24  42  38  31  1  55  43  22  3  23  58  66  9  69  32  56  27  65  25  26  10  53  4  7  30  17  12  21  19  51  36  63  57  11  37  47  29  33  40  70  16  28  49  68  48  13
   5  63  23  51  19  11  38  39  41  7  48  69  32  26  37  27  12  29  43  65  56  36  10  57  33  20  59  14  9  25  18  15  66  70  52  17  35  31  50  53  60  44  49  24  55  68  22  45  1  21  30  8  64  47  62  2  61  67  34  13  42  6  4  3  46  54  16  58  28  40
   5  65  64  51  24  28  9  46  30  35  29  22  2  26  54  63  38  68  32  61  12  14  40  23  15  53  50  11  1  13  27  67  19  34  16  66  6  7  20  47  43  62  25  41  36  42  49  69  45  17  8  33  3  39  10  59  57  31  48  56  18  21  60  70  58  44  4  52  37  55
   5  67  17  59  61  9  62  51  29  53  22  1  58  54  3  43  68  21  7  45  4  14  20  63  47  50  41  46  31  65  2  35  34  60  48  13  25  69  70  37  30  66  11  6  15  12  28  55  49  39  10  42  56  33  8  38  19  23  36  57  18  64  16  27  44  26  24  52  32  40
   5  67  60  23  10  63  49  46  20  55  27  21  40  39  54  42  9  7  37  13  18  14  3  26  36  28  6  52  1  56  12  33  2  41  24  66  4  11  48  61  8  22  25  51  16  44  50  31  32  17  29  62  64  34  58  53  57  68  45  35  43  65  19  70  15  59  38  69  30  47
   5  68  16  33  37  63  19  17  4  26  27  69  58  22  1  42  60  35  50  41  18  46  15  62  48  28  40  47  57  51  12  7  10  65  32  66  3  55  38  34  8  52  54  67  45  44  2  13  49  70  29  11  36  21  30  53  25  56  9  23  43  31  24  14  20  59  64  61  6  39
   5  69  15  65  45  53  64  17  50  51  8  11  24  33  1  28  3  13  9  39  27  46  10  67  30  59  19  35  57  34  29  31  16  22  48  66  2  56  6  26  18  7  54  21  20  63  60  47  38  70  43  68  58  62  32  44  25  61  4  41  12  52  36  14  37  42  40  55  49  23
   5  69  49  63  47  43  4  57  23  41  44  37  36  68  21  51  26  17  59  35  48  38  60  31  19  30  67  62  7  15  64  45  18  20  46  11  55  53  10  29  50  42  27  32  65  54  66  25  3  13  70  24  52  61  16  56  33  1  2  9  6  58  22  39  8  12  28  14  34  40
   6  2  12  68  34  8  17  64  18  30  67  4  15  13  40  60  55  14  42  26  23  63  31  70  62  11  24  9  54  36  57  56  3  51  45  10  16  38  21  22  1  19  44  59  46  27  35  66  28  58  61  7  49  20  25  5  48  50  39  32  65  53  29  52  43  69  33  47  37  41
   6  4  44  2  20  42  29  70  12  18  19  40  63  27  58  68  13  10  24  16  67  17  1  38  34  61  50  25  30  56  49  66  57  11  43  8  46  22  31  14  21  65  60  15  26  69  3  36  52  32  51  59  45  48  33  23  62  28  5  54  53  47  35  64  7  55  37  9  39  41
   6  8  38  10  62  40  53  12  70  64  63  42  19  55  24  14  69  2  58  66  15  65  11  44  48  21  32  57  52  26  33  16  25  1  39  4  36  60  51  68  61  17  22  67  56  13  9  46  30  50  31  23  37  34  49  59  20  54  7  28  29  35  47  18  5  27  45  3  43  41
   6  12  32  18  34  38  7  24  58  40  37  44  45  13  60  30  55  64  22  46  33  43  21  50  62  51  14  19  4  66  17  36  63  61  35  70  26  28  1  52  31  39  54  49  16  27  15  56  8  68  11  57  29  20  65  25  48  10  9  2  5  23  59  42  3  69  53  67  47  41
   6  14  64  22  20  2  19  30  52  28  59  10  23  27  8  38  13  60  4  36  7  67  61  18  34  31  40  35  50  16  9  46  47  21  33  68  56  12  11  44  51  15  70  5  66  69  53  26  32  42  1  39  25  48  3  43  62  58  45  24  63  17  65  54  37  55  57  29  49  41
   6  17  60  28  32  67  36  31  5  26  50  47  3  44  30  14  16  69  18  51  38  13  25  59  37  22  15  7  8  70  9  61  19  42  48  65  54  11  43  39  4  35  40  66  45  21  24  68  27  41  57  55  2  53  20  33  58  46  12  34  49  56  64  63  1  62  10  52  29  23
   6  22  52  38  34  68  67  54  28  50  7  14  5  13  10  70  55  44  2  66  43  23  11  30  62  21  4  29  24  26  47  16  53  1  25  60  36  18  51  12  61  59  64  39  56  27  65  46  58  8  31  37  9  20  35  45  48  40  49  42  15  63  19  32  33  69  3  17  57  41
   6  23  29  52  10  62  1  63  64  56  49  34  12  46  58  33  20  53  2  55  57  41  27  68  24  21  45  66  40  35  4  39  43  11  54  65  48  42  19  61  9  70  8  7  15  22  37  59  25  13  38  51  18  69  16  14  30  44  3  47  50  26  5  31  36  67  32  28  60  17
   6  24  14  42  20  32  9  60  22  38  29  50  53  27  28  8  13  40  54  56  17  47  51  68  34  1  30  45  70  46  39  26  37  31  23  58  66  2  61  4  11  35  10  65  36  69  33  16  12  52  21  19  5  48  43  63  62  18  15  64  3  57  25  44  67  55  7  49  59  41
   6  26  18  7  54  21  20  63  60  47  38  70  43  68  58  62  32  44  25  61  4  41  12  52  36  14  37  42  40  55  49  23  5  69  15  65  45  53  64  17  50  51  8  11  24  33  1  28  3  13  9  39  27  46  10  67  30  59  19  35  57  34  29  31  16  22  48  66  2  56
   6  28  8  50  62  30  33  2  10  14  3  52  9  55  64  24  69  32  18  36  35  25  61  4  48  31  12  7  22  16  23  46  5  21  19  54  56  40  11  58  51  57  42  47  66  13  39  26  60  70  1  53  67  34  59  29  20  44  17  38  49  45  37  68  65  27  15  43  63  41
   6  30  40  54  48  64  45  8  4  2  25  18  57  69  12  32  27  28  70  26  9  49  31  42  20  11  38  23  68  36  15  56  59  51  17  52  16  24  21  50  1  33  58  3  46  55  7  66  14  44  61  35  63  62  67  47  34  22  53  60  37  39  43  10  29  13  19  5  65  41
   6  31  33  37  50  29  55  23  57  45  60  26  68  63  36  67  47  25  62  34  11  16  9  15  43  51  69  44  4  3  66  52  49  18  40  7  27  19  22  20  10  39  53  24  5  38  21  17  1  13  30  54  65  2  32  48  42  61  12  58  59  14  35  70  8  56  41  28  64  46
   6  32  2  58  34  28  57  14  68  60  47  54  35  13  30  40  55  24  52  16  53  3  1  10  62  61  64  39  44  56  7  66  43  11  15  50  46  8  31  42  21  9  4  29  26  27  45  36  38  18  51  17  59  20  5  65  48  70  19  12  25  33  49  22  63  69  23  37  67  41
   6  34  27  11  15  14  32  63  2  35  9  51  5  52  58  21  48  59  3  17  49  41  43  7  16  67  1  53  40  61  38  26  29  46  24  65  37  44  60  56  57  39  8  69  36  62  20  66  19  13  50  23  12  68  54  22  30  28  64  55  4  70  18  31  10  33  45  42  25  47
   6  39  5  68  16  33  37  63  19  17  4  26  27  69  58  22  1  42  60  35  50  41  18  46  15  62  48  28  40  47  57  51  12  7  10  65  32  66  3  55  38  34  8  52  54  67  45  44  2  13  49  70  29  11  36  21  30  53  25  56  9  23  43  31  24  14  20  59  64  61
   6  40  60  4  48  24  35  38  44  12  65  58  17  69  32  2  27  8  50  46  19  29  21  22  20  51  28  33  18  66  45  36  49  61  7  42  26  14  1  10  31  53  68  63  16  55  57  56  64  54  11  15  43  62  37  67  34  52  23  30  47  9  3  70  59  13  39  25  5  41
   6  42  22  8  34  58  47  44  38  70  17  24  65  13  50  10  55  4  32  36  63  53  61  60  62  31  54  49  64  16  37  46  33  21  5  40  56  68  11  2  51  29  14  19  66  27  25  26  18  28  1  67  39  20  45  15  48  30  59  52  35  3  9  12  23  69  43  57  7  41
   6  44  15  39  2  62  5  13  48  68  49  28  16  70  40  33  29  47  37  11  57  63  36  51  19  21  12  17  30  7  4  53  10  26  25  65  27  56  32  69  9  66  58  23  3  22  43  55  1  31  38  42  24  34  60  14  8  35  20  52  50  59  54  41  64  67  18  61  45  46
   6  44  54  12  20  22  59  50  32  58  39  60  43  27  68  18  13  70  14  26  37  7  31  28  34  11  10  65  40  36  29  56  17  51  3  38  16  52  21  64  1  5  30  45  46  69  63  66  42  2  61  49  35  48  53  33  62  8  25  4  23  67  15  24  57  55  47  19  9  41
   6  46  45  61  18  67  64  41  54  59  50  52  20  35  8  14  60  34  24  42  38  31  1  55  43  22  3  23  58  66  9  69  32  56  27  65  25  26  10  53  4  7  30  17  12  21  19  51  36  63  57  11  37  47  29  33  40  70  16  28  49  68  48  13  5  62  2  39  15  44
   6  47  25  42  45  33  10  31  18  70  4  55  64  28  30  22  54  68  12  23  50  13  19  66  20  62  36  69  8  39  57  56  60  44  37  65  24  46  29  26  38  61  40  53  1  67  16  7  43  41  49  17  3  59  48  21  58  52  5  51  9  35  2  63  32  14  15  11  27  34
   6  50  10  24  48  54  25  68  14  22  35  28  47  69  52  42  27  58  30  66  29  9  11  2  20  21  18  43  38  26  5  16  39  1  67  32  36  4  51  40  61  3  8  53  56  55  37  46  44  64  31  65  23  62  7  17  34  12  63  70  57  49  33  60  19  13  59  45  15  41
   6  52  42  28  34  18  37  4  8  10  57  64  25  13  70  50  55  54  12  56  3  33  51  40  62  1  44  59  14  46  67  26  23  31  65  30  66  58  61  32  11  49  24  9  36  27  5  16  68  38  21  47  19  20  15  35  48  60  29  22  45  43  39  2  53  69  63  7  17  41
   6  54  4  32  20  52  49  10  2  68  9  30  3  27  18  58  13  50  64  46  47  57  21  8  34  51  70  5  60  66  59  36  7  61  63  28  26  42  1  24  31  25  40  35  16  69  43  56  22  12  11  29  15  48  23  53  62  38  65  44  33  37  45  14  17  55  67  39  19  41
   6  56  2  66  48  22  16  31  29  34  57  35  19  59  30  67  10  46  27  39  9  13  3  28  1  33  24  11  8  51  50  17  64  53  45  65  15  69  5  23  49  55  40  42  37  14  36  52  12  41  4  61  25  44  32  62  58  68  43  70  38  47  60  63  20  21  54  7  18  26
   6  58  68  40  62  50  3  22  60  44  53  32  29  55  54  4  69  42  28  26  65  35  31  14  48  11  52  37  12  36  43  56  45  51  59  24  16  10  21  8  1  47  2  17  46  13  49  66  70  30  61  63  7  34  39  19  20  64  67  18  9  25  57  38  15  27  5  33  23  41
   6  60  30  44  48  14  15  28  54  32  5  68  7  69  2  12  27  38  10  16  39  59  1  52  20  61  8  53  58  56  35  66  29  11  57  22  46  64  31  70  21  23  18  43  26  55  17  36  24  4  51  45  3  62  47  37  34  42  33  40  67  19  63  50  49  13  9  65  25  41
   6  61  64  59  20  14  24  31  43  23  9  56  25  53  30  21  36  11  29  70  49  13  2  44  45  67  54  52  8  34  38  55  3  66  32  65  10  7  12  51  57  47  40  28  48  62  15  46  18  41  50  35  60  42  1  22  58  69  27  26  4  17  19  63  37  33  16  68  5  39
   6  64  24  52  20  12  39  40  42  8  49  70  33  27  38  28  13  30  44  66  57  37  11  58  34  21  60  15  10  26  19  16  67  1  53  18  36  32  51  54  61  45  50  25  56  69  23  46  2  22  31  9  65  48  63  3  62  68  35  14  43  7  5  4  47  55  17  59  29  41
   6  66  16  34  19  67  27  13  1  11  50  53  15  23  40  14  12  61  32  68  38  63  54  26  2  22  29  35  30  46  9  28  24  51  64  65  5  55  37  52  4  44  58  70  60  21  18  56  48  31  57  59  10  39  3  33  8  17  45  69  49  42  36  41  25  62  43  47  20  7
   6  68  18  60  62  10  63  52  30  54  23  2  59  55  4  44  69  22  8  46  5  15  21  64  48  51  42  47  32  66  3  36  35  61  49  14  26  70  1  38  31  67  12  7  16  13  29  56  50  40  11  43  57  34  9  39  20  24  37  58  19  65  17  28  45  27  25  53  33  41
   6  68  37  17  27  22  60  41  15  28  57  7  32  55  8  67  2  70  36  53  9  31  20  61  5  33  19  26  58  42  50  46  48  47  12  65  3  34  54  44  49  11  30  56  43  14  64  39  16  63  4  69  1  35  18  62  40  51  10  66  38  52  45  13  29  21  25  23  24  59
   6  69  48  55  29  14  19  41  10  44  9  68  1  47  8  21  64  26  15  66  49  31  37  35  12  67  25  39  58  28  38  11  20  17  18  65  2  23  16  42  57  52  30  61  27  62  3  70  24  63  50  7  45  56  5  22  40  34  36  59  4  46  32  13  43  33  60  51  54  53
   7  4  53  10  26  25  65  27  56  32  69  9  66  58  23  3  22  43  55  1  31  38  42  24  34  60  14  8  35  20  52  50  59  54  41  64  67  18  61  45  46  6  44  15  39  2  62  5  13  48  68  49  28  16  70  40  33  29  47  37  11  57  63  36  51  19  21  12  17  30
   7  5  34  4  13  60  53  48  14  10  68  8  26  49  35  25  28  20  65  16  52  27  70  50  56  40  59  32  33  54  69  29  41  9  47  64  66  37  67  58  11  18  23  57  61  3  63  45  22  36  46  43  51  6  55  19  44  1  21  15  31  12  39  38  17  2  42  30  62  24
   7  5  45  3  21  43  30  1  13  19  20  41  64  28  59  69  14  11  25  17  68  18  2  39  35  62  51  26  31  57  50  67  58  12  44  9  47  23  32  15  22  66  61  16  27  70  4  37  53  33  52  60  46  49  34  24  63  29  6  55  54  48  36  65  8  56  38  10  40  42
   7  6  66  16  34  19  67  27  13  1  11  50  53  15  23  40  14  12  61  32  68  38  63  54  26  2  22  29  35  30  46  9  28  24  51  64  65  5  55  37  52  4  44  58  70  60  21  18  56  48  31  57  59  10  39  3  33  8  17  45  69  49  42  36  41  25  62  43  47  20
   7  9  39  11  63  41  54  13  1  65  64  43  20  56  25  15  70  3  59  67  16  66  12  45  49  22  33  58  53  27  34  17  26  2  40  5  37  61  52  69  62  18  23  68  57  14  10  47  31  51  32  24  38  35  50  60  21  55  8  29  30  36  48  19  6  28  46  4  44  42
   7  9  42  54  39  40  21  27  55  20  46  49  63  10  23  60  67  5  47  30  69  38  59  15  70  19  65  43  35  45  68  57  53  58  34  64  62  29  17  32  31  50  44  16  51  25  22  8  61  48  11  4  66  24  41  2  33  12  56  1  52  6  28  36  26  3  14  18  13  37
   7  10  65  32  66  3  55  38  34  8  52  54  67  45  44  2  13  49  70  29  11  36  21  30  53  25  56  9  23  43  31  24  14  20  59  64  61  6  39  5  68  16  33  37  63  19  17  4  26  27  69  58  22  1  42  60  35  50  41  18  46  15  62  48  28  40  47  57  51  12
   7  12  51  57  47  40  28  48  62  15  46  18  41  50  35  60  42  1  22  58  69  27  26  4  17  19  63  37  33  16  68  5  39  6  61  64  59  20  14  24  31  43  23  9  56  25  53  30  21  36  11  29  70  49  13  2  44  45  67  54  52  8  34  38  55  3  66  32  65  10
   7  15  65  23  21  3  20  31  53  29  60  11  24  28  9  39  14  61  5  37  8  68  62  19  35  32  41  36  51  17  10  47  48  22  34  69  57  13  12  45  52  16  1  6  67  70  54  27  33  43  2  40  26  49  4  44  63  59  46  25  64  18  66  55  38  56  58  30  50  42
   7  18  26  6  56  2  66  48  22  16  31  29  34  57  35  19  59  30  67  10  46  27  39  9  13  3  28  1  33  24  11  8  51  50  17  64  53  45  65  15  69  5  23  49  55  40  42  37  14  36  52  12  41  4  61  25  44  32  62  58  68  43  70  38  47  60  63  20  21  54
   7  25  15  43  21  33  10  61  23  39  30  51  54  28  29  9  14  41  55  57  18  48  52  69  35  2  31  46  1  47  40  27  38  32  24  59  67  3  62  5  12  36  11  66  37  70  34  17  13  53  22  20  6  49  44  64  63  19  16  65  4  58  26  45  68  56  8  50  60  42
   7  29  9  51  63  31  34  3  11  15  4  53  10  56  65  25  70  33  19  37  36  26  62  5  49  32  13  8  23  17  24  47  6  22  20  55  57  41  12  59  52  58  43  48  67  14  40  27  61  1  2  54  68  35  60  30  21  45  18  39  50  46  38  69  66  28  16  44  64  42
   7  29  39  50  55  25  63  48  67  24  69  12  70  6  35  3  53  37  62  54  31  27  51  49  61  60  66  30  33  15  52  43  26  57  13  64  42  32  21  16  46  8  23  4  47  2  59  1  65  36  68  18  34  9  17  40  44  20  22  10  11  5  41  38  56  19  28  45  14  58
   7  31  41  55  49  65  46  9  5  3  26  19  58  70  13  33  28  29  1  27  10  50  32  43  21  12  39  24  69  37  16  57  60  52  18  53  17  25  22  51  2  34  59  4  47  56  8  67  15  45  62  36  64  63  68  48  35  23  54  61  38  40  44  11  30  14  20  6  66  42
   7  32  55  8  67  2  70  36  53  9  31  20  61  5  33  19  26  58  42  50  46  48  47  12  65  3  34  54  44  49  11  30  56  43  14  64  39  16  63  4  69  1  35  18  62  40  51  10  66  38  52  45  13  29  21  25  23  24  59  6  68  37  17  27  22  60  41  15  28  57
   7  37  13  18  14  3  26  36  28  6  52  1  56  12  33  2  41  24  66  4  11  48  61  8  22  25  51  16  44  50  31  32  17  29  62  64  34  58  53  57  68  45  35  43  65  19  70  15  59  38  69  30  47  5  67  60  23  10  63  49  46  20  55  27  21  40  39  54  42  9
   7  45  55  13  21  23  60  51  33  59  40  61  44  28  69  19  14  1  15  27  38  8  32  29  35  12  11  66  41  37  30  57  18  52  4  39  17  53  22  65  2  6  31  46  47  70  64  67  43  3  62  50  36  49  54  34  63  9  26  5  24  68  16  25  58  56  48  20  10  42
   7  51  11  25  49  55  26  69  15  23  36  29  48  70  53  43  28  59  31  67  30  10  12  3  21  22  19  44  39  27  6  17  40  2  68  33  37  5  52  41  62  4  9  54  57  56  38  47  45  65  32  66  24  63  8  18  35  13  64  1  58  50  34  61  20  14  60  46  16  42
   7  54  21  20  63  60  47  38  70  43  68  58  62  32  44  25  61  4  41  12  52  36  14  37  42  40  55  49  23  5  69  15  65  45  53  64  17  50  51  8  11  24  33  1  28  3  13  9  39  27  46  10  67  30  59  19  35  57  34  29  31  16  22  48  66  2  56  6  26  18
   7  55  5  33  21  53  50  11  3  69  10  31  4  28  19  59  14  51  65  47  48  58  22  9  35  52  1  6  61  67  60  37  8  62  64  29  27  43  2  25  32  26  41  36  17  70  44  57  23  13  12  30  16  49  24  54  63  39  66  45  34  38  46  15  18  56  68  40  20  42
   7  58  14  45  28  19  56  38  41  5  11  10  22  20  44  40  17  9  34  18  68  36  65  1  59  2  47  4  23  8  46  16  21  32  42  64  13  57  26  43  52  15  33  30  66  60  61  49  51  27  31  54  62  37  53  3  35  6  70  12  69  24  67  48  63  25  55  50  39  29
   7  59  69  41  63  51  4  23  61  45  54  33  30  56  55  5  70  43  29  27  66  36  32  15  49  12  53  38  13  37  44  57  46  52  60  25  17  11  22  9  2  48  3  18  47  14  50  67  1  31  62  64  8  35  40  20  21  65  68  19  10  26  58  39  16  28  6  34  24  42
   7  61  31  45  49  15  16  29  55  33  6  69  8  70  3  13  28  39  11  17  40  60  2  53  21  62  9  54  59  57  36  67  30  12  58  23  47  65  32  1  22  24  19  44  27  56  18  37  25  5  52  46  4  63  48  38  35  43  34  41  68  20  64  51  50  14  10  66  26  42
   7  65  25  53  21  13  40  41  43  9  50  1  34  28  39  29  14  31  45  67  58  38  12  59  35  22  61  16  11  27  20  17  68  2  54  19  37  33  52  55  62  46  51  26  57  70  24  47  3  23  32  10  66  49  64  4  63  69  36  15  44  8  6  5  48  56  18  60  30  42
   7  69  19  61  63  11  64  53  31  55  24  3  60  56  5  45  70  23  9  47  6  16  22  65  49  52  43  48  33  67  4  37  36  62  50  15  27  1  2  39  32  68  13  8  17  14  30  57  51  41  12  44  58  35  10  40  21  25  38  59  20  66  18  29  46  28  26  54  34  42
   8  2  52  66  50  46  7  60  26  44  47  40  39  1  24  54  29  20  62  38  51  41  63  34  22  33  70  65  10  18  67  48  21  23  49  14  58  56  13  32  53  45  30  35  68  57  69  28  6  16  3  27  55  64  19  59  36  4  5  12  9  61  25  42  11  15  31  17  37  43
   8  6  46  4  22  44  31  2  14  20  21  42  65  29  60  70  15  12  26  18  69  19  3  40  36  63  52  27  32  58  51  68  59  13  45  10  48  24  33  16  23  67  62  17  28  1  5  38  54  34  53  61  47  50  35  25  64  30  7  56  55  49  37  66  9  57  39  11  41  43
   8  10  40  12  64  42  55  14  2  66  65  44  21  57  26  16  1  4  60  68  17  67  13  46  50  23  34  59  54  28  35  18  27  3  41  6  38  62  53  70  63  19  24  69  58  15  11  48  32  52  33  25  39  36  51  61  22  56  9  30  31  37  49  20  7  29  47  5  45  43
   8  12  2  16  50  6  67  20  66  54  17  10  69  1  44  24  29  70  42  58  61  21  53  14  22  3  60  5  30  48  27  28  11  33  39  4  68  46  63  62  13  65  40  25  38  57  49  18  56  26  23  7  35  64  59  9  36  34  45  52  19  31  55  32  41  15  51  37  47  43
   8  14  60  34  24  42  38  31  1  55  43  22  3  23  58  66  9  69  32  56  27  65  25  26  10  53  4  7  30  17  12  21  19  51  36  63  57  11  37  47  29  33  40  70  16  28  49  68  48  13  5  62  2  39  15  44  6  46  45  61  18  67  64  41  54  59  50  52  20  35
   8  16  66  24  22  4  21  32  54  30  61  12  25  29  10  40  15  62  6  38  9  69  63  20  36  33  42  37  52  18  11  48  49  23  35  70  58  14  13  46  53  17  2  7  68  1  55  28  34  44  3  41  27  50  5  45  64  60  47  26  65  19  67  56  39  57  59  31  51  43
   8  17  45  69  49  42  36  41  25  62  43  47  20  7  6  66  16  34  19  67  27  13  1  11  50  53  15  23  40  14  12  61  32  68  38  63  54  26  2  22  29  35  30  46  9  28  24  51  64  65  5  55  37  52  4  44  58  70  60  21  18  56  48  31  57  59  10  39  3  33
   8  20  60  32  64  2  45  44  42  6  35  14  51  57  46  56  1  54  40  18  27  47  3  26  50  63  24  69  4  58  65  68  17  13  31  66  48  52  33  30  23  39  34  59  28  15  61  38  12  62  53  5  19  36  21  11  22  16  49  70  41  7  9  10  37  29  67  25  55  43
   8  22  25  51  16  44  50  31  32  17  29  62  64  34  58  53  57  68  45  35  43  65  19  70  15  59  38  69  30  47  5  67  60  23  10  63  49  46  20  55  27  21  40  39  54  42  9  7  37  13  18  14  3  26  36  28  6  52  1  56  12  33  2  41  24  66  4  11  48  61
   8  26  16  44  22  34  11  62  24  40  31  52  55  29  30  10  15  42  56  58  19  49  53  70  36  3  32  47  2  48  41  28  39  33  25  60  68  4  63  6  13  37  12  67  38  1  35  18  14  54  23  21  7  50  45  65  64  20  17  66  5  59  27  46  69  57  9  51  61  43
   8  32  42  56  50  66  47  10  6  4  27  20  59  1  14  34  29  30  2  28  11  51  33  44  22  13  40  25  70  38  17  58  61  53  19  54  18  26  23  52  3  35  60  5  48  57  9  68  16  46  63  37  65  64  69  49  36  24  55  62  39  41  45  12  31  15  21  7  67  43
   8  33  3  39  10  59  57  31  48  56  18  21  60  70  58  44  4  52  37  55  5  65  64  51  24  28  9  46  30  35  29  22  2  26  54  63  38  68  32  61  12  14  40  23  15  53  50  11  1  13  27  67  19  34  16  66  6  7  20  47  43  62  25  41  36  42  49  69  45  17
   8  34  38  55  3  66  32  65  10  7  12  51  57  47  40  28  48  62  15  46  18  41  50  35  60  42  1  22  58  69  27  26  4  17  19  63  37  33  16  68  5  39  6  61  64  59  20  14  24  31  43  23  9  56  25  53  30  21  36  11  29  70  49  13  2  44  45  67  54  52
   8  35  20  52  50  59  54  41  64  67  18  61  45  46  6  44  15  39  2  62  5  13  48  68  49  28  16  70  40  33  29  47  37  11  57  63  36  51  19  21  12  17  30  7  4  53  10  26  25  65  27  56  32  69  9  66  58  23  3  22  43  55  1  31  38  42  24  34  60  14
   8  40  30  2  64  62  25  34  52  26  45  24  41  57  16  66  1  14  70  58  47  7  53  56  50  3  4  19  44  48  55  28  67  33  11  46  68  32  63  20  13  9  54  39  38  15  21  18  42  12  23  35  49  36  31  51  22  6  59  10  61  17  69  60  27  29  37  65  5  43
   8  42  62  6  50  26  37  40  46  14  67  60  19  1  34  4  29  10  52  48  21  31  23  24  22  53  30  35  20  68  47  38  51  63  9  44  28  16  3  12  33  55  70  65  18  57  59  58  66  56  13  17  45  64  39  69  36  54  25  32  49  11  5  2  61  15  41  27  7  43
   8  46  56  14  22  24  61  52  34  60  41  62  45  29  70  20  15  2  16  28  39  9  33  30  36  13  12  67  42  38  31  58  19  53  5  40  18  54  23  66  3  7  32  47  48  1  65  68  44  4  63  51  37  50  55  35  64  10  27  6  25  69  17  26  59  57  49  21  11  43
   8  52  54  67  45  44  2  13  49  70  29  11  36  21  30  53  25  56  9  23  43  31  24  14  20  59  64  61  6  39  5  68  16  33  37  63  19  17  4  26  27  69  58  22  1  42  60  35  50  41  18  46  15  62  48  28  40  47  57  51  12  7  10  65  32  66  3  55  38  34
   8  56  6  34  22  54  51  12  4  70  11  32  5  29  20  60  15  52  66  48  49  59  23  10  36  53  2  7  62  68  61  38  9  63  65  30  28  44  3  26  33  27  42  37  18  1  45  58  24  14  13  31  17  50  25  55  64  40  67  46  35  39  47  16  19  57  69  41  21  43
   8  56  37  46  38  53  16  41  3  21  5  35  32  11  6  42  10  70  64  22  12  13  20  69  57  44  24  26  40  67  43  17  48  52  9  63  15  34  25  33  18  55  30  68  50  66  36  39  60  65  29  61  1  7  49  59  58  51  2  14  27  47  45  31  4  28  54  23  19  62
   8  61  48  11  4  66  24  41  2  33  12  56  1  52  6  28  36  26  3  14  18  13  37  7  9  42  54  39  40  21  27  55  20  46  49  63  10  23  60  67  5  47  30  69  38  59  15  70  19  65  43  35  45  68  57  53  58  34  64  62  29  17  32  31  50  44  16  51  25  22
   8  62  19  23  54  28  4  31  45  47  27  14  2  51  58  59  49  7  1  61  29  65  60  39  36  66  50  68  30  55  18  33  25  34  15  63  9  52  48  17  43  67  40  26  24  44  57  69  20  13  12  22  64  70  10  42  6  11  32  35  5  21  3  41  16  53  38  46  37  56
   8  62  32  46  50  16  17  30  56  34  7  70  9  1  4  14  29  40  12  18  41  61  3  54  22  63  10  55  60  58  37  68  31  13  59  24  48  66  33  2  23  25  20  45  28  57  19  38  26  6  53  47  5  64  49  39  36  44  35  42  69  21  65  52  51  15  11  67  27  43
   8  66  26  54  22  14  41  42  44  10  51  2  35  29  40  30  15  32  46  68  59  39  13  60  36  23  62  17  12  28  21  18  69  3  55  20  38  34  53  56  63  47  52  27  58  1  25  48  4  24  33  11  67  50  65  5  64  70  37  16  45  9  7  6  49  57  19  61  31  43
   8  68  10  14  48  53  60  13  4  34  5  7  24  62  30  42  2  17  38  39  12  31  15  21  1  44  19  55  6  51  43  46  36  22  45  63  3  61  57  23  18  11  58  67  37  66  64  47  9  41  29  69  54  33  32  59  40  56  50  70  27  52  16  65  20  28  25  35  49  26
   8  69  36  62  20  66  19  13  50  23  12  68  54  22  30  28  64  55  4  70  18  31  10  33  45  42  25  47  6  34  27  11  15  14  32  63  2  35  9  51  5  52  58  21  48  59  3  17  49  41  43  7  16  67  1  53  40  61  38  26  29  46  24  65  37  44  60  56  57  39
   9  3  53  67  51  47  8  61  27  45  48  41  40  2  25  55  30  21  63  39  52  42  64  35  23  34  1  66  11  19  68  49  22  24  50  15  59  57  14  33  54  46  31  36  69  58  70  29  7  17  4  28  56  65  20  60  37  5  6  13  10  62  26  43  12  16  32  18  38  44
   9  7  37  13  18  14  3  26  36  28  6  52  1  56  12  33  2  41  24  66  4  11  48  61  8  22  25  51  16  44  50  31  32  17  29  62  64  34  58  53  57  68  45  35  43  65  19  70  15  59  38  69  30  47  5  67  60  23  10  63  49  46  20  55  27  21  40  39  54  42
   9  7  47  5  23  45  32  3  15  21  22  43  66  30  61  1  16  13  27  19  70  20  4  41  37  64  53  28  33  59  52  69  60  14  46  11  49  25  34  17  24  68  63  18  29  2  6  39  55  35  54  62  48  51  36  26  65  31  8  57  56  50  38  67  10  58  40  12  42  44
   9  11  41  13  65  43  56  15  3  67  66  45  22  58  27  17  2  5  61  69  18  68  14  47  51  24  35  60  55  29  36  19  28  4  42  7  39  63  54  1  64  20  25  70  59  16  12  49  33  53  34  26  40  37  52  62  23  57  10  31  32  38  50  21  8  30  48  6  46  44
   9  13  3  17  51  7  68  21  67  55  18  11  70  2  45  25  30  1  43  59  62  22  54  15  23  4  61  6  31  49  28  29  12  34  40  5  69  47  64  63  14  66  41  26  39  58  50  19  57  27  24  8  36  65  60  10  37  35  46  53  20  32  56  33  42  16  52  38  48  44
   9  17  67  25  23  5  22  33  55  31  62  13  26  30  11  41  16  63  7  39  10  70  64  21  37  34  43  38  53  19  12  49  50  24  36  1  59  15  14  47  54  18  3  8  69  2  56  29  35  45  4  42  28  51  6  46  65  61  48  27  66  20  68  57  40  58  60  32  52  44
   9  21  61  33  65  3  46  45  43  7  36  15  52  58  47  57  2  55  41  19  28  48  4  27  51  64  25  70  5  59  66  69  18  14  32  67  49  53  34  31  24  40  35  60  29  16  62  39  13  63  54  6  20  37  22  12  23  17  50  1  42  8  10  11  38  30  68  26  56  44
   9  23  43  31  24  14  20  59  64  61  6  39  5  68  16  33  37  63  19  17  4  26  27  69  58  22  1  42  60  35  50  41  18  46  15  62  48  28  40  47  57  51  12  7  10  65  32  66  3  55  38  34  8  52  54  67  45  44  2  13  49  70  29  11  36  21  30  53  25  56
   9  28  24  51  64  65  5  55  37  52  4  44  58  70  60  21  18  56  48  31  57  59  10  39  3  33  8  17  45  69  49  42  36  41  25  62  43  47  20  7  6  66  16  34  19  67  27  13  1  11  50  53  15  23  40  14  12  61  32  68  38  63  54  26  2  22  29  35  30  46
   9  33  43  57  51  67  48  11  7  5  28  21  60  2  15  35  30  31  3  29  12  52  34  45  23  14  41  26  1  39  18  59  62  54  20  55  19  27  24  53  4  36  61  6  49  58  10  69  17  47  64  38  66  65  70  50  37  25  56  63  40  42  46  13  32  16  22  8  68  44
   9  35  2  63  32  14  15  11  27  34  6  47  25  42  45  33  10  31  18  70  4  55  64  28  30  22  54  68  12  23  50  13  19  66  20  62  36  69  8  39  57  56  60  44  37  65  24  46  29  26  38  61  40  53  1  67  16  7  43  41  49  17  3  59  48  21  58  52  5  51
   9  41  29  69  54  33  32  59  40  56  50  70  27  52  16  65  20  28  25  35  49  26  8  68  10  14  48  53  60  13  4  34  5  7  24  62  30  42  2  17  38  39  12  31  15  21  1  44  19  55  6  51  43  46  36  22  45  63  3  61  57  23  18  11  58  67  37  66  64  47
   9  43  63  7  51  27  38  41  47  15  68  61  20  2  35  5  30  11  53  49  22  32  24  25  23  54  31  36  21  69  48  39  52  64  10  45  29  17  4  13  34  56  1  66  19  58  60  59  67  57  14  18  46  65  40  70  37  55  26  33  50  12  6  3  62  16  42  28  8  44
   9  45  25  11  37  61  50  47  41  3  20  27  68  16  53  13  58  7  35  39  66  56  64  63  65  34  57  52  67  19  40  49  36  24  8  43  59  1  14  5  54  32  17  22  69  30  28  29  21  31  4  70  42  23  48  18  51  33  62  55  38  6  12  15  26  2  46  60  10  44
   9  46  30  35  29  22  2  26  54  63  38  68  32  61  12  14  40  23  15  53  50  11  1  13  27  67  19  34  16  66  6  7  20  47  43  62  25  41  36  42  49  69  45  17  8  33  3  39  10  59  57  31  48  56  18  21  60  70  58  44  4  52  37  55  5  65  64  51  24  28
   9  47  64  66  37  67  58  11  18  23  57  61  3  63  45  22  36  46  43  51  6  55  19  44  1  21  15  31  12  39  38  17  2  42  30  62  24  7  5  34  4  13  60  53  48  14  10  68  8  26  49  35  25  28  20  65  16  52  27  70  50  56  40  59  32  33  54  69  29  41
   9  51  5  52  58  21  48  59  3  17  49  41  43  7  16  67  1  53  40  61  38  26  29  46  24  65  37  44  60  56  57  39  8  69  36  62  20  66  19  13  50  23  12  68  54  22  30  28  64  55  4  70  18  31  10  33  45  42  25  47  6  34  27  11  15  14  32  63  2  35
   9  55  45  31  37  21  40  7  11  13  60  67  28  16  3  53  58  57  15  59  6  36  54  43  65  4  47  62  17  49  70  29  26  34  68  33  69  61  64  35  14  52  27  12  39  30  8  19  1  41  24  50  22  23  18  38  51  63  32  25  48  46  42  5  56  2  66  10  20  44
   9  56  25  53  30  21  36  11  29  70  49  13  2  44  45  67  54  52  8  34  38  55  3  66  32  65  10  7  12  51  57  47  40  28  48  62  15  46  18  41  50  35  60  42  1  22  58  69  27  26  4  17  19  63  37  33  16  68  5  39  6  61  64  59  20  14  24  31  43  23
   9  63  15  34  25  33  18  55  30  68  50  66  36  39  60  65  29  61  1  7  49  59  58  51  2  14  27  47  45  31  4  28  54  23  19  62  8  56  37  46  38  53  16  41  3  21  5  35  32  11  6  42  10  70  64  22  12  13  20  69  57  44  24  26  40  67  43  17  48  52
   9  63  33  47  51  17  18  31  57  35  8  1  10  2  5  15  30  41  13  19  42  62  4  55  23  64  11  56  61  59  38  69  32  14  60  25  49  67  34  3  24  26  21  46  29  58  20  39  27  7  54  48  6  65  50  40  37  45  36  43  70  22  66  53  52  16  12  68  28  44
   9  67  27  55  23  15  42  43  45  11  52  3  36  30  41  31  16  33  47  69  60  40  14  61  37  24  63  18  13  29  22  19  70  4  56  21  39  35  54  57  64  48  53  28  59  2  26  49  5  25  34  12  68  51  66  6  65  1  38  17  46  10  8  7  50  58  20  62  32  44
   10  2  22  64  66  14  67  56  34  58  27  6  63  59  8  48  3  26  12  50  9  19  25  68  52  55  46  51  36  70  7  40  39  65  53  18  30  4  5  42  35  1  16  11  20  17  33  60  54  44  15  47  61  38  13  43  24  28  41  62  23  69  21  32  49  31  29  57  37  45
   10  4  54  68  52  48  9  62  28  46  49  42  41  3  26  56  31  22  64  40  53  43  65  36  24  35  2  67  12  20  69  50  23  25  51  16  60  58  15  34  55  47  32  37  70  59  1  30  8  18  5  29  57  66  21  61  38  6  7  14  11  63  27  44  13  17  33  19  39  45
   10  6  7  23  37  52  64  36  29  42  8  12  18  47  49  30  69  53  63  51  4  65  62  39  44  43  33  50  14  38  58  41  48  67  21  16  68  17  45  13  5  32  55  66  24  9  57  27  25  3  61  11  70  35  26  34  28  1  19  60  31  40  2  56  59  22  54  15  46  20
   10  6  16  2  38  12  21  68  22  34  1  8  19  17  44  64  59  18  46  30  27  67  35  4  66  15  28  13  58  40  61  60  7  55  49  14  20  42  25  26  5  23  48  63  50  31  39  70  32  62  65  11  53  24  29  9  52  54  43  36  69  57  33  56  47  3  37  51  41  45
   10  8  48  6  24  46  33  4  16  22  23  44  67  31  62  2  17  14  28  20  1  21  5  42  38  65  54  29  34  60  53  70  61  15  47  12  50  26  35  18  25  69  64  19  30  3  7  40  56  36  55  63  49  52  37  27  66  32  9  58  57  51  39  68  11  59  41  13  43  45
   10  11  5  41  38  56  19  28  45  14  58  7  29  39  50  55  25  63  48  67  24  69  12  70  6  35  3  53  37  62  54  31  27  51  49  61  60  66  30  33  15  52  43  26  57  13  64  42  32  21  16  46  8  23  4  47  2  59  1  65  36  68  18  34  9  17  40  44  20  22
   10  12  42  14  66  44  57  16  4  68  67  46  23  59  28  18  3  6  62  70  19  69  15  48  52  25  36  61  56  30  37  20  29  5  43  8  40  64  55  2  65  21  26  1  60  17  13  50  34  54  35  27  41  38  53  63  24  58  11  32  33  39  51  22  9  31  49  7  47  45
   10  14  4  18  52  8  69  22  68  56  19  12  1  3  46  26  31  2  44  60  63  23  55  16  24  5  62  7  32  50  29  30  13  35  41  6  70  48  65  64  15  67  42  27  40  59  51  20  58  28  25  9  37  66  61  11  38  36  47  54  21  33  57  34  43  17  53  39  49  45
   10  18  68  26  24  6  23  34  56  32  63  14  27  31  12  42  17  64  8  40  11  1  65  22  38  35  44  39  54  20  13  50  51  25  37  2  60  16  15  48  55  19  4  9  70  3  57  30  36  46  5  43  29  52  7  47  66  62  49  28  67  21  69  58  41  59  61  33  53  45
   10  22  5  27  57  33  41  30  65  17  11  49  26  62  18  51  6  15  36  1  7  69  8  54  16  2  56  53  67  60  39  19  32  28  31  9  66  34  35  37  25  64  48  47  42  61  68  38  29  4  20  52  24  50  70  23  40  44  59  46  3  21  13  58  63  14  45  43  12  55
   10  22  20  44  40  17  9  34  18  68  36  65  1  59  2  47  4  23  8  46  16  21  32  42  64  13  57  26  43  52  15  33  30  66  60  61  49  51  27  31  54  62  37  53  3  35  6  70  12  69  24  67  48  63  25  55  50  39  29  7  58  14  45  28  19  56  38  41  5  11
   10  22  62  34  66  4  47  46  44  8  37  16  53  59  48  58  3  56  42  20  29  49  5  28  52  65  26  1  6  60  67  70  19  15  33  68  50  54  35  32  25  41  36  61  30  17  63  40  14  64  55  7  21  38  23  13  24  18  51  2  43  9  11  12  39  31  69  27  57  45
   10  26  25  65  27  56  32  69  9  66  58  23  3  22  43  55  1  31  38  42  24  34  60  14  8  35  20  52  50  59  54  41  64  67  18  61  45  46  6  44  15  39  2  62  5  13  48  68  49  28  16  70  40  33  29  47  37  11  57  63  36  51  19  21  12  17  30  7  4  53
   10  32  12  54  66  34  37  6  14  18  7  56  13  59  68  28  3  36  22  40  39  29  65  8  52  35  16  11  26  20  27  50  9  25  23  58  60  44  15  62  55  61  46  51  70  17  43  30  64  4  5  57  1  38  63  33  24  48  21  42  53  49  41  2  69  31  19  47  67  45
   10  34  44  58  52  68  49  12  8  6  29  22  61  3  16  36  31  32  4  30  13  53  35  46  24  15  42  27  2  40  19  60  63  55  21  56  20  28  25  54  5  37  62  7  50  59  11  70  18  48  65  39  67  66  1  51  38  26  57  64  41  43  47  14  33  17  23  9  69  45
   10  44  64  8  52  28  39  42  48  16  69  62  21  3  36  6  31  12  54  50  23  33  25  26  24  55  32  37  22  70  49  40  53  65  11  46  30  18  5  14  35  57  2  67  20  59  61  60  68  58  15  19  47  66  41  1  38  56  27  34  51  13  7  4  63  17  43  29  9  45
   10  46  26  12  38  62  51  48  42  4  21  28  69  17  54  14  59  8  36  40  67  57  65  64  66  35  58  53  68  20  41  50  37  25  9  44  60  2  15  6  55  33  18  23  70  31  29  30  22  32  5  1  43  24  49  19  52  34  63  56  39  7  13  16  27  3  47  61  11  45
   10  53  4  7  30  17  12  21  19  51  36  63  57  11  37  47  29  33  40  70  16  28  49  68  48  13  5  62  2  39  15  44  6  46  45  61  18  67  64  41  54  59  50  52  20  35  8  14  60  34  24  42  38  31  1  55  43  22  3  23  58  66  9  69  32  56  27  65  25  26
   10  54  14  28  52  58  29  2  18  26  39  32  51  3  56  46  31  62  34  70  33  13  15  6  24  25  22  47  42  30  9  20  43  5  1  36  40  8  55  44  65  7  12  57  60  59  41  50  48  68  35  69  27  66  11  21  38  16  67  4  61  53  37  64  23  17  63  49  19  45
   10  56  46  32  38  22  41  8  12  14  61  68  29  17  4  54  59  58  16  60  7  37  55  44  66  5  48  63  18  50  1  30  27  35  69  34  70  62  65  36  15  53  28  13  40  31  9  20  2  42  25  51  23  24  19  39  52  64  33  26  49  47  43  6  57  3  67  11  21  45
   10  59  57  31  48  56  18  21  60  70  58  44  4  52  37  55  5  65  64  51  24  28  9  46  30  35  29  22  2  26  54  63  38  68  32  61  12  14  40  23  15  53  50  11  1  13  27  67  19  34  16  66  6  7  20  47  43  62  25  41  36  42  49  69  45  17  8  33  3  39
   10  62  2  44  66  54  7  26  64  48  57  36  33  59  58  8  3  46  32  30  69  39  35  18  52  15  56  41  16  40  47  60  49  55  63  28  20  14  25  12  5  51  6  21  50  17  53  70  4  34  65  67  11  38  43  23  24  68  1  22  13  29  61  42  19  31  9  37  27  45
   10  63  49  46  20  55  27  21  40  39  54  42  9  7  37  13  18  14  3  26  36  28  6  52  1  56  12  33  2  41  24  66  4  11  48  61  8  22  25  51  16  44  50  31  32  17  29  62  64  34  58  53  57  68  45  35  43  65  19  70  15  59  38  69  30  47  5  67  60  23
   10  68  8  26  49  35  25  28  20  65  16  52  27  70  50  56  40  59  32  33  54  69  29  41  9  47  64  66  37  67  58  11  18  23  57  61  3  63  45  22  36  46  43  51  6  55  19  44  1  21  15  31  12  39  38  17  2  42  30  62  24  7  5  34  4  13  60  53  48  14
   10  68  28  56  24  16  43  44  46  12  53  4  37  31  42  32  17  34  48  70  61  41  15  62  38  25  64  19  14  30  23  20  1  5  57  22  40  36  55  58  65  49  54  29  60  3  27  50  6  26  35  13  69  52  67  7  66  2  39  18  47  11  9  8  51  59  21  63  33  45
   11  5  55  69  53  49  10  63  29  47  50  43  42  4  27  57  32  23  65  41  54  44  66  37  25  36  3  68  13  21  70  51  24  26  52  17  61  59  16  35  56  48  33  38  1  60  2  31  9  19  6  30  58  67  22  62  39  7  8  15  12  64  28  45  14  18  34  20  40  46
   11  9  49  7  25  47  34  5  17  23  24  45  68  32  63  3  18  15  29  21  2  22  6  43  39  66  55  30  35  61  54  1  62  16  48  13  51  27  36  19  26  70  65  20  31  4  8  41  57  37  56  64  50  53  38  28  67  33  10  59  58  52  40  69  12  60  42  14  44  46
   11  13  43  15  67  45  58  17  5  69  68  47  24  60  29  19  4  7  63  1  20  70  16  49  53  26  37  62  57  31  38  21  30  6  44  9  41  65  56  3  66  22  27  2  61  18  14  51  35  55  36  28  42  39  54  64  25  59  12  33  34  40  52  23  10  32  50  8  48  46
   11  15  14  32  63  2  35  9  51  5  52  58  21  48  59  3  17  49  41  43  7  16  67  1  53  40  61  38  26  29  46  24  65  37  44  60  56  57  39  8  69  36  62  20  66  19  13  50  23  12  68  54  22  30  28  64  55  4  70  18  31  10  33  45  42  25  47  6  34  27
   11  17  37  23  39  43  12  29  63  45  42  49  50  18  65  35  60  69  27  51  38  48  26  55  67  56  19  24  9  1  22  41  68  66  40  5  31  33  6  57  36  44  59  54  21  32  20  61  13  3  16  62  34  25  70  30  53  15  14  7  10  28  64  47  8  4  58  2  52  46
   11  18  23  57  61  3  63  45  22  36  46  43  51  6  55  19  44  1  21  15  31  12  39  38  17  2  42  30  62  24  7  5  34  4  13  60  53  48  14  10  68  8  26  49  35  25  28  20  65  16  52  27  70  50  56  40  59  32  33  54  69  29  41  9  47  64  66  37  67  58
   11  20  17  18  65  2  23  16  42  57  52  30  61  27  62  3  70  24  63  50  7  45  56  5  22  40  34  36  59  4  46  32  13  43  33  60  51  54  53  6  69  48  55  29  14  19  41  10  44  9  68  1  47  8  21  64  26  15  66  49  31  37  35  12  67  25  39  58  28  38
   11  27  34  6  47  25  42  45  33  10  31  18  70  4  55  64  28  30  22  54  68  12  23  50  13  19  66  20  62  36  69  8  39  57  56  60  44  37  65  24  46  29  26  38  61  40  53  1  67  16  7  43  41  49  17  3  59  48  21  58  52  5  51  9  35  2  63  32  14  15
   11  27  57  43  39  3  2  59  33  55  12  19  10  18  15  5  60  49  7  1  48  28  16  35  67  26  9  34  29  31  52  21  58  6  30  65  41  23  56  17  66  64  69  44  61  32  70  51  63  13  36  42  14  25  40  50  53  45  54  47  20  68  24  37  38  4  8  22  62  46
   11  29  19  47  25  37  14  65  27  43  34  55  58  32  33  13  18  45  59  61  22  52  56  3  39  6  35  50  5  51  44  31  42  36  28  63  1  7  66  9  16  40  15  70  41  4  38  21  17  57  26  24  10  53  48  68  67  23  20  69  8  62  30  49  2  60  12  54  64  46
   11  30  56  43  14  64  39  16  63  4  69  1  35  18  62  40  51  10  66  38  52  45  13  29  21  25  23  24  59  6  68  37  17  27  22  60  41  15  28  57  7  32  55  8  67  2  70  36  53  9  31  20  61  5  33  19  26  58  42  50  46  48  47  12  65  3  34  54  44  49
   11  37  7  63  39  33  62  19  3  65  52  59  40  18  35  45  60  29  57  21  58  8  6  15  67  66  69  44  49  61  12  1  48  16  20  55  51  13  36  47  26  14  9  34  31  32  50  41  43  23  56  22  64  25  10  70  53  5  24  17  30  38  54  27  68  4  28  42  2  46
   11  38  28  58  39  25  67  12  35  37  31  49  66  15  26  64  21  8  47  1  68  9  44  10  41  19  14  29  55  48  69  6  53  54  51  60  33  43  13  32  46  4  59  36  34  40  22  5  56  45  7  50  63  24  70  3  62  27  61  30  52  57  42  16  23  2  65  18  17  20
   11  43  33  5  67  65  28  37  55  29  48  27  44  60  19  69  4  17  3  61  50  10  56  59  53  6  7  22  47  51  58  31  70  36  14  49  1  35  66  23  16  12  57  42  41  18  24  21  45  15  26  38  52  39  34  54  25  9  62  13  64  20  2  63  30  32  40  68  8  46
   11  45  65  9  53  29  40  43  49  17  70  63  22  4  37  7  32  13  55  51  24  34  26  27  25  56  33  38  23  1  50  41  54  66  12  47  31  19  6  15  36  58  3  68  21  60  62  61  69  59  16  20  48  67  42  2  39  57  28  35  52  14  8  5  64  18  44  30  10  46
   11  47  27  13  39  63  52  49  43  5  22  29  70  18  55  15  60  9  37  41  68  58  66  65  67  36  59  54  69  21  42  51  38  26  10  45  61  3  16  7  56  34  19  24  1  32  30  31  23  33  6  2  44  25  50  20  53  35  64  57  40  8  14  17  28  4  48  62  12  46
   11  49  59  17  25  27  64  55  37  63  44  65  48  32  3  23  18  5  19  31  42  12  36  33  39  16  15  70  45  41  34  61  22  56  8  43  21  57  26  69  6  10  35  50  51  4  68  1  47  7  66  54  40  53  58  38  67  13  30  9  28  2  20  29  62  60  52  24  14  46
   11  55  15  29  53  59  30  3  19  27  40  33  52  4  57  47  32  63  35  1  34  14  16  7  25  26  23  48  43  31  10  21  44  6  2  37  41  9  56  45  66  8  13  58  61  60  42  51  49  69  36  70  28  67  12  22  39  17  68  5  62  54  38  65  24  18  64  50  20  46
   11  57  47  33  39  23  42  9  13  15  62  69  30  18  5  55  60  59  17  61  8  38  56  45  67  6  49  64  19  51  2  31  28  36  70  35  1  63  66  37  16  54  29  14  41  32  10  21  3  43  26  52  24  25  20  40  53  65  34  27  50  48  44  7  58  4  68  12  22  46
   11  58  67  37  66  64  47  9  41  29  69  54  33  32  59  40  56  50  70  27  52  16  65  20  28  25  35  49  26  8  68  10  14  48  53  60  13  4  34  5  7  24  62  30  42  2  17  38  39  12  31  15  21  1  44  19  55  6  51  43  46  36  22  45  63  3  61  57  23  18
   11  59  9  37  25  57  54  15  7  3  14  35  8  32  23  63  18  55  69  51  52  62  26  13  39  56  5  10  65  1  64  41  12  66  68  33  31  47  6  29  36  30  45  40  21  4  48  61  27  17  16  34  20  53  28  58  67  43  70  49  38  42  50  19  22  60  2  44  24  46
   11  63  3  45  67  55  8  27  65  49  58  37  34  60  59  9  4  47  33  31  70  40  36  19  53  16  57  42  17  41  48  61  50  56  64  29  21  15  26  13  6  52  7  22  51  18  54  1  5  35  66  68  12  39  44  24  25  69  2  23  14  30  62  43  20  32  10  38  28  46
   11  69  29  57  25  17  44  45  47  13  54  5  38  32  43  33  18  35  49  1  62  42  16  63  39  26  65  20  15  31  24  21  2  6  58  23  41  37  56  59  66  50  55  30  61  4  28  51  7  27  36  14  70  53  68  8  67  3  40  19  48  12  10  9  52  60  22  64  34  46
   12  7  10  65  32  66  3  55  38  34  8  52  54  67  45  44  2  13  49  70  29  11  36  21  30  53  25  56  9  23  43  31  24  14  20  59  64  61  6  39  5  68  16  33  37  63  19  17  4  26  27  69  58  22  1  42  60  35  50  41  18  46  15  62  48  28  40  47  57  51
   12  17  30  7  4  53  10  26  25  65  27  56  32  69  9  66  58  23  3  22  43  55  1  31  38  42  24  34  60  14  8  35  20  52  50  59  54  41  64  67  18  61  45  46  6  44  15  39  2  62  5  13  48  68  49  28  16  70  40  33  29  47  37  11  57  63  36  51  19  21
   12  18  38  24  40  44  13  30  64  46  43  50  51  19  66  36  61  70  28  52  39  49  27  56  68  57  20  25  10  2  23  42  69  67  41  6  32  34  7  58  37  45  60  55  22  33  21  62  14  4  17  63  35  26  1  31  54  16  15  8  11  29  65  48  9  5  59  3  53  47
   12  21  19  51  36  63  57  11  37  47  29  33  40  70  16  28  49  68  48  13  5  62  2  39  15  44  6  46  45  61  18  67  64  41  54  59  50  52  20  35  8  14  60  34  24  42  38  31  1  55  43  22  3  23  58  66  9  69  32  56  27  65  25  26  10  53  4  7  30  17
   12  28  58  44  40  4  3  60  34  56  13  20  11  19  16  6  61  50  8  2  49  29  17  36  68  27  10  35  30  32  53  22  59  7  31  66  42  24  57  18  67  65  70  45  62  33  1  52  64  14  37  43  15  26  41  51  54  46  55  48  21  69  25  38  39  5  9  23  63  47
   12  38  8  64  40  34  63  20  4  66  53  60  41  19  36  46  61  30  58  22  59  9  7  16  68  67  70  45  50  62  13  2  49  17  21  56  52  14  37  48  27  15  10  35  32  33  51  42  44  24  57  23  65  26  11  1  54  6  25  18  31  39  55  28  69  5  29  43  3  47
   12  41  4  61  25  44  32  62  58  68  43  70  38  47  60  63  20  21  54  7  18  26  6  56  2  66  48  22  16  31  29  34  57  35  19  59  30  67  10  46  27  39  9  13  3  28  1  33  24  11  8  51  50  17  64  53  45  65  15  69  5  23  49  55  40  42  37  14  36  52
   12  44  34  6  68  66  29  38  56  30  49  28  45  61  20  70  5  18  4  62  51  11  57  60  54  7  8  23  48  52  59  32  1  37  15  50  2  36  67  24  17  13  58  43  42  19  25  22  46  16  27  39  53  40  35  55  26  10  63  14  65  21  3  64  31  33  41  69  9  47
   12  48  28  14  40  64  53  50  44  6  23  30  1  19  56  16  61  10  38  42  69  59  67  66  68  37  60  55  70  22  43  52  39  27  11  46  62  4  17  8  57  35  20  25  2  33  31  32  24  34  7  3  45  26  51  21  54  36  65  58  41  9  15  18  29  5  49  63  13  47
   12  50  60  18  26  28  65  56  38  64  45  66  49  33  4  24  19  6  20  32  43  13  37  34  40  17  16  1  46  42  35  62  23  57  9  44  22  58  27  70  7  11  36  51  52  5  69  2  48  8  67  55  41  54  59  39  68  14  31  10  29  3  21  30  63  61  53  25  15  47
   12  56  16  30  54  60  31  4  20  28  41  34  53  5  58  48  33  64  36  2  35  15  17  8  26  27  24  49  44  32  11  22  45  7  3  38  42  10  57  46  67  9  14  59  62  61  43  52  50  70  37  1  29  68  13  23  40  18  69  6  63  55  39  66  25  19  65  51  21  47
   12  58  48  34  40  24  43  10  14  16  63  70  31  19  6  56  61  60  18  62  9  39  57  46  68  7  50  65  20  52  3  32  29  37  1  36  2  64  67  38  17  55  30  15  42  33  11  22  4  44  27  53  25  26  21  41  54  66  35  28  51  49  45  8  59  5  69  13  23  47
   12  64  4  46  68  56  9  28  66  50  59  38  35  61  60  10  5  48  34  32  1  41  37  20  54  17  58  43  18  42  49  62  51  57  65  30  22  16  27  14  7  53  8  23  52  19  55  2  6  36  67  69  13  40  45  25  26  70  3  24  15  31  63  44  21  33  11  39  29  47
   12  65  3  34  54  44  49  11  30  56  43  14  64  39  16  63  4  69  1  35  18  62  40  51  10  66  38  52  45  13  29  21  25  23  24  59  6  68  37  17  27  22  60  41  15  28  57  7  32  55  8  67  2  70  36  53  9  31  20  61  5  33  19  26  58  42  50  46  48  47
   13  19  39  25  41  45  14  31  65  47  44  51  52  20  67  37  62  1  29  53  40  50  28  57  69  58  21  26  11  3  24  43  70  68  42  7  33  35  8  59  38  46  61  56  23  34  22  63  15  5  18  64  36  27  2  32  55  17  16  9  12  30  66  49  10  6  60  4  54  48
   13  25  65  37  69  7  50  49  47  11  40  19  56  62  51  61  6  59  45  23  32  52  8  31  55  68  29  4  9  63  70  3  22  18  36  1  53  57  38  35  28  44  39  64  33  20  66  43  17  67  58  10  24  41  26  16  27  21  54  5  46  12  14  15  42  34  2  30  60  48
   13  32  46  4  59  36  34  40  22  5  56  45  7  50  63  24  70  3  62  27  61  30  52  57  42  16  23  2  65  18  17  20  11  38  28  58  39  25  67  12  35  37  31  49  66  15  26  64  21  8  47  1  68  9  44  10  41  19  14  29  55  48  69  6  53  54  51  60  33  43
   13  43  33  60  51  54  53  6  69  48  55  29  14  19  41  10  44  9  68  1  47  8  21  64  26  15  66  49  31  37  35  12  67  25  39  58  28  38  11  20  17  18  65  2  23  16  42  57  52  30  61  27  62  3  70  24  63  50  7  45  56  5  22  40  34  36  59  4  46  32
   13  47  67  11  55  31  42  45  51  19  2  65  24  6  39  9  34  15  57  53  26  36  28  29  27  58  35  40  25  3  52  43  56  68  14  49  33  21  8  17  38  60  5  70  23  62  64  63  1  61  18  22  50  69  44  4  41  59  30  37  54  16  10  7  66  20  46  32  12  48
   13  49  29  15  41  65  54  51  45  7  24  31  2  20  57  17  62  11  39  43  70  60  68  67  69  38  61  56  1  23  44  53  40  28  12  47  63  5  18  9  58  36  21  26  3  34  32  33  25  35  8  4  46  27  52  22  55  37  66  59  42  10  16  19  30  6  50  64  14  48
   13  50  23  12  68  54  22  30  28  64  55  4  70  18  31  10  33  45  42  25  47  6  34  27  11  15  14  32  63  2  35  9  51  5  52  58  21  48  59  3  17  49  41  43  7  16  67  1  53  40  61  38  26  29  46  24  65  37  44  60  56  57  39  8  69  36  62  20  66  19
   13  51  61  19  27  29  66  57  39  65  46  67  50  34  5  25  20  7  21  33  44  14  38  35  41  18  17  2  47  43  36  63  24  58  10  45  23  59  28  1  8  12  37  52  53  6  70  3  49  9  68  56  42  55  60  40  69  15  32  11  30  4  22  31  64  62  54  26  16  48
   13  61  11  39  27  59  56  17  9  5  16  37  10  34  25  65  20  57  1  53  54  64  28  15  41  58  7  12  67  3  66  43  14  68  70  35  33  49  8  31  38  32  47  42  23  6  50  63  29  19  18  36  22  55  30  60  69  45  2  51  40  44  52  21  24  62  4  46  26  48
   13  64  42  32  21  16  46  8  23  4  47  2  59  1  65  36  68  18  34  9  17  40  44  20  22  10  11  5  41  38  56  19  28  45  14  58  7  29  39  50  55  25  63  48  67  24  69  12  70  6  35  3  53  37  62  54  31  27  51  49  61  60  66  30  33  15  52  43  26  57
   14  2  32  60  28  20  47  48  50  16  57  8  41  35  46  36  21  38  52  4  65  45  19  66  42  29  68  23  18  34  27  24  5  9  61  26  44  40  59  62  69  53  58  33  64  7  31  54  10  30  39  17  3  56  1  11  70  6  43  22  51  15  13  12  55  63  25  67  37  49
   14  8  58  2  56  52  13  66  32  50  53  46  45  7  30  60  35  26  68  44  57  47  69  40  28  39  6  1  16  24  3  54  27  29  55  20  64  62  19  38  59  51  36  41  4  63  5  34  12  22  9  33  61  70  25  65  42  10  11  18  15  67  31  48  17  21  37  23  43  49
   14  10  20  6  42  16  25  2  26  38  5  12  23  21  48  68  63  22  50  34  31  1  39  8  70  19  32  17  62  44  65  64  11  59  53  18  24  46  29  30  9  27  52  67  54  35  43  4  36  66  69  15  57  28  33  13  56  58  47  40  3  61  37  60  51  7  41  55  45  49
   14  10  68  8  26  49  35  25  28  20  65  16  52  27  70  50  56  40  59  32  33  54  69  29  41  9  47  64  66  37  67  58  11  18  23  57  61  3  63  45  22  36  46  43  51  6  55  19  44  1  21  15  31  12  39  38  17  2  42  30  62  24  7  5  34  4  13  60  53  48
   14  15  11  27  34  6  47  25  42  45  33  10  31  18  70  4  55  64  28  30  22  54  68  12  23  50  13  19  66  20  62  36  69  8  39  57  56  60  44  37  65  24  46  29  26  38  61  40  53  1  67  16  7  43  41  49  17  3  59  48  21  58  52  5  51  9  35  2  63  32
   14  16  69  18  51  38  13  25  59  37  22  15  7  8  70  9  61  19  42  48  65  54  11  43  39  4  35  40  66  45  21  24  68  27  41  57  55  2  53  20  33  58  46  12  34  49  56  64  63  1  62  10  52  29  23  6  17  60  28  32  67  36  31  5  26  50  47  3  44  30
   14  18  8  22  56  12  3  26  2  60  23  16  5  7  50  30  35  6  48  64  67  27  59  20  28  9  66  11  36  54  33  34  17  39  45  10  4  52  69  68  19  1  46  31  44  63  55  24  62  32  29  13  41  70  65  15  42  40  51  58  25  37  61  38  47  21  57  43  53  49
   14  20  40  26  42  46  15  32  66  48  45  52  53  21  68  38  63  2  30  54  41  51  29  58  70  59  22  27  12  4  25  44  1  69  43  8  34  36  9  60  39  47  62  57  24  35  23  64  16  6  19  65  37  28  3  33  56  18  17  10  13  31  67  50  11  7  61  5  55  49
   14  20  59  64  61  6  39  5  68  16  33  37  63  19  17  4  26  27  69  58  22  1  42  60  35  50  41  18  46  15  62  48  28  40  47  57  51  12  7  10  65  32  66  3  55  38  34  8  52  54  67  45  44  2  13  49  70  29  11  36  21  30  53  25  56  9  23  43  31  24
   14  24  31  43  23  9  56  25  53  30  21  36  11  29  70  49  13  2  44  45  67  54  52  8  34  38  55  3  66  32  65  10  7  12  51  57  47  40  28  48  62  15  46  18  41  50  35  60  42  1  22  58  69  27  26  4  17  19  63  37  33  16  68  5  39  6  61  64  59  20
   14  32  22  50  28  40  17  68  30  46  37  58  61  35  36  16  21  48  62  64  25  55  59  6  42  9  38  53  8  54  47  34  45  39  31  66  4  10  69  12  19  43  18  3  44  7  41  24  20  60  29  27  13  56  51  1  70  26  23  2  11  65  33  52  5  63  15  57  67  49
   14  36  52  12  41  4  61  25  44  32  62  58  68  43  70  38  47  60  63  20  21  54  7  18  26  6  56  2  66  48  22  16  31  29  34  57  35  19  59  30  67  10  46  27  39  9  13  3  28  1  33  24  11  8  51  50  17  64  53  45  65  15  69  5  23  49  55  40  42  37
   14  37  42  40  55  49  23  5  69  15  65  45  53  64  17  50  51  8  11  24  33  1  28  3  13  9  39  27  46  10  67  30  59  19  35  57  34  29  31  16  22  48  66  2  56  6  26  18  7  54  21  20  63  60  47  38  70  43  68  58  62  32  44  25  61  4  41  12  52  36
   14  38  48  62  56  2  53  16  12  10  33  26  65  7  20  40  35  36  8  34  17  57  39  50  28  19  46  31  6  44  23  64  67  59  25  60  24  32  29  58  9  41  66  11  54  63  15  4  22  52  69  43  1  70  5  55  42  30  61  68  45  47  51  18  37  21  27  13  3  49
   14  48  68  12  56  32  43  46  52  20  3  66  25  7  40  10  35  16  58  54  27  37  29  30  28  59  36  41  26  4  53  44  57  69  15  50  34  22  9  18  39  61  6  1  24  63  65  64  2  62  19  23  51  70  45  5  42  60  31  38  55  17  11  8  67  21  47  33  13  49
   14  50  30  16  42  66  55  52  46  8  25  32  3  21  58  18  63  12  40  44  1  61  69  68  70  39  62  57  2  24  45  54  41  29  13  48  64  6  19  10  59  37  22  27  4  35  33  34  26  36  9  5  47  28  53  23  56  38  67  60  43  11  17  20  31  7  51  65  15  49
   14  58  7  29  39  50  55  25  63  48  67  24  69  12  70  6  35  3  53  37  62  54  31  27  51  49  61  60  66  30  33  15  52  43  26  57  13  64  42  32  21  16  46  8  23  4  47  2  59  1  65  36  68  18  34  9  17  40  44  20  22  10  11  5  41  38  56  19  28  45
   15  9  59  3  57  53  14  67  33  51  54  47  46  8  31  61  36  27  69  45  58  48  70  41  29  40  7  2  17  25  4  55  28  30  56  21  65  63  20  39  60  52  37  42  5  64  6  35  13  23  10  34  62  1  26  66  43  11  12  19  16  68  32  49  18  22  38  24  44  50
   15  11  21  7  43  17  26  3  27  39  6  13  24  22  49  69  64  23  51  35  32  2  40  9  1  20  33  18  63  45  66  65  12  60  54  19  25  47  30  31  10  28  53  68  55  36  44  5  37  67  70  16  58  29  34  14  57  59  48  41  4  62  38  61  52  8  42  56  46  50
   15  19  9  23  57  13  4  27  3  61  24  17  6  8  51  31  36  7  49  65  68  28  60  21  29  10  67  12  37  55  34  35  18  40  46  11  5  53  70  69  20  2  47  32  45  64  56  25  63  33  30  14  42  1  66  16  43  41  52  59  26  38  62  39  48  22  58  44  54  50
   15  21  41  27  43  47  16  33  67  49  46  53  54  22  69  39  64  3  31  55  42  52  30  59  1  60  23  28  13  5  26  45  2  70  44  9  35  37  10  61  40  48  63  58  25  36  24  65  17  7  20  66  38  29  4  34  57  19  18  11  14  32  68  51  12  8  62  6  56  50
   15  31  61  47  43  7  6  63  37  59  16  23  14  22  19  9  64  53  11  5  52  32  20  39  1  30  13  38  33  35  56  25  62  10  34  69  45  27  60  21  70  68  3  48  65  36  4  55  67  17  40  46  18  29  44  54  57  49  58  51  24  2  28  41  42  8  12  26  66  50
   15  33  30  66  60  61  49  51  27  31  54  62  37  53  3  35  6  70  12  69  24  67  48  63  25  55  50  39  29  7  58  14  45  28  19  56  38  41  5  11  10  22  20  44  40  17  9  34  18  68  36  65  1  59  2  47  4  23  8  46  16  21  32  42  64  13  57  26  43  52
   15  39  49  63  57  3  54  17  13  11  34  27  66  8  21  41  36  37  9  35  18  58  40  51  29  20  47  32  7  45  24  65  68  60  26  61  25  33  30  59  10  42  67  12  55  64  16  5  23  53  70  44  2  1  6  56  43  31  62  69  46  48  52  19  38  22  28  14  4  50
   15  41  11  67  43  37  66  23  7  69  56  63  44  22  39  49  64  33  61  25  62  12  10  19  1  70  3  48  53  65  16  5  52  20  24  59  55  17  40  51  30  18  13  38  35  36  54  45  47  27  60  26  68  29  14  4  57  9  28  21  34  42  58  31  2  8  32  46  6  50
   15  49  69  13  57  33  44  47  53  21  4  67  26  8  41  11  36  17  59  55  28  38  30  31  29  60  37  42  27  5  54  45  58  70  16  51  35  23  10  19  40  62  7  2  25  64  66  65  3  63  20  24  52  1  46  6  43  61  32  39  56  18  12  9  68  22  48  34  14  50
   15  51  31  17  43  67  56  53  47  9  26  33  4  22  59  19  64  13  41  45  2  62  70  69  1  40  63  58  3  25  46  55  42  30  14  49  65  7  20  11  60  38  23  28  5  36  34  35  27  37  10  6  48  29  54  24  57  39  68  61  44  12  18  21  32  8  52  66  16  50
   15  52  43  26  57  13  64  42  32  21  16  46  8  23  4  47  2  59  1  65  36  68  18  34  9  17  40  44  20  22  10  11  5  41  38  56  19  28  45  14  58  7  29  39  50  55  25  63  48  67  24  69  12  70  6  35  3  53  37  62  54  31  27  51  49  61  60  66  30  33
   15  59  19  33  57  63  34  7  23  31  44  37  56  8  61  51  36  67  39  5  38  18  20  11  29  30  27  52  47  35  14  25  48  10  6  41  45  13  60  49  70  12  17  62  65  64  46  55  53  3  40  4  32  1  16  26  43  21  2  9  66  58  42  69  28  22  68  54  24  50
   15  61  51  37  43  27  46  13  17  19  66  3  34  22  9  59  64  63  21  65  12  42  60  49  1  10  53  68  23  55  6  35  32  40  4  39  5  67  70  41  20  58  33  18  45  36  14  25  7  47  30  56  28  29  24  44  57  69  38  31  54  52  48  11  62  8  2  16  26  50
   15  63  9  52  48  17  43  67  40  26  24  44  57  69  20  13  12  22  64  70  10  42  6  11  32  35  5  21  3  41  16  53  38  46  37  56  8  62  19  23  54  28  4  31  45  47  27  14  2  51  58  59  49  7  1  61  29  65  60  39  36  66  50  68  30  55  18  33  25  34
   15  69  39  53  57  23  24  37  63  41  14  7  16  8  11  21  36  47  19  25  48  68  10  61  29  70  17  62  67  65  44  5  38  20  66  31  55  3  40  9  30  32  27  52  35  64  26  45  33  13  60  54  12  1  56  46  43  51  42  49  6  28  2  59  58  22  18  4  34  50
   16  4  34  62  30  22  49  50  52  18  59  10  43  37  48  38  23  40  54  6  67  47  21  68  44  31  70  25  20  36  29  26  7  11  63  28  46  42  61  64  1  55  60  35  66  9  33  56  12  32  41  19  5  58  3  13  2  8  45  24  53  17  15  14  57  65  27  69  39  51
   16  10  60  4  58  54  15  68  34  52  55  48  47  9  32  62  37  28  70  46  59  49  1  42  30  41  8  3  18  26  5  56  29  31  57  22  66  64  21  40  61  53  38  43  6  65  7  36  14  24  11  35  63  2  27  67  44  12  13  20  17  69  33  50  19  23  39  25  45  51
   16  12  22  8  44  18  27  4  28  40  7  14  25  23  50  70  65  24  52  36  33  3  41  10  2  21  34  19  64  46  67  66  13  61  55  20  26  48  31  32  11  29  54  69  56  37  45  6  38  68  1  17  59  30  35  15  58  60  49  42  5  63  39  62  53  9  43  57  47  51
   16  14  54  12  30  52  39  10  22  28  29  50  3  37  68  8  23  20  34  26  7  27  11  48  44  1  60  35  40  66  59  6  67  21  53  18  56  32  41  24  31  5  70  25  36  9  13  46  62  42  61  69  55  58  43  33  2  38  15  64  63  57  45  4  17  65  47  19  49  51
   16  18  48  20  2  50  63  22  10  4  3  52  29  65  34  24  9  12  68  6  25  5  21  54  58  31  42  67  62  36  43  26  35  11  49  14  46  70  61  8  1  27  32  7  66  23  19  56  40  60  41  33  47  44  59  69  30  64  17  38  39  45  57  28  15  37  55  13  53  51
   16  20  10  24  58  14  5  28  4  62  25  18  7  9  52  32  37  8  50  66  69  29  61  22  30  11  68  13  38  56  35  36  19  41  47  12  6  54  1  70  21  3  48  33  46  65  57  26  64  34  31  15  43  2  67  17  44  42  53  60  27  39  63  40  49  23  59  45  55  51
   16  22  48  66  2  56  6  26  18  7  54  21  20  63  60  47  38  70  43  68  58  62  32  44  25  61  4  41  12  52  36  14  37  42  40  55  49  23  5  69  15  65  45  53  64  17  50  51  8  11  24  33  1  28  3  13  9  39  27  46  10  67  30  59  19  35  57  34  29  31
   16  24  4  32  30  12  29  40  62  38  69  20  33  37  18  48  23  70  14  46  17  7  1  28  44  41  50  45  60  26  19  56  57  31  43  8  66  22  21  54  61  25  10  15  6  9  63  36  42  52  11  49  35  58  13  53  2  68  55  34  3  27  5  64  47  65  67  39  59  51
   16  28  68  40  2  10  53  52  50  14  43  22  59  65  54  64  9  62  48  26  35  55  11  34  58  1  32  7  12  66  3  6  25  21  39  4  56  60  41  38  31  47  42  67  36  23  69  46  20  70  61  13  27  44  29  19  30  24  57  8  49  15  17  18  45  37  5  33  63  51
   16  31  29  34  57  35  19  59  30  67  10  46  27  39  9  13  3  28  1  33  24  11  8  51  50  17  64  53  45  65  15  69  5  23  49  55  40  42  37  14  36  52  12  41  4  61  25  44  32  62  58  68  43  70  38  47  60  63  20  21  54  7  18  26  6  56  2  66  48  22
   16  32  62  48  44  8  7  64  38  60  17  24  15  23  20  10  65  54  12  6  53  33  21  40  2  31  14  39  34  36  57  26  63  11  35  70  46  28  61  22  1  69  4  49  66  37  5  56  68  18  41  47  19  30  45  55  58  50  59  52  25  3  29  42  43  9  13  27  67  51
   16  38  18  60  2  40  43  12  20  24  13  62  19  65  4  34  9  42  28  46  45  35  1  14  58  41  22  17  32  26  33  56  15  31  29  64  66  50  21  68  61  67  52  57  6  23  49  36  70  10  11  63  7  44  69  39  30  54  27  48  59  55  47  8  5  37  25  53  3  51
   16  51  25  22  8  61  48  11  4  66  24  41  2  33  12  56  1  52  6  28  36  26  3  14  18  13  37  7  9  42  54  39  40  21  27  55  20  46  49  63  10  23  60  67  5  47  30  69  38  59  15  70  19  65  43  35  45  68  57  53  58  34  64  62  29  17  32  31  50  44
   16  52  32  18  44  68  57  54  48  10  27  34  5  23  60  20  65  14  42  46  3  63  1  70  2  41  64  59  4  26  47  56  43  31  15  50  66  8  21  12  61  39  24  29  6  37  35  36  28  38  11  7  49  30  55  25  58  40  69  62  45  13  19  22  33  9  53  67  17  51
   16  64  14  42  30  62  59  20  12  8  19  40  13  37  28  68  23  60  4  56  57  67  31  18  44  61  10  15  70  6  69  46  17  1  3  38  36  52  11  34  41  35  50  45  26  9  53  66  32  22  21  39  25  58  33  63  2  48  5  54  43  47  55  24  27  65  7  49  29  51
   17  15  55  13  31  53  40  11  23  29  30  51  4  38  69  9  24  21  35  27  8  28  12  49  45  2  61  36  41  67  60  7  68  22  54  19  57  33  42  25  32  6  1  26  37  10  14  47  63  43  62  70  56  59  44  34  3  39  16  65  64  58  46  5  18  66  48  20  50  52
   17  21  11  25  59  15  6  29  5  63  26  19  8  10  53  33  38  9  51  67  70  30  62  23  31  12  69  14  39  57  36  37  20  42  48  13  7  55  2  1  22  4  49  34  47  66  58  27  65  35  32  16  44  3  68  18  45  43  54  61  28  40  64  41  50  24  60  46  56  52
   17  29  69  41  3  11  54  53  51  15  44  23  60  66  55  65  10  63  49  27  36  56  12  35  59  2  33  8  13  67  4  7  26  22  40  5  57  61  42  39  32  48  43  68  37  24  70  47  21  1  62  14  28  45  30  20  31  25  58  9  50  16  18  19  46  38  6  34  64  52
   17  33  63  49  45  9  8  65  39  61  18  25  16  24  21  11  66  55  13  7  54  34  22  41  3  32  15  40  35  37  58  27  64  12  36  1  47  29  62  23  2  70  5  50  67  38  6  57  69  19  42  48  20  31  46  56  59  51  60  53  26  4  30  43  44  10  14  28  68  52
   17  65  15  43  31  63  60  21  13  9  20  41  14  38  29  69  24  61  5  57  58  68  32  19  45  62  11  16  1  7  70  47  18  2  4  39  37  53  12  35  42  36  51  46  27  10  54  67  33  23  22  40  26  59  34  64  3  49  6  55  44  48  56  25  28  66  8  50  30  52
   18  2  42  56  60  26  27  40  66  44  17  10  19  11  14  24  39  50  22  28  51  1  13  64  32  3  20  65  70  68  47  8  41  23  69  34  58  6  43  12  33  35  30  55  38  67  29  48  36  16  63  57  15  4  59  49  46  54  45  52  9  31  5  62  61  25  21  7  37  53
   18  14  24  10  46  20  29  6  30  42  9  16  27  25  52  2  67  26  54  38  35  5  43  12  4  23  36  21  66  48  69  68  15  63  57  22  28  50  33  34  13  31  56  1  58  39  47  8  40  70  3  19  61  32  37  17  60  62  51  44  7  65  41  64  55  11  45  59  49  53
   18  32  44  25  51  40  4  67  3  43  39  60  8  66  26  16  17  1  11  6  63  41  58  69  45  61  7  13  37  50  5  38  47  27  31  56  14  65  68  42  64  20  62  21  70  35  2  9  53  19  24  22  10  55  54  36  29  52  49  12  46  33  48  23  15  34  28  57  59  30
   18  42  52  66  60  6  57  20  16  14  37  30  69  11  24  44  39  40  12  38  21  61  43  54  32  23  50  35  10  48  27  68  1  63  29  64  28  36  33  62  13  45  70  15  58  67  19  8  26  56  3  47  5  4  9  59  46  34  65  2  49  51  55  22  41  25  31  17  7  53
