   1  3  39  5  18  41  48  7  77  20  23  43  42  50  56  9  74  79  34  22  86  25  62  45  35  44  19  52  30  58  15  11  61  76  65  81  12  36  80  24  6  88  69  27  94  64  85  47  95  37  16  46  75  21  40  54  72  32  84  60  33  17  28  13  59  63  10  78  4  67  92  83  93  14  73  38  70  82  31  26  57  8  2  90  91  71  68  29  55  96  89  66  53  87  51  49
   1  3  39  5  66  41  96  7  77  68  23  43  90  2  8  9  26  79  82  70  38  25  14  45  35  92  19  4  78  10  15  11  61  28  65  81  60  84  32  72  54  40  69  27  46  16  85  47  95  37  64  94  75  21  88  6  24  80  36  12  33  17  76  13  59  63  58  30  52  67  44  83  93  62  73  86  22  34  31  74  57  56  50  42  91  71  20  29  55  48  89  18  53  87  51  49
   1  5  25  28  43  21  8  40  6  30  53  71  64  29  48  46  36  83  27  38  93  77  94  82  22  13  65  34  73  74  79  7  35  78  2  10  50  56  86  42  16  80  12  60  9  45  31  58  96  92  72  69  54  76  89  57  91  67  44  26  33  68  49  51  61  14  70  59  4  20  3  15  75  84  32  63  24  23  18  90  62  19  95  87  47  41  11  55  81  17  85  37  88  52  66  39
   1  7  49  52  73  26  85  13  91  55  94  76  47  38  72  19  36  58  18  29  9  63  53  80  75  40  86  20  43  10  70  5  35  51  66  74  33  37  65  67  81  82  89  41  93  69  95  83  96  90  48  45  24  71  12  84  6  42  3  21  50  59  25  78  61  39  79  68  88  34  44  17  22  57  11  77  54  87  27  92  62  46  31  23  64  60  32  30  16  15  8  56  4  28  2  14
   1  10  3  30  9  90  27  76  81  34  49  5  50  15  53  45  62  38  89  17  73  51  25  56  75  71  31  19  93  57  85  74  61  28  86  84  64  58  95  77  91  37  79  14  43  42  32  29  96  87  94  67  88  7  70  21  16  63  48  92  47  82  44  52  35  59  8  80  24  46  72  41  22  26  66  78  4  40  12  23  36  69  11  13  33  39  2  20  6  60  18  83  54  55  65  68
   1  11  95  21  38  9  92  31  93  48  15  19  62  6  36  41  30  7  22  58  90  25  66  29  75  72  91  16  2  46  71  51  13  40  33  17  8  32  60  68  74  4  53  35  34  76  37  39  87  85  28  82  83  5  52  26  20  12  80  56  65  81  88  61  3  23  94  50  64  43  24  27  77  18  73  42  10  70  55  78  89  84  54  14  67  63  96  45  79  44  57  86  69  47  59  49
   1  11  95  21  86  9  44  31  93  96  15  19  14  54  84  41  78  7  70  10  42  25  18  29  75  24  91  64  50  94  71  51  13  88  33  17  56  80  12  20  26  52  53  35  82  28  37  39  87  85  76  34  83  5  4  74  68  60  32  8  65  81  40  61  3  23  46  2  16  43  72  27  77  66  73  90  58  22  55  30  89  36  6  62  67  63  48  45  79  92  57  38  69  47  59  49
   1  13  72  63  43  74  89  90  6  78  44  87  64  56  49  55  36  80  70  37  93  45  3  39  22  92  32  28  73  76  18  40  35  67  95  71  50  68  11  46  16  14  85  38  9  20  66  82  96  84  25  34  54  23  8  7  91  19  53  10  33  41  48  42  61  17  27  60  4  52  94  58  75  5  65  69  24  21  79  57  62  30  2  26  47  29  86  51  81  83  12  59  88  77  31  15
   1  15  31  77  88  59  12  83  81  51  86  29  47  26  2  30  62  57  79  21  24  69  65  5  75  58  94  52  4  60  27  17  61  42  48  41  33  10  53  19  91  7  8  23  54  34  25  84  96  82  66  20  9  38  85  14  16  46  11  68  50  71  95  67  35  40  18  76  73  28  32  92  22  39  3  45  93  37  70  80  36  55  49  56  64  87  44  78  6  90  89  74  43  63  72  13
   1  15  75  29  72  89  90  43  53  86  59  7  48  8  50  57  80  67  88  4  68  73  92  21  47  62  31  22  60  64  3  71  37  94  65  81  30  6  26  18  84  82  93  87  28  10  13  35  83  61  58  76  39  45  34  36  66  74  54  78  33  17  46  85  23  51  16  12  70  79  14  95  69  44  25  20  52  40  19  32  9  2  56  96  55  11  38  5  91  42  41  24  77  27  63  49
   1  17  95  63  4  68  89  58  16  78  65  38  64  21  66  55  62  84  70  26  54  45  86  7  22  83  53  28  88  41  18  15  61  67  72  60  50  74  94  46  6  5  85  87  24  20  49  57  96  80  2  34  93  29  8  39  81  19  32  59  33  76  31  42  35  13  27  71  43  52  11  90  75  14  44  69  9  56  79  82  36  30  25  37  47  23  3  51  91  92  12  10  73  77  48  40
   1  21  53  46  93  13  79  10  16  45  72  57  33  14  3  63  62  41  85  39  43  30  48  38  22  74  2  42  9  92  89  26  61  20  32  90  47  17  66  28  6  29  27  82  73  78  86  60  96  76  44  51  4  84  18  87  81  52  25  40  64  83  94  34  35  56  12  58  54  67  49  59  75  23  95  55  88  5  8  71  36  77  65  7  50  80  31  69  91  68  70  15  24  19  11  37
   1  23  35  45  44  57  86  67  69  66  51  79  20  12  78  89  84  91  28  88  24  73  48  5  87  42  7  34  80  4  59  15  85  10  33  17  74  50  54  14  8  46  77  95  16  70  61  27  75  13  22  64  47  29  94  56  62  6  2  26  65  81  58  37  63  11  52  32  82  55  90  39  53  96  25  72  40  76  43  36  41  30  60  68  31  3  18  21  19  38  9  92  93  83  71  49
   1  23  35  45  92  57  38  67  69  18  51  79  68  60  30  89  36  91  76  40  72  73  96  5  87  90  7  82  32  52  59  15  85  58  33  17  26  2  6  62  56  94  77  95  64  22  61  27  75  13  70  16  47  29  46  8  14  54  50  74  65  81  10  37  63  11  4  80  34  55  42  39  53  48  25  24  88  28  43  84  41  78  12  20  31  3  66  21  19  86  9  44  93  83  71  49
   1  23  44  42  93  5  18  26  16  77  25  90  33  80  94  28  62  68  12  82  43  19  49  60  22  21  95  51  9  13  8  87  61  45  65  40  47  14  31  34  6  41  70  58  73  30  11  59  96  74  53  55  4  92  79  71  81  20  72  7  64  17  3  69  35  29  85  15  54  78  48  37  75  76  2  46  88  84  89  10  36  52  32  57  50  83  66  63  91  56  27  39  24  67  86  38
   1  26  94  19  9  40  70  74  81  69  48  84  50  39  44  77  62  60  8  14  73  55  72  29  75  10  66  67  93  90  12  21  61  34  11  92  64  15  2  52  91  38  18  80  43  51  65  41  96  71  3  78  88  57  27  23  16  28  49  13  47  58  53  20  35  37  89  83  24  42  25  68  22  87  31  30  4  7  85  76  36  63  86  5  33  82  95  45  6  59  79  17  54  46  32  56
   1  27  15  53  30  41  36  79  29  56  95  67  54  62  44  9  86  55  46  82  50  25  26  93  59  80  43  88  90  70  87  35  13  16  65  81  48  72  68  12  66  76  21  51  58  52  37  23  71  85  4  10  3  69  28  18  60  20  24  96  33  17  64  61  83  39  22  42  40  91  32  11  45  74  73  2  34  94  7  38  57  92  14  6  19  47  8  77  31  84  89  78  5  63  75  49
   1  35  71  69  50  9  80  7  45  84  87  43  74  18  24  41  42  79  34  22  54  25  30  77  3  12  19  52  62  58  47  75  61  76  33  17  44  68  48  56  38  88  5  59  94  64  85  15  63  37  16  46  11  53  40  86  8  96  20  92  65  81  28  13  27  95  10  14  4  67  60  51  29  78  73  6  70  82  31  90  89  72  66  26  91  39  36  93  55  32  57  2  21  23  83  49
   1  37  11  19  24  15  70  68  91  69  31  80  50  7  65  77  36  71  8  5  88  55  95  23  75  59  49  67  54  58  12  56  35  34  94  83  64  40  25  52  81  87  18  84  4  51  44  76  96  60  86  78  73  82  27  29  6  28  66  17  47  90  32  20  61  26  89  92  9  42  2  74  22  38  48  30  43  39  85  41  62  63  3  14  33  57  72  45  16  10  79  13  93  46  53  21
   1  39  51  77  36  89  30  19  5  74  35  31  12  68  86  57  44  43  52  16  80  73  8  69  71  50  55  10  72  28  75  95  85  82  65  81  18  90  62  54  96  22  45  15  40  46  61  11  59  13  94  88  63  93  70  48  6  14  42  66  33  17  34  37  47  27  76  24  58  7  2  23  21  56  25  32  64  4  91  92  9  38  20  60  79  83  26  53  67  78  41  84  29  3  87  49
   1  39  66  52  88  37  85  17  81  55  11  41  47  87  95  19  62  90  18  23  24  63  32  84  75  15  3  20  4  59  70  14  61  51  49  68  33  26  44  67  91  57  89  76  54  69  72  92  96  58  31  45  9  60  12  80  16  42  86  56  50  10  2  78  35  7  79  74  73  34  65  13  22  82  94  77  93  38  27  83  36  46  48  29  64  71  53  30  6  40  8  21  43  28  25  5
   1  40  48  77  73  10  12  92  91  51  3  23  47  37  25  30  36  82  79  56  9  69  44  14  75  90  11  52  43  71  27  13  35  42  31  76  33  59  32  19  81  39  8  29  93  34  2  80  96  57  49  20  24  87  85  5  6  46  94  74  50  60  72  67  61  15  18  41  88  28  53  83  22  7  86  45  54  26  70  84  62  55  66  21  64  38  65  78  16  58  89  68  4  63  95  17
   1  41  32  51  54  80  79  38  6  52  95  15  33  92  86  34  36  21  85  90  4  67  31  10  22  29  25  55  24  14  89  60  35  77  53  39  47  84  49  69  16  74  27  40  88  19  3  26  96  56  65  46  43  17  18  59  91  45  2  82  64  5  11  63  61  76  12  7  93  30  66  87  75  68  72  42  73  83  8  37  62  20  44  58  50  13  48  28  81  23  70  57  9  78  94  71
   1  47  11  93  8  57  26  43  21  54  27  7  80  72  18  89  48  67  88  4  36  73  60  53  15  30  31  22  92  64  35  39  37  94  33  17  62  38  90  50  20  82  29  23  28  10  13  3  51  61  58  76  71  77  34  68  2  42  86  14  65  81  46  85  87  83  16  44  70  79  78  63  5  12  25  84  52  40  19  96  41  66  24  32  55  75  6  69  91  74  9  56  45  59  95  49
   1  51  87  5  90  41  72  55  77  44  71  91  18  26  80  9  50  31  10  94  62  25  38  45  83  68  67  76  6  34  63  59  61  4  65  81  36  60  8  48  78  16  69  75  70  88  85  95  47  37  40  22  27  21  64  30  96  56  12  84  33  17  52  13  11  15  82  54  28  19  20  35  93  86  73  14  46  58  79  2  57  32  74  66  43  23  92  29  7  24  89  42  53  39  3  49
   1  56  32  46  54  17  79  59  6  45  95  82  33  5  86  63  36  76  85  7  4  30  31  87  22  68  25  42  24  83  89  37  35  20  53  58  47  13  49  28  16  23  27  57  88  78  3  71  96  41  65  51  43  80  18  38  91  52  2  15  64  92  11  34  61  21  12  90  93  67  66  10  75  29  72  55  73  14  8  60  62  77  44  39  50  84  48  69  81  74  70  40  9  19  94  26
   1  58  66  45  88  60  85  80  81  42  11  56  47  10  95  78  62  7  18  74  24  34  32  13  75  82  3  77  4  38  70  83  61  46  49  29  33  71  44  30  91  40  89  21  54  28  72  5  96  39  31  52  9  37  12  17  16  55  86  41  50  87  2  19  35  90  79  23  73  63  65  84  22  15  94  20  93  59  27  14  36  51  48  68  64  26  53  67  6  57  8  76  43  69  25  92
   1  60  11  78  24  82  70  29  91  28  31  17  50  90  65  20  36  26  8  92  88  42  95  74  75  38  49  30  54  39  12  41  35  63  94  14  64  57  25  45  81  10  18  13  4  46  44  21  96  37  86  19  73  15  27  68  6  69  66  80  47  7  32  77  61  71  89  5  9  55  2  23  22  59  48  67  43  58  85  56  62  34  3  83  33  40  72  52  16  87  79  84  93  51  53  76
   1  74  44  55  93  92  18  71  16  20  25  7  33  17  94  69  62  29  12  15  43  78  49  37  22  76  95  46  9  84  8  10  61  52  65  57  47  83  31  63  6  56  70  39  73  67  11  38  96  23  53  42  4  5  79  26  81  77  72  90  64  80  3  28  35  68  85  82  54  19  48  60  75  21  2  51  88  13  89  87  36  45  32  40  50  14  66  34  91  41  27  58  24  30  86  59
   1  83  23  69  26  9  8  55  45  12  39  91  50  90  48  41  18  31  10  94  30  25  6  77  51  36  67  76  38  34  95  27  61  4  33  17  68  92  72  80  14  16  5  11  70  88  85  63  15  37  40  22  59  53  64  62  32  24  44  20  65  81  52  13  75  47  82  86  28  19  84  3  29  54  73  78  46  58  79  66  89  96  42  2  43  87  60  93  7  56  57  74  21  71  35  49
   1  87  3  67  9  7  27  21  81  63  49  92  50  82  53  52  62  59  89  80  73  46  25  41  75  26  31  78  93  40  85  23  61  69  86  13  64  39  95  20  91  60  79  83  43  55  32  68  96  10  94  30  88  90  70  76  16  34  48  5  47  15  44  45  35  38  8  17  24  51  72  56  22  71  66  19  4  57  12  74  36  28  11  84  33  58  2  77  6  37  18  14  54  42  65  29
   1  90  49  45  73  71  85  84  91  42  94  21  47  59  72  78  36  39  18  68  9  34  53  17  75  57  86  77  43  87  70  92  35  46  66  23  33  60  65  30  81  15  89  56  93  28  95  14  96  7  48  52  24  26  12  13  6  55  3  76  50  38  25  19  61  58  79  29  88  63  44  80  22  40  11  20  54  10  27  5  62  51  31  74  64  37  32  67  16  82  8  41  4  69  2  83
   2  4  40  6  19  42  49  8  78  21  24  44  43  51  57  10  75  80  35  23  87  26  63  46  36  45  20  53  31  59  16  12  62  77  66  82  13  37  81  25  7  89  70  28  95  65  86  48  96  38  17  47  76  22  41  55  73  33  85  61  34  18  29  14  60  64  11  79  5  68  93  84  94  15  74  39  71  83  32  27  58  9  3  91  92  72  69  30  56  1  90  67  54  88  52  50
   2  4  40  6  67  42  1  8  78  69  24  44  91  3  9  10  27  80  83  71  39  26  15  46  36  93  20  5  79  11  16  12  62  29  66  82  61  85  33  73  55  41  70  28  47  17  86  48  96  38  65  95  76  22  89  7  25  81  37  13  34  18  77  14  60  64  59  31  53  68  45  84  94  63  74  87  23  35  32  75  58  57  51  43  92  72  21  30  56  49  90  19  54  88  52  50
   2  10  50  56  86  42  16  80  12  60  9  45  31  58  96  92  72  69  54  76  89  57  91  67  44  26  33  68  49  51  61  14  70  59  4  20  3  15  75  84  32  63  24  23  18  90  62  19  95  87  47  41  11  55  81  17  85  37  88  52  66  39  1  5  25  28  43  21  8  40  6  30  53  71  64  29  48  46  36  83  27  38  93  77  94  82  22  13  65  34  73  74  79  7  35  78
   2  12  96  22  39  10  93  32  94  49  16  20  63  7  37  42  31  8  23  59  91  26  67  30  76  73  92  17  3  47  72  52  14  41  34  18  9  33  61  69  75  5  54  36  35  77  38  40  88  86  29  83  84  6  53  27  21  13  81  57  66  82  89  62  4  24  95  51  65  44  25  28  78  19  74  43  11  71  56  79  90  85  55  15  68  64  1  46  80  45  58  87  70  48  60  50
   2  12  96  22  87  10  45  32  94  1  16  20  15  55  85  42  79  8  71  11  43  26  19  30  76  25  92  65  51  95  72  52  14  89  34  18  57  81  13  21  27  53  54  36  83  29  38  40  88  86  77  35  84  6  5  75  69  61  33  9  66  82  41  62  4  24  47  3  17  44  73  28  78  67  74  91  59  23  56  31  90  37  7  63  68  64  49  46  80  93  58  39  70  48  60  50
   2  14  1  7  49  52  73  26  85  13  91  55  94  76  47  38  72  19  36  58  18  29  9  63  53  80  75  40  86  20  43  10  70  5  35  51  66  74  33  37  65  67  81  82  89  41  93  69  95  83  96  90  48  45  24  71  12  84  6  42  3  21  50  59  25  78  61  39  79  68  88  34  44  17  22  57  11  77  54  87  27  92  62  46  31  23  64  60  32  30  16  15  8  56  4  28
   2  15  64  92  11  34  61  21  12  90  93  67  66  10  75  29  72  55  73  14  8  60  62  77  44  39  50  84  48  69  81  74  70  40  9  19  94  26  1  56  32  46  54  17  79  59  6  45  95  82  33  5  86  63  36  76  85  7  4  30  31  87  22  68  25  42  24  83  89  37  35  20  53  58  47  13  49  28  16  23  27  57  88  78  3  71  96  41  65  51  43  80  18  38  91  52
   2  16  76  30  25  90  43  44  54  39  60  8  1  57  3  58  33  68  41  53  21  74  45  22  48  15  32  71  13  17  4  72  38  47  66  82  79  55  75  67  37  35  94  88  77  59  14  36  84  62  11  29  40  46  83  85  19  27  7  31  34  18  95  86  24  52  65  61  23  80  63  96  70  93  26  69  5  89  20  81  10  51  9  49  56  12  87  6  92  91  42  73  78  28  64  50
   2  16  76  30  73  90  91  44  54  87  60  8  49  9  51  58  81  68  89  5  69  74  93  22  48  63  32  23  61  65  4  72  38  95  66  82  31  7  27  19  85  83  94  88  29  11  14  36  84  62  59  77  40  46  35  37  67  75  55  79  34  18  47  86  24  52  17  13  71  80  15  96  70  45  26  21  53  41  20  33  10  3  57  1  56  12  39  6  92  43  42  25  78  28  64  50
   2  17  96  40  49  77  24  10  85  92  6  51  94  23  50  37  72  30  61  82  18  56  88  69  53  14  22  90  86  52  54  71  70  13  62  42  66  76  64  59  65  19  16  39  89  29  4  34  95  80  1  57  48  20  73  87  12  5  91  46  3  74  47  60  25  67  36  15  79  41  9  28  44  83  75  7  11  45  43  26  27  84  35  55  31  21  33  38  32  78  81  58  8  68  93  63
   2  19  35  90  79  23  73  63  65  84  22  15  94  20  93  59  27  14  36  51  48  68  64  26  53  67  6  57  8  76  43  69  25  92  1  58  66  45  88  60  85  80  81  42  11  56  47  10  95  78  62  7  18  74  24  34  32  13  75  82  3  77  4  38  70  83  61  46  49  29  33  71  44  30  91  40  89  21  54  28  72  5  96  39  31  52  9  37  12  17  16  55  86  41  50  87
   2  20  6  60  18  83  54  55  65  68  1  10  3  30  9  90  27  76  81  34  49  5  50  15  53  45  62  38  89  17  73  51  25  56  75  71  31  19  93  57  85  74  61  28  86  84  64  58  95  77  91  37  79  14  43  42  32  29  96  87  94  67  88  7  70  21  16  63  48  92  47  82  44  52  35  59  8  80  24  46  72  41  22  26  66  78  4  40  12  23  36  69  11  13  33  39
   2  21  75  60  48  19  54  82  85  68  35  28  3  80  64  90  72  77  81  26  79  5  4  42  53  23  96  38  11  67  73  39  70  56  6  63  31  83  47  57  65  52  61  10  8  84  9  46  95  76  22  37  49  78  43  15  12  29  62  69  94  17  33  7  25  20  16  71  18  92  93  55  44  74  1  59  86  30  24  58  27  41  91  34  66  14  50  40  32  45  36  87  89  13  88  51
   2  23  22  59  48  67  43  58  85  56  62  34  3  83  33  40  72  52  16  87  79  84  93  51  53  76  1  60  11  78  24  82  70  29  91  28  31  17  50  90  65  20  36  26  8  92  88  42  95  74  75  38  49  30  54  39  12  41  35  63  94  14  64  57  25  45  81  10  18  13  4  46  44  21  96  37  86  19  73  15  27  68  6  69  66  80  47  7  32  77  61  71  89  5  9  55
   2  24  36  46  45  58  87  68  70  67  52  80  21  13  79  90  85  92  29  89  25  74  49  6  88  43  8  35  81  5  60  16  86  11  34  18  75  51  55  15  9  47  78  96  17  71  62  28  76  14  23  65  48  30  95  57  63  7  3  27  66  82  59  38  64  12  53  33  83  56  91  40  54  1  26  73  41  77  44  37  42  31  61  69  32  4  19  22  20  39  10  93  94  84  72  50
   2  24  36  46  93  58  39  68  70  19  52  80  69  61  31  90  37  92  77  41  73  74  1  6  88  91  8  83  33  53  60  16  86  59  34  18  27  3  7  63  57  95  78  96  65  23  62  28  76  14  71  17  48  30  47  9  15  55  51  75  66  82  11  38  64  12  5  81  35  56  43  40  54  49  26  25  89  29  44  85  42  79  13  21  32  4  67  22  20  87  10  45  94  84  72  50
   2  26  47  29  86  51  81  83  12  59  88  77  31  15  1  13  72  63  43  74  89  90  6  78  44  87  64  56  49  55  36  80  70  37  93  45  3  39  22  92  32  28  73  76  18  40  35  67  95  71  50  68  11  46  16  14  85  38  9  20  66  82  96  84  25  34  54  23  8  7  91  19  53  10  33  41  48  42  61  17  27  60  4  52  94  58  75  5  65  69  24  21  79  57  62  30
   2  28  4  56  8  15  16  30  32  60  64  23  31  46  62  92  27  87  54  77  11  57  22  17  44  34  88  68  79  39  61  78  25  59  50  21  3  42  6  84  12  71  24  45  48  90  96  83  95  69  93  41  89  82  81  67  65  37  33  74  66  51  35  5  70  10  43  20  86  40  75  80  53  63  9  29  18  58  36  19  72  38  47  76  94  55  91  13  85  26  73  52  49  7  1  14
   2  28  16  54  31  42  37  80  30  57  96  68  55  63  45  10  87  56  47  83  51  26  27  94  60  81  44  89  91  71  88  36  14  17  66  82  49  73  69  13  67  77  22  52  59  53  38  24  72  86  5  11  4  70  29  19  61  21  25  1  34  18  65  62  84  40  23  43  41  92  33  12  46  75  74  3  35  95  8  39  58  93  15  7  20  48  9  78  32  85  90  79  6  64  76  50
   2  28  16  54  79  42  85  80  30  9  96  68  7  15  93  10  39  56  95  35  3  26  75  94  60  33  44  41  43  23  88  36  14  65  66  82  1  25  21  61  19  29  22  52  11  5  38  24  72  86  53  59  4  70  77  67  13  69  73  49  34  18  17  62  84  40  71  91  89  92  81  12  46  27  74  51  83  47  8  87  58  45  63  55  20  48  57  78  32  37  90  31  6  64  76  50
   2  30  62  57  79  21  24  69  65  5  75  58  94  52  4  60  27  17  61  42  48  41  33  10  53  19  91  7  8  23  54  34  25  84  96  82  66  20  9  38  85  14  16  46  11  68  50  71  95  67  35  40  18  76  73  28  32  92  22  39  3  45  93  37  70  80  36  55  49  56  64  87  44  78  6  90  89  74  43  63  72  13  1  15  31  77  88  59  12  83  81  51  86  29  47  26
   2  34  93  29  8  39  81  19  32  59  33  76  31  42  35  13  27  71  43  52  11  90  75  14  44  69  9  56  79  82  36  30  25  37  47  23  3  51  91  92  12  10  73  77  48  40  1  17  95  63  4  68  89  58  16  78  65  38  64  21  66  55  62  84  70  26  54  45  86  7  22  83  53  28  88  41  18  15  61  67  72  60  50  74  94  46  6  5  85  87  24  20  49  57  96  80
   2  36  72  70  3  10  33  8  46  37  88  44  27  67  73  42  91  80  83  71  7  26  79  78  4  61  20  5  15  11  48  76  62  29  34  18  93  21  1  9  87  41  6  60  47  17  86  16  64  38  65  95  12  54  89  39  57  49  69  45  66  82  77  14  28  96  59  63  53  68  13  52  30  31  74  55  23  35  32  43  90  25  19  75  92  40  85  94  56  81  58  51  22  24  84  50
   2  36  72  70  51  10  81  8  46  85  88  44  75  19  25  42  43  80  35  23  55  26  31  78  4  13  20  53  63  59  48  76  62  77  34  18  45  69  49  57  39  89  6  60  95  65  86  16  64  38  17  47  12  54  41  87  9  1  21  93  66  82  29  14  28  96  11  15  5  68  61  52  30  79  74  7  71  83  32  91  90  73  67  27  92  40  37  94  56  33  58  3  22  24  84  50
   2  39  33  13  11  69  36  23  12  40  4  78  66  26  22  41  72  46  24  80  8  59  35  52  44  82  47  92  48  63  16  21  70  7  88  67  94  87  96  29  32  42  43  14  79  37  91  77  95  58  64  84  86  28  61  74  85  57  93  19  31  71  75  56  25  51  73  17  89  38  62  45  53  15  50  5  49  34  81  76  27  90  9  30  3  10  1  68  65  55  54  83  18  60  6  20
   2  40  52  78  37  90  31  20  6  75  36  32  13  69  87  58  45  44  53  17  81  74  9  70  72  51  56  11  73  29  76  96  86  83  66  82  19  91  63  55  1  23  46  16  41  47  62  12  60  14  95  89  64  94  71  49  7  15  43  67  34  18  35  38  48  28  77  25  59  8  3  24  22  57  26  33  65  5  92  93  10  39  21  61  80  84  27  54  68  79  42  85  30  4  88  50
   2  40  52  78  85  90  79  20  6  27  36  32  61  21  39  58  93  44  5  65  33  74  57  70  72  3  56  59  25  77  76  96  86  35  66  82  67  43  15  7  49  71  46  16  89  95  62  12  60  14  47  41  64  94  23  1  55  63  91  19  34  18  83  38  48  28  29  73  11  8  51  24  22  9  26  81  17  53  92  45  10  87  69  13  80  84  75  54  68  31  42  37  30  4  88  50
   2  42  9  92  89  26  61  20  32  90  47  17  66  28  6  29  27  82  73  78  86  60  96  76  44  51  4  84  18  87  81  52  25  40  64  83  94  34  35  56  12  58  54  67  49  59  75  23  95  55  88  5  8  71  36  77  65  7  50  80  31  69  91  68  70  15  24  19  11  37  1  21  53  46  93  13  79  10  16  45  72  57  33  14  3  63  62  41  85  39  43  30  48  38  22  74
   2  45  91  59  18  17  43  46  65  56  96  26  3  19  88  40  27  74  16  69  49  84  47  39  53  77  35  60  89  14  24  55  25  29  22  10  31  67  4  90  85  21  36  34  86  92  33  15  95  52  6  38  79  80  54  51  32  41  1  71  94  78  9  57  70  23  81  28  48  13  50  58  44  20  62  37  8  83  73  42  72  68  75  87  66  30  93  7  12  76  61  63  11  5  64  82
   2  46  88  84  89  10  36  52  32  57  50  83  66  63  91  56  27  39  24  67  86  38  1  23  44  42  93  5  18  26  16  77  25  90  33  80  94  28  62  68  12  82  43  19  49  60  22  21  95  51  9  13  8  87  61  45  65  40  47  14  31  34  6  41  70  58  73  30  11  59  96  74  53  55  4  92  79  71  81  20  72  7  64  17  3  69  35  29  85  15  54  78  48  37  75  76
   2  48  12  94  9  58  27  44  22  55  28  8  81  73  19  90  49  68  89  5  37  74  61  54  16  31  32  23  93  65  36  40  38  95  34  18  63  39  91  51  21  83  30  24  29  11  14  4  52  62  59  77  72  78  35  69  3  43  87  15  66  82  47  86  88  84  17  45  71  80  79  64  6  13  26  85  53  41  20  1  42  67  25  33  56  76  7  70  92  75  10  57  46  60  96  50
   2  51  88  13  89  87  36  45  32  40  50  14  66  34  91  41  27  58  24  30  86  59  1  74  44  55  93  92  18  71  16  20  25  7  33  17  94  69  62  29  12  15  43  78  49  37  22  76  95  46  9  84  8  10  61  52  65  57  47  83  31  63  6  56  70  39  73  67  11  38  96  23  53  42  4  5  79  26  81  77  72  90  64  80  3  28  35  68  85  82  54  19  48  60  75  21
   2  52  88  6  43  42  25  56  78  93  72  92  67  75  33  10  3  32  59  47  15  26  87  46  84  21  68  29  55  83  64  60  62  53  66  82  85  13  57  1  31  65  70  76  23  41  86  96  48  38  89  71  28  22  17  79  49  9  61  37  34  18  5  14  12  16  35  7  77  20  69  36  94  39  74  63  95  11  80  51  58  81  27  19  44  24  45  30  8  73  90  91  54  40  4  50
   2  52  88  6  91  42  73  56  78  45  72  92  19  27  81  10  51  32  11  95  63  26  39  46  84  69  68  77  7  35  64  60  62  5  66  82  37  61  9  49  79  17  70  76  71  89  86  96  48  38  41  23  28  22  65  31  1  57  13  85  34  18  53  14  12  16  83  55  29  20  21  36  94  87  74  15  47  59  80  3  58  33  75  67  44  24  93  30  8  25  90  43  54  40  4  50
   2  52  91  38  18  80  43  51  65  41  96  71  3  78  88  57  27  23  16  28  49  13  47  58  53  20  35  37  89  83  24  42  25  68  22  87  31  30  4  7  85  76  36  63  86  5  33  82  95  45  6  59  79  17  54  46  32  56  1  26  94  19  9  40  70  74  81  69  48  84  50  39  44  77  62  60  8  14  73  55  72  29  75  10  66  67  93  90  12  21  61  34  11  92  64  15
   2  55  9  5  89  71  61  77  32  7  47  80  66  69  6  68  27  15  73  19  86  37  96  21  44  46  4  13  18  10  81  45  25  57  64  14  94  63  35  41  12  39  54  30  49  38  75  74  95  42  88  92  8  26  36  20  65  90  50  17  31  28  91  29  70  82  24  78  11  60  1  76  53  51  93  84  79  87  16  52  72  40  33  83  3  34  62  56  85  58  43  67  48  59  22  23
   2  58  33  84  11  28  36  74  12  57  4  19  66  71  22  56  72  51  24  17  8  38  35  45  44  15  47  5  48  34  16  76  70  90  88  30  94  10  96  68  32  55  43  83  79  60  91  20  95  39  64  13  86  69  61  23  85  40  93  78  31  26  75  41  25  46  73  80  89  59  62  52  53  82  50  92  49  63  81  21  27  7  9  67  3  87  1  29  65  42  54  14  18  37  6  77
   2  60  48  22  15  10  21  80  94  73  64  68  39  79  61  42  7  56  95  35  67  26  43  30  28  1  44  41  75  23  24  4  14  65  34  18  33  57  85  93  51  29  54  84  11  5  38  88  40  86  53  59  36  6  77  3  45  37  9  81  66  82  17  62  52  72  71  27  89  92  49  76  78  91  74  19  83  47  8  55  90  13  31  87  20  16  25  46  32  69  58  63  70  96  12  50
   2  60  48  22  63  10  69  80  94  25  64  68  87  31  13  42  55  56  47  83  19  26  91  30  28  49  44  89  27  71  24  4  14  17  34  18  81  9  37  45  3  77  54  84  59  53  38  88  40  86  5  11  36  6  29  51  93  85  57  33  66  82  65  62  52  72  23  75  41  92  1  76  78  43  74  67  35  95  8  7  90  61  79  39  20  16  73  46  32  21  58  15  70  96  12  50
   2  64  28  30  1  90  67  92  54  63  12  56  73  33  27  58  9  20  17  29  93  74  21  22  96  39  80  95  85  89  52  24  38  71  66  82  7  79  3  91  13  59  94  40  53  83  14  84  36  62  35  5  88  46  11  61  43  51  31  55  34  18  23  86  72  4  41  37  47  32  87  48  70  69  26  45  77  65  68  57  10  75  81  25  8  60  15  6  44  19  42  49  78  76  16  50
   2  64  28  30  49  90  19  92  54  15  12  56  25  81  75  58  57  20  65  77  45  74  69  22  96  87  80  47  37  41  52  24  38  23  66  82  55  31  51  43  61  11  94  40  5  35  14  84  36  62  83  53  88  46  59  13  91  3  79  7  34  18  71  86  72  4  89  85  95  32  39  48  70  21  26  93  29  17  68  9  10  27  33  73  8  60  63  6  44  67  42  1  78  76  16  50
   2  67  62  40  79  76  24  28  65  92  75  39  94  45  4  37  27  80  61  55  48  56  33  87  53  78  91  90  8  74  54  63  25  13  96  15  66  77  9  59  85  83  16  51  11  29  50  26  95  30  35  57  18  21  73  69  32  5  22  58  3  52  93  60  70  17  36  42  49  41  64  10  44  19  6  7  89  23  43  34  72  84  1  82  31  20  88  38  12  14  81  46  86  68  47  71
   2  69  4  41  8  82  16  67  32  37  64  74  31  51  62  5  27  10  54  20  11  40  22  80  44  63  88  29  79  58  61  19  25  38  50  76  3  55  6  13  12  26  24  52  48  7  96  14  95  28  93  56  89  15  81  30  65  60  33  23  66  46  35  92  70  87  43  77  86  57  75  17  53  34  9  68  18  39  36  78  72  59  47  21  94  42  91  84  85  71  73  45  49  90  1  83
   2  71  47  68  86  46  81  14  12  38  88  20  31  82  1  84  72  34  43  23  89  7  6  19  44  10  64  41  49  42  36  17  70  60  93  52  3  58  22  5  32  69  73  21  18  57  35  30  95  26  50  29  11  51  16  83  85  59  9  77  66  15  96  13  25  63  54  74  8  90  91  78  53  87  33  56  48  55  61  80  27  37  4  45  94  39  75  92  65  28  24  76  79  40  62  67
   2  72  84  46  21  58  15  20  70  91  4  32  93  85  7  90  61  44  5  65  1  74  25  6  40  67  56  59  57  77  12  64  86  35  34  18  3  75  79  39  81  71  78  48  89  95  62  76  28  14  47  41  96  30  23  33  87  31  27  51  66  82  83  38  16  60  29  9  11  8  19  88  54  73  26  49  17  53  92  13  42  55  37  45  80  52  43  22  68  63  10  69  94  36  24  50
   2  72  84  46  69  58  63  20  70  43  4  32  45  37  55  90  13  44  53  17  49  74  73  6  40  19  56  11  9  29  12  64  86  83  34  18  51  27  31  87  33  23  78  48  41  47  62  76  28  14  95  89  96  30  71  81  39  79  75  3  66  82  35  38  16  60  77  57  59  8  67  88  54  25  26  1  65  5  92  61  42  7  85  93  80  52  91  22  68  15  10  21  94  36  24  50
   2  74  22  38  48  30  43  39  85  41  62  63  3  14  33  57  72  45  16  10  79  13  93  46  53  21  1  37  11  19  24  15  70  68  91  69  31  80  50  7  65  77  36  71  8  5  88  55  95  23  75  59  49  67  54  58  12  56  35  34  94  83  64  40  25  52  81  87  18  84  4  51  44  76  96  60  86  78  73  82  27  29  6  28  66  17  47  90  32  20  61  26  89  92  9  42
   2  76  64  54  7  42  61  32  30  81  48  20  31  39  69  10  63  8  23  59  27  26  3  94  12  9  92  17  67  47  40  84  14  41  66  82  73  1  93  37  43  5  22  4  35  77  38  72  24  86  29  83  52  70  53  91  85  45  49  25  34  18  89  62  36  88  95  19  65  44  57  60  46  51  74  75  11  71  56  15  58  21  87  79  68  96  33  78  80  13  90  55  6  16  28  50
   2  76  64  54  55  42  13  32  30  33  48  20  79  87  21  10  15  8  71  11  75  26  51  94  12  57  92  65  19  95  40  84  14  89  66  82  25  49  45  85  91  53  22  4  83  29  38  72  24  86  77  35  52  70  5  43  37  93  1  73  34  18  41  62  36  88  47  67  17  44  9  60  46  3  74  27  59  23  56  63  58  69  39  31  68  96  81  78  80  61  90  7  6  16  28  50
   2  76  75  37  48  78  54  15  85  29  35  69  3  17  64  7  72  20  81  71  79  92  4  55  53  74  96  59  11  30  73  58  70  41  6  34  31  14  47  40  65  45  61  87  8  13  9  51  95  21  22  60  49  19  43  82  12  68  62  28  94  80  33  90  25  77  16  26  18  5  93  42  44  23  1  38  86  67  24  39  27  56  91  63  66  83  50  57  32  52  36  10  89  84  88  46
   2  77  6  37  18  14  54  42  65  29  1  87  3  67  9  7  27  21  81  63  49  92  50  82  53  52  62  59  89  80  73  46  25  41  75  26  31  78  93  40  85  23  61  69  86  13  64  39  95  20  91  60  79  83  43  55  32  68  96  10  94  30  88  90  70  76  16  34  48  5  47  15  44  45  35  38  8  17  24  51  72  56  22  71  66  19  4  57  12  74  36  28  11  84  33  58
   2  78  35  7  79  74  73  34  65  13  22  82  94  77  93  38  27  83  36  46  48  29  64  71  53  30  6  40  8  21  43  28  25  5  1  39  66  52  88  37  85  17  81  55  11  41  47  87  95  19  62  90  18  23  24  63  32  84  75  15  3  20  4  59  70  14  61  51  49  68  33  26  44  67  91  57  89  76  54  69  72  92  96  58  31  45  9  60  12  80  16  42  86  56  50  10
   2  80  96  57  49  20  24  87  85  5  6  46  94  74  50  60  72  67  61  15  18  41  88  28  53  83  22  7  86  45  54  26  70  84  62  55  66  21  64  38  65  78  16  58  89  68  4  63  95  17  1  40  48  77  73  10  12  92  91  51  3  23  47  37  25  30  36  82  79  56  9  69  44  14  75  90  11  52  43  71  27  13  35  42  31  76  33  59  32  19  81  39  8  29  93  34
   2  82  64  5  11  63  61  76  12  7  93  30  66  87  75  68  72  42  73  83  8  37  62  20  44  58  50  13  48  28  81  23  70  57  9  78  94  71  1  41  32  51  54  80  79  38  6  52  95  15  33  92  86  34  36  21  85  90  4  67  31  10  22  29  25  55  24  14  89  60  35  77  53  39  47  84  49  69  16  74  27  40  88  19  3  26  96  56  65  46  43  17  18  59  91  45
   2  83  1  90  49  45  73  71  85  84  91  42  94  21  47  59  72  78  36  39  18  68  9  34  53  17  75  57  86  77  43  87  70  92  35  46  66  23  33  60  65  30  81  15  89  56  93  28  95  14  96  7  48  52  24  26  12  13  6  55  3  76  50  38  25  19  61  58  79  29  88  63  44  80  22  40  11  20  54  10  27  5  62  51  31  74  64  37  32  67  16  82  8  41  4  69
   2  84  24  70  27  10  9  56  46  13  40  92  51  91  49  42  19  32  11  95  31  26  7  78  52  37  68  77  39  35  96  28  62  5  34  18  69  93  73  81  15  17  6  12  71  89  86  64  16  38  41  23  60  54  65  63  33  25  45  21  66  82  53  14  76  48  83  87  29  20  85  4  30  55  74  79  47  59  80  67  90  1  43  3  44  88  61  94  8  57  58  75  22  72  36  50
   2  84  24  70  75  10  57  56  46  61  40  92  3  43  1  42  67  32  59  47  79  26  55  78  52  85  68  29  87  83  96  28  62  53  34  18  21  45  25  33  63  65  6  12  23  41  86  64  16  38  89  71  60  54  17  15  81  73  93  69  66  82  5  14  76  48  35  39  77  20  37  4  30  7  74  31  95  11  80  19  90  49  91  51  44  88  13  94  8  9  58  27  22  72  36  50
   2  87  50  41  86  55  16  17  12  37  9  52  31  39  96  5  72  28  54  21  89  40  91  30  44  71  33  29  49  46  61  83  70  38  4  77  3  82  75  13  32  34  24  74  18  7  62  78  95  10  47  56  11  42  81  80  85  60  88  45  66  58  1  92  25  69  43  76  8  57  6  67  53  26  64  68  48  51  36  14  27  59  93  20  94  15  22  84  65  63  73  23  79  90  35  19
   2  88  4  78  13  90  55  68  6  3  84  80  85  45  15  58  21  92  29  89  57  74  81  70  24  75  8  35  49  5  28  48  86  11  66  82  43  19  87  79  73  47  46  64  17  71  62  60  12  14  23  65  16  94  95  25  31  39  67  91  34  18  59  38  96  76  53  1  83  56  27  72  22  33  26  9  41  77  44  69  10  63  93  37  32  36  51  54  20  7  42  61  30  52  40  50
   2  88  4  78  61  90  7  68  6  51  84  80  37  93  63  58  69  92  77  41  9  74  33  70  24  27  8  83  1  53  28  48  86  59  66  82  91  67  39  31  25  95  46  64  65  23  62  60  12  14  71  17  16  94  47  73  79  87  19  43  34  18  11  38  96  76  5  49  35  56  75  72  22  81  26  57  89  29  44  21  10  15  45  85  32  36  3  54  20  55  42  13  30  52  40  50
   3  5  41  7  20  43  50  9  79  22  25  45  44  52  58  11  76  81  36  24  88  27  64  47  37  46  21  54  32  60  17  13  63  78  67  83  14  38  82  26  8  90  71  29  96  66  87  49  1  39  18  48  77  23  42  56  74  34  86  62  35  19  30  15  61  65  12  80  6  69  94  85  95  16  75  40  72  84  33  28  59  10  4  92  93  73  70  31  57  2  91  68  55  89  53  51
   3  5  41  7  68  43  2  9  79  70  25  45  92  4  10  11  28  81  84  72  40  27  16  47  37  94  21  6  80  12  17  13  63  30  67  83  62  86  34  74  56  42  71  29  48  18  87  49  1  39  66  96  77  23  90  8  26  82  38  14  35  19  78  15  61  65  60  32  54  69  46  85  95  64  75  88  24  36  33  76  59  58  52  44  93  73  22  31  57  50  91  20  55  89  53  51
   3  10  1  68  65  55  54  83  18  60  6  20  2  39  33  13  11  69  36  23  12  40  4  78  66  26  22  41  72  46  24  80  8  59  35  52  44  82  47  92  48  63  16  21  70  7  88  67  94  87  96  29  32  42  43  14  79  37  91  77  95  58  64  84  86  28  61  74  85  57  93  19  31  71  75  56  25  51  73  17  89  38  62  45  53  15  50  5  49  34  81  76  27  90  9  30
   3  13  1  23  40  11  94  33  95  50  17  21  64  8  38  43  32  9  24  60  92  27  68  31  77  74  93  18  4  48  73  53  15  42  35  19  10  34  62  70  76  6  55  37  36  78  39  41  89  87  30  84  85  7  54  28  22  14  82  58  67  83  90  63  5  25  96  52  66  45  26  29  79  20  75  44  12  72  57  80  91  86  56  16  69  65  2  47  81  46  59  88  71  49  61  51
   3  14  33  57  72  45  16  10  79  13  93  46  53  21  1  37  11  19  24  15  70  68  91  69  31  80  50  7  65  77  36  71  8  5  88  55  95  23  75  59  49  67  54  58  12  56  35  34  94  83  64  40  25  52  81  87  18  84  4  51  44  76  96  60  86  78  73  82  27  29  6  28  66  17  47  90  32  20  61  26  89  92  9  42  2  74  22  38  48  30  43  39  85  41  62  63
   3  15  75  84  32  63  24  23  18  90  62  19  95  87  47  41  11  55  81  17  85  37  88  52  66  39  1  5  25  28  43  21  8  40  6  30  53  71  64  29  48  46  36  83  27  38  93  77  94  82  22  13  65  34  73  74  79  7  35  78  2  10  50  56  86  42  16  80  12  60  9  45  31  58  96  92  72  69  54  76  89  57  91  67  44  26  33  68  49  51  61  14  70  59  4  20
   3  17  64  7  72  20  81  71  79  92  4  55  53  74  96  59  11  30  73  58  70  41  6  34  31  14  47  40  65  45  61  87  8  13  9  51  95  21  22  60  49  19  43  82  12  68  62  28  94  80  33  90  25  77  16  26  18  5  93  42  44  23  1  38  86  67  24  39  27  56  91  63  66  83  50  57  32  52  36  10  89  84  88  46  2  76  75  37  48  78  54  15  85  29  35  69
   3  17  77  31  26  91  44  45  55  40  61  9  2  58  4  59  34  69  42  54  22  75  46  23  49  16  33  72  14  18  5  73  39  48  67  83  80  56  76  68  38  36  95  89  78  60  15  37  85  63  12  30  41  47  84  86  20  28  8  32  35  19  96  87  25  53  66  62  24  81  64  1  71  94  27  70  6  90  21  82  11  52  10  50  57  13  88  7  93  92  43  74  79  29  65  51
   3  17  77  31  74  91  92  45  55  88  61  9  50  10  52  59  82  69  90  6  70  75  94  23  49  64  33  24  62  66  5  73  39  96  67  83  32  8  28  20  86  84  95  89  30  12  15  37  85  63  60  78  41  47  36  38  68  76  56  80  35  19  48  87  25  53  18  14  72  81  16  1  71  46  27  22  54  42  21  34  11  4  58  2  57  13  40  7  93  44  43  26  79  29  65  51
   3  20  4  59  70  14  61  51  49  68  33  26  44  67  91  57  89  76  54  69  72  92  96  58  31  45  9  60  12  80  16  42  86  56  50  10  2  78  35  7  79  74  73  34  65  13  22  82  94  77  93  38  27  83  36  46  48  29  64  71  53  30  6  40  8  21  43  28  25  5  1  39  66  52  88  37  85  17  81  55  11  41  47  87  95  19  62  90  18  23  24  63  32  84  75  15
   3  21  50  59  25  78  61  39  79  68  88  34  44  17  22  57  11  77  54  87  27  92  62  46  31  23  64  60  32  30  16  15  8  56  4  28  2  14  1  7  49  52  73  26  85  13  91  55  94  76  47  38  72  19  36  58  18  29  9  63  53  80  75  40  86  20  43  10  70  5  35  51  66  74  33  37  65  67  81  82  89  41  93  69  95  83  96  90  48  45  24  71  12  84  6  42
   3  23  47  37  25  30  36  82  79  56  9  69  44  14  75  90  11  52  43  71  27  13  35  42  31  76  33  59  32  19  81  39  8  29  93  34  2  80  96  57  49  20  24  87  85  5  6  46  94  74  50  60  72  67  61  15  18  41  88  28  53  83  22  7  86  45  54  26  70  84  62  55  66  21  64  38  65  78  16  58  89  68  4  63  95  17  1  40  48  77  73  10  12  92  91  51
   3  25  37  47  46  59  88  69  71  68  53  81  22  14  80  91  86  93  30  90  26  75  50  7  89  44  9  36  82  6  61  17  87  12  35  19  76  52  56  16  10  48  79  1  18  72  63  29  77  15  24  66  49  31  96  58  64  8  4  28  67  83  60  39  65  13  54  34  84  57  92  41  55  2  27  74  42  78  45  38  43  32  62  70  33  5  20  23  21  40  11  94  95  85  73  51
   3  25  37  47  94  59  40  69  71  20  53  81  70  62  32  91  38  93  78  42  74  75  2  7  89  92  9  84  34  54  61  17  87  60  35  19  28  4  8  64  58  96  79  1  66  24  63  29  77  15  72  18  49  31  48  10  16  56  52  76  67  83  12  39  65  13  6  82  36  57  44  41  55  50  27  26  90  30  45  86  43  80  14  22  33  5  68  23  21  88  11  46  95  85  73  51
   3  26  96  56  65  46  43  17  18  59  91  45  2  82  64  5  11  63  61  76  12  7  93  30  66  87  75  68  72  42  73  83  8  37  62  20  44  58  50  13  48  28  81  23  70  57  9  78  94  71  1  41  32  51  54  80  79  38  6  52  95  15  33  92  86  34  36  21  85  90  4  67  31  10  22  29  25  55  24  14  89  60  35  77  53  39  47  84  49  69  16  74  27  40  88  19
   3  28  35  68  85  82  54  19  48  60  75  21  2  51  88  13  89  87  36  45  32  40  50  14  66  34  91  41  27  58  24  30  86  59  1  74  44  55  93  92  18  71  16  20  25  7  33  17  94  69  62  29  12  15  43  78  49  37  22  76  95  46  9  84  8  10  61  52  65  57  47  83  31  63  6  56  70  39  73  67  11  38  96  23  53  42  4  5  79  26  81  77  72  90  64  80
   3  29  17  55  32  43  38  81  31  58  1  69  56  64  46  11  88  57  48  84  52  27  28  95  61  82  45  90  92  72  89  37  15  18  67  83  50  74  70  14  68  78  23  53  60  54  39  25  73  87  6  12  5  71  30  20  62  22  26  2  35  19  66  63  85  41  24  44  42  93  34  13  47  76  75  4  36  96  9  40  59  94  16  8  21  49  10  79  33  86  91  80  7  65  77  51
   3  29  17  55  80  43  86  81  31  10  1  69  8  16  94  11  40  57  96  36  4  27  76  95  61  34  45  42  44  24  89  37  15  66  67  83  2  26  22  62  20  30  23  53  12  6  39  25  73  87  54  60  5  71  78  68  14  70  74  50  35  19  18  63  85  41  72  92  90  93  82  13  47  28  75  52  84  48  9  88  59  46  64  56  21  49  58  79  33  38  91  32  7  65  77  51
   3  34  62  56  85  58  43  67  48  59  22  23  2  55  9  5  89  71  61  77  32  7  47  80  66  69  6  68  27  15  73  19  86  37  96  21  44  46  4  13  18  10  81  45  25  57  64  14  94  63  35  41  12  39  54  30  49  38  75  74  95  42  88  92  8  26  36  20  65  90  50  17  31  28  91  29  70  82  24  78  11  60  1  76  53  51  93  84  79  87  16  52  72  40  33  83
   3  37  73  71  4  11  34  9  47  38  89  45  28  68  74  43  92  81  84  72  8  27  80  79  5  62  21  6  16  12  49  77  63  30  35  19  94  22  2  10  88  42  7  61  48  18  87  17  65  39  66  96  13  55  90  40  58  50  70  46  67  83  78  15  29  1  60  64  54  69  14  53  31  32  75  56  24  36  33  44  91  26  20  76  93  41  86  95  57  82  59  52  23  25  85  51
   3  37  73  71  52  11  82  9  47  86  89  45  76  20  26  43  44  81  36  24  56  27  32  79  5  14  21  54  64  60  49  77  63  78  35  19  46  70  50  58  40  90  7  61  96  66  87  17  65  39  18  48  13  55  42  88  10  2  22  94  67  83  30  15  29  1  12  16  6  69  62  53  31  80  75  8  72  84  33  92  91  74  68  28  93  41  38  95  57  34  59  4  23  25  85  51
   3  39  22  92  32  28  73  76  18  40  35  67  95  71  50  68  11  46  16  14  85  38  9  20  66  82  96  84  25  34  54  23  8  7  91  19  53  10  33  41  48  42  61  17  27  60  4  52  94  58  75  5  65  69  24  21  79  57  62  30  2  26  47  29  86  51  81  83  12  59  88  77  31  15  1  13  72  63  43  74  89  90  6  78  44  87  64  56  49  55  36  80  70  37  93  45
   3  41  53  79  38  91  32  21  7  76  37  33  14  70  88  59  46  45  54  18  82  75  10  71  73  52  57  12  74  30  77  1  87  84  67  83  20  92  64  56  2  24  47  17  42  48  63  13  61  15  96  90  65  95  72  50  8  16  44  68  35  19  36  39  49  29  78  26  60  9  4  25  23  58  27  34  66  6  93  94  11  40  22  62  81  85  28  55  69  80  43  86  31  5  89  51
   3  41  53  79  86  91  80  21  7  28  37  33  62  22  40  59  94  45  6  66  34  75  58  71  73  4  57  60  26  78  77  1  87  36  67  83  68  44  16  8  50  72  47  17  90  96  63  13  61  15  48  42  65  95  24  2  56  64  92  20  35  19  84  39  49  29  30  74  12  9  52  25  23  10  27  82  18  54  93  46  11  88  70  14  81  85  76  55  69  32  43  38  31  5  89  51
   3  42  6  84  12  71  24  45  48  90  96  83  95  69  93  41  89  82  81  67  65  37  33  74  66  51  35  5  70  10  43  20  86  40  75  80  53  63  9  29  18  58  36  19  72  38  47  76  94  55  91  13  85  26  73  52  49  7  1  14  2  28  4  56  8  15  16  30  32  60  64  23  31  46  62  92  27  87  54  77  11  57  22  17  44  34  88  68  79  39  61  78  25  59  50  21
   3  45  93  37  70  80  36  55  49  56  64  87  44  78  6  90  89  74  43  63  72  13  1  15  31  77  88  59  12  83  81  51  86  29  47  26  2  30  62  57  79  21  24  69  65  5  75  58  94  52  4  60  27  17  61  42  48  41  33  10  53  19  91  7  8  23  54  34  25  84  96  82  66  20  9  38  85  14  16  46  11  68  50  71  95  67  35  40  18  76  73  28  32  92  22  39
   3  46  91  5  12  87  73  20  48  57  1  80  95  34  4  29  89  39  16  19  65  59  64  76  66  42  62  13  70  71  54  52  86  90  22  14  53  69  88  56  18  82  61  30  72  37  50  23  94  51  6  92  85  10  24  77  49  40  96  17  2  63  93  68  8  58  81  78  32  38  33  21  31  55  35  84  27  26  43  45  11  7  75  83  44  28  9  41  79  15  36  67  25  60  47  74
   3  51  91  92  12  10  73  77  48  40  1  17  95  63  4  68  89  58  16  78  65  38  64  21  66  55  62  84  70  26  54  45  86  7  22  83  53  28  88  41  18  15  61  67  72  60  50  74  94  46  6  5  85  87  24  20  49  57  96  80  2  34  93  29  8  39  81  19  32  59  33  76  31  42  35  13  27  71  43  52  11  90  75  14  44  69  9  56  79  82  36  30  25  37  47  23
   3  52  93  60  70  17  36  42  49  41  64  10  44  19  6  7  89  23  43  34  72  84  1  82  31  20  88  38  12  14  81  46  86  68  47  71  2  67  62  40  79  76  24  28  65  92  75  39  94  45  4  37  27  80  61  55  48  56  33  87  53  78  91  90  8  74  54  63  25  13  96  15  66  77  9  59  85  83  16  51  11  29  50  26  95  30  35  57  18  21  73  69  32  5  22  58
   3  53  89  7  44  43  26  57  79  94  73  93  68  76  34  11  4  33  60  48  16  27  88  47  85  22  69  30  56  84  65  61  63  54  67  83  86  14  58  2  32  66  71  77  24  42  87  1  49  39  90  72  29  23  18  80  50  10  62  38  35  19  6  15  13  17  36  8  78  21  70  37  95  40  75  64  96  12  81  52  59  82  28  20  45  25  46  31  9  74  91  92  55  41  5  51
   3  53  89  7  92  43  74  57  79  46  73  93  20  28  82  11  52  33  12  96  64  27  40  47  85  70  69  78  8  36  65  61  63  6  67  83  38  62  10  50  80  18  71  77  72  90  87  1  49  39  42  24  29  23  66  32  2  58  14  86  35  19  54  15  13  17  84  56  30  21  22  37  95  88  75  16  48  60  81  4  59  34  76  68  45  25  94  31  9  26  91  44  55  41  5  51
   3  55  6  13  12  26  24  52  48  7  96  14  95  28  93  56  89  15  81  30  65  60  33  23  66  46  35  92  70  87  43  77  86  57  75  17  53  34  9  68  18  39  36  78  72  59  47  21  94  42  91  84  85  71  73  45  49  90  1  83  2  69  4  41  8  82  16  67  32  37  64  74  31  51  62  5  27  10  54  20  11  40  22  80  44  63  88  29  79  58  61  19  25  38  50  76
   3  58  22  5  32  69  73  21  18  57  35  30  95  26  50  29  11  51  16  83  85  59  9  77  66  15  96  13  25  63  54  74  8  90  91  78  53  87  33  56  48  55  61  80  27  37  4  45  94  39  75  92  65  28  24  76  79  40  62  67  2  71  47  68  86  46  81  14  12  38  88  20  31  82  1  84  72  34  43  23  89  7  6  19  44  10  64  41  49  42  36  17  70  60  93  52
   3  61  49  23  16  11  22  81  95  74  65  69  40  80  62  43  8  57  96  36  68  27  44  31  29  2  45  42  76  24  25  5  15  66  35  19  34  58  86  94  52  30  55  85  12  6  39  89  41  87  54  60  37  7  78  4  46  38  10  82  67  83  18  63  53  73  72  28  90  93  50  77  79  92  75  20  84  48  9  56  91  14  32  88  21  17  26  47  33  70  59  64  71  1  13  51
   3  63  62  41  85  39  43  30  48  38  22  74  2  42  9  92  89  26  61  20  32  90  47  17  66  28  6  29  27  82  73  78  86  60  96  76  44  51  4  84  18  87  81  52  25  40  64  83  94  34  35  56  12  58  54  67  49  59  75  23  95  55  88  5  8  71  36  77  65  7  50  80  31  69  91  68  70  15  24  19  11  37  1  21  53  46  93  13  79  10  16  45  72  57  33  14
   3  65  29  31  2  91  68  93  55  64  13  57  74  34  28  59  10  21  18  30  94  75  22  23  1  40  81  96  86  90  53  25  39  72  67  83  8  80  4  92  14  60  95  41  54  84  15  85  37  63  36  6  89  47  12  62  44  52  32  56  35  19  24  87  73  5  42  38  48  33  88  49  71  70  27  46  78  66  69  58  11  76  82  26  9  61  16  7  45  20  43  50  79  77  17  51
   3  65  29  31  50  91  20  93  55  16  13  57  26  82  76  59  58  21  66  78  46  75  70  23  1  88  81  48  38  42  53  25  39  24  67  83  56  32  52  44  62  12  95  41  6  36  15  85  37  63  84  54  89  47  60  14  92  4  80  8  35  19  72  87  73  5  90  86  96  33  40  49  71  22  27  94  30  18  69  10  11  28  34  74  9  61  64  7  45  68  43  2  79  77  17  51
   3  69  35  29  85  15  54  78  48  37  75  76  2  46  88  84  89  10  36  52  32  57  50  83  66  63  91  56  27  39  24  67  86  38  1  23  44  42  93  5  18  26  16  77  25  90  33  80  94  28  62  68  12  82  43  19  49  60  22  21  95  51  9  13  8  87  61  45  65  40  47  14  31  34  6  41  70  58  73  30  11  59  96  74  53  55  4  92  79  71  81  20  72  7  64  17
   3  73  85  47  22  59  16  21  71  92  5  33  94  86  8  91  62  45  6  66  2  75  26  7  41  68  57  60  58  78  13  65  87  36  35  19  4  76  80  40  82  72  79  49  90  96  63  77  29  15  48  42  1  31  24  34  88  32  28  52  67  83  84  39  17  61  30  10  12  9  20  89  55  74  27  50  18  54  93  14  43  56  38  46  81  53  44  23  69  64  11  70  95  37  25  51
   3  73  85  47  70  59  64  21  71  44  5  33  46  38  56  91  14  45  54  18  50  75  74  7  41  20  57  12  10  30  13  65  87  84  35  19  52  28  32  88  34  24  79  49  42  48  63  77  29  15  96  90  1  31  72  82  40  80  76  4  67  83  36  39  17  61  78  58  60  9  68  89  55  26  27  2  66  6  93  62  43  8  86  94  81  53  92  23  69  16  11  22  95  37  25  51
   3  74  47  60  25  67  36  15  79  41  9  28  44  83  75  7  11  45  43  26  27  84  35  55  31  21  33  38  32  78  81  58  8  68  93  63  2  17  96  40  49  77  24  10  85  92  6  51  94  23  50  37  72  30  61  82  18  56  88  69  53  14  22  90  86  52  54  71  70  13  62  42  66  76  64  59  65  19  16  39  89  29  4  34  95  80  1  57  48  20  73  87  12  5  91  46
   3  76  50  38  25  19  61  58  79  29  88  63  44  80  22  40  11  20  54  10  27  5  62  51  31  74  64  37  32  67  16  82  8  41  4  69  2  83  1  90  49  45  73  71  85  84  91  42  94  21  47  59  72  78  36  39  18  68  9  34  53  17  75  57  86  77  43  87  70  92  35  46  66  23  33  60  65  30  81  15  89  56  93  28  95  14  96  7  48  52  24  26  12  13  6  55
   3  77  4  38  70  83  61  46  49  29  33  71  44  30  91  40  89  21  54  28  72  5  96  39  31  52  9  37  12  17  16  55  86  41  50  87  2  19  35  90  79  23  73  63  65  84  22  15  94  20  93  59  27  14  36  51  48  68  64  26  53  67  6  57  8  76  43  69  25  92  1  58  66  45  88  60  85  80  81  42  11  56  47  10  95  78  62  7  18  74  24  34  32  13  75  82
   3  77  65  55  8  43  62  33  31  82  49  21  32  40  70  11  64  9  24  60  28  27  4  95  13  10  93  18  68  48  41  85  15  42  67  83  74  2  94  38  44  6  23  5  36  78  39  73  25  87  30  84  53  71  54  92  86  46  50  26  35  19  90  63  37  89  96  20  66  45  58  61  47  52  75  76  12  72  57  16  59  22  88  80  69  1  34  79  81  14  91  56  7  17  29  51
   3  77  65  55  56  43  14  33  31  34  49  21  80  88  22  11  16  9  72  12  76  27  52  95  13  58  93  66  20  96  41  85  15  90  67  83  26  50  46  86  92  54  23  5  84  30  39  73  25  87  78  36  53  71  6  44  38  94  2  74  35  19  42  63  37  89  48  68  18  45  10  61  47  4  75  28  60  24  57  64  59  70  40  32  69  1  82  79  81  62  91  8  7  17  29  51
   3  80  64  90  72  77  81  26  79  5  4  42  53  23  96  38  11  67  73  39  70  56  6  63  31  83  47  57  65  52  61  10  8  84  9  46  95  76  22  37  49  78  43  15  12  29  62  69  94  17  33  7  25  20  16  71  18  92  93  55  44  74  1  59  86  30  24  58  27  41  91  34  66  14  50  40  32  45  36  87  89  13  88  51  2  21  75  60  48  19  54  82  85  68  35  28
   3  82  75  13  32  34  24  74  18  7  62  78  95  10  47  56  11  42  81  80  85  60  88  45  66  58  1  92  25  69  43  76  8  57  6  67  53  26  64  68  48  51  36  14  27  59  93  20  94  15  22  84  65  63  73  23  79  90  35  19  2  87  50  41  86  55  16  17  12  37  9  52  31  39  96  5  72  28  54  21  89  40  91  30  44  71  33  29  49  46  61  83  70  38  4  77
   3  83  33  40  72  52  16  87  79  84  93  51  53  76  1  60  11  78  24  82  70  29  91  28  31  17  50  90  65  20  36  26  8  92  88  42  95  74  75  38  49  30  54  39  12  41  35  63  94  14  64  57  25  45  81  10  18  13  4  46  44  21  96  37  86  19  73  15  27  68  6  69  66  80  47  7  32  77  61  71  89  5  9  55  2  23  22  59  48  67  43  58  85  56  62  34
   3  85  25  71  28  11  10  57  47  14  41  93  52  92  50  43  20  33  12  96  32  27  8  79  53  38  69  78  40  36  1  29  63  6  35  19  70  94  74  82  16  18  7  13  72  90  87  65  17  39  42  24  61  55  66  64  34  26  46  22  67  83  54  15  77  49  84  88  30  21  86  5  31  56  75  80  48  60  81  68  91  2  44  4  45  89  62  95  9  58  59  76  23  73  37  51
   3  85  25  71  76  11  58  57  47  62  41  93  4  44  2  43  68  33  60  48  80  27  56  79  53  86  69  30  88  84  1  29  63  54  35  19  22  46  26  34  64  66  7  13  24  42  87  65  17  39  90  72  61  55  18  16  82  74  94  70  67  83  6  15  77  49  36  40  78  21  38  5  31  8  75  32  96  12  81  20  91  50  92  52  45  89  14  95  9  10  59  28  23  73  37  51
   3  89  5  79  14  91  56  69  7  4  85  81  86  46  16  59  22  93  30  90  58  75  82  71  25  76  9  36  50  6  29  49  87  12  67  83  44  20  88  80  74  48  47  65  18  72  63  61  13  15  24  66  17  95  96  26  32  40  68  92  35  19  60  39  1  77  54  2  84  57  28  73  23  34  27  10  42  78  45  70  11  64  94  38  33  37  52  55  21  8  43  62  31  53  41  51
   3  89  5  79  62  91  8  69  7  52  85  81  38  94  64  59  70  93  78  42  10  75  34  71  25  28  9  84  2  54  29  49  87  60  67  83  92  68  40  32  26  96  47  65  66  24  63  61  13  15  72  18  17  95  48  74  80  88  20  44  35  19  12  39  1  77  6  50  36  57  76  73  23  82  27  58  90  30  45  22  11  16  46  86  33  37  4  55  21  56  43  14  31  53  41  51
   4  2  62  96  35  60  5  94  24  33  78  58  11  3  93  92  75  22  19  31  63  76  87  56  66  9  82  1  23  91  86  90  40  73  36  20  41  17  69  29  47  61  32  74  55  85  16  54  6  64  37  7  26  80  13  95  77  21  65  89  68  84  25  88  42  38  43  71  49  34  57  18  8  39  28  15  79  67  70  27  44  45  51  59  10  30  81  72  46  53  12  83  48  14  50  52
   4  2  62  96  83  60  53  94  24  81  78  58  59  51  45  92  27  22  67  79  15  76  39  56  66  57  82  49  71  43  86  90  40  25  36  20  89  65  21  77  95  13  32  74  7  37  16  54  6  64  85  55  26  80  61  47  29  69  17  41  68  84  73  88  42  38  91  23  1  34  9  18  8  87  28  63  31  19  70  75  44  93  3  11  10  30  33  72  46  5  12  35  48  14  50  52
   4  5  79  26  81  77  72  90  64  80  3  28  35  68  85  82  54  19  48  60  75  21  2  51  88  13  89  87  36  45  32  40  50  14  66  34  91  41  27  58  24  30  86  59  1  74  44  55  93  92  18  71  16  20  25  7  33  17  94  69  62  29  12  15  43  78  49  37  22  76  95  46  9  84  8  10  61  52  65  57  47  83  31  63  6  56  70  39  73  67  11  38  96  23  53  42
   4  6  42  8  21  44  51  10  80  23  26  46  45  53  59  12  77  82  37  25  89  28  65  48  38  47  22  55  33  61  18  14  64  79  68  84  15  39  83  27  9  91  72  30  1  67  88  50  2  40  19  49  78  24  43  57  75  35  87  63  36  20  31  16  62  66  13  81  7  70  95  86  96  17  76  41  73  85  34  29  60  11  5  93  94  74  71  32  58  3  92  69  56  90  54  52
   4  6  42  8  69  44  3  10  80  71  26  46  93  5  11  12  29  82  85  73  41  28  17  48  38  95  22  7  81  13  18  14  64  31  68  84  63  87  35  75  57  43  72  30  49  19  88  50  2  40  67  1  78  24  91  9  27  83  39  15  36  20  79  16  62  66  61  33  55  70  47  86  96  65  76  89  25  37  34  77  60  59  53  45  94  74  23  32  58  51  92  21  56  90  54  52
   4  7  85  76  36  63  86  5  33  82  95  45  6  59  79  17  54  46  32  56  1  26  94  19  9  40  70  74  81  69  48  84  50  39  44  77  62  60  8  14  73  55  72  29  75  10  66  67  93  90  12  21  61  34  11  92  64  15  2  52  91  38  18  80  43  51  65  41  96  71  3  78  88  57  27  23  16  28  49  13  47  58  53  20  35  37  89  83  24  42  25  68  22  87  31  30
   4  13  18  10  81  45  25  57  64  14  94  63  35  41  12  39  54  30  49  38  75  74  95  42  88  92  8  26  36  20  65  90  50  17  31  28  91  29  70  82  24  78  11  60  1  76  53  51  93  84  79  87  16  52  72  40  33  83  3  34  62  56  85  58  43  67  48  59  22  23  2  55  9  5  89  71  61  77  32  7  47  80  66  69  6  68  27  15  73  19  86  37  96  21  44  46
   4  14  2  24  41  12  95  34  96  51  18  22  65  9  39  44  33  10  25  61  93  28  69  32  78  75  94  19  5  49  74  54  16  43  36  20  11  35  63  71  77  7  56  38  37  79  40  42  90  88  31  85  86  8  55  29  23  15  83  59  68  84  91  64  6  26  1  53  67  46  27  30  80  21  76  45  13  73  58  81  92  87  57  17  70  66  3  48  82  47  60  89  72  50  62  52
   4  14  2  24  89  12  47  34  96  3  18  22  17  57  87  44  81  10  73  13  45  28  21  32  78  27  94  67  53  1  74  54  16  91  36  20  59  83  15  23  29  55  56  38  85  31  40  42  90  88  79  37  86  8  7  77  71  63  35  11  68  84  43  64  6  26  49  5  19  46  75  30  80  69  76  93  61  25  58  33  92  39  9  65  70  66  51  48  82  95  60  41  72  50  62  52
   4  18  78  32  27  92  45  46  56  41  62  10  3  59  5  60  35  70  43  55  23  76  47  24  50  17  34  73  15  19  6  74  40  49  68  84  81  57  77  69  39  37  96  90  79  61  16  38  86  64  13  31  42  48  85  87  21  29  9  33  36  20  1  88  26  54  67  63  25  82  65  2  72  95  28  71  7  91  22  83  12  53  11  51  58  14  89  8  94  93  44  75  80  30  66  52
   4  18  78  32  75  92  93  46  56  89  62  10  51  11  53  60  83  70  91  7  71  76  95  24  50  65  34  25  63  67  6  74  40  1  68  84  33  9  29  21  87  85  96  90  31  13  16  38  86  64  61  79  42  48  37  39  69  77  57  81  36  20  49  88  26  54  19  15  73  82  17  2  72  47  28  23  55  43  22  35  12  5  59  3  58  14  41  8  94  45  44  27  80  30  66  52
   4  19  66  71  22  56  72  51  24  17  8  38  35  45  44  15  47  5  48  34  16  76  70  90  88  30  94  10  96  68  32  55  43  83  79  60  91  20  95  39  64  13  86  69  61  23  85  40  93  78  31  26  75  41  25  46  73  80  89  59  62  52  53  82  50  92  49  63  81  21  27  7  9  67  3  87  1  29  65  42  54  14  18  37  6  77  2  58  33  84  11  28  36  74  12  57
   4  20  3  15  75  84  32  63  24  23  18  90  62  19  95  87  47  41  11  55  81  17  85  37  88  52  66  39  1  5  25  28  43  21  8  40  6  30  53  71  64  29  48  46  36  83  27  38  93  77  94  82  22  13  65  34  73  74  79  7  35  78  2  10  50  56  86  42  16  80  12  60  9  45  31  58  96  92  72  69  54  76  89  57  91  67  44  26  33  68  49  51  61  14  70  59
   4  26  38  48  95  60  41  70  72  21  54  82  71  63  33  92  39  94  79  43  75  76  3  8  90  93  10  85  35  55  62  18  88  61  36  20  29  5  9  65  59  1  80  2  67  25  64  30  78  16  73  19  50  32  49  11  17  57  53  77  68  84  13  40  66  14  7  83  37  58  45  42  56  51  28  27  91  31  46  87  44  81  15  23  34  6  69  24  22  89  12  47  96  86  74  52
   4  28  2  14  1  7  49  52  73  26  85  13  91  55  94  76  47  38  72  19  36  58  18  29  9  63  53  80  75  40  86  20  43  10  70  5  35  51  66  74  33  37  65  67  81  82  89  41  93  69  95  83  96  90  48  45  24  71  12  84  6  42  3  21  50  59  25  78  61  39  79  68  88  34  44  17  22  57  11  77  54  87  27  92  62  46  31  23  64  60  32  30  16  15  8  56
   4  29  89  39  16  19  65  59  64  76  66  42  62  13  70  71  54  52  86  90  22  14  53  69  88  56  18  82  61  30  72  37  50  23  94  51  6  92  85  10  24  77  49  40  96  17  2  63  93  68  8  58  81  78  32  38  33  21  31  55  35  84  27  26  43  45  11  7  75  83  44  28  9  41  79  15  36  67  25  60  47  74  3  46  91  5  12  87  73  20  48  57  1  80  95  34
   4  30  18  56  33  44  39  82  32  59  2  70  57  65  47  12  89  58  49  85  53  28  29  96  62  83  46  91  93  73  90  38  16  19  68  84  51  75  71  15  69  79  24  54  61  55  40  26  74  88  7  13  6  72  31  21  63  23  27  3  36  20  67  64  86  42  25  45  43  94  35  14  48  77  76  5  37  1  10  41  60  95  17  9  22  50  11  80  34  87  92  81  8  66  78  52
   4  30  18  56  81  44  87  82  32  11  2  70  9  17  95  12  41  58  1  37  5  28  77  96  62  35  46  43  45  25  90  38  16  67  68  84  3  27  23  63  21  31  24  54  13  7  40  26  74  88  55  61  6  72  79  69  15  71  75  51  36  20  19  64  86  42  73  93  91  94  83  14  48  29  76  53  85  49  10  89  60  47  65  57  22  50  59  80  34  39  92  33  8  66  78  52
   4  30  31  87  22  68  25  42  24  83  89  37  35  20  53  58  47  13  49  28  16  23  27  57  88  78  3  71  96  41  65  51  43  80  18  38  91  52  2  15  64  92  11  34  61  21  12  90  93  67  66  10  75  29  72  55  73  14  8  60  62  77  44  39  50  84  48  69  81  74  70  40  9  19  94  26  1  56  32  46  54  17  79  59  6  45  95  82  33  5  86  63  36  76  85  7
   4  34  95  80  1  57  48  20  73  87  12  5  91  46  3  74  47  60  25  67  36  15  79  41  9  28  44  83  75  7  11  45  43  26  27  84  35  55  31  21  33  38  32  78  81  58  8  68  93  63  2  17  96  40  49  77  24  10  85  92  6  51  94  23  50  37  72  30  61  82  18  56  88  69  53  14  22  90  86  52  54  71  70  13  62  42  66  76  64  59  65  19  16  39  89  29
   4  37  27  80  61  55  48  56  33  87  53  78  91  90  8  74  54  63  25  13  96  15  66  77  9  59  85  83  16  51  11  29  50  26  95  30  35  57  18  21  73  69  32  5  22  58  3  52  93  60  70  17  36  42  49  41  64  10  44  19  6  7  89  23  43  34  72  84  1  82  31  20  88  38  12  14  81  46  86  68  47  71  2  67  62  40  79  76  24  28  65  92  75  39  94  45
   4  38  70  83  61  46  49  29  33  71  44  30  91  40  89  21  54  28  72  5  96  39  31  52  9  37  12  17  16  55  86  41  50  87  2  19  35  90  79  23  73  63  65  84  22  15  94  20  93  59  27  14  36  51  48  68  64  26  53  67  6  57  8  76  43  69  25  92  1  58  66  45  88  60  85  80  81  42  11  56  47  10  95  78  62  7  18  74  24  34  32  13  75  82  3  77
   4  38  74  72  5  12  35  10  48  39  90  46  29  69  75  44  93  82  85  73  9  28  81  80  6  63  22  7  17  13  50  78  64  31  36  20  95  23  3  11  89  43  8  62  49  19  88  18  66  40  67  1  14  56  91  41  59  51  71  47  68  84  79  16  30  2  61  65  55  70  15  54  32  33  76  57  25  37  34  45  92  27  21  77  94  42  87  96  58  83  60  53  24  26  86  52
   4  38  74  72  53  12  83  10  48  87  90  46  77  21  27  44  45  82  37  25  57  28  33  80  6  15  22  55  65  61  50  78  64  79  36  20  47  71  51  59  41  91  8  62  1  67  88  18  66  40  19  49  14  56  43  89  11  3  23  95  68  84  31  16  30  2  13  17  7  70  63  54  32  81  76  9  73  85  34  93  92  75  69  29  94  42  39  96  58  35  60  5  24  26  86  52
   4  40  12  23  36  69  11  13  33  39  2  20  6  60  18  83  54  55  65  68  1  10  3  30  9  90  27  76  81  34  49  5  50  15  53  45  62  38  89  17  73  51  25  56  75  71  31  19  93  57  85  74  61  28  86  84  64  58  95  77  91  37  79  14  43  42  32  29  96  87  94  67  88  7  70  21  16  63  48  92  47  82  44  52  35  59  8  80  24  46  72  41  22  26  66  78
   4  42  53  23  96  38  11  67  73  39  70  56  6  63  31  83  47  57  65  52  61  10  8  84  9  46  95  76  22  37  49  78  43  15  12  29  62  69  94  17  33  7  25  20  16  71  18  92  93  55  44  74  1  59  86  30  24  58  27  41  91  34  66  14  50  40  32  45  36  87  89  13  88  51  2  21  75  60  48  19  54  82  85  68  35  28  3  80  64  90  72  77  81  26  79  5
   4  42  54  80  39  92  33  22  8  77  38  34  15  71  89  60  47  46  55  19  83  76  11  72  74  53  58  13  75  31  78  2  88  85  68  84  21  93  65  57  3  25  48  18  43  49  64  14  62  16  1  91  66  96  73  51  9  17  45  69  36  20  37  40  50  30  79  27  61  10  5  26  24  59  28  35  67  7  94  95  12  41  23  63  82  86  29  56  70  81  44  87  32  6  90  52
   4  42  54  80  87  92  81  22  8  29  38  34  63  23  41  60  95  46  7  67  35  76  59  72  74  5  58  61  27  79  78  2  88  37  68  84  69  45  17  9  51  73  48  18  91  1  64  14  62  16  49  43  66  96  25  3  57  65  93  21  36  20  85  40  50  30  31  75  13  10  53  26  24  11  28  83  19  55  94  47  12  89  71  15  82  86  77  56  70  33  44  39  32  6  90  52
   4  45  94  39  75  92  65  28  24  76  79  40  62  67  2  71  47  68  86  46  81  14  12  38  88  20  31  82  1  84  72  34  43  23  89  7  6  19  44  10  64  41  49  42  36  17  70  60  93  52  3  58  22  5  32  69  73  21  18  57  35  30  95  26  50  29  11  51  16  83  85  59  9  77  66  15  96  13  25  63  54  74  8  90  91  78  53  87  33  56  48  55  61  80  27  37
   4  46  44  21  96  37  86  19  73  15  27  68  6  69  66  80  47  7  32  77  61  71  89  5  9  55  2  23  22  59  48  67  43  58  85  56  62  34  3  83  33  40  72  52  16  87  79  84  93  51  53  76  1  60  11  78  24  82  70  29  91  28  31  17  50  90  65  20  36  26  8  92  88  42  95  74  75  38  49  30  54  39  12  41  35  63  94  14  64  57  25  45  81  10  18  13
   4  50  14  96  59  60  77  46  24  9  30  10  35  27  69  92  3  70  43  55  87  76  15  56  18  81  34  73  47  19  38  42  40  49  36  20  17  89  45  5  71  37  32  26  79  61  16  6  54  64  13  31  74  80  85  23  53  93  41  65  68  84  1  88  90  86  67  95  25  82  33  66  8  63  28  39  7  91  22  51  44  21  75  83  58  78  57  72  94  29  12  11  48  62  2  52
   4  51  44  76  96  60  86  78  73  82  27  29  6  28  66  17  47  90  32  20  61  26  89  92  9  42  2  74  22  38  48  30  43  39  85  41  62  63  3  14  33  57  72  45  16  10  79  13  93  46  53  21  1  37  11  19  24  15  70  68  91  69  31  80  50  7  65  77  36  71  8  5  88  55  95  23  75  59  49  67  54  58  12  56  35  34  94  83  64  40  25  52  81  87  18  84
   4  52  94  58  75  5  65  69  24  21  79  57  62  30  2  26  47  29  86  51  81  83  12  59  88  77  31  15  1  13  72  63  43  74  89  90  6  78  44  87  64  56  49  55  36  80  70  37  93  45  3  39  22  92  32  28  73  76  18  40  35  67  95  71  50  68  11  46  16  14  85  38  9  20  66  82  96  84  25  34  54  23  8  7  91  19  53  10  33  41  48  42  61  17  27  60
   4  54  90  8  45  44  27  58  80  95  74  94  69  77  35  12  5  34  61  49  17  28  89  48  86  23  70  31  57  85  66  62  64  55  68  84  87  15  59  3  33  67  72  78  25  43  88  2  50  40  91  73  30  24  19  81  51  11  63  39  36  20  7  16  14  18  37  9  79  22  71  38  96  41  76  65  1  13  82  53  60  83  29  21  46  26  47  32  10  75  92  93  56  42  6  52
   4  54  90  8  93  44  75  58  80  47  74  94  21  29  83  12  53  34  13  1  65  28  41  48  86  71  70  79  9  37  66  62  64  7  68  84  39  63  11  51  81  19  72  78  73  91  88  2  50  40  43  25  30  24  67  33  3  59  15  87  36  20  55  16  14  18  85  57  31  22  23  38  96  89  76  17  49  61  82  5  60  35  77  69  46  26  95  32  10  27  92  45  56  42  6  52
   4  55  53  74  96  59  11  30  73  58  70  41  6  34  31  14  47  40  65  45  61  87  8  13  9  51  95  21  22  60  49  19  43  82  12  68  62  28  94  80  33  90  25  77  16  26  18  5  93  42  44  23  1  38  86  67  24  39  27  56  91  63  66  83  50  57  32  52  36  10  89  84  88  46  2  76  75  37  48  78  54  15  85  29  35  69  3  17  64  7  72  20  81  71  79  92
   4  57  12  74  36  28  11  84  33  58  2  77  6  37  18  14  54  42  65  29  1  87  3  67  9  7  27  21  81  63  49  92  50  82  53  52  62  59  89  80  73  46  25  41  75  26  31  78  93  40  85  23  61  69  86  13  64  39  95  20  91  60  79  83  43  55  32  68  96  10  94  30  88  90  70  76  16  34  48  5  47  15  44  45  35  38  8  17  24  51  72  56  22  71  66  19
   4  59  70  14  61  51  49  68  33  26  44  67  91  57  89  76  54  69  72  92  96  58  31  45  9  60  12  80  16  42  86  56  50  10  2  78  35  7  79  74  73  34  65  13  22  82  94  77  93  38  27  83  36  46  48  29  64  71  53  30  6  40  8  21  43  28  25  5  1  39  66  52  88  37  85  17  81  55  11  41  47  87  95  19  62  90  18  23  24  63  32  84  75  15  3  20
   4  60  27  17  61  42  48  41  33  10  53  19  91  7  8  23  54  34  25  84  96  82  66  20  9  38  85  14  16  46  11  68  50  71  95  67  35  40  18  76  73  28  32  92  22  39  3  45  93  37  70  80  36  55  49  56  64  87  44  78  6  90  89  74  43  63  72  13  1  15  31  77  88  59  12  83  81  51  86  29  47  26  2  30  62  57  79  21  24  69  65  5  75  58  94  52
   4  62  50  24  17  12  23  82  96  75  66  70  41  81  63  44  9  58  1  37  69  28  45  32  30  3  46  43  77  25  26  6  16  67  36  20  35  59  87  95  53  31  56  86  13  7  40  90  42  88  55  61  38  8  79  5  47  39  11  83  68  84  19  64  54  74  73  29  91  94  51  78  80  93  76  21  85  49  10  57  92  15  33  89  22  18  27  48  34  71  60  65  72  2  14  52
   4  62  50  24  65  12  71  82  96  27  66  70  89  33  15  44  57  58  49  85  21  28  93  32  30  51  46  91  29  73  26  6  16  19  36  20  83  11  39  47  5  79  56  86  61  55  40  90  42  88  7  13  38  8  31  53  95  87  59  35  68  84  67  64  54  74  25  77  43  94  3  78  80  45  76  69  37  1  10  9  92  63  81  41  22  18  75  48  34  23  60  17  72  2  14  52
   4  63  95  17  1  40  48  77  73  10  12  92  91  51  3  23  47  37  25  30  36  82  79  56  9  69  44  14  75  90  11  52  43  71  27  13  35  42  31  76  33  59  32  19  81  39  8  29  93  34  2  80  96  57  49  20  24  87  85  5  6  46  94  74  50  60  72  67  61  15  18  41  88  28  53  83  22  7  86  45  54  26  70  84  62  55  66  21  64  38  65  78  16  58  89  68
   4  66  30  32  3  92  69  94  56  65  14  58  75  35  29  60  11  22  19  31  95  76  23  24  2  41  82  1  87  91  54  26  40  73  68  84  9  81  5  93  15  61  96  42  55  85  16  86  38  64  37  7  90  48  13  63  45  53  33  57  36  20  25  88  74  6  43  39  49  34  89  50  72  71  28  47  79  67  70  59  12  77  83  27  10  62  17  8  46  21  44  51  80  78  18  52
   4  66  30  32  51  92  21  94  56  17  14  58  27  83  77  60  59  22  67  79  47  76  71  24  2  89  82  49  39  43  54  26  40  25  68  84  57  33  53  45  63  13  96  42  7  37  16  86  38  64  85  55  90  48  61  15  93  5  81  9  36  20  73  88  74  6  91  87  1  34  41  50  72  23  28  95  31  19  70  11  12  29  35  75  10  62  65  8  46  69  44  3  80  78  18  52
   4  67  31  10  22  29  25  55  24  14  89  60  35  77  53  39  47  84  49  69  16  74  27  40  88  19  3  26  96  56  65  46  43  17  18  59  91  45  2  82  64  5  11  63  61  76  12  7  93  30  66  87  75  68  72  42  73  83  8  37  62  20  44  58  50  13  48  28  81  23  70  57  9  78  94  71  1  41  32  51  54  80  79  38  6  52  95  15  33  92  86  34  36  21  85  90
   4  69  2  83  1  90  49  45  73  71  85  84  91  42  94  21  47  59  72  78  36  39  18  68  9  34  53  17  75  57  86  77  43  87  70  92  35  46  66  23  33  60  65  30  81  15  89  56  93  28  95  14  96  7  48  52  24  26  12  13  6  55  3  76  50  38  25  19  61  58  79  29  88  63  44  80  22  40  11  20  54  10  27  5  62  51  31  74  64  37  32  67  16  82  8  41
   4  74  86  48  23  60  17  22  72  93  6  34  95  87  9  92  63  46  7  67  3  76  27  8  42  69  58  61  59  79  14  66  88  37  36  20  5  77  81  41  83  73  80  50  91  1  64  78  30  16  49  43  2  32  25  35  89  33  29  53  68  84  85  40  18  62  31  11  13  10  21  90  56  75  28  51  19  55  94  15  44  57  39  47  82  54  45  24  70  65  12  71  96  38  26  52
   4  77  3  82  75  13  32  34  24  74  18  7  62  78  95  10  47  56  11  42  81  80  85  60  88  45  66  58  1  92  25  69  43  76  8  57  6  67  53  26  64  68  48  51  36  14  27  59  93  20  94  15  22  84  65  63  73  23  79  90  35  19  2  87  50  41  86  55  16  17  12  37  9  52  31  39  96  5  72  28  54  21  89  40  91  30  44  71  33  29  49  46  61  83  70  38
   4  78  66  26  22  41  72  46  24  80  8  59  35  52  44  82  47  92  48  63  16  21  70  7  88  67  94  87  96  29  32  42  43  14  79  37  91  77  95  58  64  84  86  28  61  74  85  57  93  19  31  71  75  56  25  51  73  17  89  38  62  45  53  15  50  5  49  34  81  76  27  90  9  30  3  10  1  68  65  55  54  83  18  60  6  20  2  39  33  13  11  69  36  23  12  40
   4  78  66  56  9  44  63  34  32  83  50  22  33  41  71  12  65  10  25  61  29  28  5  96  14  11  94  19  69  49  42  86  16  43  68  84  75  3  95  39  45  7  24  6  37  79  40  74  26  88  31  85  54  72  55  93  87  47  51  27  36  20  91  64  38  90  1  21  67  46  59  62  48  53  76  77  13  73  58  17  60  23  89  81  70  2  35  80  82  15  92  57  8  18  30  52
   4  78  66  56  57  44  15  34  32  35  50  22  81  89  23  12  17  10  73  13  77  28  53  96  14  59  94  67  21  1  42  86  16  91  68  84  27  51  47  87  93  55  24  6  85  31  40  74  26  88  79  37  54  72  7  45  39  95  3  75  36  20  43  64  38  90  49  69  19  46  11  62  48  5  76  29  61  25  58  65  60  71  41  33  70  2  83  80  82  63  92  9  8  18  30  52
   4  86  26  72  29  12  11  58  48  15  42  94  53  93  51  44  21  34  13  1  33  28  9  80  54  39  70  79  41  37  2  30  64  7  36  20  71  95  75  83  17  19  8  14  73  91  88  66  18  40  43  25  62  56  67  65  35  27  47  23  68  84  55  16  78  50  85  89  31  22  87  6  32  57  76  81  49  61  82  69  92  3  45  5  46  90  63  96  10  59  60  77  24  74  38  52
   4  86  26  72  77  12  59  58  48  63  42  94  5  45  3  44  69  34  61  49  81  28  57  80  54  87  70  31  89  85  2  30  64  55  36  20  23  47  27  35  65  67  8  14  25  43  88  66  18  40  91  73  62  56  19  17  83  75  95  71  68  84  7  16  78  50  37  41  79  22  39  6  32  9  76  33  1  13  82  21  92  51  93  53  46  90  15  96  10  11  60  29  24  74  38  52
   4  90  6  80  15  92  57  70  8  5  86  82  87  47  17  60  23  94  31  91  59  76  83  72  26  77  10  37  51  7  30  50  88  13  68  84  45  21  89  81  75  49  48  66  19  73  64  62  14  16  25  67  18  96  1  27  33  41  69  93  36  20  61  40  2  78  55  3  85  58  29  74  24  35  28  11  43  79  46  71  12  65  95  39  34  38  53  56  22  9  44  63  32  54  42  52
   4  90  6  80  63  92  9  70  8  53  86  82  39  95  65  60  71  94  79  43  11  76  35  72  26  29  10  85  3  55  30  50  88  61  68  84  93  69  41  33  27  1  48  66  67  25  64  62  14  16  73  19  18  96  49  75  81  89  21  45  36  20  13  40  2  78  7  51  37  58  77  74  24  83  28  59  91  31  46  23  12  17  47  87  34  38  5  56  22  57  44  15  32  54  42  52
   4  90  85  21  36  34  86  92  33  15  95  52  6  38  79  80  54  51  32  41  1  71  94  78  9  57  70  23  81  28  48  13  50  58  44  20  62  37  8  83  73  42  72  68  75  87  66  30  93  7  12  76  61  63  11  5  64  82  2  45  91  59  18  17  43  46  65  56  96  26  3  19  88  40  27  74  16  69  49  84  47  39  53  77  35  60  89  14  24  55  25  29  22  10  31  67
   5  4  42  53  23  96  38  11  67  73  39  70  56  6  63  31  83  47  57  65  52  61  10  8  84  9  46  95  76  22  37  49  78  43  15  12  29  62  69  94  17  33  7  25  20  16  71  18  92  93  55  44  74  1  59  86  30  24  58  27  41  91  34  66  14  50  40  32  45  36  87  89  13  88  51  2  21  75  60  48  19  54  82  85  68  35  28  3  80  64  90  72  77  81  26  79
   5  6  46  94  74  50  60  72  67  61  15  18  41  88  28  53  83  22  7  86  45  54  26  70  84  62  55  66  21  64  38  65  78  16  58  89  68  4  63  95  17  1  40  48  77  73  10  12  92  91  51  3  23  47  37  25  30  36  82  79  56  9  69  44  14  75  90  11  52  43  71  27  13  35  42  31  76  33  59  32  19  81  39  8  29  93  34  2  80  96  57  49  20  24  87  85
   5  7  43  9  22  45  52  11  81  24  27  47  46  54  60  13  78  83  38  26  90  29  66  49  39  48  23  56  34  62  19  15  65  80  69  85  16  40  84  28  10  92  73  31  2  68  89  51  3  41  20  50  79  25  44  58  76  36  88  64  37  21  32  17  63  67  14  82  8  71  96  87  1  18  77  42  74  86  35  30  61  12  6  94  95  75  72  33  59  4  93  70  57  91  55  53
   5  7  43  9  70  45  4  11  81  72  27  47  94  6  12  13  30  83  86  74  42  29  18  49  39  96  23  8  82  14  19  15  65  32  69  85  64  88  36  76  58  44  73  31  50  20  89  51  3  41  68  2  79  25  92  10  28  84  40  16  37  21  80  17  63  67  62  34  56  71  48  87  1  66  77  90  26  38  35  78  61  60  54  46  95  75  24  33  59  52  93  22  57  91  55  53
   5  8  71  36  77  65  7  50  80  31  69  91  68  70  15  24  19  11  37  1  21  53  46  93  13  79  10  16  45  72  57  33  14  3  63  62  41  85  39  43  30  48  38  22  74  2  42  9  92  89  26  61  20  32  90  47  17  66  28  6  29  27  82  73  78  86  60  96  76  44  51  4  84  18  87  81  52  25  40  64  83  94  34  35  56  12  58  54  67  49  59  75  23  95  55  88
   5  9  55  2  23  22  59  48  67  43  58  85  56  62  34  3  83  33  40  72  52  16  87  79  84  93  51  53  76  1  60  11  78  24  82  70  29  91  28  31  17  50  90  65  20  36  26  8  92  88  42  95  74  75  38  49  30  54  39  12  41  35  63  94  14  64  57  25  45  81  10  18  13  4  46  44  21  96  37  86  19  73  15  27  68  6  69  66  80  47  7  32  77  61  71  89
   5  11  63  61  76  12  7  93  30  66  87  75  68  72  42  73  83  8  37  62  20  44  58  50  13  48  28  81  23  70  57  9  78  94  71  1  41  32  51  54  80  79  38  6  52  95  15  33  92  86  34  36  21  85  90  4  67  31  10  22  29  25  55  24  14  89  60  35  77  53  39  47  84  49  69  16  74  27  40  88  19  3  26  96  56  65  46  43  17  18  59  91  45  2  82  64
   5  12  87  73  20  48  57  1  80  95  34  4  29  89  39  16  19  65  59  64  76  66  42  62  13  70  71  54  52  86  90  22  14  53  69  88  56  18  82  61  30  72  37  50  23  94  51  6  92  85  10  24  77  49  40  96  17  2  63  93  68  8  58  81  78  32  38  33  21  31  55  35  84  27  26  43  45  11  7  75  83  44  28  9  41  79  15  36  67  25  60  47  74  3  46  91
   5  15  3  25  42  13  96  35  1  52  19  23  66  10  40  45  34  11  26  62  94  29  70  33  79  76  95  20  6  50  75  55  17  44  37  21  12  36  64  72  78  8  57  39  38  80  41  43  91  89  32  86  87  9  56  30  24  16  84  60  69  85  92  65  7  27  2  54  68  47  28  31  81  22  77  46  14  74  59  82  93  88  58  18  71  67  4  49  83  48  61  90  73  51  63  53
   5  15  3  25  90  13  48  35  1  4  19  23  18  58  88  45  82  11  74  14  46  29  22  33  79  28  95  68  54  2  75  55  17  92  37  21  60  84  16  24  30  56  57  39  86  32  41  43  91  89  80  38  87  9  8  78  72  64  36  12  69  85  44  65  7  27  50  6  20  47  76  31  81  70  77  94  62  26  59  34  93  40  10  66  71  67  52  49  83  96  61  42  73  51  63  53
   5  19  79  33  28  93  46  47  57  42  63  11  4  60  6  61  36  71  44  56  24  77  48  25  51  18  35  74  16  20  7  75  41  50  69  85  82  58  78  70  40  38  1  91  80  62  17  39  87  65  14  32  43  49  86  88  22  30  10  34  37  21  2  89  27  55  68  64  26  83  66  3  73  96  29  72  8  92  23  84  13  54  12  52  59  15  90  9  95  94  45  76  81  31  67  53
   5  19  79  33  76  93  94  47  57  90  63  11  52  12  54  61  84  71  92  8  72  77  96  25  51  66  35  26  64  68  7  75  41  2  69  85  34  10  30  22  88  86  1  91  32  14  17  39  87  65  62  80  43  49  38  40  70  78  58  82  37  21  50  89  27  55  20  16  74  83  18  3  73  48  29  24  56  44  23  36  13  6  60  4  59  15  42  9  95  46  45  28  81  31  67  53
   5  22  58  3  52  93  60  70  17  36  42  49  41  64  10  44  19  6  7  89  23  43  34  72  84  1  82  31  20  88  38  12  14  81  46  86  68  47  71  2  67  62  40  79  76  24  28  65  92  75  39  94  45  4  37  27  80  61  55  48  56  33  87  53  78  91  90  8  74  54  63  25  13  96  15  66  77  9  59  85  83  16  51  11  29  50  26  95  30  35  57  18  21  73  69  32
   5  27  10  54  20  11  40  22  80  44  63  88  29  79  58  61  19  25  38  50  76  3  55  6  13  12  26  24  52  48  7  96  14  95  28  93  56  89  15  81  30  65  60  33  23  66  46  35  92  70  87  43  77  86  57  75  17  53  34  9  68  18  39  36  78  72  59  47  21  94  42  91  84  85  71  73  45  49  90  1  83  2  69  4  41  8  82  16  67  32  37  64  74  31  51  62
   5  31  19  57  34  45  40  83  33  60  3  71  58  66  48  13  90  59  50  86  54  29  30  1  63  84  47  92  94  74  91  39  17  20  69  85  52  76  72  16  70  80  25  55  62  56  41  27  75  89  8  14  7  73  32  22  64  24  28  4  37  21  68  65  87  43  26  46  44  95  36  15  49  78  77  6  38  2  11  42  61  96  18  10  23  51  12  81  35  88  93  82  9  67  79  53
   5  31  19  57  82  45  88  83  33  12  3  71  10  18  96  13  42  59  2  38  6  29  78  1  63  36  47  44  46  26  91  39  17  68  69  85  4  28  24  64  22  32  25  55  14  8  41  27  75  89  56  62  7  73  80  70  16  72  76  52  37  21  20  65  87  43  74  94  92  95  84  15  49  30  77  54  86  50  11  90  61  48  66  58  23  51  60  81  35  40  93  34  9  67  79  53
   5  32  69  73  21  18  57  35  30  95  26  50  29  11  51  16  83  85  59  9  77  66  15  96  13  25  63  54  74  8  90  91  78  53  87  33  56  48  55  61  80  27  37  4  45  94  39  75  92  65  28  24  76  79  40  62  67  2  71  47  68  86  46  81  14  12  38  88  20  31  82  1  84  72  34  43  23  89  7  6  19  44  10  64  41  49  42  36  17  70  60  93  52  3  58  22
   5  33  82  95  45  6  59  79  17  54  46  32  56  1  26  94  19  9  40  70  74  81  69  48  84  50  39  44  77  62  60  8  14  73  55  72  29  75  10  66  67  93  90  12  21  61  34  11  92  64  15  2  52  91  38  18  80  43  51  65  41  96  71  3  78  88  57  27  23  16  28  49  13  47  58  53  20  35  37  89  83  24  42  25  68  22  87  31  30  4  7  85  76  36  63  86
   5  35  51  66  74  33  37  65  67  81  82  89  41  93  69  95  83  96  90  48  45  24  71  12  84  6  42  3  21  50  59  25  78  61  39  79  68  88  34  44  17  22  57  11  77  54  87  27  92  62  46  31  23  64  60  32  30  16  15  8  56  4  28  2  14  1  7  49  52  73  26  85  13  91  55  94  76  47  38  72  19  36  58  18  29  9  63  53  80  75  40  86  20  43  10  70
   5  39  75  73  6  13  36  11  49  40  91  47  30  70  76  45  94  83  86  74  10  29  82  81  7  64  23  8  18  14  51  79  65  32  37  21  96  24  4  12  90  44  9  63  50  20  89  19  67  41  68  2  15  57  92  42  60  52  72  48  69  85  80  17  31  3  62  66  56  71  16  55  33  34  77  58  26  38  35  46  93  28  22  78  95  43  88  1  59  84  61  54  25  27  87  53
   5  39  75  73  54  13  84  11  49  88  91  47  78  22  28  45  46  83  38  26  58  29  34  81  7  16  23  56  66  62  51  79  65  80  37  21  48  72  52  60  42  92  9  63  2  68  89  19  67  41  20  50  15  57  44  90  12  4  24  96  69  85  32  17  31  3  14  18  8  71  64  55  33  82  77  10  74  86  35  94  93  76  70  30  95  43  40  1  59  36  61  6  25  27  87  53
   5  43  55  81  40  93  34  23  9  78  39  35  16  72  90  61  48  47  56  20  84  77  12  73  75  54  59  14  76  32  79  3  89  86  69  85  22  94  66  58  4  26  49  19  44  50  65  15  63  17  2  92  67  1  74  52  10  18  46  70  37  21  38  41  51  31  80  28  62  11  6  27  25  60  29  36  68  8  95  96  13  42  24  64  83  87  30  57  71  82  45  88  33  7  91  53
   5  43  55  81  88  93  82  23  9  30  39  35  64  24  42  61  96  47  8  68  36  77  60  73  75  6  59  62  28  80  79  3  89  38  69  85  70  46  18  10  52  74  49  19  92  2  65  15  63  17  50  44  67  1  26  4  58  66  94  22  37  21  86  41  51  31  32  76  14  11  54  27  25  12  29  84  20  56  95  48  13  90  72  16  83  87  78  57  71  34  45  40  33  7  91  53
   5  47  15  44  45  35  38  8  17  24  51  72  56  22  71  66  19  4  57  12  74  36  28  11  84  33  58  2  77  6  37  18  14  54  42  65  29  1  87  3  67  9  7  27  21  81  63  49  92  50  82  53  52  62  59  89  80  73  46  25  41  75  26  31  78  93  40  85  23  61  69  86  13  64  39  95  20  91  60  79  83  43  55  32  68  96  10  94  30  88  90  70  76  16  34  48
   5  48  34  16  76  70  90  88  30  94  10  96  68  32  55  43  83  79  60  91  20  95  39  64  13  86  69  61  23  85  40  93  78  31  26  75  41  25  46  73  80  89  59  62  52  53  82  50  92  49  63  81  21  27  7  9  67  3  87  1  29  65  42  54  14  18  37  6  77  2  58  33  84  11  28  36  74  12  57  4  19  66  71  22  56  72  51  24  17  8  38  35  45  44  15  47
   5  49  34  81  76  27  90  9  30  3  10  1  68  65  55  54  83  18  60  6  20  2  39  33  13  11  69  36  23  12  40  4  78  66  26  22  41  72  46  24  80  8  59  35  52  44  82  47  92  48  63  16  21  70  7  88  67  94  87  96  29  32  42  43  14  79  37  91  77  95  58  64  84  86  28  61  74  85  57  93  19  31  71  75  56  25  51  73  17  89  38  62  45  53  15  50
   5  50  15  53  45  62  38  89  17  73  51  25  56  75  71  31  19  93  57  85  74  61  28  86  84  64  58  95  77  91  37  79  14  43  42  32  29  96  87  94  67  88  7  70  21  16  63  48  92  47  82  44  52  35  59  8  80  24  46  72  41  22  26  66  78  4  40  12  23  36  69  11  13  33  39  2  20  6  60  18  83  54  55  65  68  1  10  3  30  9  90  27  76  81  34  49
   5  55  91  9  46  45  28  59  81  96  75  95  70  78  36  13  6  35  62  50  18  29  90  49  87  24  71  32  58  86  67  63  65  56  69  85  88  16  60  4  34  68  73  79  26  44  89  3  51  41  92  74  31  25  20  82  52  12  64  40  37  21  8  17  15  19  38  10  80  23  72  39  1  42  77  66  2  14  83  54  61  84  30  22  47  27  48  33  11  76  93  94  57  43  7  53
   5  55  91  9  94  45  76  59  81  48  75  95  22  30  84  13  54  35  14  2  66  29  42  49  87  72  71  80  10  38  67  63  65  8  69  85  40  64  12  52  82  20  73  79  74  92  89  3  51  41  44  26  31  25  68  34  4  60  16  88  37  21  56  17  15  19  86  58  32  23  24  39  1  90  77  18  50  62  83  6  61  36  78  70  47  27  96  33  11  28  93  46  57  43  7  53
   5  62  51  31  74  64  37  32  67  16  82  8  41  4  69  2  83  1  90  49  45  73  71  85  84  91  42  94  21  47  59  72  78  36  39  18  68  9  34  53  17  75  57  86  77  43  87  70  92  35  46  66  23  33  60  65  30  81  15  89  56  93  28  95  14  96  7  48  52  24  26  12  13  6  55  3  76  50  38  25  19  61  58  79  29  88  63  44  80  22  40  11  20  54  10  27
   5  63  51  25  18  13  24  83  1  76  67  71  42  82  64  45  10  59  2  38  70  29  46  33  31  4  47  44  78  26  27  7  17  68  37  21  36  60  88  96  54  32  57  87  14  8  41  91  43  89  56  62  39  9  80  6  48  40  12  84  69  85  20  65  55  75  74  30  92  95  52  79  81  94  77  22  86  50  11  58  93  16  34  90  23  19  28  49  35  72  61  66  73  3  15  53
   5  63  51  25  66  13  72  83  1  28  67  71  90  34  16  45  58  59  50  86  22  29  94  33  31  52  47  92  30  74  27  7  17  20  37  21  84  12  40  48  6  80  57  87  62  56  41  91  43  89  8  14  39  9  32  54  96  88  60  36  69  85  68  65  55  75  26  78  44  95  4  79  81  46  77  70  38  2  11  10  93  64  82  42  23  19  76  49  35  24  61  18  73  3  15  53
   5  64  82  2  45  91  59  18  17  43  46  65  56  96  26  3  19  88  40  27  74  16  69  49  84  47  39  53  77  35  60  89  14  24  55  25  29  22  10  31  67  4  90  85  21  36  34  86  92  33  15  95  52  6  38  79  80  54  51  32  41  1  71  94  78  9  57  70  23  81  28  48  13  50  58  44  20  62  37  8  83  73  42  72  68  75  87  66  30  93  7  12  76  61  63  11
   5  65  69  24  21  79  57  62  30  2  26  47  29  86  51  81  83  12  59  88  77  31  15  1  13  72  63  43  74  89  90  6  78  44  87  64  56  49  55  36  80  70  37  93  45  3  39  22  92  32  28  73  76  18  40  35  67  95  71  50  68  11  46  16  14  85  38  9  20  66  82  96  84  25  34  54  23  8  7  91  19  53  10  33  41  48  42  61  17  27  60  4  52  94  58  75
   5  67  31  33  4  93  70  95  57  66  15  59  76  36  30  61  12  23  20  32  96  77  24  25  3  42  83  2  88  92  55  27  41  74  69  85  10  82  6  94  16  62  1  43  56  86  17  87  39  65  38  8  91  49  14  64  46  54  34  58  37  21  26  89  75  7  44  40  50  35  90  51  73  72  29  48  80  68  71  60  13  78  84  28  11  63  18  9  47  22  45  52  81  79  19  53
   5  67  31  33  52  93  22  95  57  18  15  59  28  84  78  61  60  23  68  80  48  77  72  25  3  90  83  50  40  44  55  27  41  26  69  85  58  34  54  46  64  14  1  43  8  38  17  87  39  65  86  56  91  49  62  16  94  6  82  10  37  21  74  89  75  7  92  88  2  35  42  51  73  24  29  96  32  20  71  12  13  30  36  76  11  63  66  9  47  70  45  4  81  79  19  53
   5  70  10  43  20  86  40  75  80  53  63  9  29  18  58  36  19  72  38  47  76  94  55  91  13  85  26  73  52  49  7  1  14  2  28  4  56  8  15  16  30  32  60  64  23  31  46  62  92  27  87  54  77  11  57  22  17  44  34  88  68  79  39  61  78  25  59  50  21  3  42  6  84  12  71  24  45  48  90  96  83  95  69  93  41  89  82  81  67  65  37  33  74  66  51  35
   5  75  58  94  52  4  60  27  17  61  42  48  41  33  10  53  19  91  7  8  23  54  34  25  84  96  82  66  20  9  38  85  14  16  46  11  68  50  71  95  67  35  40  18  76  73  28  32  92  22  39  3  45  93  37  70  80  36  55  49  56  64  87  44  78  6  90  89  74  43  63  72  13  1  15  31  77  88  59  12  83  81  51  86  29  47  26  2  30  62  57  79  21  24  69  65
   5  79  67  57  10  45  64  35  33  84  51  23  34  42  72  13  66  11  26  62  30  29  6  1  15  12  95  20  70  50  43  87  17  44  69  85  76  4  96  40  46  8  25  7  38  80  41  75  27  89  32  86  55  73  56  94  88  48  52  28  37  21  92  65  39  91  2  22  68  47  60  63  49  54  77  78  14  74  59  18  61  24  90  82  71  3  36  81  83  16  93  58  9  19  31  53
   5  79  67  57  58  45  16  35  33  36  51  23  82  90  24  13  18  11  74  14  78  29  54  1  15  60  95  68  22  2  43  87  17  92  69  85  28  52  48  88  94  56  25  7  86  32  41  75  27  89  80  38  55  73  8  46  40  96  4  76  37  21  44  65  39  91  50  70  20  47  12  63  49  6  77  30  62  26  59  66  61  72  42  34  71  3  84  81  83  64  93  10  9  19  31  53
   5  85  87  24  20  49  57  96  80  2  34  93  29  8  39  81  19  32  59  33  76  31  42  35  13  27  71  43  52  11  90  75  14  44  69  9  56  79  82  36  30  25  37  47  23  3  51  91  92  12  10  73  77  48  40  1  17  95  63  4  68  89  58  16  78  65  38  64  21  66  55  62  84  70  26  54  45  86  7  22  83  53  28  88  41  18  15  61  67  72  60  50  74  94  46  6
   5  86  63  36  76  85  7  4  30  31  87  22  68  25  42  24  83  89  37  35  20  53  58  47  13  49  28  16  23  27  57  88  78  3  71  96  41  65  51  43  80  18  38  91  52  2  15  64  92  11  34  61  21  12  90  93  67  66  10  75  29  72  55  73  14  8  60  62  77  44  39  50  84  48  69  81  74  70  40  9  19  94  26  1  56  32  46  54  17  79  59  6  45  95  82  33
   5  87  27  73  30  13  12  59  49  16  43  95  54  94  52  45  22  35  14  2  34  29  10  81  55  40  71  80  42  38  3  31  65  8  37  21  72  96  76  84  18  20  9  15  74  92  89  67  19  41  44  26  63  57  68  66  36  28  48  24  69  85  56  17  79  51  86  90  32  23  88  7  33  58  77  82  50  62  83  70  93  4  46  6  47  91  64  1  11  60  61  78  25  75  39  53
   5  87  27  73  78  13  60  59  49  64  43  95  6  46  4  45  70  35  62  50  82  29  58  81  55  88  71  32  90  86  3  31  65  56  37  21  24  48  28  36  66  68  9  15  26  44  89  67  19  41  92  74  63  57  20  18  84  76  96  72  69  85  8  17  79  51  38  42  80  23  40  7  33  10  77  34  2  14  83  22  93  52  94  54  47  91  16  1  11  12  61  30  25  75  39  53
   5  88  55  95  23  75  59  49  67  54  58  12  56  35  34  94  83  64  40  25  52  81  87  18  84  4  51  44  76  96  60  86  78  73  82  27  29  6  28  66  17  47  90  32  20  61  26  89  92  9  42  2  74  22  38  48  30  43  39  85  41  62  63  3  14  33  57  72  45  16  10  79  13  93  46  53  21  1  37  11  19  24  15  70  68  91  69  31  80  50  7  65  77  36  71  8
   5  89  71  61  77  32  7  47  80  66  69  6  68  27  15  73  19  86  37  96  21  44  46  4  13  18  10  81  45  25  57  64  14  94  63  35  41  12  39  54  30  49  38  75  74  95  42  88  92  8  26  36  20  65  90  50  17  31  28  91  29  70  82  24  78  11  60  1  76  53  51  93  84  79  87  16  52  72  40  33  83  3  34  62  56  85  58  43  67  48  59  22  23  2  55  9
   5  91  7  81  16  93  58  71  9  6  87  83  88  48  18  61  24  95  32  92  60  77  84  73  27  78  11  38  52  8  31  51  89  14  69  85  46  22  90  82  76  50  49  67  20  74  65  63  15  17  26  68  19  1  2  28  34  42  70  94  37  21  62  41  3  79  56  4  86  59  30  75  25  36  29  12  44  80  47  72  13  66  96  40  35  39  54  57  23  10  45  64  33  55  43  53
   5  91  7  81  64  93  10  71  9  54  87  83  40  96  66  61  72  95  80  44  12  77  36  73  27  30  11  86  4  56  31  51  89  62  69  85  94  70  42  34  28  2  49  67  68  26  65  63  15  17  74  20  19  1  50  76  82  90  22  46  37  21  14  41  3  79  8  52  38  59  78  75  25  84  29  60  92  32  47  24  13  18  48  88  35  39  6  57  23  58  45  16  33  55  43  53
   5  91  46  3  74  47  60  25  67  36  15  79  41  9  28  44  83  75  7  11  45  43  26  27  84  35  55  31  21  33  38  32  78  81  58  8  68  93  63  2  17  96  40  49  77  24  10  85  92  6  51  94  23  50  37  72  30  61  82  18  56  88  69  53  14  22  90  86  52  54  71  70  13  62  42  66  76  64  59  65  19  16  39  89  29  4  34  95  80  1  57  48  20  73  87  12
   5  93  42  44  23  1  38  86  67  24  39  27  56  91  63  66  83  50  57  32  52  36  10  89  84  88  46  2  76  75  37  48  78  54  15  85  29  35  69  3  17  64  7  72  20  81  71  79  92  4  55  53  74  96  59  11  30  73  58  70  41  6  34  31  14  47  40  65  45  61  87  8  13  9  51  95  21  22  60  49  19  43  82  12  68  62  28  94  80  33  90  25  77  16  26  18
   6  4  64  2  37  62  7  96  26  35  80  60  13  5  95  94  77  24  21  33  65  78  89  58  68  11  84  3  25  93  88  92  42  75  38  22  43  19  71  31  49  63  34  76  57  87  18  56  8  66  39  9  28  82  15  1  79  23  67  91  70  86  27  90  44  40  45  73  51  36  59  20  10  41  30  17  81  69  72  29  46  47  53  61  12  32  83  74  48  55  14  85  50  16  52  54
   6  4  64  2  85  62  55  96  26  83  80  60  61  53  47  94  29  24  69  81  17  78  41  58  68  59  84  51  73  45  88  92  42  27  38  22  91  67  23  79  1  15  34  76  9  39  18  56  8  66  87  57  28  82  63  49  31  71  19  43  70  86  75  90  44  40  93  25  3  36  11  20  10  89  30  65  33  21  72  77  46  95  5  13  12  32  35  74  48  7  14  37  50  16  52  54
   6  5  85  87  24  20  49  57  96  80  2  34  93  29  8  39  81  19  32  59  33  76  31  42  35  13  27  71  43  52  11  90  75  14  44  69  9  56  79  82  36  30  25  37  47  23  3  51  91  92  12  10  73  77  48  40  1  17  95  63  4  68  89  58  16  78  65  38  64  21  66  55  62  84  70  26  54  45  86  7  22  83  53  28  88  41  18  15  61  67  72  60  50  74  94  46
   6  7  89  23  43  34  72  84  1  82  31  20  88  38  12  14  81  46  86  68  47  71  2  67  62  40  79  76  24  28  65  92  75  39  94  45  4  37  27  80  61  55  48  56  33  87  53  78  91  90  8  74  54  63  25  13  96  15  66  77  9  59  85  83  16  51  11  29  50  26  95  30  35  57  18  21  73  69  32  5  22  58  3  52  93  60  70  17  36  42  49  41  64  10  44  19
   6  8  44  10  23  46  53  12  82  25  28  48  47  55  61  14  79  84  39  27  91  30  67  50  40  49  24  57  35  63  20  16  66  81  70  86  17  41  85  29  11  93  74  32  3  69  90  52  4  42  21  51  80  26  45  59  77  37  89  65  38  22  33  18  64  68  15  83  9  72  1  88  2  19  78  43  75  87  36  31  62  13  7  95  96  76  73  34  60  5  94  71  58  92  56  54
   6  8  44  10  71  46  5  12  82  73  28  48  95  7  13  14  31  84  87  75  43  30  19  50  40  1  24  9  83  15  20  16  66  33  70  86  65  89  37  77  59  45  74  32  51  21  90  52  4  42  69  3  80  26  93  11  29  85  41  17  38  22  81  18  64  68  63  35  57  72  49  88  2  67  78  91  27  39  36  79  62  61  55  47  96  76  25  34  60  53  94  23  58  92  56  54
   6  13  12  26  24  52  48  7  96  14  95  28  93  56  89  15  81  30  65  60  33  23  66  46  35  92  70  87  43  77  86  57  75  17  53  34  9  68  18  39  36  78  72  59  47  21  94  42  91  84  85  71  73  45  49  90  1  83  2  69  4  41  8  82  16  67  32  37  64  74  31  51  62  5  27  10  54  20  11  40  22  80  44  63  88  29  79  58  61  19  25  38  50  76  3  55
   6  16  4  26  43  14  1  36  2  53  20  24  67  11  41  46  35  12  27  63  95  30  71  34  80  77  96  21  7  51  76  56  18  45  38  22  13  37  65  73  79  9  58  40  39  81  42  44  92  90  33  87  88  10  57  31  25  17  85  61  70  86  93  66  8  28  3  55  69  48  29  32  82  23  78  47  15  75  60  83  94  89  59  19  72  68  5  50  84  49  62  91  74  52  64  54
   6  16  4  26  91  14  49  36  2  5  20  24  19  59  89  46  83  12  75  15  47  30  23  34  80  29  96  69  55  3  76  56  18  93  38  22  61  85  17  25  31  57  58  40  87  33  42  44  92  90  81  39  88  10  9  79  73  65  37  13  70  86  45  66  8  28  51  7  21  48  77  32  82  71  78  95  63  27  60  35  94  41  11  67  72  68  53  50  84  1  62  43  74  52  64  54
   6  19  44  10  64  41  49  42  36  17  70  60  93  52  3  58  22  5  32  69  73  21  18  57  35  30  95  26  50  29  11  51  16  83  85  59  9  77  66  15  96  13  25  63  54  74  8  90  91  78  53  87  33  56  48  55  61  80  27  37  4  45  94  39  75  92  65  28  24  76  79  40  62  67  2  71  47  68  86  46  81  14  12  38  88  20  31  82  1  84  72  34  43  23  89  7
   6  20  2  39  33  13  11  69  36  23  12  40  4  78  66  26  22  41  72  46  24  80  8  59  35  52  44  82  47  92  48  63  16  21  70  7  88  67  94  87  96  29  32  42  43  14  79  37  91  77  95  58  64  84  86  28  61  74  85  57  93  19  31  71  75  56  25  51  73  17  89  38  62  45  53  15  50  5  49  34  81  76  27  90  9  30  3  10  1  68  65  55  54  83  18  60
   6  20  80  34  29  94  47  48  58  43  64  12  5  61  7  62  37  72  45  57  25  78  49  26  52  19  36  75  17  21  8  76  42  51  70  86  83  59  79  71  41  39  2  92  81  63  18  40  88  66  15  33  44  50  87  89  23  31  11  35  38  22  3  90  28  56  69  65  27  84  67  4  74  1  30  73  9  93  24  85  14  55  13  53  60  16  91  10  96  95  46  77  82  32  68  54
   6  20  80  34  77  94  95  48  58  91  64  12  53  13  55  62  85  72  93  9  73  78  1  26  52  67  36  27  65  69  8  76  42  3  70  86  35  11  31  23  89  87  2  92  33  15  18  40  88  66  63  81  44  50  39  41  71  79  59  83  38  22  51  90  28  56  21  17  75  84  19  4  74  49  30  25  57  45  24  37  14  7  61  5  60  16  43  10  96  47  46  29  82  32  68  54
   6  28  66  17  47  90  32  20  61  26  89  92  9  42  2  74  22  38  48  30  43  39  85  41  62  63  3  14  33  57  72  45  16  10  79  13  93  46  53  21  1  37  11  19  24  15  70  68  91  69  31  80  50  7  65  77  36  71  8  5  88  55  95  23  75  59  49  67  54  58  12  56  35  34  94  83  64  40  25  52  81  87  18  84  4  51  44  76  96  60  86  78  73  82  27  29
   6  29  27  82  73  78  86  60  96  76  44  51  4  84  18  87  81  52  25  40  64  83  94  34  35  56  12  58  54  67  49  59  75  23  95  55  88  5  8  71  36  77  65  7  50  80  31  69  91  68  70  15  24  19  11  37  1  21  53  46  93  13  79  10  16  45  72  57  33  14  3  63  62  41  85  39  43  30  48  38  22  74  2  42  9  92  89  26  61  20  32  90  47  17  66  28
   6  30  53  71  64  29  48  46  36  83  27  38  93  77  94  82  22  13  65  34  73  74  79  7  35  78  2  10  50  56  86  42  16  80  12  60  9  45  31  58  96  92  72  69  54  76  89  57  91  67  44  26  33  68  49  51  61  14  70  59  4  20  3  15  75  84  32  63  24  23  18  90  62  19  95  87  47  41  11  55  81  17  85  37  88  52  66  39  1  5  25  28  43  21  8  40
   6  32  20  58  35  46  41  84  34  61  4  72  59  67  49  14  91  60  51  87  55  30  31  2  64  85  48  93  95  75  92  40  18  21  70  86  53  77  73  17  71  81  26  56  63  57  42  28  76  90  9  15  8  74  33  23  65  25  29  5  38  22  69  66  88  44  27  47  45  96  37  16  50  79  78  7  39  3  12  43  62  1  19  11  24  52  13  82  36  89  94  83  10  68  80  54
   6  32  20  58  83  46  89  84  34  13  4  72  11  19  1  14  43  60  3  39  7  30  79  2  64  37  48  45  47  27  92  40  18  69  70  86  5  29  25  65  23  33  26  56  15  9  42  28  76  90  57  63  8  74  81  71  17  73  77  53  38  22  21  66  88  44  75  95  93  96  85  16  50  31  78  55  87  51  12  91  62  49  67  59  24  52  61  82  36  41  94  35  10  68  80  54
   6  34  31  14  47  40  65  45  61  87  8  13  9  51  95  21  22  60  49  19  43  82  12  68  62  28  94  80  33  90  25  77  16  26  18  5  93  42  44  23  1  38  86  67  24  39  27  56  91  63  66  83  50  57  32  52  36  10  89  84  88  46  2  76  75  37  48  78  54  15  85  29  35  69  3  17  64  7  72  20  81  71  79  92  4  55  53  74  96  59  11  30  73  58  70  41
   6  37  18  14  54  42  65  29  1  87  3  67  9  7  27  21  81  63  49  92  50  82  53  52  62  59  89  80  73  46  25  41  75  26  31  78  93  40  85  23  61  69  86  13  64  39  95  20  91  60  79  83  43  55  32  68  96  10  94  30  88  90  70  76  16  34  48  5  47  15  44  45  35  38  8  17  24  51  72  56  22  71  66  19  4  57  12  74  36  28  11  84  33  58  2  77
   6  38  79  80  54  51  32  41  1  71  94  78  9  57  70  23  81  28  48  13  50  58  44  20  62  37  8  83  73  42  72  68  75  87  66  30  93  7  12  76  61  63  11  5  64  82  2  45  91  59  18  17  43  46  65  56  96  26  3  19  88  40  27  74  16  69  49  84  47  39  53  77  35  60  89  14  24  55  25  29  22  10  31  67  4  90  85  21  36  34  86  92  33  15  95  52
   6  40  8  21  43  28  25  5  1  39  66  52  88  37  85  17  81  55  11  41  47  87  95  19  62  90  18  23  24  63  32  84  75  15  3  20  4  59  70  14  61  51  49  68  33  26  44  67  91  57  89  76  54  69  72  92  96  58  31  45  9  60  12  80  16  42  86  56  50  10  2  78  35  7  79  74  73  34  65  13  22  82  94  77  93  38  27  83  36  46  48  29  64  71  53  30
   6  40  76  74  7  14  37  12  50  41  92  48  31  71  77  46  95  84  87  75  11  30  83  82  8  65  24  9  19  15  52  80  66  33  38  22  1  25  5  13  91  45  10  64  51  21  90  20  68  42  69  3  16  58  93  43  61  53  73  49  70  86  81  18  32  4  63  67  57  72  17  56  34  35  78  59  27  39  36  47  94  29  23  79  96  44  89  2  60  85  62  55  26  28  88  54
   6  40  76  74  55  14  85  12  50  89  92  48  79  23  29  46  47  84  39  27  59  30  35  82  8  17  24  57  67  63  52  80  66  81  38  22  49  73  53  61  43  93  10  64  3  69  90  20  68  42  21  51  16  58  45  91  13  5  25  1  70  86  33  18  32  4  15  19  9  72  65  56  34  83  78  11  75  87  36  95  94  77  71  31  96  44  41  2  60  37  62  7  26  28  88  54
   6  41  70  58  73  30  11  59  96  74  53  55  4  92  79  71  81  20  72  7  64  17  3  69  35  29  85  15  54  78  48  37  75  76  2  46  88  84  89  10  36  52  32  57  50  83  66  63  91  56  27  39  24  67  86  38  1  23  44  42  93  5  18  26  16  77  25  90  33  80  94  28  62  68  12  82  43  19  49  60  22  21  95  51  9  13  8  87  61  45  65  40  47  14  31  34
   6  42  3  21  50  59  25  78  61  39  79  68  88  34  44  17  22  57  11  77  54  87  27  92  62  46  31  23  64  60  32  30  16  15  8  56  4  28  2  14  1  7  49  52  73  26  85  13  91  55  94  76  47  38  72  19  36  58  18  29  9  63  53  80  75  40  86  20  43  10  70  5  35  51  66  74  33  37  65  67  81  82  89  41  93  69  95  83  96  90  48  45  24  71  12  84
   6  44  56  82  41  94  35  24  10  79  40  36  17  73  91  62  49  48  57  21  85  78  13  74  76  55  60  15  77  33  80  4  90  87  70  86  23  95  67  59  5  27  50  20  45  51  66  16  64  18  3  93  68  2  75  53  11  19  47  71  38  22  39  42  52  32  81  29  63  12  7  28  26  61  30  37  69  9  96  1  14  43  25  65  84  88  31  58  72  83  46  89  34  8  92  54
   6  44  56  82  89  94  83  24  10  31  40  36  65  25  43  62  1  48  9  69  37  78  61  74  76  7  60  63  29  81  80  4  90  39  70  86  71  47  19  11  53  75  50  20  93  3  66  16  64  18  51  45  68  2  27  5  59  67  95  23  38  22  87  42  52  32  33  77  15  12  55  28  26  13  30  85  21  57  96  49  14  91  73  17  84  88  79  58  72  35  46  41  34  8  92  54
   6  45  95  82  33  5  86  63  36  76  85  7  4  30  31  87  22  68  25  42  24  83  89  37  35  20  53  58  47  13  49  28  16  23  27  57  88  78  3  71  96  41  65  51  43  80  18  38  91  52  2  15  64  92  11  34  61  21  12  90  93  67  66  10  75  29  72  55  73  14  8  60  62  77  44  39  50  84  48  69  81  74  70  40  9  19  94  26  1  56  32  46  54  17  79  59
   6  52  16  2  13  62  31  48  26  59  32  12  85  77  23  94  53  72  93  9  41  78  65  58  20  35  36  27  1  69  40  44  42  3  38  22  67  43  95  55  25  87  34  28  33  15  18  8  56  66  63  81  76  82  39  73  7  47  91  19  70  86  51  90  92  88  21  49  75  84  83  68  10  17  30  89  57  45  24  5  46  71  29  37  60  80  11  74  96  79  14  61  50  64  4  54
   6  52  16  2  61  62  79  48  26  11  32  12  37  29  71  94  5  72  45  57  89  78  17  58  20  83  36  75  49  21  40  44  42  51  38  22  19  91  47  7  73  39  34  28  81  63  18  8  56  66  15  33  76  82  87  25  55  95  43  67  70  86  3  90  92  88  69  1  27  84  35  68  10  65  30  41  9  93  24  53  46  23  77  85  60  80  59  74  96  31  14  13  50  64  4  54
   6  52  95  15  33  92  86  34  36  21  85  90  4  67  31  10  22  29  25  55  24  14  89  60  35  77  53  39  47  84  49  69  16  74  27  40  88  19  3  26  96  56  65  46  43  17  18  59  91  45  2  82  64  5  11  63  61  76  12  7  93  30  66  87  75  68  72  42  73  83  8  37  62  20  44  58  50  13  48  28  81  23  70  57  9  78  94  71  1  41  32  51  54  80  79  38
   6  55  3  76  50  38  25  19  61  58  79  29  88  63  44  80  22  40  11  20  54  10  27  5  62  51  31  74  64  37  32  67  16  82  8  41  4  69  2  83  1  90  49  45  73  71  85  84  91  42  94  21  47  59  72  78  36  39  18  68  9  34  53  17  75  57  86  77  43  87  70  92  35  46  66  23  33  60  65  30  81  15  89  56  93  28  95  14  96  7  48  52  24  26  12  13
   6  56  70  39  73  67  11  38  96  23  53  42  4  5  79  26  81  77  72  90  64  80  3  28  35  68  85  82  54  19  48  60  75  21  2  51  88  13  89  87  36  45  32  40  50  14  66  34  91  41  27  58  24  30  86  59  1  74  44  55  93  92  18  71  16  20  25  7  33  17  94  69  62  29  12  15  43  78  49  37  22  76  95  46  9  84  8  10  61  52  65  57  47  83  31  63
   6  56  92  10  47  46  29  60  82  1  76  96  71  79  37  14  7  36  63  51  19  30  91  50  88  25  72  33  59  87  68  64  66  57  70  86  89  17  61  5  35  69  74  80  27  45  90  4  52  42  93  75  32  26  21  83  53  13  65  41  38  22  9  18  16  20  39  11  81  24  73  40  2  43  78  67  3  15  84  55  62  85  31  23  48  28  49  34  12  77  94  95  58  44  8  54
   6  56  92  10  95  46  77  60  82  49  76  96  23  31  85  14  55  36  15  3  67  30  43  50  88  73  72  81  11  39  68  64  66  9  70  86  41  65  13  53  83  21  74  80  75  93  90  4  52  42  45  27  32  26  69  35  5  61  17  89  38  22  57  18  16  20  87  59  33  24  25  40  2  91  78  19  51  63  84  7  62  37  79  71  48  28  1  34  12  29  94  47  58  44  8  54
   6  57  8  76  43  69  25  92  1  58  66  45  88  60  85  80  81  42  11  56  47  10  95  78  62  7  18  74  24  34  32  13  75  82  3  77  4  38  70  83  61  46  49  29  33  71  44  30  91  40  89  21  54  28  72  5  96  39  31  52  9  37  12  17  16  55  86  41  50  87  2  19  35  90  79  23  73  63  65  84  22  15  94  20  93  59  27  14  36  51  48  68  64  26  53  67
   6  59  79  17  54  46  32  56  1  26  94  19  9  40  70  74  81  69  48  84  50  39  44  77  62  60  8  14  73  55  72  29  75  10  66  67  93  90  12  21  61  34  11  92  64  15  2  52  91  38  18  80  43  51  65  41  96  71  3  78  88  57  27  23  16  28  49  13  47  58  53  20  35  37  89  83  24  42  25  68  22  87  31  30  4  7  85  76  36  63  86  5  33  82  95  45
   6  60  18  83  54  55  65  68  1  10  3  30  9  90  27  76  81  34  49  5  50  15  53  45  62  38  89  17  73  51  25  56  75  71  31  19  93  57  85  74  61  28  86  84  64  58  95  77  91  37  79  14  43  42  32  29  96  87  94  67  88  7  70  21  16  63  48  92  47  82  44  52  35  59  8  80  24  46  72  41  22  26  66  78  4  40  12  23  36  69  11  13  33  39  2  20
   6  63  31  83  47  57  65  52  61  10  8  84  9  46  95  76  22  37  49  78  43  15  12  29  62  69  94  17  33  7  25  20  16  71  18  92  93  55  44  74  1  59  86  30  24  58  27  41  91  34  66  14  50  40  32  45  36  87  89  13  88  51  2  21  75  60  48  19  54  82  85  68  35  28  3  80  64  90  72  77  81  26  79  5  4  42  53  23  96  38  11  67  73  39  70  56
   6  64  52  26  19  14  25  84  2  77  68  72  43  83  65  46  11  60  3  39  71  30  47  34  32  5  48  45  79  27  28  8  18  69  38  22  37  61  89  1  55  33  58  88  15  9  42  92  44  90  57  63  40  10  81  7  49  41  13  85  70  86  21  66  56  76  75  31  93  96  53  80  82  95  78  23  87  51  12  59  94  17  35  91  24  20  29  50  36  73  62  67  74  4  16  54
   6  64  52  26  67  14  73  84  2  29  68  72  91  35  17  46  59  60  51  87  23  30  95  34  32  53  48  93  31  75  28  8  18  21  38  22  85  13  41  49  7  81  58  88  63  57  42  92  44  90  9  15  40  10  33  55  1  89  61  37  70  86  69  66  56  76  27  79  45  96  5  80  82  47  78  71  39  3  12  11  94  65  83  43  24  20  77  50  36  25  62  19  74  4  16  54
   6  67  53  26  64  68  48  51  36  14  27  59  93  20  94  15  22  84  65  63  73  23  79  90  35  19  2  87  50  41  86  55  16  17  12  37  9  52  31  39  96  5  72  28  54  21  89  40  91  30  44  71  33  29  49  46  61  83  70  38  4  77  3  82  75  13  32  34  24  74  18  7  62  78  95  10  47  56  11  42  81  80  85  60  88  45  66  58  1  92  25  69  43  76  8  57
   6  68  27  15  73  19  86  37  96  21  44  46  4  13  18  10  81  45  25  57  64  14  94  63  35  41  12  39  54  30  49  38  75  74  95  42  88  92  8  26  36  20  65  90  50  17  31  28  91  29  70  82  24  78  11  60  1  76  53  51  93  84  79  87  16  52  72  40  33  83  3  34  62  56  85  58  43  67  48  59  22  23  2  55  9  5  89  71  61  77  32  7  47  80  66  69
   6  68  32  34  5  94  71  96  58  67  16  60  77  37  31  62  13  24  21  33  1  78  25  26  4  43  84  3  89  93  56  28  42  75  70  86  11  83  7  95  17  63  2  44  57  87  18  88  40  66  39  9  92  50  15  65  47  55  35  59  38  22  27  90  76  8  45  41  51  36  91  52  74  73  30  49  81  69  72  61  14  79  85  29  12  64  19  10  48  23  46  53  82  80  20  54
   6  68  32  34  53  94  23  96  58  19  16  60  29  85  79  62  61  24  69  81  49  78  73  26  4  91  84  51  41  45  56  28  42  27  70  86  59  35  55  47  65  15  2  44  9  39  18  88  40  66  87  57  92  50  63  17  95  7  83  11  38  22  75  90  76  8  93  89  3  36  43  52  74  25  30  1  33  21  72  13  14  31  37  77  12  64  67  10  48  71  46  5  82  80  20  54
   6  69  66  80  47  7  32  77  61  71  89  5  9  55  2  23  22  59  48  67  43  58  85  56  62  34  3  83  33  40  72  52  16  87  79  84  93  51  53  76  1  60  11  78  24  82  70  29  91  28  31  17  50  90  65  20  36  26  8  92  88  42  95  74  75  38  49  30  54  39  12  41  35  63  94  14  64  57  25  45  81  10  18  13  4  46  44  21  96  37  86  19  73  15  27  68
   6  76  88  50  25  62  19  24  74  95  8  36  1  89  11  94  65  48  9  69  5  78  29  10  44  71  60  63  61  81  16  68  90  39  38  22  7  79  83  43  85  75  82  52  93  3  66  80  32  18  51  45  4  34  27  37  91  35  31  55  70  86  87  42  20  64  33  13  15  12  23  92  58  77  30  53  21  57  96  17  46  59  41  49  84  56  47  26  72  67  14  73  2  40  28  54
   6  76  88  50  73  62  67  24  74  47  8  36  49  41  59  94  17  48  57  21  53  78  77  10  44  23  60  15  13  33  16  68  90  87  38  22  55  31  35  91  37  27  82  52  45  51  66  80  32  18  3  93  4  34  75  85  43  83  79  7  70  86  39  42  20  64  81  61  63  12  71  92  58  29  30  5  69  9  96  65  46  11  89  1  84  56  95  26  72  19  14  25  2  40  28  54
   6  77  2  58  33  84  11  28  36  74  12  57  4  19  66  71  22  56  72  51  24  17  8  38  35  45  44  15  47  5  48  34  16  76  70  90  88  30  94  10  96  68  32  55  43  83  79  60  91  20  95  39  64  13  86  69  61  23  85  40  93  78  31  26  75  41  25  46  73  80  89  59  62  52  53  82  50  92  49  63  81  21  27  7  9  67  3  87  1  29  65  42  54  14  18  37
   6  78  44  87  64  56  49  55  36  80  70  37  93  45  3  39  22  92  32  28  73  76  18  40  35  67  95  71  50  68  11  46  16  14  85  38  9  20  66  82  96  84  25  34  54  23  8  7  91  19  53  10  33  41  48  42  61  17  27  60  4  52  94  58  75  5  65  69  24  21  79  57  62  30  2  26  47  29  86  51  81  83  12  59  88  77  31  15  1  13  72  63  43  74  89  90
   6  80  68  58  11  46  65  36  34  85  52  24  35  43  73  14  67  12  27  63  31  30  7  2  16  13  96  21  71  51  44  88  18  45  70  86  77  5  1  41  47  9  26  8  39  81  42  76  28  90  33  87  56  74  57  95  89  49  53  29  38  22  93  66  40  92  3  23  69  48  61  64  50  55  78  79  15  75  60  19  62  25  91  83  72  4  37  82  84  17  94  59  10  20  32  54
   6  80  68  58  59  46  17  36  34  37  52  24  83  91  25  14  19  12  75  15  79  30  55  2  16  61  96  69  23  3  44  88  18  93  70  86  29  53  49  89  95  57  26  8  87  33  42  76  28  90  81  39  56  74  9  47  41  1  5  77  38  22  45  66  40  92  51  71  21  48  13  64  50  7  78  31  63  27  60  67  62  73  43  35  72  4  85  82  84  65  94  11  10  20  32  54
   6  84  12  71  24  45  48  90  96  83  95  69  93  41  89  82  81  67  65  37  33  74  66  51  35  5  70  10  43  20  86  40  75  80  53  63  9  29  18  58  36  19  72  38  47  76  94  55  91  13  85  26  73  52  49  7  1  14  2  28  4  56  8  15  16  30  32  60  64  23  31  46  62  92  27  87  54  77  11  57  22  17  44  34  88  68  79  39  61  78  25  59  50  21  3  42
   6  88  28  74  31  14  13  60  50  17  44  96  55  95  53  46  23  36  15  3  35  30  11  82  56  41  72  81  43  39  4  32  66  9  38  22  73  1  77  85  19  21  10  16  75  93  90  68  20  42  45  27  64  58  69  67  37  29  49  25  70  86  57  18  80  52  87  91  33  24  89  8  34  59  78  83  51  63  84  71  94  5  47  7  48  92  65  2  12  61  62  79  26  76  40  54
   6  88  28  74  79  14  61  60  50  65  44  96  7  47  5  46  71  36  63  51  83  30  59  82  56  89  72  33  91  87  4  32  66  57  38  22  25  49  29  37  67  69  10  16  27  45  90  68  20  42  93  75  64  58  21  19  85  77  1  73  70  86  9  18  80  52  39  43  81  24  41  8  34  11  78  35  3  15  84  23  94  53  95  55  48  92  17  2  12  13  62  31  26  76  40  54
   6  90  89  74  43  63  72  13  1  15  31  77  88  59  12  83  81  51  86  29  47  26  2  30  62  57  79  21  24  69  65  5  75  58  94  52  4  60  27  17  61  42  48  41  33  10  53  19  91  7  8  23  54  34  25  84  96  82  66  20  9  38  85  14  16  46  11  68  50  71  95  67  35  40  18  76  73  28  32  92  22  39  3  45  93  37  70  80  36  55  49  56  64  87  44  78
   6  92  8  82  17  94  59  72  10  7  88  84  89  49  19  62  25  96  33  93  61  78  85  74  28  79  12  39  53  9  32  52  90  15  70  86  47  23  91  83  77  51  50  68  21  75  66  64  16  18  27  69  20  2  3  29  35  43  71  95  38  22  63  42  4  80  57  5  87  60  31  76  26  37  30  13  45  81  48  73  14  67  1  41  36  40  55  58  24  11  46  65  34  56  44  54
   6  92  8  82  65  94  11  72  10  55  88  84  41  1  67  62  73  96  81  45  13  78  37  74  28  31  12  87  5  57  32  52  90  63  70  86  95  71  43  35  29  3  50  68  69  27  66  64  16  18  75  21  20  2  51  77  83  91  23  47  38  22  15  42  4  80  9  53  39  60  79  76  26  85  30  61  93  33  48  25  14  19  49  89  36  40  7  58  24  59  46  17  34  56  44  54
   6  92  85  10  24  77  49  40  96  17  2  63  93  68  8  58  81  78  32  38  33  21  31  55  35  84  27  26  43  45  11  7  75  83  44  28  9  41  79  15  36  67  25  60  47  74  3  46  91  5  12  87  73  20  48  57  1  80  95  34  4  29  89  39  16  19  65  59  64  76  66  42  62  13  70  71  54  52  86  90  22  14  53  69  88  56  18  82  61  30  72  37  50  23  94  51
   7  4  30  31  87  22  68  25  42  24  83  89  37  35  20  53  58  47  13  49  28  16  23  27  57  88  78  3  71  96  41  65  51  43  80  18  38  91  52  2  15  64  92  11  34  61  21  12  90  93  67  66  10  75  29  72  55  73  14  8  60  62  77  44  39  50  84  48  69  81  74  70  40  9  19  94  26  1  56  32  46  54  17  79  59  6  45  95  82  33  5  86  63  36  76  85
   7  5  65  3  38  63  8  1  27  36  81  61  14  6  96  95  78  25  22  34  66  79  90  59  69  12  85  4  26  94  89  93  43  76  39  23  44  20  72  32  50  64  35  77  58  88  19  57  9  67  40  10  29  83  16  2  80  24  68  92  71  87  28  91  45  41  46  74  52  37  60  21  11  42  31  18  82  70  73  30  47  48  54  62  13  33  84  75  49  56  15  86  51  17  53  55
   7  5  65  3  86  63  56  1  27  84  81  61  62  54  48  95  30  25  70  82  18  79  42  59  69  60  85  52  74  46  89  93  43  28  39  23  92  68  24  80  2  16  35  77  10  40  19  57  9  67  88  58  29  83  64  50  32  72  20  44  71  87  76  91  45  41  94  26  4  37  12  21  11  90  31  66  34  22  73  78  47  96  6  14  13  33  36  75  49  8  15  38  51  17  53  55
   7  6  19  44  10  64  41  49  42  36  17  70  60  93  52  3  58  22  5  32  69  73  21  18  57  35  30  95  26  50  29  11  51  16  83  85  59  9  77  66  15  96  13  25  63  54  74  8  90  91  78  53  87  33  56  48  55  61  80  27  37  4  45  94  39  75  92  65  28  24  76  79  40  62  67  2  71  47  68  86  46  81  14  12  38  88  20  31  82  1  84  72  34  43  23  89
   7  9  45  11  24  47  54  13  83  26  29  49  48  56  62  15  80  85  40  28  92  31  68  51  41  50  25  58  36  64  21  17  67  82  71  87  18  42  86  30  12  94  75  33  4  70  91  53  5  43  22  52  81  27  46  60  78  38  90  66  39  23  34  19  65  69  16  84  10  73  2  89  3  20  79  44  76  88  37  32  63  14  8  96  1  77  74  35  61  6  95  72  59  93  57  55
   7  9  45  11  72  47  6  13  83  74  29  49  96  8  14  15  32  85  88  76  44  31  20  51  41  2  25  10  84  16  21  17  67  34  71  87  66  90  38  78  60  46  75  33  52  22  91  53  5  43  70  4  81  27  94  12  30  86  42  18  39  23  82  19  65  69  64  36  58  73  50  89  3  68  79  92  28  40  37  80  63  62  56  48  1  77  26  35  61  54  95  24  59  93  57  55
   7  11  45  43  26  27  84  35  55  31  21  33  38  32  78  81  58  8  68  93  63  2  17  96  40  49  77  24  10  85  92  6  51  94  23  50  37  72  30  61  82  18  56  88  69  53  14  22  90  86  52  54  71  70  13  62  42  66  76  64  59  65  19  16  39  89  29  4  34  95  80  1  57  48  20  73  87  12  5  91  46  3  74  47  60  25  67  36  15  79  41  9  28  44  83  75
   7  17  5  27  44  15  2  37  3  54  21  25  68  12  42  47  36  13  28  64  96  31  72  35  81  78  1  22  8  52  77  57  19  46  39  23  14  38  66  74  80  10  59  41  40  82  43  45  93  91  34  88  89  11  58  32  26  18  86  62  71  87  94  67  9  29  4  56  70  49  30  33  83  24  79  48  16  76  61  84  95  90  60  20  73  69  6  51  85  50  63  92  75  53  65  55
   7  17  5  27  92  15  50  37  3  6  21  25  20  60  90  47  84  13  76  16  48  31  24  35  81  30  1  70  56  4  77  57  19  94  39  23  62  86  18  26  32  58  59  41  88  34  43  45  93  91  82  40  89  11  10  80  74  66  38  14  71  87  46  67  9  29  52  8  22  49  78  33  83  72  79  96  64  28  61  36  95  42  12  68  73  69  54  51  85  2  63  44  75  53  65  55
   7  18  74  24  34  32  13  75  82  3  77  4  38  70  83  61  46  49  29  33  71  44  30  91  40  89  21  54  28  72  5  96  39  31  52  9  37  12  17  16  55  86  41  50  87  2  19  35  90  79  23  73  63  65  84  22  15  94  20  93  59  27  14  36  51  48  68  64  26  53  67  6  57  8  76  43  69  25  92  1  58  66  45  88  60  85  80  81  42  11  56  47  10  95  78  62
   7  21  81  35  30  95  48  49  59  44  65  13  6  62  8  63  38  73  46  58  26  79  50  27  53  20  37  76  18  22  9  77  43  52  71  87  84  60  80  72  42  40  3  93  82  64  19  41  89  67  16  34  45  51  88  90  24  32  12  36  39  23  4  91  29  57  70  66  28  85  68  5  75  2  31  74  10  94  25  86  15  56  14  54  61  17  92  11  1  96  47  78  83  33  69  55
   7  22  83  53  28  88  41  18  15  61  67  72  60  50  74  94  46  6  5  85  87  24  20  49  57  96  80  2  34  93  29  8  39  81  19  32  59  33  76  31  42  35  13  27  71  43  52  11  90  75  14  44  69  9  56  79  82  36  30  25  37  47  23  3  51  91  92  12  10  73  77  48  40  1  17  95  63  4  68  89  58  16  78  65  38  64  21  66  55  62  84  70  26  54  45  86
   7  25  20  16  71  18  92  93  55  44  74  1  59  86  30  24  58  27  41  91  34  66  14  50  40  32  45  36  87  89  13  88  51  2  21  75  60  48  19  54  82  85  68  35  28  3  80  64  90  72  77  81  26  79  5  4  42  53  23  96  38  11  67  73  39  70  56  6  63  31  83  47  57  65  52  61  10  8  84  9  46  95  76  22  37  49  78  43  15  12  29  62  69  94  17  33
   7  29  41  51  2  63  44  73  75  24  57  85  74  66  36  95  42  1  82  46  78  79  6  11  93  96  13  88  38  58  65  21  91  64  39  23  32  8  12  68  62  4  83  5  70  28  67  33  81  19  76  22  53  35  52  14  20  60  56  80  71  87  16  43  69  17  10  86  40  61  48  45  59  54  31  30  94  34  49  90  47  84  18  26  37  9  72  27  25  92  15  50  3  89  77  55
   7  29  41  51  50  63  92  73  75  72  57  85  26  18  84  95  90  1  34  94  30  79  54  11  93  48  13  40  86  10  65  21  91  16  39  23  80  56  60  20  14  52  83  5  22  76  67  33  81  19  28  70  53  35  4  62  68  12  8  32  71  87  64  43  69  17  58  38  88  61  96  45  59  6  31  78  46  82  49  42  47  36  66  74  37  9  24  27  25  44  15  2  3  89  77  55
   7  32  77  61  71  89  5  9  55  2  23  22  59  48  67  43  58  85  56  62  34  3  83  33  40  72  52  16  87  79  84  93  51  53  76  1  60  11  78  24  82  70  29  91  28  31  17  50  90  65  20  36  26  8  92  88  42  95  74  75  38  49  30  54  39  12  41  35  63  94  14  64  57  25  45  81  10  18  13  4  46  44  21  96  37  86  19  73  15  27  68  6  69  66  80  47
   7  33  17  94  69  62  29  12  15  43  78  49  37  22  76  95  46  9  84  8  10  61  52  65  57  47  83  31  63  6  56  70  39  73  67  11  38  96  23  53  42  4  5  79  26  81  77  72  90  64  80  3  28  35  68  85  82  54  19  48  60  75  21  2  51  88  13  89  87  36  45  32  40  50  14  66  34  91  41  27  58  24  30  86  59  1  74  44  55  93  92  18  71  16  20  25
   7  33  21  59  36  47  42  85  35  62  5  73  60  68  50  15  92  61  52  88  56  31  32  3  65  86  49  94  96  76  93  41  19  22  71  87  54  78  74  18  72  82  27  57  64  58  43  29  77  91  10  16  9  75  34  24  66  26  30  6  39  23  70  67  89  45  28  48  46  1  38  17  51  80  79  8  40  4  13  44  63  2  20  12  25  53  14  83  37  90  95  84  11  69  81  55
   7  33  21  59  84  47  90  85  35  14  5  73  12  20  2  15  44  61  4  40  8  31  80  3  65  38  49  46  48  28  93  41  19  70  71  87  6  30  26  66  24  34  27  57  16  10  43  29  77  91  58  64  9  75  82  72  18  74  78  54  39  23  22  67  89  45  76  96  94  1  86  17  51  32  79  56  88  52  13  92  63  50  68  60  25  53  62  83  37  42  95  36  11  69  81  55
   7  35  78  2  10  50  56  86  42  16  80  12  60  9  45  31  58  96  92  72  69  54  76  89  57  91  67  44  26  33  68  49  51  61  14  70  59  4  20  3  15  75  84  32  63  24  23  18  90  62  19  95  87  47  41  11  55  81  17  85  37  88  52  66  39  1  5  25  28  43  21  8  40  6  30  53  71  64  29  48  46  36  83  27  38  93  77  94  82  22  13  65  34  73  74  79
   7  41  77  75  8  15  38  13  51  42  93  49  32  72  78  47  96  85  88  76  12  31  84  83  9  66  25  10  20  16  53  81  67  34  39  23  2  26  6  14  92  46  11  65  52  22  91  21  69  43  70  4  17  59  94  44  62  54  74  50  71  87  82  19  33  5  64  68  58  73  18  57  35  36  79  60  28  40  37  48  95  30  24  80  1  45  90  3  61  86  63  56  27  29  89  55
   7  41  77  75  56  15  86  13  51  90  93  49  80  24  30  47  48  85  40  28  60  31  36  83  9  18  25  58  68  64  53  81  67  82  39  23  50  74  54  62  44  94  11  65  4  70  91  21  69  43  22  52  17  59  46  92  14  6  26  2  71  87  34  19  33  5  16  20  10  73  66  57  35  84  79  12  76  88  37  96  95  78  72  32  1  45  42  3  61  38  63  8  27  29  89  55
   7  45  57  83  42  95  36  25  11  80  41  37  18  74  92  63  50  49  58  22  86  79  14  75  77  56  61  16  78  34  81  5  91  88  71  87  24  96  68  60  6  28  51  21  46  52  67  17  65  19  4  94  69  3  76  54  12  20  48  72  39  23  40  43  53  33  82  30  64  13  8  29  27  62  31  38  70  10  1  2  15  44  26  66  85  89  32  59  73  84  47  90  35  9  93  55
   7  45  57  83  90  95  84  25  11  32  41  37  66  26  44  63  2  49  10  70  38  79  62  75  77  8  61  64  30  82  81  5  91  40  71  87  72  48  20  12  54  76  51  21  94  4  67  17  65  19  52  46  69  3  28  6  60  68  96  24  39  23  88  43  53  33  34  78  16  13  56  29  27  14  31  86  22  58  1  50  15  92  74  18  85  89  80  59  73  36  47  42  35  9  93  55
   7  47  80  66  69  6  68  27  15  73  19  86  37  96  21  44  46  4  13  18  10  81  45  25  57  64  14  94  63  35  41  12  39  54  30  49  38  75  74  95  42  88  92  8  26  36  20  65  90  50  17  31  28  91  29  70  82  24  78  11  60  1  76  53  51  93  84  79  87  16  52  72  40  33  83  3  34  62  56  85  58  43  67  48  59  22  23  2  55  9  5  89  71  61  77  32
   7  50  80  31  69  91  68  70  15  24  19  11  37  1  21  53  46  93  13  79  10  16  45  72  57  33  14  3  63  62  41  85  39  43  30  48  38  22  74  2  42  9  92  89  26  61  20  32  90  47  17  66  28  6  29  27  82  73  78  86  60  96  76  44  51  4  84  18  87  81  52  25  40  64  83  94  34  35  56  12  58  54  67  49  59  75  23  95  55  88  5  8  71  36  77  65
   7  53  17  3  14  63  32  49  27  60  33  13  86  78  24  95  54  73  94  10  42  79  66  59  21  36  37  28  2  70  41  45  43  4  39  23  68  44  96  56  26  88  35  29  34  16  19  9  57  67  64  82  77  83  40  74  8  48  92  20  71  87  52  91  93  89  22  50  76  85  84  69  11  18  31  90  58  46  25  6  47  72  30  38  61  81  12  75  1  80  15  62  51  65  5  55
   7  53  17  3  62  63  80  49  27  12  33  13  38  30  72  95  6  73  46  58  90  79  18  59  21  84  37  76  50  22  41  45  43  52  39  23  20  92  48  8  74  40  35  29  82  64  19  9  57  67  16  34  77  83  88  26  56  96  44  68  71  87  4  91  93  89  70  2  28  85  36  69  11  66  31  42  10  94  25  54  47  24  78  86  61  81  60  75  1  32  15  14  51  65  5  55
   7  62  78  95  10  47  56  11  42  81  80  85  60  88  45  66  58  1  92  25  69  43  76  8  57  6  67  53  26  64  68  48  51  36  14  27  59  93  20  94  15  22  84  65  63  73  23  79  90  35  19  2  87  50  41  86  55  16  17  12  37  9  52  31  39  96  5  72  28  54  21  89  40  91  30  44  71  33  29  49  46  61  83  70  38  4  77  3  82  75  13  32  34  24  74  18
   7  64  17  3  69  35  29  85  15  54  78  48  37  75  76  2  46  88  84  89  10  36  52  32  57  50  83  66  63  91  56  27  39  24  67  86  38  1  23  44  42  93  5  18  26  16  77  25  90  33  80  94  28  62  68  12  82  43  19  49  60  22  21  95  51  9  13  8  87  61  45  65  40  47  14  31  34  6  41  70  58  73  30  11  59  96  74  53  55  4  92  79  71  81  20  72
   7  65  53  27  20  15  26  85  3  78  69  73  44  84  66  47  12  61  4  40  72  31  48  35  33  6  49  46  80  28  29  9  19  70  39  23  38  62  90  2  56  34  59  89  16  10  43  93  45  91  58  64  41  11  82  8  50  42  14  86  71  87  22  67  57  77  76  32  94  1  54  81  83  96  79  24  88  52  13  60  95  18  36  92  25  21  30  51  37  74  63  68  75  5  17  55
   7  65  53  27  68  15  74  85  3  30  69  73  92  36  18  47  60  61  52  88  24  31  96  35  33  54  49  94  32  76  29  9  19  22  39  23  86  14  42  50  8  82  59  89  64  58  43  93  45  91  10  16  41  11  34  56  2  90  62  38  71  87  70  67  57  77  28  80  46  1  6  81  83  48  79  72  40  4  13  12  95  66  84  44  25  21  78  51  37  26  63  20  75  5  17  55
   7  65  77  36  71  8  5  88  55  95  23  75  59  49  67  54  58  12  56  35  34  94  83  64  40  25  52  81  87  18  84  4  51  44  76  96  60  86  78  73  82  27  29  6  28  66  17  47  90  32  20  61  26  89  92  9  42  2  74  22  38  48  30  43  39  85  41  62  63  3  14  33  57  72  45  16  10  79  13  93  46  53  21  1  37  11  19  24  15  70  68  91  69  31  80  50
   7  69  33  35  6  95  72  1  59  68  17  61  78  38  32  63  14  25  22  34  2  79  26  27  5  44  85  4  90  94  57  29  43  76  71  87  12  84  8  96  18  64  3  45  58  88  19  89  41  67  40  10  93  51  16  66  48  56  36  60  39  23  28  91  77  9  46  42  52  37  92  53  75  74  31  50  82  70  73  62  15  80  86  30  13  65  20  11  49  24  47  54  83  81  21  55
   7  69  33  35  54  95  24  1  59  20  17  61  30  86  80  63  62  25  70  82  50  79  74  27  5  92  85  52  42  46  57  29  43  28  71  87  60  36  56  48  66  16  3  45  10  40  19  89  41  67  88  58  93  51  64  18  96  8  84  12  39  23  76  91  77  9  94  90  4  37  44  53  75  26  31  2  34  22  73  14  15  32  38  78  13  65  68  11  49  72  47  6  83  81  21  55
   7  72  20  81  71  79  92  4  55  53  74  96  59  11  30  73  58  70  41  6  34  31  14  47  40  65  45  61  87  8  13  9  51  95  21  22  60  49  19  43  82  12  68  62  28  94  80  33  90  25  77  16  26  18  5  93  42  44  23  1  38  86  67  24  39  27  56  91  63  66  83  50  57  32  52  36  10  89  84  88  46  2  76  75  37  48  78  54  15  85  29  35  69  3  17  64
   7  75  83  44  28  9  41  79  15  36  67  25  60  47  74  3  46  91  5  12  87  73  20  48  57  1  80  95  34  4  29  89  39  16  19  65  59  64  76  66  42  62  13  70  71  54  52  86  90  22  14  53  69  88  56  18  82  61  30  72  37  50  23  94  51  6  92  85  10  24  77  49  40  96  17  2  63  93  68  8  58  81  78  32  38  33  21  31  55  35  84  27  26  43  45  11
   7  77  89  51  26  63  20  25  75  96  9  37  2  90  12  95  66  49  10  70  6  79  30  11  45  72  61  64  62  82  17  69  91  40  39  23  8  80  84  44  86  76  83  53  94  4  67  81  33  19  52  46  5  35  28  38  92  36  32  56  71  87  88  43  21  65  34  14  16  13  24  93  59  78  31  54  22  58  1  18  47  60  42  50  85  57  48  27  73  68  15  74  3  41  29  55
   7  77  89  51  74  63  68  25  75  48  9  37  50  42  60  95  18  49  58  22  54  79  78  11  45  24  61  16  14  34  17  69  91  88  39  23  56  32  36  92  38  28  83  53  46  52  67  81  33  19  4  94  5  35  76  86  44  84  80  8  71  87  40  43  21  65  82  62  64  13  72  93  59  30  31  6  70  10  1  66  47  12  90  2  85  57  96  27  73  20  15  26  3  41  29  55
   7  79  74  73  34  65  13  22  82  94  77  93  38  27  83  36  46  48  29  64  71  53  30  6  40  8  21  43  28  25  5  1  39  66  52  88  37  85  17  81  55  11  41  47  87  95  19  62  90  18  23  24  63  32  84  75  15  3  20  4  59  70  14  61  51  49  68  33  26  44  67  91  57  89  76  54  69  72  92  96  58  31  45  9  60  12  80  16  42  86  56  50  10  2  78  35
   7  81  69  59  12  47  66  37  35  86  53  25  36  44  74  15  68  13  28  64  32  31  8  3  17  14  1  22  72  52  45  89  19  46  71  87  78  6  2  42  48  10  27  9  40  82  43  77  29  91  34  88  57  75  58  96  90  50  54  30  39  23  94  67  41  93  4  24  70  49  62  65  51  56  79  80  16  76  61  20  63  26  92  84  73  5  38  83  85  18  95  60  11  21  33  55
   7  81  69  59  60  47  18  37  35  38  53  25  84  92  26  15  20  13  76  16  80  31  56  3  17  62  1  70  24  4  45  89  19  94  71  87  30  54  50  90  96  58  27  9  88  34  43  77  29  91  82  40  57  75  10  48  42  2  6  78  39  23  46  67  41  93  52  72  22  49  14  65  51  8  79  32  64  28  61  68  63  74  44  36  73  5  86  83  85  66  95  12  11  21  33  55
   7  86  45  54  26  70  84  62  55  66  21  64  38  65  78  16  58  89  68  4  63  95  17  1  40  48  77  73  10  12  92  91  51  3  23  47  37  25  30  36  82  79  56  9  69  44  14  75  90  11  52  43  71  27  13  35  42  31  76  33  59  32  19  81  39  8  29  93  34  2  80  96  57  49  20  24  87  85  5  6  46  94  74  50  60  72  67  61  15  18  41  88  28  53  83  22
   7  89  29  75  32  15  14  61  51  18  45  1  56  96  54  47  24  37  16  4  36  31  12  83  57  42  73  82  44  40  5  33  67  10  39  23  74  2  78  86  20  22  11  17  76  94  91  69  21  43  46  28  65  59  70  68  38  30  50  26  71  87  58  19  81  53  88  92  34  25  90  9  35  60  79  84  52  64  85  72  95  6  48  8  49  93  66  3  13  62  63  80  27  77  41  55
   7  89  29  75  80  15  62  61  51  66  45  1  8  48  6  47  72  37  64  52  84  31  60  83  57  90  73  34  92  88  5  33  67  58  39  23  26  50  30  38  68  70  11  17  28  46  91  69  21  43  94  76  65  59  22  20  86  78  2  74  71  87  10  19  81  53  40  44  82  25  42  9  35  12  79  36  4  16  85  24  95  54  96  56  49  93  18  3  13  14  63  32  27  77  41  55
   7  93  9  83  18  95  60  73  11  8  89  85  90  50  20  63  26  1  34  94  62  79  86  75  29  80  13  40  54  10  33  53  91  16  71  87  48  24  92  84  78  52  51  69  22  76  67  65  17  19  28  70  21  3  4  30  36  44  72  96  39  23  64  43  5  81  58  6  88  61  32  77  27  38  31  14  46  82  49  74  15  68  2  42  37  41  56  59  25  12  47  66  35  57  45  55
   7  93  9  83  66  95  12  73  11  56  89  85  42  2  68  63  74  1  82  46  14  79  38  75  29  32  13  88  6  58  33  53  91  64  71  87  96  72  44  36  30  4  51  69  70  28  67  65  17  19  76  22  21  3  52  78  84  92  24  48  39  23  16  43  5  81  10  54  40  61  80  77  27  86  31  62  94  34  49  26  15  20  50  90  37  41  8  59  25  60  47  18  35  57  45  55
   7  93  30  66  87  75  68  72  42  73  83  8  37  62  20  44  58  50  13  48  28  81  23  70  57  9  78  94  71  1  41  32  51  54  80  79  38  6  52  95  15  33  92  86  34  36  21  85  90  4  67  31  10  22  29  25  55  24  14  89  60  35  77  53  39  47  84  49  69  16  74  27  40  88  19  3  26  96  56  65  46  43  17  18  59  91  45  2  82  64  5  11  63  61  76  12
   8  5  88  55  95  23  75  59  49  67  54  58  12  56  35  34  94  83  64  40  25  52  81  87  18  84  4  51  44  76  96  60  86  78  73  82  27  29  6  28  66  17  47  90  32  20  61  26  89  92  9  42  2  74  22  38  48  30  43  39  85  41  62  63  3  14  33  57  72  45  16  10  79  13  93  46  53  21  1  37  11  19  24  15  70  68  91  69  31  80  50  7  65  77  36  71
   8  6  66  4  39  64  9  2  28  37  82  62  15  7  1  96  79  26  23  35  67  80  91  60  70  13  86  5  27  95  90  94  44  77  40  24  45  21  73  33  51  65  36  78  59  89  20  58  10  68  41  11  30  84  17  3  81  25  69  93  72  88  29  92  46  42  47  75  53  38  61  22  12  43  32  19  83  71  74  31  48  49  55  63  14  34  85  76  50  57  16  87  52  18  54  56
   8  6  66  4  87  64  57  2  28  85  82  62  63  55  49  96  31  26  71  83  19  80  43  60  70  61  86  53  75  47  90  94  44  29  40  24  93  69  25  81  3  17  36  78  11  41  20  58  10  68  89  59  30  84  65  51  33  73  21  45  72  88  77  92  46  42  95  27  5  38  13  22  12  91  32  67  35  23  74  79  48  1  7  15  14  34  37  76  50  9  16  39  52  18  54  56
   8  10  61  52  65  57  47  83  31  63  6  56  70  39  73  67  11  38  96  23  53  42  4  5  79  26  81  77  72  90  64  80  3  28  35  68  85  82  54  19  48  60  75  21  2  51  88  13  89  87  36  45  32  40  50  14  66  34  91  41  27  58  24  30  86  59  1  74  44  55  93  92  18  71  16  20  25  7  33  17  94  69  62  29  12  15  43  78  49  37  22  76  95  46  9  84
   8  13  9  51  95  21  22  60  49  19  43  82  12  68  62  28  94  80  33  90  25  77  16  26  18  5  93  42  44  23  1  38  86  67  24  39  27  56  91  63  66  83  50  57  32  52  36  10  89  84  88  46  2  76  75  37  48  78  54  15  85  29  35  69  3  17  64  7  72  20  81  71  79  92  4  55  53  74  96  59  11  30  73  58  70  41  6  34  31  14  47  40  65  45  61  87
   8  14  73  55  72  29  75  10  66  67  93  90  12  21  61  34  11  92  64  15  2  52  91  38  18  80  43  51  65  41  96  71  3  78  88  57  27  23  16  28  49  13  47  58  53  20  35  37  89  83  24  42  25  68  22  87  31  30  4  7  85  76  36  63  86  5  33  82  95  45  6  59  79  17  54  46  32  56  1  26  94  19  9  40  70  74  81  69  48  84  50  39  44  77  62  60
   8  17  24  51  72  56  22  71  66  19  4  57  12  74  36  28  11  84  33  58  2  77  6  37  18  14  54  42  65  29  1  87  3  67  9  7  27  21  81  63  49  92  50  82  53  52  62  59  89  80  73  46  25  41  75  26  31  78  93  40  85  23  61  69  86  13  64  39  95  20  91  60  79  83  43  55  32  68  96  10  94  30  88  90  70  76  16  34  48  5  47  15  44  45  35  38
   8  18  6  28  45  16  3  38  4  55  22  26  69  13  43  48  37  14  29  65  1  32  73  36  82  79  2  23  9  53  78  58  20  47  40  24  15  39  67  75  81  11  60  42  41  83  44  46  94  92  35  89  90  12  59  33  27  19  87  63  72  88  95  68  10  30  5  57  71  50  31  34  84  25  80  49  17  77  62  85  96  91  61  21  74  70  7  52  86  51  64  93  76  54  66  56
   8  18  6  28  93  16  51  38  4  7  22  26  21  61  91  48  85  14  77  17  49  32  25  36  82  31  2  71  57  5  78  58  20  95  40  24  63  87  19  27  33  59  60  42  89  35  44  46  94  92  83  41  90  12  11  81  75  67  39  15  72  88  47  68  10  30  53  9  23  50  79  34  84  73  80  1  65  29  62  37  96  43  13  69  74  70  55  52  86  3  64  45  76  54  66  56
   8  30  42  52  3  64  45  74  76  25  58  86  75  67  37  96  43  2  83  47  79  80  7  12  94  1  14  89  39  59  66  22  92  65  40  24  33  9  13  69  63  5  84  6  71  29  68  34  82  20  77  23  54  36  53  15  21  61  57  81  72  88  17  44  70  18  11  87  41  62  49  46  60  55  32  31  95  35  50  91  48  85  19  27  38  10  73  28  26  93  16  51  4  90  78  56
   8  30  42  52  51  64  93  74  76  73  58  86  27  19  85  96  91  2  35  95  31  80  55  12  94  49  14  41  87  11  66  22  92  17  40  24  81  57  61  21  15  53  84  6  23  77  68  34  82  20  29  71  54  36  5  63  69  13  9  33  72  88  65  44  70  18  59  39  89  62  1  46  60  7  32  79  47  83  50  43  48  37  67  75  38  10  25  28  26  45  16  3  4  90  78  56
   8  37  62  20  44  58  50  13  48  28  81  23  70  57  9  78  94  71  1  41  32  51  54  80  79  38  6  52  95  15  33  92  86  34  36  21  85  90  4  67  31  10  22  29  25  55  24  14  89  60  35  77  53  39  47  84  49  69  16  74  27  40  88  19  3  26  96  56  65  46  43  17  18  59  91  45  2  82  64  5  11  63  61  76  12  7  93  30  66  87  75  68  72  42  73  83
   8  38  35  45  44  15  47  5  48  34  16  76  70  90  88  30  94  10  96  68  32  55  43  83  79  60  91  20  95  39  64  13  86  69  61  23  85  40  93  78  31  26  75  41  25  46  73  80  89  59  62  52  53  82  50  92  49  63  81  21  27  7  9  67  3  87  1  29  65  42  54  14  18  37  6  77  2  58  33  84  11  28  36  74  12  57  4  19  66  71  22  56  72  51  24  17
   8  42  78  76  9  16  39  14  52  43  94  50  33  73  79  48  1  86  89  77  13  32  85  84  10  67  26  11  21  17  54  82  68  35  40  24  3  27  7  15  93  47  12  66  53  23  92  22  70  44  71  5  18  60  95  45  63  55  75  51  72  88  83  20  34  6  65  69  59  74  19  58  36  37  80  61  29  41  38  49  96  31  25  81  2  46  91  4  62  87  64  57  28  30  90  56
   8  42  78  76  57  16  87  14  52  91  94  50  81  25  31  48  49  86  41  29  61  32  37  84  10  19  26  59  69  65  54  82  68  83  40  24  51  75  55  63  45  95  12  66  5  71  92  22  70  44  23  53  18  60  47  93  15  7  27  3  72  88  35  20  34  6  17  21  11  74  67  58  36  85  80  13  77  89  38  1  96  79  73  33  2  46  43  4  62  39  64  9  28  30  90  56
   8  54  18  4  15  64  33  50  28  61  34  14  87  79  25  96  55  74  95  11  43  80  67  60  22  37  38  29  3  71  42  46  44  5  40  24  69  45  1  57  27  89  36  30  35  17  20  10  58  68  65  83  78  84  41  75  9  49  93  21  72  88  53  92  94  90  23  51  77  86  85  70  12  19  32  91  59  47  26  7  48  73  31  39  62  82  13  76  2  81  16  63  52  66  6  56
   8  54  18  4  63  64  81  50  28  13  34  14  39  31  73  96  7  74  47  59  91  80  19  60  22  85  38  77  51  23  42  46  44  53  40  24  21  93  49  9  75  41  36  30  83  65  20  10  58  68  17  35  78  84  89  27  57  1  45  69  72  88  5  92  94  90  71  3  29  86  37  70  12  67  32  43  11  95  26  55  48  25  79  87  62  82  61  76  2  33  16  15  52  66  6  56
   8  59  35  52  44  82  47  92  48  63  16  21  70  7  88  67  94  87  96  29  32  42  43  14  79  37  91  77  95  58  64  84  86  28  61  74  85  57  93  19  31  71  75  56  25  51  73  17  89  38  62  45  53  15  50  5  49  34  81  76  27  90  9  30  3  10  1  68  65  55  54  83  18  60  6  20  2  39  33  13  11  69  36  23  12  40  4  78  66  26  22  41  72  46  24  80
   8  60  62  77  44  39  50  84  48  69  81  74  70  40  9  19  94  26  1  56  32  46  54  17  79  59  6  45  95  82  33  5  86  63  36  76  85  7  4  30  31  87  22  68  25  42  24  83  89  37  35  20  53  58  47  13  49  28  16  23  27  57  88  78  3  71  96  41  65  51  43  80  18  38  91  52  2  15  64  92  11  34  61  21  12  90  93  67  66  10  75  29  72  55  73  14
   8  66  54  28  21  16  27  86  4  79  70  74  45  85  67  48  13  62  5  41  73  32  49  36  34  7  50  47  81  29  30  10  20  71  40  24  39  63  91  3  57  35  60  90  17  11  44  94  46  92  59  65  42  12  83  9  51  43  15  87  72  88  23  68  58  78  77  33  95  2  55  82  84  1  80  25  89  53  14  61  96  19  37  93  26  22  31  52  38  75  64  69  76  6  18  56
   8  66  54  28  69  16  75  86  4  31  70  74  93  37  19  48  61  62  53  89  25  32  1  36  34  55  50  95  33  77  30  10  20  23  40  24  87  15  43  51  9  83  60  90  65  59  44  94  46  92  11  17  42  12  35  57  3  91  63  39  72  88  71  68  58  78  29  81  47  2  7  82  84  49  80  73  41  5  14  13  96  67  85  45  26  22  79  52  38  27  64  21  76  6  18  56
   8  78  90  52  27  64  21  26  76  1  10  38  3  91  13  96  67  50  11  71  7  80  31  12  46  73  62  65  63  83  18  70  92  41  40  24  9  81  85  45  87  77  84  54  95  5  68  82  34  20  53  47  6  36  29  39  93  37  33  57  72  88  89  44  22  66  35  15  17  14  25  94  60  79  32  55  23  59  2  19  48  61  43  51  86  58  49  28  74  69  16  75  4  42  30  56
   8  78  90  52  75  64  69  26  76  49  10  38  51  43  61  96  19  50  59  23  55  80  79  12  46  25  62  17  15  35  18  70  92  89  40  24  57  33  37  93  39  29  84  54  47  53  68  82  34  20  5  95  6  36  77  87  45  85  81  9  72  88  41  44  22  66  83  63  65  14  73  94  60  31  32  7  71  11  2  67  48  13  91  3  86  58  1  28  74  21  16  27  4  42  30  56
   8  80  24  46  72  41  22  26  66  78  4  40  12  23  36  69  11  13  33  39  2  20  6  60  18  83  54  55  65  68  1  10  3  30  9  90  27  76  81  34  49  5  50  15  53  45  62  38  89  17  73  51  25  56  75  71  31  19  93  57  85  74  61  28  86  84  64  58  95  77  91  37  79  14  43  42  32  29  96  87  94  67  88  7  70  21  16  63  48  92  47  82  44  52  35  59
   8  83  73  42  72  68  75  87  66  30  93  7  12  76  61  63  11  5  64  82  2  45  91  59  18  17  43  46  65  56  96  26  3  19  88  40  27  74  16  69  49  84  47  39  53  77  35  60  89  14  24  55  25  29  22  10  31  67  4  90  85  21  36  34  86  92  33  15  95  52  6  38  79  80  54  51  32  41  1  71  94  78  9  57  70  23  81  28  48  13  50  58  44  20  62  37
   8  84  9  46  95  76  22  37  49  78  43  15  12  29  62  69  94  17  33  7  25  20  16  71  18  92  93  55  44  74  1  59  86  30  24  58  27  41  91  34  66  14  50  40  32  45  36  87  89  13  88  51  2  21  75  60  48  19  54  82  85  68  35  28  3  80  64  90  72  77  81  26  79  5  4  42  53  23  96  38  11  67  73  39  70  56  6  63  31  83  47  57  65  52  61  10
   8  87  61  45  65  40  47  14  31  34  6  41  70  58  73  30  11  59  96  74  53  55  4  92  79  71  81  20  72  7  64  17  3  69  35  29  85  15  54  78  48  37  75  76  2  46  88  84  89  10  36  52  32  57  50  83  66  63  91  56  27  39  24  67  86  38  1  23  44  42  93  5  18  26  16  77  25  90  33  80  94  28  62  68  12  82  43  19  49  60  22  21  95  51  9  13
   8  90  30  76  33  16  15  62  52  19  46  2  57  1  55  48  25  38  17  5  37  32  13  84  58  43  74  83  45  41  6  34  68  11  40  24  75  3  79  87  21  23  12  18  77  95  92  70  22  44  47  29  66  60  71  69  39  31  51  27  72  88  59  20  82  54  89  93  35  26  91  10  36  61  80  85  53  65  86  73  96  7  49  9  50  94  67  4  14  63  64  81  28  78  42  56
   8  90  30  76  81  16  63  62  52  67  46  2  9  49  7  48  73  38  65  53  85  32  61  84  58  91  74  35  93  89  6  34  68  59  40  24  27  51  31  39  69  71  12  18  29  47  92  70  22  44  95  77  66  60  23  21  87  79  3  75  72  88  11  20  82  54  41  45  83  26  43  10  36  13  80  37  5  17  86  25  96  55  1  57  50  94  19  4  14  15  64  33  28  78  42  56
   8  92  88  42  95  74  75  38  49  30  54  39  12  41  35  63  94  14  64  57  25  45  81  10  18  13  4  46  44  21  96  37  86  19  73  15  27  68  6  69  66  80  47  7  32  77  61  71  89  5  9  55  2  23  22  59  48  67  43  58  85  56  62  34  3  83  33  40  72  52  16  87  79  84  93  51  53  76  1  60  11  78  24  82  70  29  91  28  31  17  50  90  65  20  36  26
   9  5  89  71  61  77  32  7  47  80  66  69  6  68  27  15  73  19  86  37  96  21  44  46  4  13  18  10  81  45  25  57  64  14  94  63  35  41  12  39  54  30  49  38  75  74  95  42  88  92  8  26  36  20  65  90  50  17  31  28  91  29  70  82  24  78  11  60  1  76  53  51  93  84  79  87  16  52  72  40  33  83  3  34  62  56  85  58  43  67  48  59  22  23  2  55
   9  7  67  5  40  65  10  3  29  38  83  63  16  8  2  1  80  27  24  36  68  81  92  61  71  14  87  6  28  96  91  95  45  78  41  25  46  22  74  34  52  66  37  79  60  90  21  59  11  69  42  12  31  85  18  4  82  26  70  94  73  89  30  93  47  43  48  76  54  39  62  23  13  44  33  20  84  72  75  32  49  50  56  64  15  35  86  77  51  58  17  88  53  19  55  57
   9  7  67  5  88  65  58  3  29  86  83  63  64  56  50  1  32  27  72  84  20  81  44  61  71  62  87  54  76  48  91  95  45  30  41  25  94  70  26  82  4  18  37  79  12  42  21  59  11  69  90  60  31  85  66  52  34  74  22  46  73  89  78  93  47  43  96  28  6  39  14  23  13  92  33  68  36  24  75  80  49  2  8  16  15  35  38  77  51  10  17  40  53  19  55  57
   9  13  8  87  61  45  65  40  47  14  31  34  6  41  70  58  73  30  11  59  96  74  53  55  4  92  79  71  81  20  72  7  64  17  3  69  35  29  85  15  54  78  48  37  75  76  2  46  88  84  89  10  36  52  32  57  50  83  66  63  91  56  27  39  24  67  86  38  1  23  44  42  93  5  18  26  16  77  25  90  33  80  94  28  62  68  12  82  43  19  49  60  22  21  95  51
   9  19  7  29  46  17  4  39  5  56  23  27  70  14  44  49  38  15  30  66  2  33  74  37  83  80  3  24  10  54  79  59  21  48  41  25  16  40  68  76  82  12  61  43  42  84  45  47  95  93  36  90  91  13  60  34  28  20  88  64  73  89  96  69  11  31  6  58  72  51  32  35  85  26  81  50  18  78  63  86  1  92  62  22  75  71  8  53  87  52  65  94  77  55  67  57
   9  19  7  29  94  17  52  39  5  8  23  27  22  62  92  49  86  15  78  18  50  33  26  37  83  32  3  72  58  6  79  59  21  96  41  25  64  88  20  28  34  60  61  43  90  36  45  47  95  93  84  42  91  13  12  82  76  68  40  16  73  89  48  69  11  31  54  10  24  51  80  35  85  74  81  2  66  30  63  38  1  44  14  70  75  71  56  53  87  4  65  46  77  55  67  57
   9  28  44  83  75  7  11  45  43  26  27  84  35  55  31  21  33  38  32  78  81  58  8  68  93  63  2  17  96  40  49  77  24  10  85  92  6  51  94  23  50  37  72  30  61  82  18  56  88  69  53  14  22  90  86  52  54  71  70  13  62  42  66  76  64  59  65  19  16  39  89  29  4  34  95  80  1  57  48  20  73  87  12  5  91  46  3  74  47  60  25  67  36  15  79  41
   9  29  18  58  36  19  72  38  47  76  94  55  91  13  85  26  73  52  49  7  1  14  2  28  4  56  8  15  16  30  32  60  64  23  31  46  62  92  27  87  54  77  11  57  22  17  44  34  88  68  79  39  61  78  25  59  50  21  3  42  6  84  12  71  24  45  48  90  96  83  95  69  93  41  89  82  81  67  65  37  33  74  66  51  35  5  70  10  43  20  86  40  75  80  53  63
   9  31  43  53  4  65  46  75  77  26  59  87  76  68  38  1  44  3  84  48  80  81  8  13  95  2  15  90  40  60  67  23  93  66  41  25  34  10  14  70  64  6  85  7  72  30  69  35  83  21  78  24  55  37  54  16  22  62  58  82  73  89  18  45  71  19  12  88  42  63  50  47  61  56  33  32  96  36  51  92  49  86  20  28  39  11  74  29  27  94  17  52  5  91  79  57
   9  31  43  53  52  65  94  75  77  74  59  87  28  20  86  1  92  3  36  96  32  81  56  13  95  50  15  42  88  12  67  23  93  18  41  25  82  58  62  22  16  54  85  7  24  78  69  35  83  21  30  72  55  37  6  64  70  14  10  34  73  89  66  45  71  19  60  40  90  63  2  47  61  8  33  80  48  84  51  44  49  38  68  76  39  11  26  29  27  46  17  4  5  91  79  57
   9  34  53  17  75  57  86  77  43  87  70  92  35  46  66  23  33  60  65  30  81  15  89  56  93  28  95  14  96  7  48  52  24  26  12  13  6  55  3  76  50  38  25  19  61  58  79  29  88  63  44  80  22  40  11  20  54  10  27  5  62  51  31  74  64  37  32  67  16  82  8  41  4  69  2  83  1  90  49  45  73  71  85  84  91  42  94  21  47  59  72  78  36  39  18  68
   9  41  79  15  36  67  25  60  47  74  3  46  91  5  12  87  73  20  48  57  1  80  95  34  4  29  89  39  16  19  65  59  64  76  66  42  62  13  70  71  54  52  86  90  22  14  53  69  88  56  18  82  61  30  72  37  50  23  94  51  6  92  85  10  24  77  49  40  96  17  2  63  93  68  8  58  81  78  32  38  33  21  31  55  35  84  27  26  43  45  11  7  75  83  44  28
   9  43  79  77  10  17  40  15  53  44  95  51  34  74  80  49  2  87  90  78  14  33  86  85  11  68  27  12  22  18  55  83  69  36  41  25  4  28  8  16  94  48  13  67  54  24  93  23  71  45  72  6  19  61  96  46  64  56  76  52  73  89  84  21  35  7  66  70  60  75  20  59  37  38  81  62  30  42  39  50  1  32  26  82  3  47  92  5  63  88  65  58  29  31  91  57
   9  43  79  77  58  17  88  15  53  92  95  51  82  26  32  49  50  87  42  30  62  33  38  85  11  20  27  60  70  66  55  83  69  84  41  25  52  76  56  64  46  96  13  67  6  72  93  23  71  45  24  54  19  61  48  94  16  8  28  4  73  89  36  21  35  7  18  22  12  75  68  59  37  86  81  14  78  90  39  2  1  80  74  34  3  47  44  5  63  40  65  10  29  31  91  57
   9  46  95  76  22  37  49  78  43  15  12  29  62  69  94  17  33  7  25  20  16  71  18  92  93  55  44  74  1  59  86  30  24  58  27  41  91  34  66  14  50  40  32  45  36  87  89  13  88  51  2  21  75  60  48  19  54  82  85  68  35  28  3  80  64  90  72  77  81  26  79  5  4  42  53  23  96  38  11  67  73  39  70  56  6  63  31  83  47  57  65  52  61  10  8  84
   9  51  95  21  22  60  49  19  43  82  12  68  62  28  94  80  33  90  25  77  16  26  18  5  93  42  44  23  1  38  86  67  24  39  27  56  91  63  66  83  50  57  32  52  36  10  89  84  88  46  2  76  75  37  48  78  54  15  85  29  35  69  3  17  64  7  72  20  81  71  79  92  4  55  53  74  96  59  11  30  73  58  70  41  6  34  31  14  47  40  65  45  61  87  8  13
   9  55  19  5  16  65  34  51  29  62  35  15  88  80  26  1  56  75  96  12  44  81  68  61  23  38  39  30  4  72  43  47  45  6  41  25  70  46  2  58  28  90  37  31  36  18  21  11  59  69  66  84  79  85  42  76  10  50  94  22  73  89  54  93  95  91  24  52  78  87  86  71  13  20  33  92  60  48  27  8  49  74  32  40  63  83  14  77  3  82  17  64  53  67  7  57
   9  55  19  5  64  65  82  51  29  14  35  15  40  32  74  1  8  75  48  60  92  81  20  61  23  86  39  78  52  24  43  47  45  54  41  25  22  94  50  10  76  42  37  31  84  66  21  11  59  69  18  36  79  85  90  28  58  2  46  70  73  89  6  93  95  91  72  4  30  87  38  71  13  68  33  44  12  96  27  56  49  26  80  88  63  83  62  77  3  34  17  16  53  67  7  57
   9  56  79  82  36  30  25  37  47  23  3  51  91  92  12  10  73  77  48  40  1  17  95  63  4  68  89  58  16  78  65  38  64  21  66  55  62  84  70  26  54  45  86  7  22  83  53  28  88  41  18  15  61  67  72  60  50  74  94  46  6  5  85  87  24  20  49  57  96  80  2  34  93  29  8  39  81  19  32  59  33  76  31  42  35  13  27  71  43  52  11  90  75  14  44  69
   9  63  53  80  75  40  86  20  43  10  70  5  35  51  66  74  33  37  65  67  81  82  89  41  93  69  95  83  96  90  48  45  24  71  12  84  6  42  3  21  50  59  25  78  61  39  79  68  88  34  44  17  22  57  11  77  54  87  27  92  62  46  31  23  64  60  32  30  16  15  8  56  4  28  2  14  1  7  49  52  73  26  85  13  91  55  94  76  47  38  72  19  36  58  18  29
   9  67  55  29  22  17  28  87  5  80  71  75  46  86  68  49  14  63  6  42  74  33  50  37  35  8  51  48  82  30  31  11  21  72  41  25  40  64  92  4  58  36  61  91  18  12  45  95  47  93  60  66  43  13  84  10  52  44  16  88  73  89  24  69  59  79  78  34  96  3  56  83  85  2  81  26  90  54  15  62  1  20  38  94  27  23  32  53  39  76  65  70  77  7  19  57
   9  67  55  29  70  17  76  87  5  32  71  75  94  38  20  49  62  63  54  90  26  33  2  37  35  56  51  96  34  78  31  11  21  24  41  25  88  16  44  52  10  84  61  91  66  60  45  95  47  93  12  18  43  13  36  58  4  92  64  40  73  89  72  69  59  79  30  82  48  3  8  83  85  50  81  74  42  6  15  14  1  68  86  46  27  23  80  53  39  28  65  22  77  7  19  57
   9  68  18  39  36  78  72  59  47  21  94  42  91  84  85  71  73  45  49  90  1  83  2  69  4  41  8  82  16  67  32  37  64  74  31  51  62  5  27  10  54  20  11  40  22  80  44  63  88  29  79  58  61  19  25  38  50  76  3  55  6  13  12  26  24  52  48  7  96  14  95  28  93  56  89  15  81  30  65  60  33  23  66  46  35  92  70  87  43  77  86  57  75  17  53  34
   9  69  44  14  75  90  11  52  43  71  27  13  35  42  31  76  33  59  32  19  81  39  8  29  93  34  2  80  96  57  49  20  24  87  85  5  6  46  94  74  50  60  72  67  61  15  18  41  88  28  53  83  22  7  86  45  54  26  70  84  62  55  66  21  64  38  65  78  16  58  89  68  4  63  95  17  1  40  48  77  73  10  12  92  91  51  3  23  47  37  25  30  36  82  79  56
   9  79  91  53  28  65  22  27  77  2  11  39  4  92  14  1  68  51  12  72  8  81  32  13  47  74  63  66  64  84  19  71  93  42  41  25  10  82  86  46  88  78  85  55  96  6  69  83  35  21  54  48  7  37  30  40  94  38  34  58  73  89  90  45  23  67  36  16  18  15  26  95  61  80  33  56  24  60  3  20  49  62  44  52  87  59  50  29  75  70  17  76  5  43  31  57
   9  79  91  53  76  65  70  27  77  50  11  39  52  44  62  1  20  51  60  24  56  81  80  13  47  26  63  18  16  36  19  71  93  90  41  25  58  34  38  94  40  30  85  55  48  54  69  83  35  21  6  96  7  37  78  88  46  86  82  10  73  89  42  45  23  67  84  64  66  15  74  95  61  32  33  8  72  12  3  68  49  14  92  4  87  59  2  29  75  22  17  28  5  43  31  57
   9  84  8  10  61  52  65  57  47  83  31  63  6  56  70  39  73  67  11  38  96  23  53  42  4  5  79  26  81  77  72  90  64  80  3  28  35  68  85  82  54  19  48  60  75  21  2  51  88  13  89  87  36  45  32  40  50  14  66  34  91  41  27  58  24  30  86  59  1  74  44  55  93  92  18  71  16  20  25  7  33  17  94  69  62  29  12  15  43  78  49  37  22  76  95  46
   9  91  31  77  34  17  16  63  53  20  47  3  58  2  56  49  26  39  18  6  38  33  14  85  59  44  75  84  46  42  7  35  69  12  41  25  76  4  80  88  22  24  13  19  78  96  93  71  23  45  48  30  67  61  72  70  40  32  52  28  73  89  60  21  83  55  90  94  36  27  92  11  37  62  81  86  54  66  87  74  1  8  50  10  51  95  68  5  15  64  65  82  29  79  43  57
   9  91  31  77  82  17  64  63  53  68  47  3  10  50  8  49  74  39  66  54  86  33  62  85  59  92  75  36  94  90  7  35  69  60  41  25  28  52  32  40  70  72  13  19  30  48  93  71  23  45  96  78  67  61  24  22  88  80  4  76  73  89  12  21  83  55  42  46  84  27  44  11  37  14  81  38  6  18  87  26  1  56  2  58  51  95  20  5  15  16  65  34  29  79  43  57
   9  92  89  26  61  20  32  90  47  17  66  28  6  29  27  82  73  78  86  60  96  76  44  51  4  84  18  87  81  52  25  40  64  83  94  34  35  56  12  58  54  67  49  59  75  23  95  55  88  5  8  71  36  77  65  7  50  80  31  69  91  68  70  15  24  19  11  37  1  21  53  46  93  13  79  10  16  45  72  57  33  14  3  63  62  41  85  39  43  30  48  38  22  74  2  42
   10  2  78  35  7  79  74  73  34  65  13  22  82  94  77  93  38  27  83  36  46  48  29  64  71  53  30  6  40  8  21  43  28  25  5  1  39  66  52  88  37  85  17  81  55  11  41  47  87  95  19  62  90  18  23  24  63  32  84  75  15  3  20  4  59  70  14  61  51  49  68  33  26  44  67  91  57  89  76  54  69  72  92  96  58  31  45  9  60  12  80  16  42  86  56  50
   10  8  68  6  41  66  11  4  30  39  84  64  17  9  3  2  81  28  25  37  69  82  93  62  72  15  88  7  29  1  92  96  46  79  42  26  47  23  75  35  53  67  38  80  61  91  22  60  12  70  43  13  32  86  19  5  83  27  71  95  74  90  31  94  48  44  49  77  55  40  63  24  14  45  34  21  85  73  76  33  50  51  57  65  16  36  87  78  52  59  18  89  54  20  56  58
   10  8  68  6  89  66  59  4  30  87  84  64  65  57  51  2  33  28  73  85  21  82  45  62  72  63  88  55  77  49  92  96  46  31  42  26  95  71  27  83  5  19  38  80  13  43  22  60  12  70  91  61  32  86  67  53  35  75  23  47  74  90  79  94  48  44  1  29  7  40  15  24  14  93  34  69  37  25  76  81  50  3  9  17  16  36  39  78  52  11  18  41  54  20  56  58
   10  8  84  9  46  95  76  22  37  49  78  43  15  12  29  62  69  94  17  33  7  25  20  16  71  18  92  93  55  44  74  1  59  86  30  24  58  27  41  91  34  66  14  50  40  32  45  36  87  89  13  88  51  2  21  75  60  48  19  54  82  85  68  35  28  3  80  64  90  72  77  81  26  79  5  4  42  53  23  96  38  11  67  73  39  70  56  6  63  31  83  47  57  65  52  61
   10  20  8  30  47  18  5  40  6  57  24  28  71  15  45  50  39  16  31  67  3  34  75  38  84  81  4  25  11  55  80  60  22  49  42  26  17  41  69  77  83  13  62  44  43  85  46  48  96  94  37  91  92  14  61  35  29  21  89  65  74  90  1  70  12  32  7  59  73  52  33  36  86  27  82  51  19  79  64  87  2  93  63  23  76  72  9  54  88  53  66  95  78  56  68  58
   10  20  8  30  95  18  53  40  6  9  24  28  23  63  93  50  87  16  79  19  51  34  27  38  84  33  4  73  59  7  80  60  22  1  42  26  65  89  21  29  35  61  62  44  91  37  46  48  96  94  85  43  92  14  13  83  77  69  41  17  74  90  49  70  12  32  55  11  25  52  81  36  86  75  82  3  67  31  64  39  2  45  15  71  76  72  57  54  88  5  66  47  78  56  68  58
   10  22  29  25  55  24  14  89  60  35  77  53  39  47  84  49  69  16  74  27  40  88  19  3  26  96  56  65  46  43  17  18  59  91  45  2  82  64  5  11  63  61  76  12  7  93  30  66  87  75  68  72  42  73  83  8  37  62  20  44  58  50  13  48  28  81  23  70  57  9  78  94  71  1  41  32  51  54  80  79  38  6  52  95  15  33  92  86  34  36  21  85  90  4  67  31
   10  24  84  38  33  2  51  52  62  47  68  16  9  65  11  66  41  76  49  61  29  82  53  30  56  23  40  79  21  25  12  80  46  55  74  90  87  63  83  75  45  43  6  96  85  67  22  44  92  70  19  37  48  54  91  93  27  35  15  39  42  26  7  94  32  60  73  69  31  88  71  8  78  5  34  77  13  1  28  89  18  59  17  57  64  20  95  14  4  3  50  81  86  36  72  58
   10  24  84  38  81  2  3  52  62  95  68  16  57  17  59  66  89  76  1  13  77  82  5  30  56  71  40  31  69  73  12  80  46  7  74  90  39  15  35  27  93  91  6  96  37  19  22  44  92  70  67  85  48  54  43  45  75  83  63  87  42  26  55  94  32  60  25  21  79  88  23  8  78  53  34  29  61  49  28  41  18  11  65  9  64  20  47  14  4  51  50  33  86  36  72  58
   10  27  5  62  51  31  74  64  37  32  67  16  82  8  41  4  69  2  83  1  90  49  45  73  71  85  84  91  42  94  21  47  59  72  78  36  39  18  68  9  34  53  17  75  57  86  77  43  87  70  92  35  46  66  23  33  60  65  30  81  15  89  56  93  28  95  14  96  7  48  52  24  26  12  13  6  55  3  76  50  38  25  19  61  58  79  29  88  63  44  80  22  40  11  20  54
   10  31  67  4  90  85  21  36  34  86  92  33  15  95  52  6  38  79  80  54  51  32  41  1  71  94  78  9  57  70  23  81  28  48  13  50  58  44  20  62  37  8  83  73  42  72  68  75  87  66  30  93  7  12  76  61  63  11  5  64  82  2  45  91  59  18  17  43  46  65  56  96  26  3  19  88  40  27  74  16  69  49  84  47  39  53  77  35  60  89  14  24  55  25  29  22
   10  32  44  54  5  66  47  76  78  27  60  88  77  69  39  2  45  4  85  49  81  82  9  14  96  3  16  91  41  61  68  24  94  67  42  26  35  11  15  71  65  7  86  8  73  31  70  36  84  22  79  25  56  38  55  17  23  63  59  83  74  90  19  46  72  20  13  89  43  64  51  48  62  57  34  33  1  37  52  93  50  87  21  29  40  12  75  30  28  95  18  53  6  92  80  58
   10  32  44  54  53  66  95  76  78  75  60  88  29  21  87  2  93  4  37  1  33  82  57  14  96  51  16  43  89  13  68  24  94  19  42  26  83  59  63  23  17  55  86  8  25  79  70  36  84  22  31  73  56  38  7  65  71  15  11  35  74  90  67  46  72  20  61  41  91  64  3  48  62  9  34  81  49  85  52  45  50  39  69  77  40  12  27  30  28  47  18  5  6  92  80  58
   10  33  41  48  42  61  17  27  60  4  52  94  58  75  5  65  69  24  21  79  57  62  30  2  26  47  29  86  51  81  83  12  59  88  77  31  15  1  13  72  63  43  74  89  90  6  78  44  87  64  56  49  55  36  80  70  37  93  45  3  39  22  92  32  28  73  76  18  40  35  67  95  71  50  68  11  46  16  14  85  38  9  20  66  82  96  84  25  34  54  23  8  7  91  19  53
   10  36  24  62  39  50  45  88  38  65  8  76  63  71  53  18  95  64  55  91  59  34  35  6  68  89  52  1  3  79  96  44  22  25  74  90  57  81  77  21  75  85  30  60  67  61  46  32  80  94  13  19  12  78  37  27  69  29  33  9  42  26  73  70  92  48  31  51  49  4  41  20  54  83  82  11  43  7  16  47  66  5  23  15  28  56  17  86  40  93  2  87  14  72  84  58
   10  36  24  62  87  50  93  88  38  17  8  76  15  23  5  18  47  64  7  43  11  34  83  6  68  41  52  49  51  31  96  44  22  73  74  90  9  33  29  69  27  37  30  60  19  13  46  32  80  94  61  67  12  78  85  75  21  77  81  57  42  26  25  70  92  48  79  3  1  4  89  20  54  35  82  59  91  55  16  95  66  53  71  63  28  56  65  86  40  45  2  39  14  72  84  58
   10  43  20  86  40  75  80  53  63  9  29  18  58  36  19  72  38  47  76  94  55  91  13  85  26  73  52  49  7  1  14  2  28  4  56  8  15  16  30  32  60  64  23  31  46  62  92  27  87  54  77  11  57  22  17  44  34  88  68  79  39  61  78  25  59  50  21  3  42  6  84  12  71  24  45  48  90  96  83  95  69  93  41  89  82  81  67  65  37  33  74  66  51  35  5  70
   10  44  19  6  7  89  23  43  34  72  84  1  82  31  20  88  38  12  14  81  46  86  68  47  71  2  67  62  40  79  76  24  28  65  92  75  39  94  45  4  37  27  80  61  55  48  56  33  87  53  78  91  90  8  74  54  63  25  13  96  15  66  77  9  59  85  83  16  51  11  29  50  26  95  30  35  57  18  21  73  69  32  5  22  58  3  52  93  60  70  17  36  42  49  41  64
   10  44  80  78  11  18  41  16  54  45  96  52  35  75  81  50  3  88  91  79  15  34  87  86  12  69  28  13  23  19  56  84  70  37  42  26  5  29  9  17  95  49  14  68  55  25  94  24  72  46  73  7  20  62  1  47  65  57  77  53  74  90  85  22  36  8  67  71  61  76  21  60  38  39  82  63  31  43  40  51  2  33  27  83  4  48  93  6  64  89  66  59  30  32  92  58
   10  44  80  78  59  18  89  16  54  93  96  52  83  27  33  50  51  88  43  31  63  34  39  86  12  21  28  61  71  67  56  84  70  85  42  26  53  77  57  65  47  1  14  68  7  73  94  24  72  46  25  55  20  62  49  95  17  9  29  5  74  90  37  22  36  8  19  23  13  76  69  60  38  87  82  15  79  91  40  3  2  81  75  35  4  48  45  6  64  41  66  11  30  32  92  58
   10  53  19  91  7  8  23  54  34  25  84  96  82  66  20  9  38  85  14  16  46  11  68  50  71  95  67  35  40  18  76  73  28  32  92  22  39  3  45  93  37  70  80  36  55  49  56  64  87  44  78  6  90  89  74  43  63  72  13  1  15  31  77  88  59  12  83  81  51  86  29  47  26  2  30  62  57  79  21  24  69  65  5  75  58  94  52  4  60  27  17  61  42  48  41  33
   10  54  20  11  40  22  80  44  63  88  29  79  58  61  19  25  38  50  76  3  55  6  13  12  26  24  52  48  7  96  14  95  28  93  56  89  15  81  30  65  60  33  23  66  46  35  92  70  87  43  77  86  57  75  17  53  34  9  68  18  39  36  78  72  59  47  21  94  42  91  84  85  71  73  45  49  90  1  83  2  69  4  41  8  82  16  67  32  37  64  74  31  51  62  5  27
   10  56  20  6  17  66  35  52  30  63  36  16  89  81  27  2  57  76  1  13  45  82  69  62  24  39  40  31  5  73  44  48  46  7  42  26  71  47  3  59  29  91  38  32  37  19  22  12  60  70  67  85  80  86  43  77  11  51  95  23  74  90  55  94  96  92  25  53  79  88  87  72  14  21  34  93  61  49  28  9  50  75  33  41  64  84  15  78  4  83  18  65  54  68  8  58
   10  56  20  6  65  66  83  52  30  15  36  16  41  33  75  2  9  76  49  61  93  82  21  62  24  87  40  79  53  25  44  48  46  55  42  26  23  95  51  11  77  43  38  32  85  67  22  12  60  70  19  37  80  86  91  29  59  3  47  71  74  90  7  94  96  92  73  5  31  88  39  72  14  69  34  45  13  1  28  57  50  27  81  89  64  84  63  78  4  35  18  17  54  68  8  58
   10  64  41  49  42  36  17  70  60  93  52  3  58  22  5  32  69  73  21  18  57  35  30  95  26  50  29  11  51  16  83  85  59  9  77  66  15  96  13  25  63  54  74  8  90  91  78  53  87  33  56  48  55  61  80  27  37  4  45  94  39  75  92  65  28  24  76  79  40  62  67  2  71  47  68  86  46  81  14  12  38  88  20  31  82  1  84  72  34  43  23  89  7  6  19  44
   10  66  67  93  90  12  21  61  34  11  92  64  15  2  52  91  38  18  80  43  51  65  41  96  71  3  78  88  57  27  23  16  28  49  13  47  58  53  20  35  37  89  83  24  42  25  68  22  87  31  30  4  7  85  76  36  63  86  5  33  82  95  45  6  59  79  17  54  46  32  56  1  26  94  19  9  40  70  74  81  69  48  84  50  39  44  77  62  60  8  14  73  55  72  29  75
   10  68  56  30  23  18  29  88  6  81  72  76  47  87  69  50  15  64  7  43  75  34  51  38  36  9  52  49  83  31  32  12  22  73  42  26  41  65  93  5  59  37  62  92  19  13  46  96  48  94  61  67  44  14  85  11  53  45  17  89  74  90  25  70  60  80  79  35  1  4  57  84  86  3  82  27  91  55  16  63  2  21  39  95  28  24  33  54  40  77  66  71  78  8  20  58
   10  68  56  30  71  18  77  88  6  33  72  76  95  39  21  50  63  64  55  91  27  34  3  38  36  57  52  1  35  79  32  12  22  25  42  26  89  17  45  53  11  85  62  92  67  61  46  96  48  94  13  19  44  14  37  59  5  93  65  41  74  90  73  70  60  80  31  83  49  4  9  84  86  51  82  75  43  7  16  15  2  69  87  47  28  24  81  54  40  29  66  23  78  8  20  58
   10  70  5  35  51  66  74  33  37  65  67  81  82  89  41  93  69  95  83  96  90  48  45  24  71  12  84  6  42  3  21  50  59  25  78  61  39  79  68  88  34  44  17  22  57  11  77  54  87  27  92  62  46  31  23  64  60  32  30  16  15  8  56  4  28  2  14  1  7  49  52  73  26  85  13  91  55  94  76  47  38  72  19  36  58  18  29  9  63  53  80  75  40  86  20  43
   10  72  36  38  9  2  75  4  62  71  20  64  81  41  35  66  17  28  25  37  5  82  29  30  8  47  88  7  93  1  60  32  46  79  74  90  15  87  11  3  21  67  6  48  61  91  22  92  44  70  43  13  96  54  19  69  51  59  39  63  42  26  31  94  80  12  49  45  55  40  95  56  78  77  34  53  85  73  76  65  18  83  89  33  16  68  23  14  52  27  50  57  86  84  24  58
   10  72  36  38  57  2  27  4  62  23  20  64  33  89  83  66  65  28  73  85  53  82  77  30  8  95  88  55  45  49  60  32  46  31  74  90  63  39  59  51  69  19  6  48  13  43  22  92  44  70  91  61  96  54  67  21  3  11  87  15  42  26  79  94  80  12  1  93  7  40  47  56  78  29  34  5  37  25  76  17  18  35  41  81  16  68  71  14  52  75  50  9  86  84  24  58
   10  75  29  72  55  73  14  8  60  62  77  44  39  50  84  48  69  81  74  70  40  9  19  94  26  1  56  32  46  54  17  79  59  6  45  95  82  33  5  86  63  36  76  85  7  4  30  31  87  22  68  25  42  24  83  89  37  35  20  53  58  47  13  49  28  16  23  27  57  88  78  3  71  96  41  65  51  43  80  18  38  91  52  2  15  64  92  11  34  61  21  12  90  93  67  66
   10  80  92  54  29  66  23  28  78  3  12  40  5  93  15  2  69  52  13  73  9  82  33  14  48  75  64  67  65  85  20  72  94  43  42  26  11  83  87  47  89  79  86  56  1  7  70  84  36  22  55  49  8  38  31  41  95  39  35  59  74  90  91  46  24  68  37  17  19  16  27  96  62  81  34  57  25  61  4  21  50  63  45  53  88  60  51  30  76  71  18  77  6  44  32  58
   10  80  92  54  77  66  71  28  78  51  12  40  53  45  63  2  21  52  61  25  57  82  81  14  48  27  64  19  17  37  20  72  94  91  42  26  59  35  39  95  41  31  86  56  49  55  70  84  36  22  7  1  8  38  79  89  47  87  83  11  74  90  43  46  24  68  85  65  67  16  75  96  62  33  34  9  73  13  4  69  50  15  93  5  88  60  3  30  76  23  18  29  6  44  32  58
   10  84  72  62  15  50  69  40  38  89  56  28  39  47  77  18  71  16  31  67  35  34  11  6  20  17  4  25  75  55  48  92  22  49  74  90  81  9  5  45  51  13  30  12  43  85  46  80  32  94  37  91  60  78  61  3  93  53  57  33  42  26  1  70  44  96  7  27  73  52  65  68  54  59  82  83  19  79  64  23  66  29  95  87  76  8  41  86  88  21  2  63  14  24  36  58
   10  84  72  62  63  50  21  40  38  41  56  28  87  95  29  18  23  16  79  19  83  34  59  6  20  65  4  73  27  7  48  92  22  1  74  90  33  57  53  93  3  61  30  12  91  37  46  80  32  94  85  43  60  78  13  51  45  5  9  81  42  26  49  70  44  96  55  75  25  52  17  68  54  11  82  35  67  31  64  71  66  77  47  39  76  8  89  86  88  69  2  15  14  24  36  58
   10  89  84  88  46  2  76  75  37  48  78  54  15  85  29  35  69  3  17  64  7  72  20  81  71  79  92  4  55  53  74  96  59  11  30  73  58  70  41  6  34  31  14  47  40  65  45  61  87  8  13  9  51  95  21  22  60  49  19  43  82  12  68  62  28  94  80  33  90  25  77  16  26  18  5  93  42  44  23  1  38  86  67  24  39  27  56  91  63  66  83  50  57  32  52  36
   10  92  32  78  35  18  17  64  54  21  48  4  59  3  57  50  27  40  19  7  39  34  15  86  60  45  76  85  47  43  8  36  70  13  42  26  77  5  81  89  23  25  14  20  79  1  94  72  24  46  49  31  68  62  73  71  41  33  53  29  74  90  61  22  84  56  91  95  37  28  93  12  38  63  82  87  55  67  88  75  2  9  51  11  52  96  69  6  16  65  66  83  30  80  44  58
   10  92  32  78  83  18  65  64  54  69  48  4  11  51  9  50  75  40  67  55  87  34  63  86  60  93  76  37  95  91  8  36  70  61  42  26  29  53  33  41  71  73  14  20  31  49  94  72  24  46  1  79  68  62  25  23  89  81  5  77  74  90  13  22  84  56  43  47  85  28  45  12  38  15  82  39  7  19  88  27  2  57  3  59  52  96  21  6  16  17  66  35  30  80  44  58
   10  95  78  62  7  18  74  24  34  32  13  75  82  3  77  4  38  70  83  61  46  49  29  33  71  44  30  91  40  89  21  54  28  72  5  96  39  31  52  9  37  12  17  16  55  86  41  50  87  2  19  35  90  79  23  73  63  65  84  22  15  94  20  93  59  27  14  36  51  48  68  64  26  53  67  6  57  8  76  43  69  25  92  1  58  66  45  88  60  85  80  81  42  11  56  47
   11  5  64  82  2  45  91  59  18  17  43  46  65  56  96  26  3  19  88  40  27  74  16  69  49  84  47  39  53  77  35  60  89  14  24  55  25  29  22  10  31  67  4  90  85  21  36  34  86  92  33  15  95  52  6  38  79  80  54  51  32  41  1  71  94  78  9  57  70  23  81  28  48  13  50  58  44  20  62  37  8  83  73  42  72  68  75  87  66  30  93  7  12  76  61  63
   11  7  75  83  44  28  9  41  79  15  36  67  25  60  47  74  3  46  91  5  12  87  73  20  48  57  1  80  95  34  4  29  89  39  16  19  65  59  64  76  66  42  62  13  70  71  54  52  86  90  22  14  53  69  88  56  18  82  61  30  72  37  50  23  94  51  6  92  85  10  24  77  49  40  96  17  2  63  93  68  8  58  81  78  32  38  33  21  31  55  35  84  27  26  43  45
   11  9  69  7  42  67  12  5  31  40  85  65  18  10  4  3  82  29  26  38  70  83  94  63  73  16  89  8  30  2  93  1  47  80  43  27  48  24  76  36  54  68  39  81  62  92  23  61  13  71  44  14  33  87  20  6  84  28  72  96  75  91  32  95  49  45  50  78  56  41  64  25  15  46  35  22  86  74  77  34  51  52  58  66  17  37  88  79  53  60  19  90  55  21  57  59
   11  9  69  7  90  67  60  5  31  88  85  65  66  58  52  3  34  29  74  86  22  83  46  63  73  64  89  56  78  50  93  1  47  32  43  27  96  72  28  84  6  20  39  81  14  44  23  61  13  71  92  62  33  87  68  54  36  76  24  48  75  91  80  95  49  45  2  30  8  41  16  25  15  94  35  70  38  26  77  82  51  4  10  18  17  37  40  79  53  12  19  42  55  21  57  59
   11  13  33  39  2  20  6  60  18  83  54  55  65  68  1  10  3  30  9  90  27  76  81  34  49  5  50  15  53  45  62  38  89  17  73  51  25  56  75  71  31  19  93  57  85  74  61  28  86  84  64  58  95  77  91  37  79  14  43  42  32  29  96  87  94  67  88  7  70  21  16  63  48  92  47  82  44  52  35  59  8  80  24  46  72  41  22  26  66  78  4  40  12  23  36  69
   11  20  54  10  27  5  62  51  31  74  64  37  32  67  16  82  8  41  4  69  2  83  1  90  49  45  73  71  85  84  91  42  94  21  47  59  72  78  36  39  18  68  9  34  53  17  75  57  86  77  43  87  70  92  35  46  66  23  33  60  65  30  81  15  89  56  93  28  95  14  96  7  48  52  24  26  12  13  6  55  3  76  50  38  25  19  61  58  79  29  88  63  44  80  22  40
   11  28  36  74  12  57  4  19  66  71  22  56  72  51  24  17  8  38  35  45  44  15  47  5  48  34  16  76  70  90  88  30  94  10  96  68  32  55  43  83  79  60  91  20  95  39  64  13  86  69  61  23  85  40  93  78  31  26  75  41  25  46  73  80  89  59  62  52  53  82  50  92  49  63  81  21  27  7  9  67  3  87  1  29  65  42  54  14  18  37  6  77  2  58  33  84
   11  37  25  63  40  51  46  89  39  66  9  77  64  72  54  19  96  65  56  92  60  35  36  7  69  90  53  2  4  80  1  45  23  26  75  91  58  82  78  22  76  86  31  61  68  62  47  33  81  95  14  20  13  79  38  28  70  30  34  10  43  27  74  71  93  49  32  52  50  5  42  21  55  84  83  12  44  8  17  48  67  6  24  16  29  57  18  87  41  94  3  88  15  73  85  59
   11  37  25  63  88  51  94  89  39  18  9  77  16  24  6  19  48  65  8  44  12  35  84  7  69  42  53  50  52  32  1  45  23  74  75  91  10  34  30  70  28  38  31  61  20  14  47  33  81  95  62  68  13  79  86  76  22  78  82  58  43  27  26  71  93  49  80  4  2  5  90  21  55  36  83  60  92  56  17  96  67  54  72  64  29  57  66  87  41  46  3  40  15  73  85  59
   11  40  22  80  44  63  88  29  79  58  61  19  25  38  50  76  3  55  6  13  12  26  24  52  48  7  96  14  95  28  93  56  89  15  81  30  65  60  33  23  66  46  35  92  70  87  43  77  86  57  75  17  53  34  9  68  18  39  36  78  72  59  47  21  94  42  91  84  85  71  73  45  49  90  1  83  2  69  4  41  8  82  16  67  32  37  64  74  31  51  62  5  27  10  54  20
   11  42  81  80  85  60  88  45  66  58  1  92  25  69  43  76  8  57  6  67  53  26  64  68  48  51  36  14  27  59  93  20  94  15  22  84  65  63  73  23  79  90  35  19  2  87  50  41  86  55  16  17  12  37  9  52  31  39  96  5  72  28  54  21  89  40  91  30  44  71  33  29  49  46  61  83  70  38  4  77  3  82  75  13  32  34  24  74  18  7  62  78  95  10  47  56
   11  45  81  79  12  19  42  17  55  46  1  53  36  76  82  51  4  89  92  80  16  35  88  87  13  70  29  14  24  20  57  85  71  38  43  27  6  30  10  18  96  50  15  69  56  26  95  25  73  47  74  8  21  63  2  48  66  58  78  54  75  91  86  23  37  9  68  72  62  77  22  61  39  40  83  64  32  44  41  52  3  34  28  84  5  49  94  7  65  90  67  60  31  33  93  59
   11  46  16  14  85  38  9  20  66  82  96  84  25  34  54  23  8  7  91  19  53  10  33  41  48  42  61  17  27  60  4  52  94  58  75  5  65  69  24  21  79  57  62  30  2  26  47  29  86  51  81  83  12  59  88  77  31  15  1  13  72  63  43  74  89  90  6  78  44  87  64  56  49  55  36  80  70  37  93  45  3  39  22  92  32  28  73  76  18  40  35  67  95  71  50  68
   11  51  16  83  85  59  9  77  66  15  96  13  25  63  54  74  8  90  91  78  53  87  33  56  48  55  61  80  27  37  4  45  94  39  75  92  65  28  24  76  79  40  62  67  2  71  47  68  86  46  81  14  12  38  88  20  31  82  1  84  72  34  43  23  89  7  6  19  44  10  64  41  49  42  36  17  70  60  93  52  3  58  22  5  32  69  73  21  18  57  35  30  95  26  50  29
   11  57  21  7  18  67  36  53  31  64  37  17  90  82  28  3  58  77  2  14  46  83  70  63  25  40  41  32  6  74  45  49  47  8  43  27  72  48  4  60  30  92  39  33  38  20  23  13  61  71  68  86  81  87  44  78  12  52  96  24  75  91  56  95  1  93  26  54  80  89  88  73  15  22  35  94  62  50  29  10  51  76  34  42  65  85  16  79  5  84  19  66  55  69  9  59
   11  57  21  7  66  67  84  53  31  16  37  17  42  34  76  3  10  77  50  62  94  83  22  63  25  88  41  80  54  26  45  49  47  56  43  27  24  96  52  12  78  44  39  33  86  68  23  13  61  71  20  38  81  87  92  30  60  4  48  72  75  91  8  95  1  93  74  6  32  89  40  73  15  70  35  46  14  2  29  58  51  28  82  90  65  85  64  79  5  36  19  18  55  69  9  59
   11  57  22  17  44  34  88  68  79  39  61  78  25  59  50  21  3  42  6  84  12  71  24  45  48  90  96  83  95  69  93  41  89  82  81  67  65  37  33  74  66  51  35  5  70  10  43  20  86  40  75  80  53  63  9  29  18  58  36  19  72  38  47  76  94  55  91  13  85  26  73  52  49  7  1  14  2  28  4  56  8  15  16  30  32  60  64  23  31  46  62  92  27  87  54  77
   11  69  36  23  12  40  4  78  66  26  22  41  72  46  24  80  8  59  35  52  44  82  47  92  48  63  16  21  70  7  88  67  94  87  96  29  32  42  43  14  79  37  91  77  95  58  64  84  86  28  61  74  85  57  93  19  31  71  75  56  25  51  73  17  89  38  62  45  53  15  50  5  49  34  81  76  27  90  9  30  3  10  1  68  65  55  54  83  18  60  6  20  2  39  33  13
   11  69  57  31  24  19  30  89  7  82  73  77  48  88  70  51  16  65  8  44  76  35  52  39  37  10  53  50  84  32  33  13  23  74  43  27  42  66  94  6  60  38  63  93  20  14  47  1  49  95  62  68  45  15  86  12  54  46  18  90  75  91  26  71  61  81  80  36  2  5  58  85  87  4  83  28  92  56  17  64  3  22  40  96  29  25  34  55  41  78  67  72  79  9  21  59
   11  69  57  31  72  19  78  89  7  34  73  77  96  40  22  51  64  65  56  92  28  35  4  39  37  58  53  2  36  80  33  13  23  26  43  27  90  18  46  54  12  86  63  93  68  62  47  1  49  95  14  20  45  15  38  60  6  94  66  42  75  91  74  71  61  81  32  84  50  5  10  85  87  52  83  76  44  8  17  16  3  70  88  48  29  25  82  55  41  30  67  24  79  9  21  59
   11  73  37  39  10  3  76  5  63  72  21  65  82  42  36  67  18  29  26  38  6  83  30  31  9  48  89  8  94  2  61  33  47  80  75  91  16  88  12  4  22  68  7  49  62  92  23  93  45  71  44  14  1  55  20  70  52  60  40  64  43  27  32  95  81  13  50  46  56  41  96  57  79  78  35  54  86  74  77  66  19  84  90  34  17  69  24  15  53  28  51  58  87  85  25  59
   11  73  37  39  58  3  28  5  63  24  21  65  34  90  84  67  66  29  74  86  54  83  78  31  9  96  89  56  46  50  61  33  47  32  75  91  64  40  60  52  70  20  7  49  14  44  23  93  45  71  92  62  1  55  68  22  4  12  88  16  43  27  80  95  81  13  2  94  8  41  48  57  79  30  35  6  38  26  77  18  19  36  42  82  17  69  72  15  53  76  51  10  87  85  25  59
   11  77  54  87  27  92  62  46  31  23  64  60  32  30  16  15  8  56  4  28  2  14  1  7  49  52  73  26  85  13  91  55  94  76  47  38  72  19  36  58  18  29  9  63  53  80  75  40  86  20  43  10  70  5  35  51  66  74  33  37  65  67  81  82  89  41  93  69  95  83  96  90  48  45  24  71  12  84  6  42  3  21  50  59  25  78  61  39  79  68  88  34  44  17  22  57
   11  81  93  55  30  67  24  29  79  4  13  41  6  94  16  3  70  53  14  74  10  83  34  15  49  76  65  68  66  86  21  73  95  44  43  27  12  84  88  48  90  80  87  57  2  8  71  85  37  23  56  50  9  39  32  42  96  40  36  60  75  91  92  47  25  69  38  18  20  17  28  1  63  82  35  58  26  62  5  22  51  64  46  54  89  61  52  31  77  72  19  78  7  45  33  59
   11  81  93  55  78  67  72  29  79  52  13  41  54  46  64  3  22  53  62  26  58  83  82  15  49  28  65  20  18  38  21  73  95  92  43  27  60  36  40  96  42  32  87  57  50  56  71  85  37  23  8  2  9  39  80  90  48  88  84  12  75  91  44  47  25  69  86  66  68  17  76  1  63  34  35  10  74  14  5  70  51  16  94  6  89  61  4  31  77  24  19  30  7  45  33  59
   11  84  33  58  2  77  6  37  18  14  54  42  65  29  1  87  3  67  9  7  27  21  81  63  49  92  50  82  53  52  62  59  89  80  73  46  25  41  75  26  31  78  93  40  85  23  61  69  86  13  64  39  95  20  91  60  79  83  43  55  32  68  96  10  94  30  88  90  70  76  16  34  48  5  47  15  44  45  35  38  8  17  24  51  72  56  22  71  66  19  4  57  12  74  36  28
   11  85  73  63  16  51  70  41  39  90  57  29  40  48  78  19  72  17  32  68  36  35  12  7  21  18  5  26  76  56  49  93  23  50  75  91  82  10  6  46  52  14  31  13  44  86  47  81  33  95  38  92  61  79  62  4  94  54  58  34  43  27  2  71  45  1  8  28  74  53  66  69  55  60  83  84  20  80  65  24  67  30  96  88  77  9  42  87  89  22  3  64  15  25  37  59
   11  85  73  63  64  51  22  41  39  42  57  29  88  96  30  19  24  17  80  20  84  35  60  7  21  66  5  74  28  8  49  93  23  2  75  91  34  58  54  94  4  62  31  13  92  38  47  81  33  95  86  44  61  79  14  52  46  6  10  82  43  27  50  71  45  1  56  76  26  53  18  69  55  12  83  36  68  32  65  72  67  78  48  40  77  9  90  87  89  70  3  16  15  25  37  59
   11  90  75  14  44  69  9  56  79  82  36  30  25  37  47  23  3  51  91  92  12  10  73  77  48  40  1  17  95  63  4  68  89  58  16  78  65  38  64  21  66  55  62  84  70  26  54  45  86  7  22  83  53  28  88  41  18  15  61  67  72  60  50  74  94  46  6  5  85  87  24  20  49  57  96  80  2  34  93  29  8  39  81  19  32  59  33  76  31  42  35  13  27  71  43  52
   11  92  64  15  2  52  91  38  18  80  43  51  65  41  96  71  3  78  88  57  27  23  16  28  49  13  47  58  53  20  35  37  89  83  24  42  25  68  22  87  31  30  4  7  85  76  36  63  86  5  33  82  95  45  6  59  79  17  54  46  32  56  1  26  94  19  9  40  70  74  81  69  48  84  50  39  44  77  62  60  8  14  73  55  72  29  75  10  66  67  93  90  12  21  61  34
   12  2  14  88  23  4  65  78  16  13  94  90  95  55  25  68  31  6  39  3  67  84  91  80  34  85  18  45  59  15  38  58  96  21  76  92  53  29  1  89  83  57  56  74  27  81  72  70  22  24  33  75  26  8  9  35  41  49  77  5  44  28  69  48  10  86  63  11  93  66  37  82  32  43  36  19  51  87  54  79  20  73  7  47  42  46  61  64  30  17  52  71  40  62  50  60
   12  2  14  88  71  4  17  78  16  61  94  90  47  7  73  68  79  6  87  51  19  84  43  80  34  37  18  93  11  63  38  58  96  69  76  92  5  77  49  41  35  9  56  74  75  33  72  70  22  24  81  27  26  8  57  83  89  1  29  53  44  28  21  48  10  86  15  59  45  66  85  82  32  91  36  67  3  39  54  31  20  25  55  95  42  46  13  64  30  65  52  23  40  62  50  60
   12  7  93  30  66  87  75  68  72  42  73  83  8  37  62  20  44  58  50  13  48  28  81  23  70  57  9  78  94  71  1  41  32  51  54  80  79  38  6  52  95  15  33  92  86  34  36  21  85  90  4  67  31  10  22  29  25  55  24  14  89  60  35  77  53  39  47  84  49  69  16  74  27  40  88  19  3  26  96  56  65  46  43  17  18  59  91  45  2  82  64  5  11  63  61  76
   12  10  70  8  43  68  13  6  32  41  86  66  19  11  5  4  83  30  27  39  71  84  95  64  74  17  90  9  31  3  94  2  48  81  44  28  49  25  77  37  55  69  40  82  63  93  24  62  14  72  45  15  34  88  21  7  85  29  73  1  76  92  33  96  50  46  51  79  57  42  65  26  16  47  36  23  87  75  78  35  52  53  59  67  18  38  89  80  54  61  20  91  56  22  58  60
   12  10  70  8  91  68  61  6  32  89  86  66  67  59  53  4  35  30  75  87  23  84  47  64  74  65  90  57  79  51  94  2  48  33  44  28  1  73  29  85  7  21  40  82  15  45  24  62  14  72  93  63  34  88  69  55  37  77  25  49  76  92  81  96  50  46  3  31  9  42  17  26  16  95  36  71  39  27  78  83  52  5  11  19  18  38  41  80  54  13  20  43  56  22  58  60
   12  14  50  16  29  52  59  18  88  31  34  54  53  61  67  20  85  90  45  33  1  36  73  56  46  55  30  63  41  69  26  22  72  87  76  92  23  47  91  35  17  3  80  38  9  75  96  58  10  48  27  57  86  32  51  65  83  43  95  71  44  28  39  24  70  74  21  89  15  78  7  94  8  25  84  49  81  93  42  37  68  19  13  5  6  82  79  40  66  11  4  77  64  2  62  60
   12  14  50  16  77  52  11  18  88  79  34  54  5  13  19  20  37  90  93  81  49  36  25  56  46  7  30  15  89  21  26  22  72  39  76  92  71  95  43  83  65  51  80  38  57  27  96  58  10  48  75  9  86  32  3  17  35  91  47  23  44  28  87  24  70  74  69  41  63  78  55  94  8  73  84  1  33  45  42  85  68  67  61  53  6  82  31  40  66  59  4  29  64  2  62  60
   12  15  43  78  49  37  22  76  95  46  9  84  8  10  61  52  65  57  47  83  31  63  6  56  70  39  73  67  11  38  96  23  53  42  4  5  79  26  81  77  72  90  64  80  3  28  35  68  85  82  54  19  48  60  75  21  2  51  88  13  89  87  36  45  32  40  50  14  66  34  91  41  27  58  24  30  86  59  1  74  44  55  93  92  18  71  16  20  25  7  33  17  94  69  62  29
   12  23  36  69  11  13  33  39  2  20  6  60  18  83  54  55  65  68  1  10  3  30  9  90  27  76  81  34  49  5  50  15  53  45  62  38  89  17  73  51  25  56  75  71  31  19  93  57  85  74  61  28  86  84  64  58  95  77  91  37  79  14  43  42  32  29  96  87  94  67  88  7  70  21  16  63  48  92  47  82  44  52  35  59  8  80  24  46  72  41  22  26  66  78  4  40
   12  29  62  69  94  17  33  7  25  20  16  71  18  92  93  55  44  74  1  59  86  30  24  58  27  41  91  34  66  14  50  40  32  45  36  87  89  13  88  51  2  21  75  60  48  19  54  82  85  68  35  28  3  80  64  90  72  77  81  26  79  5  4  42  53  23  96  38  11  67  73  39  70  56  6  63  31  83  47  57  65  52  61  10  8  84  9  46  95  76  22  37  49  78  43  15
   12  38  26  64  41  52  47  90  40  67  10  78  65  73  55  20  1  66  57  93  61  36  37  8  70  91  54  3  5  81  2  46  24  27  76  92  59  83  79  23  77  87  32  62  69  63  48  34  82  96  15  21  14  80  39  29  71  31  35  11  44  28  75  72  94  50  33  53  51  6  43  22  56  85  84  13  45  9  18  49  68  7  25  17  30  58  19  88  42  95  4  89  16  74  86  60
   12  38  26  64  89  52  95  90  40  19  10  78  17  25  7  20  49  66  9  45  13  36  85  8  70  43  54  51  53  33  2  46  24  75  76  92  11  35  31  71  29  39  32  62  21  15  48  34  82  96  63  69  14  80  87  77  23  79  83  59  44  28  27  72  94  50  81  5  3  6  91  22  56  37  84  61  93  57  18  1  68  55  73  65  30  58  67  88  42  47  4  41  16  74  86  60
   12  39  54  30  49  38  75  74  95  42  88  92  8  26  36  20  65  90  50  17  31  28  91  29  70  82  24  78  11  60  1  76  53  51  93  84  79  87  16  52  72  40  33  83  3  34  62  56  85  58  43  67  48  59  22  23  2  55  9  5  89  71  61  77  32  7  47  80  66  69  6  68  27  15  73  19  86  37  96  21  44  46  4  13  18  10  81  45  25  57  64  14  94  63  35  41
   12  40  4  78  66  26  22  41  72  46  24  80  8  59  35  52  44  82  47  92  48  63  16  21  70  7  88  67  94  87  96  29  32  42  43  14  79  37  91  77  95  58  64  84  86  28  61  74  85  57  93  19  31  71  75  56  25  51  73  17  89  38  62  45  53  15  50  5  49  34  81  76  27  90  9  30  3  10  1  68  65  55  54  83  18  60  6  20  2  39  33  13  11  69  36  23
   12  41  35  63  94  14  64  57  25  45  81  10  18  13  4  46  44  21  96  37  86  19  73  15  27  68  6  69  66  80  47  7  32  77  61  71  89  5  9  55  2  23  22  59  48  67  43  58  85  56  62  34  3  83  33  40  72  52  16  87  79  84  93  51  53  76  1  60  11  78  24  82  70  29  91  28  31  17  50  90  65  20  36  26  8  92  88  42  95  74  75  38  49  30  54  39
   12  46  82  80  13  20  43  18  56  47  2  54  37  77  83  52  5  90  93  81  17  36  89  88  14  71  30  15  25  21  58  86  72  39  44  28  7  31  11  19  1  51  16  70  57  27  96  26  74  48  75  9  22  64  3  49  67  59  79  55  76  92  87  24  38  10  69  73  63  78  23  62  40  41  84  65  33  45  42  53  4  35  29  85  6  50  95  8  66  91  68  61  32  34  94  60
   12  46  82  80  61  20  91  18  56  95  2  54  85  29  35  52  53  90  45  33  65  36  41  88  14  23  30  63  73  69  58  86  72  87  44  28  55  79  59  67  49  3  16  70  9  75  96  26  74  48  27  57  22  64  51  1  19  11  31  7  76  92  39  24  38  10  21  25  15  78  71  62  40  89  84  17  81  93  42  5  4  83  77  37  6  50  47  8  66  43  68  13  32  34  94  60
   12  50  62  88  47  4  41  30  16  85  46  42  23  79  1  68  55  54  63  27  91  84  19  80  82  61  66  21  83  39  86  10  96  93  76  92  29  5  73  65  11  33  56  26  51  57  72  22  70  24  9  3  74  8  81  59  17  25  53  77  44  28  45  48  58  38  87  35  69  18  13  34  32  67  36  43  75  15  6  7  20  49  31  71  90  94  37  64  78  89  52  95  40  14  2  60
   12  50  62  88  95  4  89  30  16  37  46  42  71  31  49  68  7  54  15  75  43  84  67  80  82  13  66  69  35  87  86  10  96  45  76  92  77  53  25  17  59  81  56  26  3  9  72  22  70  24  57  51  74  8  33  11  65  73  5  29  44  28  93  48  58  38  39  83  21  18  61  34  32  19  36  91  27  63  6  55  20  1  79  23  90  94  85  64  78  41  52  47  40  14  2  60
   12  56  35  34  94  83  64  40  25  52  81  87  18  84  4  51  44  76  96  60  86  78  73  82  27  29  6  28  66  17  47  90  32  20  61  26  89  92  9  42  2  74  22  38  48  30  43  39  85  41  62  63  3  14  33  57  72  45  16  10  79  13  93  46  53  21  1  37  11  19  24  15  70  68  91  69  31  80  50  7  65  77  36  71  8  5  88  55  95  23  75  59  49  67  54  58
   12  57  4  19  66  71  22  56  72  51  24  17  8  38  35  45  44  15  47  5  48  34  16  76  70  90  88  30  94  10  96  68  32  55  43  83  79  60  91  20  95  39  64  13  86  69  61  23  85  40  93  78  31  26  75  41  25  46  73  80  89  59  62  52  53  82  50  92  49  63  81  21  27  7  9  67  3  87  1  29  65  42  54  14  18  37  6  77  2  58  33  84  11  28  36  74
   12  58  22  8  19  68  37  54  32  65  38  18  91  83  29  4  59  78  3  15  47  84  71  64  26  41  42  33  7  75  46  50  48  9  44  28  73  49  5  61  31  93  40  34  39  21  24  14  62  72  69  87  82  88  45  79  13  53  1  25  76  92  57  96  2  94  27  55  81  90  89  74  16  23  36  95  63  51  30  11  52  77  35  43  66  86  17  80  6  85  20  67  56  70  10  60
   12  58  22  8  67  68  85  54  32  17  38  18  43  35  77  4  11  78  51  63  95  84  23  64  26  89  42  81  55  27  46  50  48  57  44  28  25  1  53  13  79  45  40  34  87  69  24  14  62  72  21  39  82  88  93  31  61  5  49  73  76  92  9  96  2  94  75  7  33  90  41  74  16  71  36  47  15  3  30  59  52  29  83  91  66  86  65  80  6  37  20  19  56  70  10  60
   12  58  54  67  49  59  75  23  95  55  88  5  8  71  36  77  65  7  50  80  31  69  91  68  70  15  24  19  11  37  1  21  53  46  93  13  79  10  16  45  72  57  33  14  3  63  62  41  85  39  43  30  48  38  22  74  2  42  9  92  89  26  61  20  32  90  47  17  66  28  6  29  27  82  73  78  86  60  96  76  44  51  4  84  18  87  81  52  25  40  64  83  94  34  35  56
   12  62  2  16  5  52  83  66  88  55  82  6  29  37  91  20  61  42  21  9  73  36  49  56  94  79  78  87  17  45  74  70  72  15  76  92  47  71  19  59  89  27  80  86  81  3  96  10  58  48  51  33  38  32  75  41  11  67  23  95  44  28  63  24  22  26  93  65  39  30  31  46  8  1  84  25  57  69  90  13  68  43  85  77  54  34  7  40  18  35  4  53  64  50  14  60
   12  62  2  16  53  52  35  66  88  7  82  6  77  85  43  20  13  42  69  57  25  36  1  56  94  31  78  39  65  93  74  70  72  63  76  92  95  23  67  11  41  75  80  86  33  51  96  10  58  48  3  81  38  32  27  89  59  19  71  47  44  28  15  24  22  26  45  17  87  30  79  46  8  49  84  73  9  21  90  61  68  91  37  29  54  34  55  40  18  83  4  5  64  50  14  60
   12  68  62  28  94  80  33  90  25  77  16  26  18  5  93  42  44  23  1  38  86  67  24  39  27  56  91  63  66  83  50  57  32  52  36  10  89  84  88  46  2  76  75  37  48  78  54  15  85  29  35  69  3  17  64  7  72  20  81  71  79  92  4  55  53  74  96  59  11  30  73  58  70  41  6  34  31  14  47  40  65  45  61  87  8  13  9  51  95  21  22  60  49  19  43  82
   12  70  58  32  25  20  31  90  8  83  74  78  49  89  71  52  17  66  9  45  77  36  53  40  38  11  54  51  85  33  34  14  24  75  44  28  43  67  95  7  61  39  64  94  21  15  48  2  50  96  63  69  46  16  87  13  55  47  19  91  76  92  27  72  62  82  81  37  3  6  59  86  88  5  84  29  93  57  18  65  4  23  41  1  30  26  35  56  42  79  68  73  80  10  22  60
   12  70  58  32  73  20  79  90  8  35  74  78  1  41  23  52  65  66  57  93  29  36  5  40  38  59  54  3  37  81  34  14  24  27  44  28  91  19  47  55  13  87  64  94  69  63  48  2  50  96  15  21  46  16  39  61  7  95  67  43  76  92  75  72  62  82  33  85  51  6  11  86  88  53  84  77  45  9  18  17  4  71  89  49  30  26  83  56  42  31  68  25  80  10  22  60
   12  74  36  28  11  84  33  58  2  77  6  37  18  14  54  42  65  29  1  87  3  67  9  7  27  21  81  63  49  92  50  82  53  52  62  59  89  80  73  46  25  41  75  26  31  78  93  40  85  23  61  69  86  13  64  39  95  20  91  60  79  83  43  55  32  68  96  10  94  30  88  90  70  76  16  34  48  5  47  15  44  45  35  38  8  17  24  51  72  56  22  71  66  19  4  57
   12  74  38  40  11  4  77  6  64  73  22  66  83  43  37  68  19  30  27  39  7  84  31  32  10  49  90  9  95  3  62  34  48  81  76  92  17  89  13  5  23  69  8  50  63  93  24  94  46  72  45  15  2  56  21  71  53  61  41  65  44  28  33  96  82  14  51  47  57  42  1  58  80  79  36  55  87  75  78  67  20  85  91  35  18  70  25  16  54  29  52  59  88  86  26  60
   12  74  38  40  59  4  29  6  64  25  22  66  35  91  85  68  67  30  75  87  55  84  79  32  10  1  90  57  47  51  62  34  48  33  76  92  65  41  61  53  71  21  8  50  15  45  24  94  46  72  93  63  2  56  69  23  5  13  89  17  44  28  81  96  82  14  3  95  9  42  49  58  80  31  36  7  39  27  78  19  20  37  43  83  18  70  73  16  54  77  52  11  88  86  26  60
   12  82  43  19  49  60  22  21  95  51  9  13  8  87  61  45  65  40  47  14  31  34  6  41  70  58  73  30  11  59  96  74  53  55  4  92  79  71  81  20  72  7  64  17  3  69  35  29  85  15  54  78  48  37  75  76  2  46  88  84  89  10  36  52  32  57  50  83  66  63  91  56  27  39  24  67  86  38  1  23  44  42  93  5  18  26  16  77  25  90  33  80  94  28  62  68
   12  82  94  56  31  68  25  30  80  5  14  42  7  95  17  4  71  54  15  75  11  84  35  16  50  77  66  69  67  87  22  74  96  45  44  28  13  85  89  49  91  81  88  58  3  9  72  86  38  24  57  51  10  40  33  43  1  41  37  61  76  92  93  48  26  70  39  19  21  18  29  2  64  83  36  59  27  63  6  23  52  65  47  55  90  62  53  32  78  73  20  79  8  46  34  60
   12  82  94  56  79  68  73  30  80  53  14  42  55  47  65  4  23  54  63  27  59  84  83  16  50  29  66  21  19  39  22  74  96  93  44  28  61  37  41  1  43  33  88  58  51  57  72  86  38  24  9  3  10  40  81  91  49  89  85  13  76  92  45  48  26  70  87  67  69  18  77  2  64  35  36  11  75  15  6  71  52  17  95  7  90  62  5  32  78  25  20  31  8  46  34  60
   12  86  74  64  17  52  71  42  40  91  58  30  41  49  79  20  73  18  33  69  37  36  13  8  22  19  6  27  77  57  50  94  24  51  76  92  83  11  7  47  53  15  32  14  45  87  48  82  34  96  39  93  62  80  63  5  95  55  59  35  44  28  3  72  46  2  9  29  75  54  67  70  56  61  84  85  21  81  66  25  68  31  1  89  78  10  43  88  90  23  4  65  16  26  38  60
   12  86  74  64  65  52  23  42  40  43  58  30  89  1  31  20  25  18  81  21  85  36  61  8  22  67  6  75  29  9  50  94  24  3  76  92  35  59  55  95  5  63  32  14  93  39  48  82  34  96  87  45  62  80  15  53  47  7  11  83  44  28  51  72  46  2  57  77  27  54  19  70  56  13  84  37  69  33  66  73  68  79  49  41  78  10  91  88  90  71  4  17  16  26  38  60
   12  90  93  67  66  10  75  29  72  55  73  14  8  60  62  77  44  39  50  84  48  69  81  74  70  40  9  19  94  26  1  56  32  46  54  17  79  59  6  45  95  82  33  5  86  63  36  76  85  7  4  30  31  87  22  68  25  42  24  83  89  37  35  20  53  58  47  13  49  28  16  23  27  57  88  78  3  71  96  41  65  51  43  80  18  38  91  52  2  15  64  92  11  34  61  21
   12  94  34  80  37  20  19  66  56  23  50  6  61  5  59  52  29  42  21  9  41  36  17  88  62  47  78  87  49  45  10  38  72  15  44  28  79  7  83  91  25  27  16  22  81  3  96  74  26  48  51  33  70  64  75  73  43  35  55  31  76  92  63  24  86  58  93  1  39  30  95  14  40  65  84  89  57  69  90  77  4  11  53  13  54  2  71  8  18  67  68  85  32  82  46  60
   12  94  34  80  85  20  67  66  56  71  50  6  13  53  11  52  77  42  69  57  89  36  65  88  62  95  78  39  1  93  10  38  72  63  44  28  31  55  35  43  73  75  16  22  33  51  96  74  26  48  3  81  70  64  27  25  91  83  7  79  76  92  15  24  86  58  45  49  87  30  47  14  40  17  84  41  9  21  90  29  4  59  5  61  54  2  23  8  18  19  68  37  32  82  46  60
   13  3  15  89  24  5  66  79  17  14  95  91  96  56  26  69  32  7  40  4  68  85  92  81  35  86  19  46  60  16  39  59  1  22  77  93  54  30  2  90  84  58  57  75  28  82  73  71  23  25  34  76  27  9  10  36  42  50  78  6  45  29  70  49  11  87  64  12  94  67  38  83  33  44  37  20  52  88  55  80  21  74  8  48  43  47  62  65  31  18  53  72  41  63  51  61
   13  3  15  89  72  5  18  79  17  62  95  91  48  8  74  69  80  7  88  52  20  85  44  81  35  38  19  94  12  64  39  59  1  70  77  93  6  78  50  42  36  10  57  75  76  34  73  71  23  25  82  28  27  9  58  84  90  2  30  54  45  29  22  49  11  87  16  60  46  67  86  83  33  92  37  68  4  40  55  32  21  26  56  96  43  47  14  65  31  66  53  24  41  63  51  61
   13  11  71  9  44  69  14  7  33  42  87  67  20  12  6  5  84  31  28  40  72  85  96  65  75  18  91  10  32  4  95  3  49  82  45  29  50  26  78  38  56  70  41  83  64  94  25  63  15  73  46  16  35  89  22  8  86  30  74  2  77  93  34  1  51  47  52  80  58  43  66  27  17  48  37  24  88  76  79  36  53  54  60  68  19  39  90  81  55  62  21  92  57  23  59  61
   13  11  71  9  92  69  62  7  33  90  87  67  68  60  54  5  36  31  76  88  24  85  48  65  75  66  91  58  80  52  95  3  49  34  45  29  2  74  30  86  8  22  41  83  16  46  25  63  15  73  94  64  35  89  70  56  38  78  26  50  77  93  82  1  51  47  4  32  10  43  18  27  17  96  37  72  40  28  79  84  53  6  12  20  19  39  42  81  55  14  21  44  57  23  59  61
   13  15  51  17  30  53  60  19  89  32  35  55  54  62  68  21  86  91  46  34  2  37  74  57  47  56  31  64  42  70  27  23  73  88  77  93  24  48  92  36  18  4  81  39  10  76  1  59  11  49  28  58  87  33  52  66  84  44  96  72  45  29  40  25  71  75  22  90  16  79  8  95  9  26  85  50  82  94  43  38  69  20  14  6  7  83  80  41  67  12  5  78  65  3  63  61
   13  15  51  17  78  53  12  19  89  80  35  55  6  14  20  21  38  91  94  82  50  37  26  57  47  8  31  16  90  22  27  23  73  40  77  93  72  96  44  84  66  52  81  39  58  28  1  59  11  49  76  10  87  33  4  18  36  92  48  24  45  29  88  25  71  75  70  42  64  79  56  95  9  74  85  2  34  46  43  86  69  68  62  54  7  83  32  41  67  60  5  30  65  3  63  61
   13  22  82  94  77  93  38  27  83  36  46  48  29  64  71  53  30  6  40  8  21  43  28  25  5  1  39  66  52  88  37  85  17  81  55  11  41  47  87  95  19  62  90  18  23  24  63  32  84  75  15  3  20  4  59  70  14  61  51  49  68  33  26  44  67  91  57  89  76  54  69  72  92  96  58  31  45  9  60  12  80  16  42  86  56  50  10  2  78  35  7  79  74  73  34  65
   13  23  11  33  2  21  56  43  9  12  27  31  26  66  96  53  90  19  82  22  54  37  30  41  87  36  7  76  62  10  83  63  25  4  45  29  68  92  24  32  38  64  65  47  94  40  49  51  3  1  88  46  95  17  16  86  80  72  44  20  77  93  52  73  15  35  58  14  28  55  84  39  89  78  85  6  70  34  67  42  5  48  18  74  79  75  60  57  91  8  69  50  81  59  71  61
   13  23  11  33  50  21  8  43  9  60  27  31  74  18  48  53  42  19  34  70  6  37  78  41  87  84  7  28  14  58  83  63  25  52  45  29  20  44  72  80  86  16  65  47  46  88  49  51  3  1  40  94  95  17  64  38  32  24  92  68  77  93  4  73  15  35  10  62  76  55  36  39  89  30  85  54  22  82  67  90  5  96  66  26  79  75  12  57  91  56  69  2  81  59  71  61
   13  27  71  43  52  11  90  75  14  44  69  9  56  79  82  36  30  25  37  47  23  3  51  91  92  12  10  73  77  48  40  1  17  95  63  4  68  89  58  16  78  65  38  64  21  66  55  62  84  70  26  54  45  86  7  22  83  53  28  88  41  18  15  61  67  72  60  50  74  94  46  6  5  85  87  24  20  49  57  96  80  2  34  93  29  8  39  81  19  32  59  33  76  31  42  35
   13  27  87  41  36  5  54  55  65  50  71  19  12  68  14  69  44  79  52  64  32  85  56  33  59  26  43  82  24  28  15  83  49  58  77  93  90  66  86  78  48  46  9  3  88  70  25  47  95  73  22  40  51  57  94  96  30  38  18  42  45  29  10  1  35  63  76  72  34  91  74  11  81  8  37  80  16  4  31  92  21  62  20  60  67  23  2  17  7  6  53  84  89  39  75  61
   13  27  87  41  84  5  6  55  65  2  71  19  60  20  62  69  92  79  4  16  80  85  8  33  59  74  43  34  72  76  15  83  49  10  77  93  42  18  38  30  96  94  9  3  40  22  25  47  95  73  70  88  51  57  46  48  78  86  66  90  45  29  58  1  35  63  28  24  82  91  26  11  81  56  37  32  64  52  31  44  21  14  68  12  67  23  50  17  7  54  53  36  89  39  75  61
   13  32  34  24  74  18  7  62  78  95  10  47  56  11  42  81  80  85  60  88  45  66  58  1  92  25  69  43  76  8  57  6  67  53  26  64  68  48  51  36  14  27  59  93  20  94  15  22  84  65  63  73  23  79  90  35  19  2  87  50  41  86  55  16  17  12  37  9  52  31  39  96  5  72  28  54  21  89  40  91  30  44  71  33  29  49  46  61  83  70  38  4  77  3  82  75
   13  35  42  31  76  33  59  32  19  81  39  8  29  93  34  2  80  96  57  49  20  24  87  85  5  6  46  94  74  50  60  72  67  61  15  18  41  88  28  53  83  22  7  86  45  54  26  70  84  62  55  66  21  64  38  65  78  16  58  89  68  4  63  95  17  1  40  48  77  73  10  12  92  91  51  3  23  47  37  25  30  36  82  79  56  9  69  44  14  75  90  11  52  43  71  27
   13  35  47  57  8  69  50  79  81  30  63  91  80  72  42  5  48  7  88  52  84  85  12  17  3  6  19  94  44  64  71  27  1  70  45  29  38  14  18  74  68  10  89  11  76  34  73  39  87  25  82  28  59  41  58  20  26  66  62  86  77  93  22  49  75  23  16  92  46  67  54  51  65  60  37  36  4  40  55  96  53  90  24  32  43  15  78  33  31  2  21  56  9  95  83  61
   13  35  47  57  56  69  2  79  81  78  63  91  32  24  90  5  96  7  40  4  36  85  60  17  3  54  19  46  92  16  71  27  1  22  45  29  86  62  66  26  20  58  89  11  28  82  73  39  87  25  34  76  59  41  10  68  74  18  14  38  77  93  70  49  75  23  64  44  94  67  6  51  65  12  37  84  52  88  55  48  53  42  72  80  43  15  30  33  31  50  21  8  9  95  83  61
   13  59  23  9  20  69  38  55  33  66  39  19  92  84  30  5  60  79  4  16  48  85  72  65  27  42  43  34  8  76  47  51  49  10  45  29  74  50  6  62  32  94  41  35  40  22  25  15  63  73  70  88  83  89  46  80  14  54  2  26  77  93  58  1  3  95  28  56  82  91  90  75  17  24  37  96  64  52  31  12  53  78  36  44  67  87  18  81  7  86  21  68  57  71  11  61
   13  59  23  9  68  69  86  55  33  18  39  19  44  36  78  5  12  79  52  64  96  85  24  65  27  90  43  82  56  28  47  51  49  58  45  29  26  2  54  14  80  46  41  35  88  70  25  15  63  73  22  40  83  89  94  32  62  6  50  74  77  93  10  1  3  95  76  8  34  91  42  75  17  72  37  48  16  4  31  60  53  30  84  92  67  87  66  81  7  38  21  20  57  71  11  61
   13  62  42  66  76  64  59  65  19  16  39  89  29  4  34  95  80  1  57  48  20  73  87  12  5  91  46  3  74  47  60  25  67  36  15  79  41  9  28  44  83  75  7  11  45  43  26  27  84  35  55  31  21  33  38  32  78  81  58  8  68  93  63  2  17  96  40  49  77  24  10  85  92  6  51  94  23  50  37  72  30  61  82  18  56  88  69  53  14  22  90  86  52  54  71  70
   13  63  3  17  6  53  84  67  89  56  83  7  30  38  92  21  62  43  22  10  74  37  50  57  95  80  79  88  18  46  75  71  73  16  77  93  48  72  20  60  90  28  81  87  82  4  1  11  59  49  52  34  39  33  76  42  12  68  24  96  45  29  64  25  23  27  94  66  40  31  32  47  9  2  85  26  58  70  91  14  69  44  86  78  55  35  8  41  19  36  5  54  65  51  15  61
   13  63  3  17  54  53  36  67  89  8  83  7  78  86  44  21  14  43  70  58  26  37  2  57  95  32  79  40  66  94  75  71  73  64  77  93  96  24  68  12  42  76  81  87  34  52  1  11  59  49  4  82  39  33  28  90  60  20  72  48  45  29  16  25  23  27  46  18  88  31  80  47  9  50  85  74  10  22  91  62  69  92  38  30  55  35  56  41  19  84  5  6  65  51  15  61
   13  65  34  73  74  79  7  35  78  2  10  50  56  86  42  16  80  12  60  9  45  31  58  96  92  72  69  54  76  89  57  91  67  44  26  33  68  49  51  61  14  70  59  4  20  3  15  75  84  32  63  24  23  18  90  62  19  95  87  47  41  11  55  81  17  85  37  88  52  66  39  1  5  25  28  43  21  8  40  6  30  53  71  64  29  48  46  36  83  27  38  93  77  94  82  22
   13  70  71  54  52  86  90  22  14  53  69  88  56  18  82  61  30  72  37  50  23  94  51  6  92  85  10  24  77  49  40  96  17  2  63  93  68  8  58  81  78  32  38  33  21  31  55  35  84  27  26  43  45  11  7  75  83  44  28  9  41  79  15  36  67  25  60  47  74  3  46  91  5  12  87  73  20  48  57  1  80  95  34  4  29  89  39  16  19  65  59  64  76  66  42  62
   13  71  59  33  26  21  32  91  9  84  75  79  50  90  72  53  18  67  10  46  78  37  54  41  39  12  55  52  86  34  35  15  25  76  45  29  44  68  96  8  62  40  65  95  22  16  49  3  51  1  64  70  47  17  88  14  56  48  20  92  77  93  28  73  63  83  82  38  4  7  60  87  89  6  85  30  94  58  19  66  5  24  42  2  31  27  36  57  43  80  69  74  81  11  23  61
   13  71  59  33  74  21  80  91  9  36  75  79  2  42  24  53  66  67  58  94  30  37  6  41  39  60  55  4  38  82  35  15  25  28  45  29  92  20  48  56  14  88  65  95  70  64  49  3  51  1  16  22  47  17  40  62  8  96  68  44  77  93  76  73  63  83  34  86  52  7  12  87  89  54  85  78  46  10  19  18  5  72  90  50  31  27  84  57  43  32  69  26  81  11  23  61
   13  75  39  41  12  5  78  7  65  74  23  67  84  44  38  69  20  31  28  40  8  85  32  33  11  50  91  10  96  4  63  35  49  82  77  93  18  90  14  6  24  70  9  51  64  94  25  95  47  73  46  16  3  57  22  72  54  62  42  66  45  29  34  1  83  15  52  48  58  43  2  59  81  80  37  56  88  76  79  68  21  86  92  36  19  71  26  17  55  30  53  60  89  87  27  61
   13  75  39  41  60  5  30  7  65  26  23  67  36  92  86  69  68  31  76  88  56  85  80  33  11  2  91  58  48  52  63  35  49  34  77  93  66  42  62  54  72  22  9  51  16  46  25  95  47  73  94  64  3  57  70  24  6  14  90  18  45  29  82  1  83  15  4  96  10  43  50  59  81  32  37  8  40  28  79  20  21  38  44  84  19  71  74  17  55  78  53  12  89  87  27  61
   13  75  82  3  77  4  38  70  83  61  46  49  29  33  71  44  30  91  40  89  21  54  28  72  5  96  39  31  52  9  37  12  17  16  55  86  41  50  87  2  19  35  90  79  23  73  63  65  84  22  15  94  20  93  59  27  14  36  51  48  68  64  26  53  67  6  57  8  76  43  69  25  92  1  58  66  45  88  60  85  80  81  42  11  56  47  10  95  78  62  7  18  74  24  34  32
   13  83  95  57  32  69  26  31  81  6  15  43  8  96  18  5  72  55  16  76  12  85  36  17  51  78  67  70  68  88  23  75  1  46  45  29  14  86  90  50  92  82  89  59  4  10  73  87  39  25  58  52  11  41  34  44  2  42  38  62  77  93  94  49  27  71  40  20  22  19  30  3  65  84  37  60  28  64  7  24  53  66  48  56  91  63  54  33  79  74  21  80  9  47  35  61
   13  83  95  57  80  69  74  31  81  54  15  43  56  48  66  5  24  55  64  28  60  85  84  17  51  30  67  22  20  40  23  75  1  94  45  29  62  38  42  2  44  34  89  59  52  58  73  87  39  25  10  4  11  41  82  92  50  90  86  14  77  93  46  49  27  71  88  68  70  19  78  3  65  36  37  12  76  16  7  72  53  18  96  8  91  63  6  33  79  26  21  32  9  47  35  61
   13  87  75  65  18  53  72  43  41  92  59  31  42  50  80  21  74  19  34  70  38  37  14  9  23  20  7  28  78  58  51  95  25  52  77  93  84  12  8  48  54  16  33  15  46  88  49  83  35  1  40  94  63  81  64  6  96  56  60  36  45  29  4  73  47  3  10  30  76  55  68  71  57  62  85  86  22  82  67  26  69  32  2  90  79  11  44  89  91  24  5  66  17  27  39  61
   13  87  75  65  66  53  24  43  41  44  59  31  90  2  32  21  26  19  82  22  86  37  62  9  23  68  7  76  30  10  51  95  25  4  77  93  36  60  56  96  6  64  33  15  94  40  49  83  35  1  88  46  63  81  16  54  48  8  12  84  45  29  52  73  47  3  58  78  28  55  20  71  57  14  85  38  70  34  67  74  69  80  50  42  79  11  92  89  91  72  5  18  17  27  39  61
   13  95  35  81  38  21  20  67  57  24  51  7  62  6  60  53  30  43  22  10  42  37  18  89  63  48  79  88  50  46  11  39  73  16  45  29  80  8  84  92  26  28  17  23  82  4  1  75  27  49  52  34  71  65  76  74  44  36  56  32  77  93  64  25  87  59  94  2  40  31  96  15  41  66  85  90  58  70  91  78  5  12  54  14  55  3  72  9  19  68  69  86  33  83  47  61
   13  95  35  81  86  21  68  67  57  72  51  7  14  54  12  53  78  43  70  58  90  37  66  89  63  96  79  40  2  94  11  39  73  64  45  29  32  56  36  44  74  76  17  23  34  52  1  75  27  49  4  82  71  65  28  26  92  84  8  80  77  93  16  25  87  59  46  50  88  31  48  15  41  18  85  42  10  22  91  30  5  60  6  62  55  3  24  9  19  20  69  38  33  83  47  61
   14  8  60  62  77  44  39  50  84  48  69  81  74  70  40  9  19  94  26  1  56  32  46  54  17  79  59  6  45  95  82  33  5  86  63  36  76  85  7  4  30  31  87  22  68  25  42  24  83  89  37  35  20  53  58  47  13  49  28  16  23  27  57  88  78  3  71  96  41  65  51  43  80  18  38  91  52  2  15  64  92  11  34  61  21  12  90  93  67  66  10  75  29  72  55  73
   14  12  72  10  45  70  15  8  34  43  88  68  21  13  7  6  85  32  29  41  73  86  1  66  76  19  92  11  33  5  96  4  50  83  46  30  51  27  79  39  57  71  42  84  65  95  26  64  16  74  47  17  36  90  23  9  87  31  75  3  78  94  35  2  52  48  53  81  59  44  67  28  18  49  38  25  89  77  80  37  54  55  61  69  20  40  91  82  56  63  22  93  58  24  60  62
   14  12  72  10  93  70  63  8  34  91  88  68  69  61  55  6  37  32  77  89  25  86  49  66  76  67  92  59  81  53  96  4  50  35  46  30  3  75  31  87  9  23  42  84  17  47  26  64  16  74  95  65  36  90  71  57  39  79  27  51  78  94  83  2  52  48  5  33  11  44  19  28  18  1  38  73  41  29  80  85  54  7  13  21  20  40  43  82  56  15  22  45  58  24  60  62
   14  16  52  18  31  54  61  20  90  33  36  56  55  63  69  22  87  92  47  35  3  38  75  58  48  57  32  65  43  71  28  24  74  89  78  94  25  49  93  37  19  5  82  40  11  77  2  60  12  50  29  59  88  34  53  67  85  45  1  73  46  30  41  26  72  76  23  91  17  80  9  96  10  27  86  51  83  95  44  39  70  21  15  7  8  84  81  42  68  13  6  79  66  4  64  62
   14  16  52  18  79  54  13  20  90  81  36  56  7  15  21  22  39  92  95  83  51  38  27  58  48  9  32  17  91  23  28  24  74  41  78  94  73  1  45  85  67  53  82  40  59  29  2  60  12  50  77  11  88  34  5  19  37  93  49  25  46  30  89  26  72  76  71  43  65  80  57  96  10  75  86  3  35  47  44  87  70  69  63  55  8  84  33  42  68  61  6  31  66  4  64  62
   14  22  90  86  52  54  71  70  13  62  42  66  76  64  59  65  19  16  39  89  29  4  34  95  80  1  57  48  20  73  87  12  5  91  46  3  74  47  60  25  67  36  15  79  41  9  28  44  83  75  7  11  45  43  26  27  84  35  55  31  21  33  38  32  78  81  58  8  68  93  63  2  17  96  40  49  77  24  10  85  92  6  51  94  23  50  37  72  30  61  82  18  56  88  69  53
   14  24  12  34  3  22  57  44  10  13  28  32  27  67  1  54  91  20  83  23  55  38  31  42  88  37  8  77  63  11  84  64  26  5  46  30  69  93  25  33  39  65  66  48  95  41  50  52  4  2  89  47  96  18  17  87  81  73  45  21  78  94  53  74  16  36  59  15  29  56  85  40  90  79  86  7  71  35  68  43  6  49  19  75  80  76  61  58  92  9  70  51  82  60  72  62
   14  24  12  34  51  22  9  44  10  61  28  32  75  19  49  54  43  20  35  71  7  38  79  42  88  85  8  29  15  59  84  64  26  53  46  30  21  45  73  81  87  17  66  48  47  89  50  52  4  2  41  95  96  18  65  39  33  25  93  69  78  94  5  74  16  36  11  63  77  56  37  40  90  31  86  55  23  83  68  91  6  1  67  27  80  76  13  58  92  57  70  3  82  60  72  62
   14  27  59  93  20  94  15  22  84  65  63  73  23  79  90  35  19  2  87  50  41  86  55  16  17  12  37  9  52  31  39  96  5  72  28  54  21  89  40  91  30  44  71  33  29  49  46  61  83  70  38  4  77  3  82  75  13  32  34  24  74  18  7  62  78  95  10  47  56  11  42  81  80  85  60  88  45  66  58  1  92  25  69  43  76  8  57  6  67  53  26  64  68  48  51  36
   14  28  88  42  37  6  55  56  66  51  72  20  13  69  15  70  45  80  53  65  33  86  57  34  60  27  44  83  25  29  16  84  50  59  78  94  91  67  87  79  49  47  10  4  89  71  26  48  96  74  23  41  52  58  95  1  31  39  19  43  46  30  11  2  36  64  77  73  35  92  75  12  82  9  38  81  17  5  32  93  22  63  21  61  68  24  3  18  8  7  54  85  90  40  76  62
   14  28  88  42  85  6  7  56  66  3  72  20  61  21  63  70  93  80  5  17  81  86  9  34  60  75  44  35  73  77  16  84  50  11  78  94  43  19  39  31  1  95  10  4  41  23  26  48  96  74  71  89  52  58  47  49  79  87  67  91  46  30  59  2  36  64  29  25  83  92  27  12  82  57  38  33  65  53  32  45  22  15  69  13  68  24  51  18  8  55  54  37  90  40  76  62
   14  36  51  48  68  64  26  53  67  6  57  8  76  43  69  25  92  1  58  66  45  88  60  85  80  81  42  11  56  47  10  95  78  62  7  18  74  24  34  32  13  75  82  3  77  4  38  70  83  61  46  49  29  33  71  44  30  91  40  89  21  54  28  72  5  96  39  31  52  9  37  12  17  16  55  86  41  50  87  2  19  35  90  79  23  73  63  65  84  22  15  94  20  93  59  27
   14  44  69  9  56  79  82  36  30  25  37  47  23  3  51  91  92  12  10  73  77  48  40  1  17  95  63  4  68  89  58  16  78  65  38  64  21  66  55  62  84  70  26  54  45  86  7  22  83  53  28  88  41  18  15  61  67  72  60  50  74  94  46  6  5  85  87  24  20  49  57  96  80  2  34  93  29  8  39  81  19  32  59  33  76  31  42  35  13  27  71  43  52  11  90  75
   14  53  69  88  56  18  82  61  30  72  37  50  23  94  51  6  92  85  10  24  77  49  40  96  17  2  63  93  68  8  58  81  78  32  38  33  21  31  55  35  84  27  26  43  45  11  7  75  83  44  28  9  41  79  15  36  67  25  60  47  74  3  46  91  5  12  87  73  20  48  57  1  80  95  34  4  29  89  39  16  19  65  59  64  76  66  42  62  13  70  71  54  52  86  90  22
   14  60  24  10  21  70  39  56  34  67  40  20  93  85  31  6  61  80  5  17  49  86  73  66  28  43  44  35  9  77  48  52  50  11  46  30  75  51  7  63  33  95  42  36  41  23  26  16  64  74  71  89  84  90  47  81  15  55  3  27  78  94  59  2  4  96  29  57  83  92  91  76  18  25  38  1  65  53  32  13  54  79  37  45  68  88  19  82  8  87  22  69  58  72  12  62
   14  60  24  10  69  70  87  56  34  19  40  20  45  37  79  6  13  80  53  65  1  86  25  66  28  91  44  83  57  29  48  52  50  59  46  30  27  3  55  15  81  47  42  36  89  71  26  16  64  74  23  41  84  90  95  33  63  7  51  75  78  94  11  2  4  96  77  9  35  92  43  76  18  73  38  49  17  5  32  61  54  31  85  93  68  88  67  82  8  39  22  21  58  72  12  62
   14  61  51  49  68  33  26  44  67  91  57  89  76  54  69  72  92  96  58  31  45  9  60  12  80  16  42  86  56  50  10  2  78  35  7  79  74  73  34  65  13  22  82  94  77  93  38  27  83  36  46  48  29  64  71  53  30  6  40  8  21  43  28  25  5  1  39  66  52  88  37  85  17  81  55  11  41  47  87  95  19  62  90  18  23  24  63  32  84  75  15  3  20  4  59  70
   14  64  4  18  7  54  85  68  90  57  84  8  31  39  93  22  63  44  23  11  75  38  51  58  96  81  80  89  19  47  76  72  74  17  78  94  49  73  21  61  91  29  82  88  83  5  2  12  60  50  53  35  40  34  77  43  13  69  25  1  46  30  65  26  24  28  95  67  41  32  33  48  10  3  86  27  59  71  92  15  70  45  87  79  56  36  9  42  20  37  6  55  66  52  16  62
   14  64  4  18  55  54  37  68  90  9  84  8  79  87  45  22  15  44  71  59  27  38  3  58  96  33  80  41  67  95  76  72  74  65  78  94  1  25  69  13  43  77  82  88  35  53  2  12  60  50  5  83  40  34  29  91  61  21  73  49  46  30  17  26  24  28  47  19  89  32  81  48  10  51  86  75  11  23  92  63  70  93  39  31  56  36  57  42  20  85  6  7  66  52  16  62
   14  70  59  4  20  3  15  75  84  32  63  24  23  18  90  62  19  95  87  47  41  11  55  81  17  85  37  88  52  66  39  1  5  25  28  43  21  8  40  6  30  53  71  64  29  48  46  36  83  27  38  93  77  94  82  22  13  65  34  73  74  79  7  35  78  2  10  50  56  86  42  16  80  12  60  9  45  31  58  96  92  72  69  54  76  89  57  91  67  44  26  33  68  49  51  61
   14  72  60  34  27  22  33  92  10  85  76  80  51  91  73  54  19  68  11  47  79  38  55  42  40  13  56  53  87  35  36  16  26  77  46  30  45  69  1  9  63  41  66  96  23  17  50  4  52  2  65  71  48  18  89  15  57  49  21  93  78  94  29  74  64  84  83  39  5  8  61  88  90  7  86  31  95  59  20  67  6  25  43  3  32  28  37  58  44  81  70  75  82  12  24  62
   14  72  60  34  75  22  81  92  10  37  76  80  3  43  25  54  67  68  59  95  31  38  7  42  40  61  56  5  39  83  36  16  26  29  46  30  93  21  49  57  15  89  66  96  71  65  50  4  52  2  17  23  48  18  41  63  9  1  69  45  78  94  77  74  64  84  35  87  53  8  13  88  90  55  86  79  47  11  20  19  6  73  91  51  32  28  85  58  44  33  70  27  82  12  24  62
   14  75  90  11  52  43  71  27  13  35  42  31  76  33  59  32  19  81  39  8  29  93  34  2  80  96  57  49  20  24  87  85  5  6  46  94  74  50  60  72  67  61  15  18  41  88  28  53  83  22  7  86  45  54  26  70  84  62  55  66  21  64  38  65  78  16  58  89  68  4  63  95  17  1  40  48  77  73  10  12  92  91  51  3  23  47  37  25  30  36  82  79  56  9  69  44
   14  76  40  42  13  6  79  8  66  75  24  68  85  45  39  70  21  32  29  41  9  86  33  34  12  51  92  11  1  5  64  36  50  83  78  94  19  91  15  7  25  71  10  52  65  95  26  96  48  74  47  17  4  58  23  73  55  63  43  67  46  30  35  2  84  16  53  49  59  44  3  60  82  81  38  57  89  77  80  69  22  87  93  37  20  72  27  18  56  31  54  61  90  88  28  62
   14  76  40  42  61  6  31  8  66  27  24  68  37  93  87  70  69  32  77  89  57  86  81  34  12  3  92  59  49  53  64  36  50  35  78  94  67  43  63  55  73  23  10  52  17  47  26  96  48  74  95  65  4  58  71  25  7  15  91  19  46  30  83  2  84  16  5  1  11  44  51  60  82  33  38  9  41  29  80  21  22  39  45  85  20  72  75  18  56  79  54  13  90  88  28  62
   14  88  76  66  19  54  73  44  42  93  60  32  43  51  81  22  75  20  35  71  39  38  15  10  24  21  8  29  79  59  52  96  26  53  78  94  85  13  9  49  55  17  34  16  47  89  50  84  36  2  41  95  64  82  65  7  1  57  61  37  46  30  5  74  48  4  11  31  77  56  69  72  58  63  86  87  23  83  68  27  70  33  3  91  80  12  45  90  92  25  6  67  18  28  40  62
   14  88  76  66  67  54  25  44  42  45  60  32  91  3  33  22  27  20  83  23  87  38  63  10  24  69  8  77  31  11  52  96  26  5  78  94  37  61  57  1  7  65  34  16  95  41  50  84  36  2  89  47  64  82  17  55  49  9  13  85  46  30  53  74  48  4  59  79  29  56  21  72  58  15  86  39  71  35  68  75  70  81  51  43  80  12  93  90  92  73  6  19  18  28  40  62
   14  89  60  35  77  53  39  47  84  49  69  16  74  27  40  88  19  3  26  96  56  65  46  43  17  18  59  91  45  2  82  64  5  11  63  61  76  12  7  93  30  66  87  75  68  72  42  73  83  8  37  62  20  44  58  50  13  48  28  81  23  70  57  9  78  94  71  1  41  32  51  54  80  79  38  6  52  95  15  33  92  86  34  36  21  85  90  4  67  31  10  22  29  25  55  24
   15  3  20  4  59  70  14  61  51  49  68  33  26  44  67  91  57  89  76  54  69  72  92  96  58  31  45  9  60  12  80  16  42  86  56  50  10  2  78  35  7  79  74  73  34  65  13  22  82  94  77  93  38  27  83  36  46  48  29  64  71  53  30  6  40  8  21  43  28  25  5  1  39  66  52  88  37  85  17  81  55  11  41  47  87  95  19  62  90  18  23  24  63  32  84  75
   15  12  29  62  69  94  17  33  7  25  20  16  71  18  92  93  55  44  74  1  59  86  30  24  58  27  41  91  34  66  14  50  40  32  45  36  87  89  13  88  51  2  21  75  60  48  19  54  82  85  68  35  28  3  80  64  90  72  77  81  26  79  5  4  42  53  23  96  38  11  67  73  39  70  56  6  63  31  83  47  57  65  52  61  10  8  84  9  46  95  76  22  37  49  78  43
   15  13  73  11  46  71  16  9  35  44  89  69  22  14  8  7  86  33  30  42  74  87  2  67  77  20  93  12  34  6  1  5  51  84  47  31  52  28  80  40  58  72  43  85  66  96  27  65  17  75  48  18  37  91  24  10  88  32  76  4  79  95  36  3  53  49  54  82  60  45  68  29  19  50  39  26  90  78  81  38  55  56  62  70  21  41  92  83  57  64  23  94  59  25  61  63
   15  13  73  11  94  71  64  9  35  92  89  69  70  62  56  7  38  33  78  90  26  87  50  67  77  68  93  60  82  54  1  5  51  36  47  31  4  76  32  88  10  24  43  85  18  48  27  65  17  75  96  66  37  91  72  58  40  80  28  52  79  95  84  3  53  49  6  34  12  45  20  29  19  2  39  74  42  30  81  86  55  8  14  22  21  41  44  83  57  16  23  46  59  25  61  63
   15  17  53  19  32  55  62  21  91  34  37  57  56  64  70  23  88  93  48  36  4  39  76  59  49  58  33  66  44  72  29  25  75  90  79  95  26  50  94  38  20  6  83  41  12  78  3  61  13  51  30  60  89  35  54  68  86  46  2  74  47  31  42  27  73  77  24  92  18  81  10  1  11  28  87  52  84  96  45  40  71  22  16  8  9  85  82  43  69  14  7  80  67  5  65  63
   15  17  53  19  80  55  14  21  91  82  37  57  8  16  22  23  40  93  96  84  52  39  28  59  49  10  33  18  92  24  29  25  75  42  79  95  74  2  46  86  68  54  83  41  60  30  3  61  13  51  78  12  89  35  6  20  38  94  50  26  47  31  90  27  73  77  72  44  66  81  58  1  11  76  87  4  36  48  45  88  71  70  64  56  9  85  34  43  69  62  7  32  67  5  65  63
   15  18  41  88  28  53  83  22  7  86  45  54  26  70  84  62  55  66  21  64  38  65  78  16  58  89  68  4  63  95  17  1  40  48  77  73  10  12  92  91  51  3  23  47  37  25  30  36  82  79  56  9  69  44  14  75  90  11  52  43  71  27  13  35  42  31  76  33  59  32  19  81  39  8  29  93  34  2  80  96  57  49  20  24  87  85  5  6  46  94  74  50  60  72  67  61
   15  25  13  35  4  23  58  45  11  14  29  33  28  68  2  55  92  21  84  24  56  39  32  43  89  38  9  78  64  12  85  65  27  6  47  31  70  94  26  34  40  66  67  49  96  42  51  53  5  3  90  48  1  19  18  88  82  74  46  22  79  95  54  75  17  37  60  16  30  57  86  41  91  80  87  8  72  36  69  44  7  50  20  76  81  77  62  59  93  10  71  52  83  61  73  63
   15  25  13  35  52  23  10  45  11  62  29  33  76  20  50  55  44  21  36  72  8  39  80  43  89  86  9  30  16  60  85  65  27  54  47  31  22  46  74  82  88  18  67  49  48  90  51  53  5  3  42  96  1  19  66  40  34  26  94  70  79  95  6  75  17  37  12  64  78  57  38  41  91  32  87  56  24  84  69  92  7  2  68  28  81  77  14  59  93  58  71  4  83  61  73  63
   15  29  89  43  38  7  56  57  67  52  73  21  14  70  16  71  46  81  54  66  34  87  58  35  61  28  45  84  26  30  17  85  51  60  79  95  92  68  88  80  50  48  11  5  90  72  27  49  1  75  24  42  53  59  96  2  32  40  20  44  47  31  12  3  37  65  78  74  36  93  76  13  83  10  39  82  18  6  33  94  23  64  22  62  69  25  4  19  9  8  55  86  91  41  77  63
   15  29  89  43  86  7  8  57  67  4  73  21  62  22  64  71  94  81  6  18  82  87  10  35  61  76  45  36  74  78  17  85  51  12  79  95  44  20  40  32  2  96  11  5  42  24  27  49  1  75  72  90  53  59  48  50  80  88  68  92  47  31  60  3  37  65  30  26  84  93  28  13  83  58  39  34  66  54  33  46  23  16  70  14  69  25  52  19  9  56  55  38  91  41  77  63
   15  36  67  25  60  47  74  3  46  91  5  12  87  73  20  48  57  1  80  95  34  4  29  89  39  16  19  65  59  64  76  66  42  62  13  70  71  54  52  86  90  22  14  53  69  88  56  18  82  61  30  72  37  50  23  94  51  6  92  85  10  24  77  49  40  96  17  2  63  93  68  8  58  81  78  32  38  33  21  31  55  35  84  27  26  43  45  11  7  75  83  44  28  9  41  79
   15  41  29  67  44  55  50  93  43  70  13  81  68  76  58  23  4  69  60  96  64  39  40  11  73  94  57  6  8  84  5  49  27  30  79  95  62  86  82  26  80  90  35  65  72  66  51  37  85  3  18  24  17  83  42  32  74  34  38  14  47  31  78  75  1  53  36  56  54  9  46  25  59  88  87  16  48  12  21  52  71  10  28  20  33  61  22  91  45  2  7  92  19  77  89  63
   15  41  29  67  92  55  2  93  43  22  13  81  20  28  10  23  52  69  12  48  16  39  88  11  73  46  57  54  56  36  5  49  27  78  79  95  14  38  34  74  32  42  35  65  24  18  51  37  85  3  66  72  17  83  90  80  26  82  86  62  47  31  30  75  1  53  84  8  6  9  94  25  59  40  87  64  96  60  21  4  71  58  76  68  33  61  70  91  45  50  7  44  19  77  89  63
   15  61  25  11  22  71  40  57  35  68  41  21  94  86  32  7  62  81  6  18  50  87  74  67  29  44  45  36  10  78  49  53  51  12  47  31  76  52  8  64  34  96  43  37  42  24  27  17  65  75  72  90  85  91  48  82  16  56  4  28  79  95  60  3  5  1  30  58  84  93  92  77  19  26  39  2  66  54  33  14  55  80  38  46  69  89  20  83  9  88  23  70  59  73  13  63
   15  61  25  11  70  71  88  57  35  20  41  21  46  38  80  7  14  81  54  66  2  87  26  67  29  92  45  84  58  30  49  53  51  60  47  31  28  4  56  16  82  48  43  37  90  72  27  17  65  75  24  42  85  91  96  34  64  8  52  76  79  95  12  3  5  1  78  10  36  93  44  77  19  74  39  50  18  6  33  62  55  32  86  94  69  89  68  83  9  40  23  22  59  73  13  63
   15  61  67  72  60  50  74  94  46  6  5  85  87  24  20  49  57  96  80  2  34  93  29  8  39  81  19  32  59  33  76  31  42  35  13  27  71  43  52  11  90  75  14  44  69  9  56  79  82  36  30  25  37  47  23  3  51  91  92  12  10  73  77  48  40  1  17  95  63  4  68  89  58  16  78  65  38  64  21  66  55  62  84  70  26  54  45  86  7  22  83  53  28  88  41  18
   15  65  5  19  8  55  86  69  91  58  85  9  32  40  94  23  64  45  24  12  76  39  52  59  1  82  81  90  20  48  77  73  75  18  79  95  50  74  22  62  92  30  83  89  84  6  3  13  61  51  54  36  41  35  78  44  14  70  26  2  47  31  66  27  25  29  96  68  42  33  34  49  11  4  87  28  60  72  93  16  71  46  88  80  57  37  10  43  21  38  7  56  67  53  17  63
   15  65  5  19  56  55  38  69  91  10  85  9  80  88  46  23  16  45  72  60  28  39  4  59  1  34  81  42  68  96  77  73  75  66  79  95  2  26  70  14  44  78  83  89  36  54  3  13  61  51  6  84  41  35  30  92  62  22  74  50  47  31  18  27  25  29  48  20  90  33  82  49  11  52  87  76  12  24  93  64  71  94  40  32  57  37  58  43  21  86  7  8  67  53  17  63
   15  73  61  35  28  23  34  93  11  86  77  81  52  92  74  55  20  69  12  48  80  39  56  43  41  14  57  54  88  36  37  17  27  78  47  31  46  70  2  10  64  42  67  1  24  18  51  5  53  3  66  72  49  19  90  16  58  50  22  94  79  95  30  75  65  85  84  40  6  9  62  89  91  8  87  32  96  60  21  68  7  26  44  4  33  29  38  59  45  82  71  76  83  13  25  63
   15  73  61  35  76  23  82  93  11  38  77  81  4  44  26  55  68  69  60  96  32  39  8  43  41  62  57  6  40  84  37  17  27  30  47  31  94  22  50  58  16  90  67  1  72  66  51  5  53  3  18  24  49  19  42  64  10  2  70  46  79  95  78  75  65  85  36  88  54  9  14  89  91  56  87  80  48  12  21  20  7  74  92  52  33  29  86  59  45  34  71  28  83  13  25  63
   15  77  41  43  14  7  80  9  67  76  25  69  86  46  40  71  22  33  30  42  10  87  34  35  13  52  93  12  2  6  65  37  51  84  79  95  20  92  16  8  26  72  11  53  66  96  27  1  49  75  48  18  5  59  24  74  56  64  44  68  47  31  36  3  85  17  54  50  60  45  4  61  83  82  39  58  90  78  81  70  23  88  94  38  21  73  28  19  57  32  55  62  91  89  29  63
   15  77  41  43  62  7  32  9  67  28  25  69  38  94  88  71  70  33  78  90  58  87  82  35  13  4  93  60  50  54  65  37  51  36  79  95  68  44  64  56  74  24  11  53  18  48  27  1  49  75  96  66  5  59  72  26  8  16  92  20  47  31  84  3  85  17  6  2  12  45  52  61  83  34  39  10  42  30  81  22  23  40  46  86  21  73  76  19  57  80  55  14  91  89  29  63
   15  79  41  9  28  44  83  75  7  11  45  43  26  27  84  35  55  31  21  33  38  32  78  81  58  8  68  93  63  2  17  96  40  49  77  24  10  85  92  6  51  94  23  50  37  72  30  61  82  18  56  88  69  53  14  22  90  86  52  54  71  70  13  62  42  66  76  64  59  65  19  16  39  89  29  4  34  95  80  1  57  48  20  73  87  12  5  91  46  3  74  47  60  25  67  36
   15  85  29  35  69  3  17  64  7  72  20  81  71  79  92  4  55  53  74  96  59  11  30  73  58  70  41  6  34  31  14  47  40  65  45  61  87  8  13  9  51  95  21  22  60  49  19  43  82  12  68  62  28  94  80  33  90  25  77  16  26  18  5  93  42  44  23  1  38  86  67  24  39  27  56  91  63  66  83  50  57  32  52  36  10  89  84  88  46  2  76  75  37  48  78  54
   15  89  77  67  20  55  74  45  43  94  61  33  44  52  82  23  76  21  36  72  40  39  16  11  25  22  9  30  80  60  53  1  27  54  79  95  86  14  10  50  56  18  35  17  48  90  51  85  37  3  42  96  65  83  66  8  2  58  62  38  47  31  6  75  49  5  12  32  78  57  70  73  59  64  87  88  24  84  69  28  71  34  4  92  81  13  46  91  93  26  7  68  19  29  41  63
   15  89  77  67  68  55  26  45  43  46  61  33  92  4  34  23  28  21  84  24  88  39  64  11  25  70  9  78  32  12  53  1  27  6  79  95  38  62  58  2  8  66  35  17  96  42  51  85  37  3  90  48  65  83  18  56  50  10  14  86  47  31  54  75  49  5  60  80  30  57  22  73  59  16  87  40  72  36  69  76  71  82  52  44  81  13  94  91  93  74  7  20  19  29  41  63
   15  94  20  93  59  27  14  36  51  48  68  64  26  53  67  6  57  8  76  43  69  25  92  1  58  66  45  88  60  85  80  81  42  11  56  47  10  95  78  62  7  18  74  24  34  32  13  75  82  3  77  4  38  70  83  61  46  49  29  33  71  44  30  91  40  89  21  54  28  72  5  96  39  31  52  9  37  12  17  16  55  86  41  50  87  2  19  35  90  79  23  73  63  65  84  22
   16  2  38  84  41  24  23  70  60  27  54  10  65  9  63  56  33  46  25  13  45  40  21  92  66  51  82  91  53  49  14  42  76  19  48  32  83  11  87  95  29  31  20  26  85  7  4  78  30  52  55  37  74  68  79  77  47  39  59  35  80  96  67  28  90  62  1  5  43  34  3  18  44  69  88  93  61  73  94  81  8  15  57  17  58  6  75  12  22  71  72  89  36  86  50  64
   16  2  38  84  89  24  71  70  60  75  54  10  17  57  15  56  81  46  73  61  93  40  69  92  66  3  82  43  5  1  14  42  76  67  48  32  35  59  39  47  77  79  20  26  37  55  4  78  30  52  7  85  74  68  31  29  95  87  11  83  80  96  19  28  90  62  49  53  91  34  51  18  44  21  88  45  13  25  94  33  8  63  9  65  58  6  27  12  22  23  72  41  36  86  50  64
   16  6  18  92  27  8  69  82  20  17  2  94  3  59  29  72  35  10  43  7  71  88  95  84  38  89  22  49  63  19  42  62  4  25  80  96  57  33  5  93  87  61  60  78  31  85  76  74  26  28  37  79  30  12  13  39  45  53  81  9  48  32  73  52  14  90  67  15  1  70  41  86  36  47  40  23  55  91  58  83  24  77  11  51  46  50  65  68  34  21  56  75  44  66  54  64
   16  6  18  92  75  8  21  82  20  65  2  94  51  11  77  72  83  10  91  55  23  88  47  84  38  41  22  1  15  67  42  62  4  73  80  96  9  81  53  45  39  13  60  78  79  37  76  74  26  28  85  31  30  12  61  87  93  5  33  57  48  32  25  52  14  90  19  63  49  70  89  86  36  95  40  71  7  43  58  35  24  29  59  3  46  50  17  68  34  69  56  27  44  66  54  64
   16  14  74  12  47  72  17  10  36  45  90  70  23  15  9  8  87  34  31  43  75  88  3  68  78  21  94  13  35  7  2  6  52  85  48  32  53  29  81  41  59  73  44  86  67  1  28  66  18  76  49  19  38  92  25  11  89  33  77  5  80  96  37  4  54  50  55  83  61  46  69  30  20  51  40  27  91  79  82  39  56  57  63  71  22  42  93  84  58  65  24  95  60  26  62  64
   16  14  74  12  95  72  65  10  36  93  90  70  71  63  57  8  39  34  79  91  27  88  51  68  78  69  94  61  83  55  2  6  52  37  48  32  5  77  33  89  11  25  44  86  19  49  28  66  18  76  1  67  38  92  73  59  41  81  29  53  80  96  85  4  54  50  7  35  13  46  21  30  20  3  40  75  43  31  82  87  56  9  15  23  22  42  45  84  58  17  24  47  60  26  62  64
   16  18  54  20  33  56  63  22  92  35  38  58  57  65  71  24  89  94  49  37  5  40  77  60  50  59  34  67  45  73  30  26  76  91  80  96  27  51  95  39  21  7  84  42  13  79  4  62  14  52  31  61  90  36  55  69  87  47  3  75  48  32  43  28  74  78  25  93  19  82  11  2  12  29  88  53  85  1  46  41  72  23  17  9  10  86  83  44  70  15  8  81  68  6  66  64
   16  18  54  20  81  56  15  22  92  83  38  58  9  17  23  24  41  94  1  85  53  40  29  60  50  11  34  19  93  25  30  26  76  43  80  96  75  3  47  87  69  55  84  42  61  31  4  62  14  52  79  13  90  36  7  21  39  95  51  27  48  32  91  28  74  78  73  45  67  82  59  2  12  77  88  5  37  49  46  89  72  71  65  57  10  86  35  44  70  63  8  33  68  6  66  64
   16  26  14  36  5  24  59  46  12  15  30  34  29  69  3  56  93  22  85  25  57  40  33  44  90  39  10  79  65  13  86  66  28  7  48  32  71  95  27  35  41  67  68  50  1  43  52  54  6  4  91  49  2  20  19  89  83  75  47  23  80  96  55  76  18  38  61  17  31  58  87  42  92  81  88  9  73  37  70  45  8  51  21  77  82  78  63  60  94  11  72  53  84  62  74  64
   16  26  14  36  53  24  11  46  12  63  30  34  77  21  51  56  45  22  37  73  9  40  81  44  90  87  10  31  17  61  86  66  28  55  48  32  23  47  75  83  89  19  68  50  49  91  52  54  6  4  43  1  2  20  67  41  35  27  95  71  80  96  7  76  18  38  13  65  79  58  39  42  92  33  88  57  25  85  70  93  8  3  69  29  82  78  15  60  94  59  72  5  84  62  74  64
   16  30  90  44  39  8  57  58  68  53  74  22  15  71  17  72  47  82  55  67  35  88  59  36  62  29  46  85  27  31  18  86  52  61  80  96  93  69  89  81  51  49  12  6  91  73  28  50  2  76  25  43  54  60  1  3  33  41  21  45  48  32  13  4  38  66  79  75  37  94  77  14  84  11  40  83  19  7  34  95  24  65  23  63  70  26  5  20  10  9  56  87  92  42  78  64
   16  30  90  44  87  8  9  58  68  5  74  22  63  23  65  72  95  82  7  19  83  88  11  36  62  77  46  37  75  79  18  86  52  13  80  96  45  21  41  33  3  1  12  6  43  25  28  50  2  76  73  91  54  60  49  51  81  89  69  93  48  32  61  4  38  66  31  27  85  94  29  14  84  59  40  35  67  55  34  47  24  17  71  15  70  26  53  20  10  57  56  39  92  42  78  64
   16  38  50  60  11  72  53  82  84  33  66  94  83  75  45  8  51  10  91  55  87  88  15  20  6  9  22  1  47  67  74  30  4  73  48  32  41  17  21  77  71  13  92  14  79  37  76  42  90  28  85  31  62  44  61  23  29  69  65  89  80  96  25  52  78  26  19  95  49  70  57  54  68  63  40  39  7  43  58  3  56  93  27  35  46  18  81  36  34  5  24  59  12  2  86  64
   16  38  50  60  59  72  5  82  84  81  66  94  35  27  93  8  3  10  43  7  39  88  63  20  6  57  22  49  95  19  74  30  4  25  48  32  89  65  69  29  23  61  92  14  31  85  76  42  90  28  37  79  62  44  13  71  77  21  17  41  80  96  73  52  78  26  67  47  1  70  9  54  68  15  40  87  55  91  58  51  56  45  75  83  46  18  33  36  34  53  24  11  12  2  86  64
   16  42  30  68  45  56  51  94  44  71  14  82  69  77  59  24  5  70  61  1  65  40  41  12  74  95  58  7  9  85  6  50  28  31  80  96  63  87  83  27  81  91  36  66  73  67  52  38  86  4  19  25  18  84  43  33  75  35  39  15  48  32  79  76  2  54  37  57  55  10  47  26  60  89  88  17  49  13  22  53  72  11  29  21  34  62  23  92  46  3  8  93  20  78  90  64
   16  42  30  68  93  56  3  94  44  23  14  82  21  29  11  24  53  70  13  49  17  40  89  12  74  47  58  55  57  37  6  50  28  79  80  96  15  39  35  75  33  43  36  66  25  19  52  38  86  4  67  73  18  84  91  81  27  83  87  63  48  32  31  76  2  54  85  9  7  10  95  26  60  41  88  65  1  61  22  5  72  59  77  69  34  62  71  92  46  51  8  45  20  78  90  64
   16  50  86  84  17  24  47  22  60  51  6  58  41  81  87  56  9  94  1  85  21  40  93  92  18  75  34  19  29  25  62  90  76  43  48  32  11  35  15  23  5  55  20  74  61  31  4  30  78  52  79  13  26  68  7  53  71  63  83  59  80  96  91  28  42  14  73  77  67  82  27  66  44  45  88  69  37  49  46  57  8  39  33  89  10  54  3  12  70  95  72  65  36  38  2  64
   16  50  86  84  65  24  95  22  60  3  6  58  89  33  39  56  57  94  49  37  69  40  45  92  18  27  34  67  77  73  62  90  76  91  48  32  59  83  63  71  53  7  20  74  13  79  4  30  78  52  31  61  26  68  55  5  23  15  35  11  80  96  43  28  42  14  25  29  19  82  75  66  44  93  88  21  85  1  46  9  8  87  81  41  10  54  51  12  70  47  72  17  36  38  2  64
   16  54  66  92  3  8  93  34  20  41  50  46  75  35  53  72  11  58  19  79  47  88  71  84  86  17  70  73  39  91  90  14  4  49  80  96  81  57  29  21  63  85  60  30  7  13  76  26  74  28  61  55  78  12  37  15  69  77  9  33  48  32  1  52  62  42  43  87  25  22  65  38  36  23  40  95  31  67  10  59  24  5  83  27  94  2  89  68  82  45  56  51  44  18  6  64
   16  54  66  92  51  8  45  34  20  89  50  46  27  83  5  72  59  58  67  31  95  88  23  84  86  65  70  25  87  43  90  14  4  1  80  96  33  9  77  69  15  37  60  30  55  61  76  26  74  28  13  7  78  12  85  63  21  29  57  81  48  32  49  52  62  42  91  39  73  22  17  38  36  71  40  47  79  19  10  11  24  53  35  75  94  2  41  68  82  93  56  3  44  18  6  64
   16  62  26  12  23  72  41  58  36  69  42  22  95  87  33  8  63  82  7  19  51  88  75  68  30  45  46  37  11  79  50  54  52  13  48  32  77  53  9  65  35  1  44  38  43  25  28  18  66  76  73  91  86  92  49  83  17  57  5  29  80  96  61  4  6  2  31  59  85  94  93  78  20  27  40  3  67  55  34  15  56  81  39  47  70  90  21  84  10  89  24  71  60  74  14  64
   16  62  26  12  71  72  89  58  36  21  42  22  47  39  81  8  15  82  55  67  3  88  27  68  30  93  46  85  59  31  50  54  52  61  48  32  29  5  57  17  83  49  44  38  91  73  28  18  66  76  25  43  86  92  1  35  65  9  53  77  80  96  13  4  6  2  79  11  37  94  45  78  20  75  40  51  19  7  34  63  56  33  87  95  70  90  69  84  10  41  24  23  60  74  14  64
   16  66  6  20  9  56  87  70  92  59  86  10  33  41  95  24  65  46  25  13  77  40  53  60  2  83  82  91  21  49  78  74  76  19  80  96  51  75  23  63  93  31  84  90  85  7  4  14  62  52  55  37  42  36  79  45  15  71  27  3  48  32  67  28  26  30  1  69  43  34  35  50  12  5  88  29  61  73  94  17  72  47  89  81  58  38  11  44  22  39  8  57  68  54  18  64
   16  66  6  20  57  56  39  70  92  11  86  10  81  89  47  24  17  46  73  61  29  40  5  60  2  35  82  43  69  1  78  74  76  67  80  96  3  27  71  15  45  79  84  90  37  55  4  14  62  52  7  85  42  36  31  93  63  23  75  51  48  32  19  28  26  30  49  21  91  34  83  50  12  53  88  77  13  25  94  65  72  95  41  33  58  38  59  44  22  87  8  9  68  54  18  64
   16  74  62  36  29  24  35  94  12  87  78  82  53  93  75  56  21  70  13  49  81  40  57  44  42  15  58  55  89  37  38  18  28  79  48  32  47  71  3  11  65  43  68  2  25  19  52  6  54  4  67  73  50  20  91  17  59  51  23  95  80  96  31  76  66  86  85  41  7  10  63  90  92  9  88  33  1  61  22  69  8  27  45  5  34  30  39  60  46  83  72  77  84  14  26  64
   16  74  62  36  77  24  83  94  12  39  78  82  5  45  27  56  69  70  61  1  33  40  9  44  42  63  58  7  41  85  38  18  28  31  48  32  95  23  51  59  17  91  68  2  73  67  52  6  54  4  19  25  50  20  43  65  11  3  71  47  80  96  79  76  66  86  37  89  55  10  15  90  92  57  88  81  49  13  22  21  8  75  93  53  34  30  87  60  46  35  72  29  84  14  26  64
   16  78  42  44  15  8  81  10  68  77  26  70  87  47  41  72  23  34  31  43  11  88  35  36  14  53  94  13  3  7  66  38  52  85  80  96  21  93  17  9  27  73  12  54  67  1  28  2  50  76  49  19  6  60  25  75  57  65  45  69  48  32  37  4  86  18  55  51  61  46  5  62  84  83  40  59  91  79  82  71  24  89  95  39  22  74  29  20  58  33  56  63  92  90  30  64
   16  78  42  44  63  8  33  10  68  29  26  70  39  95  89  72  71  34  79  91  59  88  83  36  14  5  94  61  51  55  66  38  52  37  80  96  69  45  65  57  75  25  12  54  19  49  28  2  50  76  1  67  6  60  73  27  9  17  93  21  48  32  85  4  86  18  7  3  13  46  53  62  84  35  40  11  43  31  82  23  24  41  47  87  22  74  77  20  58  81  56  15  92  90  30  64
   16  86  2  60  35  72  29  34  84  9  18  46  11  3  21  8  75  58  19  79  15  88  39  20  54  81  70  73  71  91  26  78  4  49  48  32  17  89  93  53  95  85  92  62  7  13  76  90  42  28  61  55  14  44  37  47  5  45  41  65  80  96  1  52  30  74  43  23  25  22  33  6  68  87  40  63  31  67  10  27  56  69  51  59  94  66  57  36  82  77  24  83  12  50  38  64
   16  86  2  60  83  72  77  34  84  57  18  46  59  51  69  8  27  58  67  31  63  88  87  20  54  33  70  25  23  43  26  78  4  1  48  32  65  41  45  5  47  37  92  62  55  61  76  90  42  28  13  7  14  44  85  95  53  93  89  17  80  96  49  52  30  74  91  71  73  22  81  6  68  39  40  15  79  19  10  75  56  21  3  11  94  66  9  36  82  29  24  35  12  50  38  64
   16  90  78  68  21  56  75  46  44  95  62  34  45  53  83  24  77  22  37  73  41  40  17  12  26  23  10  31  81  61  54  2  28  55  80  96  87  15  11  51  57  19  36  18  49  91  52  86  38  4  43  1  66  84  67  9  3  59  63  39  48  32  7  76  50  6  13  33  79  58  71  74  60  65  88  89  25  85  70  29  72  35  5  93  82  14  47  92  94  27  8  69  20  30  42  64
   16  90  78  68  69  56  27  46  44  47  62  34  93  5  35  24  29  22  85  25  89  40  65  12  26  71  10  79  33  13  54  2  28  7  80  96  39  63  59  3  9  67  36  18  1  43  52  86  38  4  91  49  66  84  19  57  51  11  15  87  48  32  55  76  50  6  61  81  31  58  23  74  60  17  88  41  73  37  70  77  72  83  53  45  82  14  95  92  94  75  8  21  20  30  42  64
   17  3  39  85  42  25  24  71  61  28  55  11  66  10  64  57  34  47  26  14  46  41  22  93  67  52  83  92  54  50  15  43  77  20  49  33  84  12  88  96  30  32  21  27  86  8  5  79  31  53  56  38  75  69  80  78  48  40  60  36  81  1  68  29  91  63  2  6  44  35  4  19  45  70  89  94  62  74  95  82  9  16  58  18  59  7  76  13  23  72  73  90  37  87  51  65
   17  3  39  85  90  25  72  71  61  76  55  11  18  58  16  57  82  47  74  62  94  41  70  93  67  4  83  44  6  2  15  43  77  68  49  33  36  60  40  48  78  80  21  27  38  56  5  79  31  53  8  86  75  69  32  30  96  88  12  84  81  1  20  29  91  63  50  54  92  35  52  19  45  22  89  46  14  26  95  34  9  64  10  66  59  7  28  13  23  24  73  42  37  87  51  65
   17  7  19  93  28  9  70  83  21  18  3  95  4  60  30  73  36  11  44  8  72  89  96  85  39  90  23  50  64  20  43  63  5  26  81  1  58  34  6  94  88  62  61  79  32  86  77  75  27  29  38  80  31  13  14  40  46  54  82  10  49  33  74  53  15  91  68  16  2  71  42  87  37  48  41  24  56  92  59  84  25  78  12  52  47  51  66  69  35  22  57  76  45  67  55  65
   17  7  19  93  76  9  22  83  21  66  3  95  52  12  78  73  84  11  92  56  24  89  48  85  39  42  23  2  16  68  43  63  5  74  81  1  10  82  54  46  40  14  61  79  80  38  77  75  27  29  86  32  31  13  62  88  94  6  34  58  49  33  26  53  15  91  20  64  50  71  90  87  37  96  41  72  8  44  59  36  25  30  60  4  47  51  18  69  35  70  57  28  45  67  55  65
   17  8  38  35  45  44  15  47  5  48  34  16  76  70  90  88  30  94  10  96  68  32  55  43  83  79  60  91  20  95  39  64  13  86  69  61  23  85  40  93  78  31  26  75  41  25  46  73  80  89  59  62  52  53  82  50  92  49  63  81  21  27  7  9  67  3  87  1  29  65  42  54  14  18  37  6  77  2  58  33  84  11  28  36  74  12  57  4  19  66  71  22  56  72  51  24
   17  19  55  21  34  57  64  23  93  36  39  59  58  66  72  25  90  95  50  38  6  41  78  61  51  60  35  68  46  74  31  27  77  92  81  1  28  52  96  40  22  8  85  43  14  80  5  63  15  53  32  62  91  37  56  70  88  48  4  76  49  33  44  29  75  79  26  94  20  83  12  3  13  30  89  54  86  2  47  42  73  24  18  10  11  87  84  45  71  16  9  82  69  7  67  65
   17  19  55  21  82  57  16  23  93  84  39  59  10  18  24  25  42  95  2  86  54  41  30  61  51  12  35  20  94  26  31  27  77  44  81  1  76  4  48  88  70  56  85  43  62  32  5  63  15  53  80  14  91  37  8  22  40  96  52  28  49  33  92  29  75  79  74  46  68  83  60  3  13  78  89  6  38  50  47  90  73  72  66  58  11  87  36  45  71  64  9  34  69  7  67  65
   17  22  57  11  77  54  87  27  92  62  46  31  23  64  60  32  30  16  15  8  56  4  28  2  14  1  7  49  52  73  26  85  13  91  55  94  76  47  38  72  19  36  58  18  29  9  63  53  80  75  40  86  20  43  10  70  5  35  51  66  74  33  37  65  67  81  82  89  41  93  69  95  83  96  90  48  45  24  71  12  84  6  42  3  21  50  59  25  78  61  39  79  68  88  34  44
   17  27  15  37  6  25  60  47  13  16  31  35  30  70  4  57  94  23  86  26  58  41  34  45  91  40  11  80  66  14  87  67  29  8  49  33  72  96  28  36  42  68  69  51  2  44  53  55  7  5  92  50  3  21  20  90  84  76  48  24  81  1  56  77  19  39  62  18  32  59  88  43  93  82  89  10  74  38  71  46  9  52  22  78  83  79  64  61  95  12  73  54  85  63  75  65
   17  27  15  37  54  25  12  47  13  64  31  35  78  22  52  57  46  23  38  74  10  41  82  45  91  88  11  32  18  62  87  67  29  56  49  33  24  48  76  84  90  20  69  51  50  92  53  55  7  5  44  2  3  21  68  42  36  28  96  72  81  1  8  77  19  39  14  66  80  59  40  43  93  34  89  58  26  86  71  94  9  4  70  30  83  79  16  61  95  60  73  6  85  63  75  65
   17  27  60  4  52  94  58  75  5  65  69  24  21  79  57  62  30  2  26  47  29  86  51  81  83  12  59  88  77  31  15  1  13  72  63  43  74  89  90  6  78  44  87  64  56  49  55  36  80  70  37  93  45  3  39  22  92  32  28  73  76  18  40  35  67  95  71  50  68  11  46  16  14  85  38  9  20  66  82  96  84  25  34  54  23  8  7  91  19  53  10  33  41  48  42  61
   17  31  91  45  88  9  10  59  69  6  75  23  64  24  66  73  96  83  8  20  84  89  12  37  63  78  47  38  76  80  19  87  53  14  81  1  46  22  42  34  4  2  13  7  44  26  29  51  3  77  74  92  55  61  50  52  82  90  70  94  49  33  62  5  39  67  32  28  86  95  30  15  85  60  41  36  68  56  35  48  25  18  72  16  71  27  54  21  11  58  57  40  93  43  79  65
   17  36  42  49  41  64  10  44  19  6  7  89  23  43  34  72  84  1  82  31  20  88  38  12  14  81  46  86  68  47  71  2  67  62  40  79  76  24  28  65  92  75  39  94  45  4  37  27  80  61  55  48  56  33  87  53  78  91  90  8  74  54  63  25  13  96  15  66  77  9  59  85  83  16  51  11  29  50  26  95  30  35  57  18  21  73  69  32  5  22  58  3  52  93  60  70
   17  39  51  61  12  73  54  83  85  34  67  95  84  76  46  9  52  11  92  56  88  89  16  21  7  10  23  2  48  68  75  31  5  74  49  33  42  18  22  78  72  14  93  15  80  38  77  43  91  29  86  32  63  45  62  24  30  70  66  90  81  1  26  53  79  27  20  96  50  71  58  55  69  64  41  40  8  44  59  4  57  94  28  36  47  19  82  37  35  6  25  60  13  3  87  65
   17  39  51  61  60  73  6  83  85  82  67  95  36  28  94  9  4  11  44  8  40  89  64  21  7  58  23  50  96  20  75  31  5  26  49  33  90  66  70  30  24  62  93  15  32  86  77  43  91  29  38  80  63  45  14  72  78  22  18  42  81  1  74  53  79  27  68  48  2  71  10  55  69  16  41  88  56  92  59  52  57  46  76  84  47  19  34  37  35  54  25  12  13  3  87  65
   17  43  31  69  46  57  52  95  45  72  15  83  70  78  60  25  6  71  62  2  66  41  42  13  75  96  59  8  10  86  7  51  29  32  81  1  64  88  84  28  82  92  37  67  74  68  53  39  87  5  20  26  19  85  44  34  76  36  40  16  49  33  80  77  3  55  38  58  56  11  48  27  61  90  89  18  50  14  23  54  73  12  30  22  35  63  24  93  47  4  9  94  21  79  91  65
   17  43  31  69  94  57  4  95  45  24  15  83  22  30  12  25  54  71  14  50  18  41  90  13  75  48  59  56  58  38  7  51  29  80  81  1  16  40  36  76  34  44  37  67  26  20  53  39  87  5  68  74  19  85  92  82  28  84  88  64  49  33  32  77  3  55  86  10  8  11  96  27  61  42  89  66  2  62  23  6  73  60  78  70  35  63  72  93  47  52  9  46  21  79  91  65
   17  44  34  88  68  79  39  61  78  25  59  50  21  3  42  6  84  12  71  24  45  48  90  96  83  95  69  93  41  89  82  81  67  65  37  33  74  66  51  35  5  70  10  43  20  86  40  75  80  53  63  9  29  18  58  36  19  72  38  47  76  94  55  91  13  85  26  73  52  49  7  1  14  2  28  4  56  8  15  16  30  32  60  64  23  31  46  62  92  27  87  54  77  11  57  22
   17  53  34  9  68  18  39  36  78  72  59  47  21  94  42  91  84  85  71  73  45  49  90  1  83  2  69  4  41  8  82  16  67  32  37  64  74  31  51  62  5  27  10  54  20  11  40  22  80  44  63  88  29  79  58  61  19  25  38  50  76  3  55  6  13  12  26  24  52  48  7  96  14  95  28  93  56  89  15  81  30  65  60  33  23  66  46  35  92  70  87  43  77  86  57  75
   17  55  67  93  4  9  94  35  21  42  51  47  76  36  54  73  12  59  20  80  48  89  72  85  87  18  71  74  40  92  91  15  5  50  81  1  82  58  30  22  64  86  61  31  8  14  77  27  75  29  62  56  79  13  38  16  70  78  10  34  49  33  2  53  63  43  44  88  26  23  66  39  37  24  41  96  32  68  11  60  25  6  84  28  95  3  90  69  83  46  57  52  45  19  7  65
   17  55  67  93  52  9  46  35  21  90  51  47  28  84  6  73  60  59  68  32  96  89  24  85  87  66  71  26  88  44  91  15  5  2  81  1  34  10  78  70  16  38  61  31  56  62  77  27  75  29  14  8  79  13  86  64  22  30  58  82  49  33  50  53  63  43  92  40  74  23  18  39  37  72  41  48  80  20  11  12  25  54  36  76  95  3  42  69  83  94  57  4  45  19  7  65
   17  61  42  48  41  33  10  53  19  91  7  8  23  54  34  25  84  96  82  66  20  9  38  85  14  16  46  11  68  50  71  95  67  35  40  18  76  73  28  32  92  22  39  3  45  93  37  70  80  36  55  49  56  64  87  44  78  6  90  89  74  43  63  72  13  1  15  31  77  88  59  12  83  81  51  86  29  47  26  2  30  62  57  79  21  24  69  65  5  75  58  94  52  4  60  27
   17  75  57  86  77  43  87  70  92  35  46  66  23  33  60  65  30  81  15  89  56  93  28  95  14  96  7  48  52  24  26  12  13  6  55  3  76  50  38  25  19  61  58  79  29  88  63  44  80  22  40  11  20  54  10  27  5  62  51  31  74  64  37  32  67  16  82  8  41  4  69  2  83  1  90  49  45  73  71  85  84  91  42  94  21  47  59  72  78  36  39  18  68  9  34  53
   17  75  63  37  30  25  36  95  13  88  79  83  54  94  76  57  22  71  14  50  82  41  58  45  43  16  59  56  90  38  39  19  29  80  49  33  48  72  4  12  66  44  69  3  26  20  53  7  55  5  68  74  51  21  92  18  60  52  24  96  81  1  32  77  67  87  86  42  8  11  64  91  93  10  89  34  2  62  23  70  9  28  46  6  35  31  40  61  47  84  73  78  85  15  27  65
   17  75  63  37  78  25  84  95  13  40  79  83  6  46  28  57  70  71  62  2  34  41  10  45  43  64  59  8  42  86  39  19  29  32  49  33  96  24  52  60  18  92  69  3  74  68  53  7  55  5  20  26  51  21  44  66  12  4  72  48  81  1  80  77  67  87  38  90  56  11  16  91  93  58  89  82  50  14  23  22  9  76  94  54  35  31  88  61  47  36  73  30  85  15  27  65
   17  87  3  61  36  73  30  35  85  10  19  47  12  4  22  9  76  59  20  80  16  89  40  21  55  82  71  74  72  92  27  79  5  50  49  33  18  90  94  54  96  86  93  63  8  14  77  91  43  29  62  56  15  45  38  48  6  46  42  66  81  1  2  53  31  75  44  24  26  23  34  7  69  88  41  64  32  68  11  28  57  70  52  60  95  67  58  37  83  78  25  84  13  51  39  65
   17  87  3  61  84  73  78  35  85  58  19  47  60  52  70  9  28  59  68  32  64  89  88  21  55  34  71  26  24  44  27  79  5  2  49  33  66  42  46  6  48  38  93  63  56  62  77  91  43  29  14  8  15  45  86  96  54  94  90  18  81  1  50  53  31  75  92  72  74  23  82  7  69  40  41  16  80  20  11  76  57  22  4  12  95  67  10  37  83  30  25  36  13  51  39  65
   17  89  38  62  45  53  15  50  5  49  34  81  76  27  90  9  30  3  10  1  68  65  55  54  83  18  60  6  20  2  39  33  13  11  69  36  23  12  40  4  78  66  26  22  41  72  46  24  80  8  59  35  52  44  82  47  92  48  63  16  21  70  7  88  67  94  87  96  29  32  42  43  14  79  37  91  77  95  58  64  84  86  28  61  74  85  57  93  19  31  71  75  56  25  51  73
   18  4  40  86  43  26  25  72  62  29  56  12  67  11  65  58  35  48  27  15  47  42  23  94  68  53  84  93  55  51  16  44  78  21  50  34  85  13  89  1  31  33  22  28  87  9  6  80  32  54  57  39  76  70  81  79  49  41  61  37  82  2  69  30  92  64  3  7  45  36  5  20  46  71  90  95  63  75  96  83  10  17  59  19  60  8  77  14  24  73  74  91  38  88  52  66
   18  4  40  86  91  26  73  72  62  77  56  12  19  59  17  58  83  48  75  63  95  42  71  94  68  5  84  45  7  3  16  44  78  69  50  34  37  61  41  49  79  81  22  28  39  57  6  80  32  54  9  87  76  70  33  31  1  89  13  85  82  2  21  30  92  64  51  55  93  36  53  20  46  23  90  47  15  27  96  35  10  65  11  67  60  8  29  14  24  25  74  43  38  88  52  66
   18  7  62  78  95  10  47  56  11  42  81  80  85  60  88  45  66  58  1  92  25  69  43  76  8  57  6  67  53  26  64  68  48  51  36  14  27  59  93  20  94  15  22  84  65  63  73  23  79  90  35  19  2  87  50  41  86  55  16  17  12  37  9  52  31  39  96  5  72  28  54  21  89  40  91  30  44  71  33  29  49  46  61  83  70  38  4  77  3  82  75  13  32  34  24  74
   18  15  61  67  72  60  50  74  94  46  6  5  85  87  24  20  49  57  96  80  2  34  93  29  8  39  81  19  32  59  33  76  31  42  35  13  27  71  43  52  11  90  75  14  44  69  9  56  79  82  36  30  25  37  47  23  3  51  91  92  12  10  73  77  48  40  1  17  95  63  4  68  89  58  16  78  65  38  64  21  66  55  62  84  70  26  54  45  86  7  22  83  53  28  88  41
   18  20  56  22  35  58  65  24  94  37  40  60  59  67  73  26  91  96  51  39  7  42  79  62  52  61  36  69  47  75  32  28  78  93  82  2  29  53  1  41  23  9  86  44  15  81  6  64  16  54  33  63  92  38  57  71  89  49  5  77  50  34  45  30  76  80  27  95  21  84  13  4  14  31  90  55  87  3  48  43  74  25  19  11  12  88  85  46  72  17  10  83  70  8  68  66
   18  20  56  22  83  58  17  24  94  85  40  60  11  19  25  26  43  96  3  87  55  42  31  62  52  13  36  21  95  27  32  28  78  45  82  2  77  5  49  89  71  57  86  44  63  33  6  64  16  54  81  15  92  38  9  23  41  1  53  29  50  34  93  30  76  80  75  47  69  84  61  4  14  79  90  7  39  51  48  91  74  73  67  59  12  88  37  46  72  65  10  35  70  8  68  66
   18  39  36  78  72  59  47  21  94  42  91  84  85  71  73  45  49  90  1  83  2  69  4  41  8  82  16  67  32  37  64  74  31  51  62  5  27  10  54  20  11  40  22  80  44  63  88  29  79  58  61  19  25  38  50  76  3  55  6  13  12  26  24  52  48  7  96  14  95  28  93  56  89  15  81  30  65  60  33  23  66  46  35  92  70  87  43  77  86  57  75  17  53  34  9  68
   18  40  35  67  95  71  50  68  11  46  16  14  85  38  9  20  66  82  96  84  25  34  54  23  8  7  91  19  53  10  33  41  48  42  61  17  27  60  4  52  94  58  75  5  65  69  24  21  79  57  62  30  2  26  47  29  86  51  81  83  12  59  88  77  31  15  1  13  72  63  43  74  89  90  6  78  44  87  64  56  49  55  36  80  70  37  93  45  3  39  22  92  32  28  73  76
   18  57  35  30  95  26  50  29  11  51  16  83  85  59  9  77  66  15  96  13  25  63  54  74  8  90  91  78  53  87  33  56  48  55  61  80  27  37  4  45  94  39  75  92  65  28  24  76  79  40  62  67  2  71  47  68  86  46  81  14  12  38  88  20  31  82  1  84  72  34  43  23  89  7  6  19  44  10  64  41  49  42  36  17  70  60  93  52  3  58  22  5  32  69  73  21
   18  58  36  19  72  38  47  76  94  55  91  13  85  26  73  52  49  7  1  14  2  28  4  56  8  15  16  30  32  60  64  23  31  46  62  92  27  87  54  77  11  57  22  17  44  34  88  68  79  39  61  78  25  59  50  21  3  42  6  84  12  71  24  45  48  90  96  83  95  69  93  41  89  82  81  67  65  37  33  74  66  51  35  5  70  10  43  20  86  40  75  80  53  63  9  29
   18  82  61  30  72  37  50  23  94  51  6  92  85  10  24  77  49  40  96  17  2  63  93  68  8  58  81  78  32  38  33  21  31  55  35  84  27  26  43  45  11  7  75  83  44  28  9  41  79  15  36  67  25  60  47  74  3  46  91  5  12  87  73  20  48  57  1  80  95  34  4  29  89  39  16  19  65  59  64  76  66  42  62  13  70  71  54  52  86  90  22  14  53  69  88  56
   18  90  62  19  95  87  47  41  11  55  81  17  85  37  88  52  66  39  1  5  25  28  43  21  8  40  6  30  53  71  64  29  48  46  36  83  27  38  93  77  94  82  22  13  65  34  73  74  79  7  35  78  2  10  50  56  86  42  16  80  12  60  9  45  31  58  96  92  72  69  54  76  89  57  91  67  44  26  33  68  49  51  61  14  70  59  4  20  3  15  75  84  32  63  24  23
   19  4  57  12  74  36  28  11  84  33  58  2  77  6  37  18  14  54  42  65  29  1  87  3  67  9  7  27  21  81  63  49  92  50  82  53  52  62  59  89  80  73  46  25  41  75  26  31  78  93  40  85  23  61  69  86  13  64  39  95  20  91  60  79  83  43  55  32  68  96  10  94  30  88  90  70  76  16  34  48  5  47  15  44  45  35  38  8  17  24  51  72  56  22  71  66
   19  33  93  47  42  11  60  61  71  56  77  25  18  74  20  75  50  85  58  70  38  91  62  39  65  32  49  88  30  34  21  89  55  64  83  3  96  72  92  84  54  52  15  9  94  76  31  53  5  79  28  46  57  63  4  6  36  44  24  48  51  35  16  7  41  69  82  78  40  1  80  17  87  14  43  86  22  10  37  2  27  68  26  66  73  29  8  23  13  12  59  90  95  45  81  67
   19  33  93  47  90  11  12  61  71  8  77  25  66  26  68  75  2  85  10  22  86  91  14  39  65  80  49  40  78  82  21  89  55  16  83  3  48  24  44  36  6  4  15  9  46  28  31  53  5  79  76  94  57  63  52  54  84  92  72  96  51  35  64  7  41  69  34  30  88  1  32  17  87  62  43  38  70  58  37  50  27  20  74  18  73  29  56  23  13  60  59  42  95  45  81  67
   19  43  82  12  68  62  28  94  80  33  90  25  77  16  26  18  5  93  42  44  23  1  38  86  67  24  39  27  56  91  63  66  83  50  57  32  52  36  10  89  84  88  46  2  76  75  37  48  78  54  15  85  29  35  69  3  17  64  7  72  20  81  71  79  92  4  55  53  74  96  59  11  30  73  58  70  41  6  34  31  14  47  40  65  45  61  87  8  13  9  51  95  21  22  60  49
   19  48  60  75  21  2  51  88  13  89  87  36  45  32  40  50  14  66  34  91  41  27  58  24  30  86  59  1  74  44  55  93  92  18  71  16  20  25  7  33  17  94  69  62  29  12  15  43  78  49  37  22  76  95  46  9  84  8  10  61  52  65  57  47  83  31  63  6  56  70  39  73  67  11  38  96  23  53  42  4  5  79  26  81  77  72  90  64  80  3  28  35  68  85  82  54
   19  49  60  22  21  95  51  9  13  8  87  61  45  65  40  47  14  31  34  6  41  70  58  73  30  11  59  96  74  53  55  4  92  79  71  81  20  72  7  64  17  3  69  35  29  85  15  54  78  48  37  75  76  2  46  88  84  89  10  36  52  32  57  50  83  66  63  91  56  27  39  24  67  86  38  1  23  44  42  93  5  18  26  16  77  25  90  33  80  94  28  62  68  12  82  43
   19  54  82  85  68  35  28  3  80  64  90  72  77  81  26  79  5  4  42  53  23  96  38  11  67  73  39  70  56  6  63  31  83  47  57  65  52  61  10  8  84  9  46  95  76  22  37  49  78  43  15  12  29  62  69  94  17  33  7  25  20  16  71  18  92  93  55  44  74  1  59  86  30  24  58  27  41  91  34  66  14  50  40  32  45  36  87  89  13  88  51  2  21  75  60  48
   19  65  29  15  26  75  44  61  39  72  45  25  2  90  36  11  66  85  10  22  54  91  78  71  33  48  49  40  14  82  53  57  55  16  51  35  80  56  12  68  38  4  47  41  46  28  31  21  69  79  76  94  89  95  52  86  20  60  8  32  83  3  64  7  9  5  34  62  88  1  96  81  23  30  43  6  70  58  37  18  59  84  42  50  73  93  24  87  13  92  27  74  63  77  17  67
   19  65  29  15  74  75  92  61  39  24  45  25  50  42  84  11  18  85  58  70  6  91  30  71  33  96  49  88  62  34  53  57  55  64  51  35  32  8  60  20  86  52  47  41  94  76  31  21  69  79  28  46  89  95  4  38  68  12  56  80  83  3  16  7  9  5  82  14  40  1  48  81  23  78  43  54  22  10  37  66  59  36  90  2  73  93  72  87  13  44  27  26  63  77  17  67
   19  81  45  47  18  11  84  13  71  80  29  73  90  50  44  75  26  37  34  46  14  91  38  39  17  56  1  16  6  10  69  41  55  88  83  3  24  96  20  12  30  76  15  57  70  4  31  5  53  79  52  22  9  63  28  78  60  68  48  72  51  35  40  7  89  21  58  54  64  49  8  65  87  86  43  62  94  82  85  74  27  92  2  42  25  77  32  23  61  36  59  66  95  93  33  67
   19  81  45  47  66  11  36  13  71  32  29  73  42  2  92  75  74  37  82  94  62  91  86  39  17  8  1  64  54  58  69  41  55  40  83  3  72  48  68  60  78  28  15  57  22  52  31  5  53  79  4  70  9  63  76  30  12  20  96  24  51  35  88  7  89  21  10  6  16  49  56  65  87  38  43  14  46  34  85  26  27  44  50  90  25  77  80  23  61  84  59  18  95  93  33  67
   19  93  57  85  74  61  28  86  84  64  58  95  77  91  37  79  14  43  42  32  29  96  87  94  67  88  7  70  21  16  63  48  92  47  82  44  52  35  59  8  80  24  46  72  41  22  26  66  78  4  40  12  23  36  69  11  13  33  39  2  20  6  60  18  83  54  55  65  68  1  10  3  30  9  90  27  76  81  34  49  5  50  15  53  45  62  38  89  17  73  51  25  56  75  71  31
   20  6  42  88  45  28  27  74  64  31  58  14  69  13  67  60  37  50  29  17  49  44  25  96  70  55  86  95  57  53  18  46  80  23  52  36  87  15  91  3  33  35  24  30  89  11  8  82  34  56  59  41  78  72  83  81  51  43  63  39  84  4  71  32  94  66  5  9  47  38  7  22  48  73  92  1  65  77  2  85  12  19  61  21  62  10  79  16  26  75  76  93  40  90  54  68
   20  6  42  88  93  28  75  74  64  79  58  14  21  61  19  60  85  50  77  65  1  44  73  96  70  7  86  47  9  5  18  46  80  71  52  36  39  63  43  51  81  83  24  30  41  59  8  82  34  56  11  89  78  72  35  33  3  91  15  87  84  4  23  32  94  66  53  57  95  38  55  22  48  25  92  49  17  29  2  37  12  67  13  69  62  10  31  16  26  27  76  45  40  90  54  68
   20  11  40  22  80  44  63  88  29  79  58  61  19  25  38  50  76  3  55  6  13  12  26  24  52  48  7  96  14  95  28  93  56  89  15  81  30  65  60  33  23  66  46  35  92  70  87  43  77  86  57  75  17  53  34  9  68  18  39  36  78  72  59  47  21  94  42  91  84  85  71  73  45  49  90  1  83  2  69  4  41  8  82  16  67  32  37  64  74  31  51  62  5  27  10  54
   20  54  90  88  21  28  51  26  64  55  10  62  45  85  91  60  13  2  5  89  25  44  1  96  22  79  38  23  33  29  66  94  80  47  52  36  15  39  19  27  9  59  24  78  65  35  8  34  82  56  83  17  30  72  11  57  75  67  87  63  84  4  95  32  46  18  77  81  71  86  31  70  48  49  92  73  41  53  50  61  12  43  37  93  14  58  7  16  74  3  76  69  40  42  6  68
   20  54  90  88  69  28  3  26  64  7  10  62  93  37  43  60  61  2  53  41  73  44  49  96  22  31  38  71  81  77  66  94  80  95  52  36  63  87  67  75  57  11  24  78  17  83  8  34  82  56  35  65  30  72  59  9  27  19  39  15  84  4  47  32  46  18  29  33  23  86  79  70  48  1  92  25  89  5  50  13  12  91  85  45  14  58  55  16  74  51  76  21  40  42  6  68
   20  66  30  16  27  76  45  62  40  73  46  26  3  91  37  12  67  86  11  23  55  92  79  72  34  49  50  41  15  83  54  58  56  17  52  36  81  57  13  69  39  5  48  42  47  29  32  22  70  80  77  95  90  96  53  87  21  61  9  33  84  4  65  8  10  6  35  63  89  2  1  82  24  31  44  7  71  59  38  19  60  85  43  51  74  94  25  88  14  93  28  75  64  78  18  68
   20  66  30  16  75  76  93  62  40  25  46  26  51  43  85  12  19  86  59  71  7  92  31  72  34  1  50  89  63  35  54  58  56  65  52  36  33  9  61  21  87  53  48  42  95  77  32  22  70  80  29  47  90  96  5  39  69  13  57  81  84  4  17  8  10  6  83  15  41  2  49  82  24  79  44  55  23  11  38  67  60  37  91  3  74  94  73  88  14  45  28  27  64  78  18  68
   20  86  40  75  80  53  63  9  29  18  58  36  19  72  38  47  76  94  55  91  13  85  26  73  52  49  7  1  14  2  28  4  56  8  15  16  30  32  60  64  23  31  46  62  92  27  87  54  77  11  57  22  17  44  34  88  68  79  39  61  78  25  59  50  21  3  42  6  84  12  71  24  45  48  90  96  83  95  69  93  41  89  82  81  67  65  37  33  74  66  51  35  5  70  10  43
   20  90  6  64  39  76  33  38  88  13  22  50  15  7  25  12  79  62  23  83  19  92  43  24  58  85  74  77  75  95  30  82  8  53  52  36  21  93  1  57  3  89  96  66  11  17  80  94  46  32  65  59  18  48  41  51  9  49  45  69  84  4  5  56  34  78  47  27  29  26  37  10  72  91  44  67  35  71  14  31  60  73  55  63  2  70  61  40  86  81  28  87  16  54  42  68
   20  90  6  64  87  76  81  38  88  61  22  50  63  55  73  12  31  62  71  35  67  92  91  24  58  37  74  29  27  47  30  82  8  5  52  36  69  45  49  9  51  41  96  66  59  65  80  94  46  32  17  11  18  48  89  3  57  1  93  21  84  4  53  56  34  78  95  75  77  26  85  10  72  43  44  19  83  23  14  79  60  25  7  15  2  70  13  40  86  33  28  39  16  54  42  68
   21  2  51  88  13  89  87  36  45  32  40  50  14  66  34  91  41  27  58  24  30  86  59  1  74  44  55  93  92  18  71  16  20  25  7  33  17  94  69  62  29  12  15  43  78  49  37  22  76  95  46  9  84  8  10  61  52  65  57  47  83  31  63  6  56  70  39  73  67  11  38  96  23  53  42  4  5  79  26  81  77  72  90  64  80  3  28  35  68  85  82  54  19  48  60  75
   21  7  43  89  46  29  28  75  65  32  59  15  70  14  68  61  38  51  30  18  50  45  26  1  71  56  87  96  58  54  19  47  81  24  53  37  88  16  92  4  34  36  25  31  90  12  9  83  35  57  60  42  79  73  84  82  52  44  64  40  85  5  72  33  95  67  6  10  48  39  8  23  49  74  93  2  66  78  3  86  13  20  62  22  63  11  80  17  27  76  77  94  41  91  55  69
   21  7  43  89  94  29  76  75  65  80  59  15  22  62  20  61  86  51  78  66  2  45  74  1  71  8  87  48  10  6  19  47  81  72  53  37  40  64  44  52  82  84  25  31  42  60  9  83  35  57  12  90  79  73  36  34  4  92  16  88  85  5  24  33  95  67  54  58  96  39  56  23  49  26  93  50  18  30  3  38  13  68  14  70  63  11  32  17  27  28  77  46  41  91  55  69
   21  31  19  41  10  29  64  51  17  20  35  39  34  74  8  61  2  27  90  30  62  45  38  49  95  44  15  84  70  18  91  71  33  12  53  37  76  4  32  40  46  72  73  55  6  48  57  59  11  9  96  54  7  25  24  94  88  80  52  28  85  5  60  81  23  43  66  22  36  63  92  47  1  86  93  14  78  42  75  50  13  56  26  82  87  83  68  65  3  16  77  58  89  67  79  69
   21  31  19  41  58  29  16  51  17  68  35  39  82  26  56  61  50  27  42  78  14  45  86  49  95  92  15  36  22  66  91  71  33  60  53  37  28  52  80  88  94  24  73  55  54  96  57  59  11  9  48  6  7  25  72  46  40  32  4  76  85  5  12  81  23  43  18  70  84  63  44  47  1  38  93  62  30  90  75  2  13  8  74  34  87  83  20  65  3  64  77  10  89  67  79  69
   21  55  91  89  22  29  52  27  65  56  11  63  46  86  92  61  14  3  6  90  26  45  2  1  23  80  39  24  34  30  67  95  81  48  53  37  16  40  20  28  10  60  25  79  66  36  9  35  83  57  84  18  31  73  12  58  76  68  88  64  85  5  96  33  47  19  78  82  72  87  32  71  49  50  93  74  42  54  51  62  13  44  38  94  15  59  8  17  75  4  77  70  41  43  7  69
   21  55  91  89  70  29  4  27  65  8  11  63  94  38  44  61  62  3  54  42  74  45  50  1  23  32  39  72  82  78  67  95  81  96  53  37  64  88  68  76  58  12  25  79  18  84  9  35  83  57  36  66  31  73  60  10  28  20  40  16  85  5  48  33  47  19  30  34  24  87  80  71  49  2  93  26  90  6  51  14  13  92  86  46  15  59  56  17  75  52  77  22  41  43  7  69
   21  67  31  17  28  77  46  63  41  74  47  27  4  92  38  13  68  87  12  24  56  93  80  73  35  50  51  42  16  84  55  59  57  18  53  37  82  58  14  70  40  6  49  43  48  30  33  23  71  81  78  96  91  1  54  88  22  62  10  34  85  5  66  9  11  7  36  64  90  3  2  83  25  32  45  8  72  60  39  20  61  86  44  52  75  95  26  89  15  94  29  76  65  79  19  69
   21  67  31  17  76  77  94  63  41  26  47  27  52  44  86  13  20  87  60  72  8  93  32  73  35  2  51  90  64  36  55  59  57  66  53  37  34  10  62  22  88  54  49  43  96  78  33  23  71  81  30  48  91  1  6  40  70  14  58  82  85  5  18  9  11  7  84  16  42  3  50  83  25  80  45  56  24  12  39  68  61  38  92  4  75  95  74  89  15  46  29  28  65  79  19  69
   21  79  67  41  34  29  40  3  17  92  83  87  58  2  80  61  26  75  18  54  86  45  62  49  47  20  63  60  94  42  43  23  33  84  53  37  52  76  8  16  70  48  73  7  30  24  57  11  59  9  72  78  55  25  96  22  64  56  28  4  85  5  36  81  71  91  90  46  12  15  68  95  1  14  93  38  6  66  27  74  13  32  50  10  39  35  44  65  51  88  77  82  89  19  31  69
   21  79  67  41  82  29  88  3  17  44  83  87  10  50  32  61  74  75  66  6  38  45  14  49  47  68  63  12  46  90  43  23  33  36  53  37  4  28  56  64  22  96  73  7  78  72  57  11  59  9  24  30  55  25  48  70  16  8  76  52  85  5  84  81  71  91  42  94  60  15  20  95  1  62  93  86  54  18  27  26  13  80  2  58  39  35  92  65  51  40  77  34  89  19  31  69
   21  91  7  65  40  77  34  39  89  14  23  51  16  8  26  13  80  63  24  84  20  93  44  25  59  86  75  78  76  96  31  83  9  54  53  37  22  94  2  58  4  90  1  67  12  18  81  95  47  33  66  60  19  49  42  52  10  50  46  70  85  5  6  57  35  79  48  28  30  27  38  11  73  92  45  68  36  72  15  32  61  74  56  64  3  71  62  41  87  82  29  88  17  55  43  69
   21  91  7  65  88  77  82  39  89  62  23  51  64  56  74  13  32  63  72  36  68  93  92  25  59  38  75  30  28  48  31  83  9  6  53  37  70  46  50  10  52  42  1  67  60  66  81  95  47  33  18  12  19  49  90  4  58  2  94  22  85  5  54  57  35  79  96  76  78  27  86  11  73  44  45  20  84  24  15  80  61  26  8  16  3  71  14  41  87  34  29  40  17  55  43  69
   21  95  51  9  13  8  87  61  45  65  40  47  14  31  34  6  41  70  58  73  30  11  59  96  74  53  55  4  92  79  71  81  20  72  7  64  17  3  69  35  29  85  15  54  78  48  37  75  76  2  46  88  84  89  10  36  52  32  57  50  83  66  63  91  56  27  39  24  67  86  38  1  23  44  42  93  5  18  26  16  77  25  90  33  80  94  28  62  68  12  82  43  19  49  60  22
   22  5  32  69  73  21  18  57  35  30  95  26  50  29  11  51  16  83  85  59  9  77  66  15  96  13  25  63  54  74  8  90  91  78  53  87  33  56  48  55  61  80  27  37  4  45  94  39  75  92  65  28  24  76  79  40  62  67  2  71  47  68  86  46  81  14  12  38  88  20  31  82  1  84  72  34  43  23  89  7  6  19  44  10  64  41  49  42  36  17  70  60  93  52  3  58
   22  8  44  90  47  30  29  76  66  33  60  16  71  15  69  62  39  52  31  19  51  46  27  2  72  57  88  1  59  55  20  48  82  25  54  38  89  17  93  5  35  37  26  32  91  13  10  84  36  58  61  43  80  74  85  83  53  45  65  41  86  6  73  34  96  68  7  11  49  40  9  24  50  75  94  3  67  79  4  87  14  21  63  23  64  12  81  18  28  77  78  95  42  92  56  70
   22  8  44  90  95  30  77  76  66  81  60  16  23  63  21  62  87  52  79  67  3  46  75  2  72  9  88  49  11  7  20  48  82  73  54  38  41  65  45  53  83  85  26  32  43  61  10  84  36  58  13  91  80  74  37  35  5  93  17  89  86  6  25  34  96  68  55  59  1  40  57  24  50  27  94  51  19  31  4  39  14  69  15  71  64  12  33  18  28  29  78  47  42  92  56  70
   22  10  31  67  4  90  85  21  36  34  86  92  33  15  95  52  6  38  79  80  54  51  32  41  1  71  94  78  9  57  70  23  81  28  48  13  50  58  44  20  62  37  8  83  73  42  72  68  75  87  66  30  93  7  12  76  61  63  11  5  64  82  2  45  91  59  18  17  43  46  65  56  96  26  3  19  88  40  27  74  16  69  49  84  47  39  53  77  35  60  89  14  24  55  25  29
   22  17  44  34  88  68  79  39  61  78  25  59  50  21  3  42  6  84  12  71  24  45  48  90  96  83  95  69  93  41  89  82  81  67  65  37  33  74  66  51  35  5  70  10  43  20  86  40  75  80  53  63  9  29  18  58  36  19  72  38  47  76  94  55  91  13  85  26  73  52  49  7  1  14  2  28  4  56  8  15  16  30  32  60  64  23  31  46  62  92  27  87  54  77  11  57
   22  21  95  51  9  13  8  87  61  45  65  40  47  14  31  34  6  41  70  58  73  30  11  59  96  74  53  55  4  92  79  71  81  20  72  7  64  17  3  69  35  29  85  15  54  78  48  37  75  76  2  46  88  84  89  10  36  52  32  57  50  83  66  63  91  56  27  39  24  67  86  38  1  23  44  42  93  5  18  26  16  77  25  90  33  80  94  28  62  68  12  82  43  19  49  60
   22  23  2  55  9  5  89  71  61  77  32  7  47  80  66  69  6  68  27  15  73  19  86  37  96  21  44  46  4  13  18  10  81  45  25  57  64  14  94  63  35  41  12  39  54  30  49  38  75  74  95  42  88  92  8  26  36  20  65  90  50  17  31  28  91  29  70  82  24  78  11  60  1  76  53  51  93  84  79  87  16  52  72  40  33  83  3  34  62  56  85  58  43  67  48  59
   22  24  60  26  39  62  69  28  2  41  44  64  63  71  77  30  95  4  55  43  11  46  83  66  56  65  40  73  51  79  36  32  82  1  86  6  33  57  5  45  27  13  90  48  19  85  10  68  20  58  37  67  96  42  61  75  93  53  9  81  54  38  49  34  80  84  31  3  25  88  17  8  18  35  94  59  91  7  52  47  78  29  23  15  16  92  89  50  76  21  14  87  74  12  72  70
   22  24  60  26  87  62  21  28  2  89  44  64  15  23  29  30  47  4  7  91  59  46  35  66  56  17  40  25  3  31  36  32  82  49  86  6  81  9  53  93  75  61  90  48  67  37  10  68  20  58  85  19  96  42  13  27  45  5  57  33  54  38  1  34  80  84  79  51  73  88  65  8  18  83  94  11  43  55  52  95  78  77  71  63  16  92  41  50  76  69  14  39  74  12  72  70
   22  26  66  78  4  40  12  23  36  69  11  13  33  39  2  20  6  60  18  83  54  55  65  68  1  10  3  30  9  90  27  76  81  34  49  5  50  15  53  45  62  38  89  17  73  51  25  56  75  71  31  19  93  57  85  74  61  28  86  84  64  58  95  77  91  37  79  14  43  42  32  29  96  87  94  67  88  7  70  21  16  63  48  92  47  82  44  52  35  59  8  80  24  46  72  41
   22  32  20  42  11  30  65  52  18  21  36  40  35  75  9  62  3  28  91  31  63  46  39  50  96  45  16  85  71  19  92  72  34  13  54  38  77  5  33  41  47  73  74  56  7  49  58  60  12  10  1  55  8  26  25  95  89  81  53  29  86  6  61  82  24  44  67  23  37  64  93  48  2  87  94  15  79  43  76  51  14  57  27  83  88  84  69  66  4  17  78  59  90  68  80  70
   22  32  20  42  59  30  17  52  18  69  36  40  83  27  57  62  51  28  43  79  15  46  87  50  96  93  16  37  23  67  92  72  34  61  54  38  29  53  81  89  95  25  74  56  55  1  58  60  12  10  49  7  8  26  73  47  41  33  5  77  86  6  13  82  24  44  19  71  85  64  45  48  2  39  94  63  31  91  76  3  14  9  75  35  88  84  21  66  4  65  78  11  90  68  80  70
   22  38  48  30  43  39  85  41  62  63  3  14  33  57  72  45  16  10  79  13  93  46  53  21  1  37  11  19  24  15  70  68  91  69  31  80  50  7  65  77  36  71  8  5  88  55  95  23  75  59  49  67  54  58  12  56  35  34  94  83  64  40  25  52  81  87  18  84  4  51  44  76  96  60  86  78  73  82  27  29  6  28  66  17  47  90  32  20  61  26  89  92  9  42  2  74
   22  41  72  46  24  80  8  59  35  52  44  82  47  92  48  63  16  21  70  7  88  67  94  87  96  29  32  42  43  14  79  37  91  77  95  58  64  84  86  28  61  74  85  57  93  19  31  71  75  56  25  51  73  17  89  38  62  45  53  15  50  5  49  34  81  76  27  90  9  30  3  10  1  68  65  55  54  83  18  60  6  20  2  39  33  13  11  69  36  23  12  40  4  78  66  26
   22  56  72  51  24  17  8  38  35  45  44  15  47  5  48  34  16  76  70  90  88  30  94  10  96  68  32  55  43  83  79  60  91  20  95  39  64  13  86  69  61  23  85  40  93  78  31  26  75  41  25  46  73  80  89  59  62  52  53  82  50  92  49  63  81  21  27  7  9  67  3  87  1  29  65  42  54  14  18  37  6  77  2  58  33  84  11  28  36  74  12  57  4  19  66  71
   22  56  92  90  23  30  53  28  66  57  12  64  47  87  93  62  15  4  7  91  27  46  3  2  24  81  40  25  35  31  68  96  82  49  54  38  17  41  21  29  11  61  26  80  67  37  10  36  84  58  85  19  32  74  13  59  77  69  89  65  86  6  1  34  48  20  79  83  73  88  33  72  50  51  94  75  43  55  52  63  14  45  39  95  16  60  9  18  76  5  78  71  42  44  8  70
   22  56  92  90  71  30  5  28  66  9  12  64  95  39  45  62  63  4  55  43  75  46  51  2  24  33  40  73  83  79  68  96  82  1  54  38  65  89  69  77  59  13  26  80  19  85  10  36  84  58  37  67  32  74  61  11  29  21  41  17  86  6  49  34  48  20  31  35  25  88  81  72  50  3  94  27  91  7  52  15  14  93  87  47  16  60  57  18  76  53  78  23  42  44  8  70
   22  59  48  67  43  58  85  56  62  34  3  83  33  40  72  52  16  87  79  84  93  51  53  76  1  60  11  78  24  82  70  29  91  28  31  17  50  90  65  20  36  26  8  92  88  42  95  74  75  38  49  30  54  39  12  41  35  63  94  14  64  57  25  45  81  10  18  13  4  46  44  21  96  37  86  19  73  15  27  68  6  69  66  80  47  7  32  77  61  71  89  5  9  55  2  23
   22  60  72  2  9  14  3  40  26  47  56  52  81  41  59  78  17  64  25  85  53  94  77  90  92  23  76  79  45  1  96  20  10  55  86  6  87  63  35  27  69  91  66  36  13  19  82  32  80  34  67  61  84  18  43  21  75  83  15  39  54  38  7  58  68  48  49  93  31  28  71  44  42  29  46  5  37  73  16  65  30  11  89  33  4  8  95  74  88  51  62  57  50  24  12  70
   22  60  72  2  57  14  51  40  26  95  56  52  33  89  11  78  65  64  73  37  5  94  29  90  92  71  76  31  93  49  96  20  10  7  86  6  39  15  83  75  21  43  66  36  61  67  82  32  80  34  19  13  84  18  91  69  27  35  63  87  54  38  55  58  68  48  1  45  79  28  23  44  42  77  46  53  85  25  16  17  30  59  41  81  4  8  47  74  88  3  62  9  50  24  12  70
   22  71  66  19  4  57  12  74  36  28  11  84  33  58  2  77  6  37  18  14  54  42  65  29  1  87  3  67  9  7  27  21  81  63  49  92  50  82  53  52  62  59  89  80  73  46  25  41  75  26  31  78  93  40  85  23  61  69  86  13  64  39  95  20  91  60  79  83  43  55  32  68  96  10  94  30  88  90  70  76  16  34  48  5  47  15  44  45  35  38  8  17  24  51  72  56
   22  72  12  26  15  62  93  76  2  65  92  16  39  47  5  30  71  52  31  19  83  46  59  66  8  89  88  1  27  55  84  80  82  25  86  6  57  81  29  69  3  37  90  96  91  13  10  20  68  58  61  43  48  42  85  51  21  77  33  9  54  38  73  34  32  36  7  75  49  40  41  56  18  11  94  35  67  79  4  23  78  53  95  87  64  44  17  50  28  45  14  63  74  60  24  70
   22  72  12  26  63  62  45  76  2  17  92  16  87  95  53  30  23  52  79  67  35  46  11  66  8  41  88  49  75  7  84  80  82  73  86  6  9  33  77  21  51  85  90  96  43  61  10  20  68  58  13  91  48  42  37  3  69  29  81  57  54  38  25  34  32  36  55  27  1  40  89  56  18  59  94  83  19  31  4  71  78  5  47  39  64  44  65  50  28  93  14  15  74  60  24  70
   22  74  2  42  9  92  89  26  61  20  32  90  47  17  66  28  6  29  27  82  73  78  86  60  96  76  44  51  4  84  18  87  81  52  25  40  64  83  94  34  35  56  12  58  54  67  49  59  75  23  95  55  88  5  8  71  36  77  65  7  50  80  31  69  91  68  70  15  24  19  11  37  1  21  53  46  93  13  79  10  16  45  72  57  33  14  3  63  62  41  85  39  43  30  48  38
   22  76  95  46  9  84  8  10  61  52  65  57  47  83  31  63  6  56  70  39  73  67  11  38  96  23  53  42  4  5  79  26  81  77  72  90  64  80  3  28  35  68  85  82  54  19  48  60  75  21  2  51  88  13  89  87  36  45  32  40  50  14  66  34  91  41  27  58  24  30  86  59  1  74  44  55  93  92  18  71  16  20  25  7  33  17  94  69  62  29  12  15  43  78  49  37
   22  80  44  63  88  29  79  58  61  19  25  38  50  76  3  55  6  13  12  26  24  52  48  7  96  14  95  28  93  56  89  15  81  30  65  60  33  23  66  46  35  92  70  87  43  77  86  57  75  17  53  34  9  68  18  39  36  78  72  59  47  21  94  42  91  84  85  71  73  45  49  90  1  83  2  69  4  41  8  82  16  67  32  37  64  74  31  51  62  5  27  10  54  20  11  40
   22  80  68  42  35  30  41  4  18  93  84  88  59  3  81  62  27  76  19  55  87  46  63  50  48  21  64  61  95  43  44  24  34  85  54  38  53  77  9  17  71  49  74  8  31  25  58  12  60  10  73  79  56  26  1  23  65  57  29  5  86  6  37  82  72  92  91  47  13  16  69  96  2  15  94  39  7  67  28  75  14  33  51  11  40  36  45  66  52  89  78  83  90  20  32  70
   22  80  68  42  83  30  89  4  18  45  84  88  11  51  33  62  75  76  67  7  39  46  15  50  48  69  64  13  47  91  44  24  34  37  54  38  5  29  57  65  23  1  74  8  79  73  58  12  60  10  25  31  56  26  49  71  17  9  77  53  86  6  85  82  72  92  43  95  61  16  21  96  2  63  94  87  55  19  28  27  14  81  3  59  40  36  93  66  52  41  78  35  90  20  32  70
   22  87  31  30  4  7  85  76  36  63  86  5  33  82  95  45  6  59  79  17  54  46  32  56  1  26  94  19  9  40  70  74  81  69  48  84  50  39  44  77  62  60  8  14  73  55  72  29  75  10  66  67  93  90  12  21  61  34  11  92  64  15  2  52  91  38  18  80  43  51  65  41  96  71  3  78  88  57  27  23  16  28  49  13  47  58  53  20  35  37  89  83  24  42  25  68
   22  92  8  66  41  78  35  40  90  15  24  52  17  9  27  14  81  64  25  85  21  94  45  26  60  87  76  79  77  1  32  84  10  55  54  38  23  95  3  59  5  91  2  68  13  19  82  96  48  34  67  61  20  50  43  53  11  51  47  71  86  6  7  58  36  80  49  29  31  28  39  12  74  93  46  69  37  73  16  33  62  75  57  65  4  72  63  42  88  83  30  89  18  56  44  70
   22  92  8  66  89  78  83  40  90  63  24  52  65  57  75  14  33  64  73  37  69  94  93  26  60  39  76  31  29  49  32  84  10  7  54  38  71  47  51  11  53  43  2  68  61  67  82  96  48  34  19  13  20  50  91  5  59  3  95  23  86  6  55  58  36  80  1  77  79  28  87  12  74  45  46  21  85  25  16  81  62  27  9  17  4  72  15  42  88  35  30  41  18  56  44  70
   22  92  32  28  73  76  18  40  35  67  95  71  50  68  11  46  16  14  85  38  9  20  66  82  96  84  25  34  54  23  8  7  91  19  53  10  33  41  48  42  61  17  27  60  4  52  94  58  75  5  65  69  24  21  79  57  62  30  2  26  47  29  86  51  81  83  12  59  88  77  31  15  1  13  72  63  43  74  89  90  6  78  44  87  64  56  49  55  36  80  70  37  93  45  3  39
   23  13  25  3  34  15  76  89  27  24  9  5  10  66  36  79  42  17  50  14  78  95  6  91  45  96  29  56  70  26  49  69  11  32  87  7  64  40  12  4  94  68  67  85  38  92  83  81  33  35  44  86  37  19  20  46  52  60  88  16  55  39  80  59  21  1  74  22  8  77  48  93  43  54  47  30  62  2  65  90  31  84  18  58  53  57  72  75  41  28  63  82  51  73  61  71
   23  13  25  3  82  15  28  89  27  72  9  5  58  18  84  79  90  17  2  62  30  95  54  91  45  48  29  8  22  74  49  69  11  80  87  7  16  88  60  52  46  20  67  85  86  44  83  81  33  35  92  38  37  19  68  94  4  12  40  64  55  39  32  59  21  1  26  70  56  77  96  93  43  6  47  78  14  50  65  42  31  36  66  10  53  57  24  75  41  76  63  34  51  73  61  71
   23  33  21  43  12  31  66  53  19  22  37  41  36  76  10  63  4  29  92  32  64  47  40  51  1  46  17  86  72  20  93  73  35  14  55  39  78  6  34  42  48  74  75  57  8  50  59  61  13  11  2  56  9  27  26  96  90  82  54  30  87  7  62  83  25  45  68  24  38  65  94  49  3  88  95  16  80  44  77  52  15  58  28  84  89  85  70  67  5  18  79  60  91  69  81  71
   23  33  21  43  60  31  18  53  19  70  37  41  84  28  58  63  52  29  44  80  16  47  88  51  1  94  17  38  24  68  93  73  35  62  55  39  30  54  82  90  96  26  75  57  56  2  59  61  13  11  50  8  9  27  74  48  42  34  6  78  87  7  14  83  25  45  20  72  86  65  46  49  3  40  95  64  32  92  77  4  15  10  76  36  89  85  22  67  5  66  79  12  91  69  81  71
   23  45  57  67  18  79  60  89  91  40  73  5  90  82  52  15  58  17  2  62  94  95  22  27  13  16  29  8  54  74  81  37  11  80  55  39  48  24  28  84  78  20  3  21  86  44  83  49  1  35  92  38  69  51  68  30  36  76  72  96  87  7  32  59  85  33  26  6  56  77  64  61  75  70  47  46  14  50  65  10  63  4  34  42  53  25  88  43  41  12  31  66  19  9  93  71
   23  45  57  67  66  79  12  89  91  88  73  5  42  34  4  15  10  17  50  14  46  95  70  27  13  64  29  56  6  26  81  37  11  32  55  39  96  72  76  36  30  68  3  21  38  92  83  49  1  35  44  86  69  51  20  78  84  28  24  48  87  7  80  59  85  33  74  54  8  77  16  61  75  22  47  94  62  2  65  58  63  52  82  90  53  25  40  43  41  60  31  18  19  9  93  71
   23  81  69  43  36  31  42  5  19  94  85  89  60  4  82  63  28  77  20  56  88  47  64  51  49  22  65  62  96  44  45  25  35  86  55  39  54  78  10  18  72  50  75  9  32  26  59  13  61  11  74  80  57  27  2  24  66  58  30  6  87  7  38  83  73  93  92  48  14  17  70  1  3  16  95  40  8  68  29  76  15  34  52  12  41  37  46  67  53  90  79  84  91  21  33  71
   23  81  69  43  84  31  90  5  19  46  85  89  12  52  34  63  76  77  68  8  40  47  16  51  49  70  65  14  48  92  45  25  35  38  55  39  6  30  58  66  24  2  75  9  80  74  59  13  61  11  26  32  57  27  50  72  18  10  78  54  87  7  86  83  73  93  44  96  62  17  22  1  3  64  95  88  56  20  29  28  15  82  4  60  41  37  94  67  53  42  79  36  91  21  33  71
   23  93  9  67  42  79  36  41  91  16  25  53  18  10  28  15  82  65  26  86  22  95  46  27  61  88  77  80  78  2  33  85  11  56  55  39  24  96  4  60  6  92  3  69  14  20  83  1  49  35  68  62  21  51  44  54  12  52  48  72  87  7  8  59  37  81  50  30  32  29  40  13  75  94  47  70  38  74  17  34  63  76  58  66  5  73  64  43  89  84  31  90  19  57  45  71
   23  93  9  67  90  79  84  41  91  64  25  53  66  58  76  15  34  65  74  38  70  95  94  27  61  40  77  32  30  50  33  85  11  8  55  39  72  48  52  12  54  44  3  69  62  68  83  1  49  35  20  14  21  51  92  6  60  4  96  24  87  7  56  59  37  81  2  78  80  29  88  13  75  46  47  22  86  26  17  82  63  28  10  18  5  73  16  43  89  36  31  42  19  57  45  71
